{"loss": 0.5399325489997864, "character_probs": [0.013604956679046154, 0.013207672163844109, 0.016920380294322968, 0.02014276757836342, 0.016815360635519028, 0.012240863405168056, 0.008363340981304646, 0.01052367128431797, 0.015570790506899357, 0.009622946381568909, 0.010258620604872704, 0.009212176315486431, 0.013091091997921467, 0.00904209166765213, 0.011572297662496567, 0.011617121286690235, 0.008579631336033344, 0.008645977824926376, 0.019964639097452164, 0.01097286306321621, 0.00894782692193985, 0.007218026556074619, 0.007947993464767933, 0.008824066258966923, 0.007750131189823151, 0.00949754286557436, 0.010666496120393276, 0.008679390884935856, 0.009199992753565311, 0.007360272575169802, 0.013805510476231575, 0.008471240289509296, 0.007615135982632637, 0.00941426306962967, 0.00832376815378666, 0.010278487578034401, 0.0075057693757116795, 0.007397274021059275, 0.007525085937231779, 0.008549978956580162, 0.007784257177263498, 0.009719643741846085, 0.0086155254393816, 0.01817658729851246, 0.007385617587715387, 0.009701110422611237, 0.008325720205903053, 0.008211467415094376, 0.008230330422520638, 0.008070448413491249, 0.007985317148268223, 0.011488965712487698, 0.007979320362210274, 0.007942376658320427, 0.009812206029891968, 0.007695144508033991, 0.00972757302224636, 0.008042199537158012, 0.010549191385507584, 0.008984914049506187, 0.007476191036403179, 0.0073043424636125565, 0.009044897742569447, 0.01045401394367218, 0.00864837784320116, 0.007936915382742882, 0.010352682322263718, 0.007750671822577715, 0.009248077869415283, 0.009869750589132309, 0.027043882757425308, 0.012270502746105194, 0.008885899558663368, 0.019035005941987038, 0.011309336870908737, 0.008387482725083828, 0.011869732290506363, 0.0076898857951164246, 0.02492428943514824], "weapon_probs": [0.017280330881476402, 0.038047123700380325, 0.021557029336690903, 0.008849875070154667, 0.02132136933505535, 0.008529477752745152, 0.01364282239228487, 0.011255675926804543, 0.023856863379478455, 0.008863011375069618, 0.008885938674211502, 0.00992234144359827, 0.009007249027490616, 0.01153835840523243, 0.013156235218048096, 0.011546246707439423, 0.009600749239325523, 0.00980839692056179, 0.007567111868411303, 0.008525633253157139, 0.007937374524772167, 0.013600853271782398, 0.010746185667812824, 0.007889412343502045, 0.007601578254252672, 0.007564491592347622, 0.009998830035328865, 0.009286196902394295, 0.0075425333343446255, 0.009383704513311386, 0.00940133910626173, 0.008151406422257423, 0.013705874793231487, 0.01414454448968172, 0.010321367532014847, 0.009414390660822392, 0.009906277991831303, 0.00771668553352356, 0.011909493245184422, 0.01781834475696087, 0.007661248557269573, 0.008979360572993755, 0.011966617777943611, 0.011824686080217361, 0.013703994452953339, 0.0097650196403265, 0.011239000596106052, 0.00936569832265377, 0.01050909236073494, 0.012864646501839161, 0.010205614380538464, 0.013761794194579124, 0.010814180597662926, 0.014137820340692997, 0.019165311008691788, 0.009334590286016464, 0.010931096971035004, 0.01213846355676651, 0.010517150163650513]}