{"loss": 0.3184017241001129, "character_probs": [0.014984667301177979, 0.02322772517800331, 0.012457717210054398, 0.010432764887809753, 0.018176071345806122, 0.009730562567710876, 0.01660900190472603, 0.016707628965377808, 0.008210884407162666, 0.011238781735301018, 0.007149429060518742, 0.009730414487421513, 0.010036386549472809, 0.014361314475536346, 0.0075151389464735985, 0.007251964416354895, 0.007737571373581886, 0.008949588052928448, 0.01138845831155777, 0.007877450436353683, 0.010808399878442287, 0.009201002307236195, 0.009852094575762749, 0.00774393230676651, 0.010592862963676453, 0.007901580072939396, 0.007235406897962093, 0.007766492199152708, 0.00923245307058096, 0.008739323355257511, 0.00842447392642498, 0.016940470784902573, 0.008214307948946953, 0.013957154005765915, 0.008157036267220974, 0.007619006093591452, 0.010064443573355675, 0.007368631195276976, 0.010929001495242119, 0.0073905098251998425, 0.010313186794519424, 0.007970143109560013, 0.008157161995768547, 0.007326926104724407, 0.010240177623927593, 0.009267721325159073, 0.008351136930286884, 0.008723825216293335, 0.01101187989115715, 0.030119631439447403, 0.008617359213531017, 0.0072127641178667545, 0.008925576694309711, 0.007269660010933876, 0.008220050483942032, 0.009616379626095295, 0.010000377893447876, 0.007879771292209625, 0.01146179810166359, 0.013267870992422104, 0.010906852781772614, 0.008962943218648434, 0.013082045130431652, 0.00760101480409503, 0.008479482494294643, 0.00802916195243597, 0.009725958108901978, 0.011904504150152206, 0.008370091207325459, 0.00885686744004488, 0.008494719862937927, 0.011427857913076878, 0.008762354962527752, 0.011152990162372589, 0.007391834165900946, 0.008323436602950096, 0.008719060570001602, 0.01108279637992382, 0.007285085041075945], "weapon_probs": [0.019588053226470947, 0.025365032255649567, 0.01331149972975254, 0.027080468833446503, 0.01691383123397827, 0.022786911576986313, 0.016952455043792725, 0.009531269781291485, 0.008864941075444221, 0.007236605044454336, 0.01704324409365654, 0.008914735168218613, 0.010227730497717857, 0.011732403188943863, 0.00940042082220316, 0.007864458486437798, 0.0075270021334290504, 0.011192398145794868, 0.008692136965692043, 0.00799473561346531, 0.007721208967268467, 0.010066801682114601, 0.009368201717734337, 0.017229685559868813, 0.009011599235236645, 0.008153140544891357, 0.00750849349424243, 0.01537366583943367, 0.011337916366755962, 0.02212095633149147, 0.0080443499609828, 0.0074975271709263325, 0.007676312234252691, 0.00875740498304367, 0.009666318073868752, 0.009851174429059029, 0.0077878981828689575, 0.008297068998217583, 0.008477186784148216, 0.008285343647003174, 0.009968594647943974, 0.007794055622071028, 0.008526698686182499, 0.011228872463107109, 0.0134307611733675, 0.009442692622542381, 0.027880001813173294, 0.011740997433662415, 0.008602123707532883, 0.00843646191060543, 0.008011247962713242, 0.007973536849021912, 0.012849396094679832, 0.007920020259916782, 0.01964479312300682, 0.010536398738622665, 0.0105794258415699, 0.013412090949714184, 0.008316833525896072]}