{"loss": -0.9839385747909546, "character_probs": [0.020596247166395187, 0.015443220734596252, 0.013098705559968948, 0.012989107519388199, 0.01819388009607792, 0.009675776585936546, 0.01092579122632742, 0.009949340485036373, 0.028043027967214584, 0.007864609360694885, 0.009159785695374012, 0.010060803964734077, 0.007455731276422739, 0.009722085669636726, 0.011027500964701176, 0.009188949130475521, 0.008190399035811424, 0.00802804809063673, 0.012568861246109009, 0.013970570638775826, 0.007812971249222755, 0.007773701101541519, 0.007447361946105957, 0.011118672788143158, 0.007301206234842539, 0.007146098650991917, 0.010642284527420998, 0.010013415478169918, 0.00902666337788105, 0.0080754728987813, 0.007690843194723129, 0.008277188055217266, 0.008383773267269135, 0.007947242818772793, 0.009721165522933006, 0.009559346362948418, 0.00949055515229702, 0.007860242389142513, 0.009006164968013763, 0.011299962177872658, 0.008104970678687096, 0.008506683632731438, 0.010197818279266357, 0.008792097680270672, 0.010770119726657867, 0.00913365837186575, 0.007480160798877478, 0.008605167269706726, 0.008319433778524399, 0.009841885417699814, 0.007407164666801691, 0.009256353601813316, 0.011877723969519138, 0.007426598574966192, 0.019987456500530243, 0.010076161473989487, 0.008539222180843353, 0.009754298254847527, 0.010463181883096695, 0.013977127149701118, 0.008037458173930645, 0.009723050519824028, 0.011958109214901924, 0.009658070281147957, 0.007552760653197765, 0.008330903947353363, 0.00849719438701868, 0.010121671482920647, 0.0076821125112473965, 0.021676653996109962, 0.00879964791238308, 0.009033100679516792, 0.01219291053712368, 0.012409508228302002, 0.00825117714703083, 0.00929548591375351, 0.007595707196742296, 0.014605686068534851, 0.011456369422376156], "weapon_probs": [0.040208347141742706, 0.03681645542383194, 0.008970716036856174, 0.010655414313077927, 0.011301165446639061, 0.01271527074277401, 0.009853443130850792, 0.00994749367237091, 0.008212809450924397, 0.008922634646296501, 0.009069213643670082, 0.00887272972613573, 0.009694622829556465, 0.011557955294847488, 0.008080357685685158, 0.021751120686531067, 0.008942692540585995, 0.013828504830598831, 0.010444927029311657, 0.00832806434482336, 0.010810482315719128, 0.010454677976667881, 0.007691270671784878, 0.007848641835153103, 0.011444097384810448, 0.01587701588869095, 0.008358283899724483, 0.017574414610862732, 0.008403928019106388, 0.008264200761914253, 0.008800182491540909, 0.008069408126175404, 0.012198571115732193, 0.00744696194306016, 0.009571192786097527, 0.00791819766163826, 0.00735984742641449, 0.007532750256359577, 0.012051241472363472, 0.008136888034641743, 0.01029568538069725, 0.008898718282580376, 0.00876926351338625, 0.009048078209161758, 0.030694443732500076, 0.012172161601483822, 0.010880625806748867, 0.017133444547653198, 0.008631319738924503, 0.008962711319327354, 0.017692282795906067, 0.016278749331831932, 0.009609363973140717, 0.010955533012747765, 0.007832057774066925, 0.024938661605119705, 0.010759619995951653, 0.008251753635704517, 0.009077813476324081]}