{"loss": 0.340567409992218, "character_probs": [0.02040000632405281, 0.015277368947863579, 0.010748719796538353, 0.026631154119968414, 0.011867634952068329, 0.011709265410900116, 0.008640894666314125, 0.012446395121514797, 0.010596465319395065, 0.008835038170218468, 0.008338971994817257, 0.00909055769443512, 0.01573212444782257, 0.007411269471049309, 0.00754187349230051, 0.02321188524365425, 0.007218562997877598, 0.012972993776202202, 0.00914008542895317, 0.008133630268275738, 0.008401378989219666, 0.007971454411745071, 0.008961867541074753, 0.008247536607086658, 0.007369794882833958, 0.009686571545898914, 0.008252013474702835, 0.008846910670399666, 0.011195603758096695, 0.009151599369943142, 0.008191507309675217, 0.007258879020810127, 0.008687318302690983, 0.010289943777024746, 0.010461416095495224, 0.010780179873108864, 0.010993316769599915, 0.00811202172189951, 0.012055442668497562, 0.007942006923258305, 0.008075033314526081, 0.008026579394936562, 0.007967142388224602, 0.007942750118672848, 0.010648605413734913, 0.012454262003302574, 0.008005205541849136, 0.009929468855261803, 0.007828786037862301, 0.007791067007929087, 0.0077252257615327835, 0.009104231372475624, 0.008535447530448437, 0.009383145719766617, 0.007287507876753807, 0.012390142306685448, 0.007610751315951347, 0.008863475173711777, 0.009366190060973167, 0.010236438363790512, 0.010918108746409416, 0.009637204930186272, 0.010402368381619453, 0.01031277421861887, 0.009399263188242912, 0.014343295246362686, 0.007781654596328735, 0.013359136879444122, 0.01031473744660616, 0.008702419698238373, 0.011596293188631535, 0.011238990351557732, 0.012979943305253983, 0.010159212164580822, 0.009686963632702827, 0.008104246109724045, 0.007798114325851202, 0.008723653852939606, 0.010408255271613598], "weapon_probs": [0.01637934520840645, 0.02785332500934601, 0.038468990474939346, 0.009790253825485706, 0.009720738977193832, 0.008955849334597588, 0.024326223880052567, 0.016792038455605507, 0.008767067454755306, 0.008474822156131268, 0.012279199436306953, 0.01621694304049015, 0.007236767094582319, 0.010589166544377804, 0.012557132169604301, 0.008512108586728573, 0.007885605096817017, 0.007717102766036987, 0.009116152301430702, 0.007315586321055889, 0.007365411147475243, 0.009070153348147869, 0.009390125051140785, 0.013608426786959171, 0.01131839957088232, 0.00955929234623909, 0.010025246068835258, 0.011657141149044037, 0.009745672345161438, 0.011900661513209343, 0.009281168691813946, 0.008550113998353481, 0.007767264265567064, 0.009499884210526943, 0.01011909544467926, 0.008891765028238297, 0.008409797213971615, 0.009324153885245323, 0.013004181906580925, 0.009488438256084919, 0.010975517332553864, 0.011235499754548073, 0.015916608273983, 0.008229670114815235, 0.007235475350171328, 0.012554632499814034, 0.008619854226708412, 0.00868439581245184, 0.011147119104862213, 0.009039835073053837, 0.026953786611557007, 0.00966532900929451, 0.008729706518352032, 0.036780402064323425, 0.010733256116509438, 0.010528448037803173, 0.009962278418242931, 0.02096858248114586, 0.013668788596987724]}