{"loss": -0.5171593427658081, "character_probs": [0.014540735632181168, 0.008161944337189198, 0.018095651641488075, 0.02044813521206379, 0.014005669392645359, 0.01001492515206337, 0.010726727545261383, 0.00993937999010086, 0.009740008041262627, 0.008234660141170025, 0.020894870162010193, 0.007844984531402588, 0.007957891561090946, 0.013860964216291904, 0.008257291279733181, 0.023551713675260544, 0.008099150843918324, 0.012556767091155052, 0.010813651606440544, 0.009094947017729282, 0.012508794665336609, 0.0075733112171292305, 0.007853912189602852, 0.007321614772081375, 0.007618696428835392, 0.008501150645315647, 0.00862704124301672, 0.007315893191844225, 0.007880428805947304, 0.008250031620264053, 0.009060148149728775, 0.008090883493423462, 0.007607034407556057, 0.007439645938575268, 0.009975893422961235, 0.010094750672578812, 0.0075468095019459724, 0.013024123385548592, 0.009091207757592201, 0.009811466559767723, 0.014015233144164085, 0.00840887799859047, 0.007623764686286449, 0.007990156300365925, 0.007921075448393822, 0.008589444682002068, 0.009906206279993057, 0.010834990069270134, 0.011483469046652317, 0.008947853930294514, 0.00778477918356657, 0.02189706638455391, 0.007790290750563145, 0.008691960945725441, 0.007704899180680513, 0.0074072955176234245, 0.01223495788872242, 0.0077337040565907955, 0.008481455035507679, 0.011386366561055183, 0.008193746209144592, 0.010379287414252758, 0.008505575358867645, 0.008058533072471619, 0.01958388276398182, 0.010653656907379627, 0.008682683110237122, 0.007836604490876198, 0.010515979491174221, 0.011088130995631218, 0.010498302057385445, 0.010379523038864136, 0.010915784165263176, 0.009475167840719223, 0.011523701250553131, 0.02431723102927208, 0.007835617288947105, 0.010002324357628822, 0.014339973218739033], "weapon_probs": [0.033619120717048645, 0.016070857644081116, 0.012461258098483086, 0.013376392424106598, 0.008784246630966663, 0.03418092057108879, 0.016139786690473557, 0.012255116365849972, 0.009134970605373383, 0.009424502961337566, 0.01704760268330574, 0.010301139205694199, 0.008030664175748825, 0.008860643953084946, 0.009161078371107578, 0.007915697991847992, 0.015203138813376427, 0.009256662800908089, 0.00769304484128952, 0.007328086532652378, 0.009631557390093803, 0.01296956092119217, 0.007389133330434561, 0.007781630381941795, 0.010832544416189194, 0.01969415321946144, 0.013751866295933723, 0.00816850084811449, 0.00790087878704071, 0.00853755883872509, 0.007860535755753517, 0.008936416357755661, 0.009443136863410473, 0.00828203558921814, 0.008269278332591057, 0.018349062651395798, 0.010104259476065636, 0.01169417705386877, 0.010214981622993946, 0.008678397163748741, 0.009582683444023132, 0.007547196000814438, 0.009344149380922318, 0.009530182927846909, 0.011922148987650871, 0.027794040739536285, 0.00835423730313778, 0.013149959966540337, 0.011341781355440617, 0.00848736148327589, 0.012239406816661358, 0.008756947703659534, 0.011592598631978035, 0.010037504136562347, 0.02287393808364868, 0.010344141162931919, 0.012552928179502487, 0.007635812275111675, 0.011813750490546227]}