{"loss": 0.7194269895553589, "character_probs": [0.03608600050210953, 0.01201961562037468, 0.011843934655189514, 0.009333513677120209, 0.02281302958726883, 0.0085610868409276, 0.011187044903635979, 0.008961913175880909, 0.009905855171382427, 0.01045113056898117, 0.011794889345765114, 0.013635869137942791, 0.007658240385353565, 0.009511204436421394, 0.009145071730017662, 0.007294184062629938, 0.010933808982372284, 0.008169533684849739, 0.008070547133684158, 0.010235920548439026, 0.013948129490017891, 0.007352306507527828, 0.00794646143913269, 0.0075752041302621365, 0.01602885313332081, 0.009644227102398872, 0.012667986564338207, 0.007212818134576082, 0.008097914047539234, 0.0082565788179636, 0.007272999733686447, 0.008087409660220146, 0.011400029063224792, 0.01042738277465105, 0.00975167565047741, 0.007511178031563759, 0.0073054819367825985, 0.008168980479240417, 0.009498080238699913, 0.012337103486061096, 0.00818704068660736, 0.00806853175163269, 0.0073050460778176785, 0.007596978917717934, 0.00818328931927681, 0.008662347681820393, 0.008991576731204987, 0.008785048499703407, 0.007378396578133106, 0.007572580594569445, 0.007730360142886639, 0.008036400191485882, 0.009152358397841454, 0.009461790323257446, 0.008159506134688854, 0.008984736166894436, 0.007468409836292267, 0.012950451113283634, 0.007817894220352173, 0.014276955276727676, 0.010140222497284412, 0.011411463841795921, 0.012330511584877968, 0.017663007602095604, 0.007565616630017757, 0.008297725580632687, 0.012539399787783623, 0.00849863514304161, 0.008762295357882977, 0.012352419085800648, 0.008409637957811356, 0.012247970327734947, 0.018205322325229645, 0.007718186359852552, 0.010249616578221321, 0.010095684789121151, 0.008360994048416615, 0.013378392904996872, 0.009414573200047016], "weapon_probs": [0.014493928290903568, 0.03672085702419281, 0.012111309915781021, 0.01761728897690773, 0.024020139127969742, 0.011286914348602295, 0.00985660869628191, 0.009398406371474266, 0.01117672398686409, 0.008049769327044487, 0.010072886943817139, 0.013355063274502754, 0.011294743046164513, 0.024997178465127945, 0.01061759702861309, 0.008540293201804161, 0.00927119143307209, 0.012863092124462128, 0.007534074131399393, 0.007989744655787945, 0.011835869401693344, 0.012011479586362839, 0.010501510463654995, 0.009082412347197533, 0.007544622756540775, 0.009240910410881042, 0.009502897970378399, 0.008283013477921486, 0.015764430165290833, 0.007625152822583914, 0.008423480205237865, 0.010030357167124748, 0.0073203654028475285, 0.010913155972957611, 0.011176494881510735, 0.02166089415550232, 0.013705398887395859, 0.00894257053732872, 0.0074617210775613785, 0.007887007668614388, 0.010671325959265232, 0.007870722562074661, 0.015605042688548565, 0.00798041932284832, 0.011518776416778564, 0.008444390259683132, 0.00974561832845211, 0.014537032693624496, 0.008806632831692696, 0.008852971717715263, 0.011818144470453262, 0.01843736134469509, 0.009312144480645657, 0.020643750205636024, 0.007987146265804768, 0.009305288083851337, 0.011663847602903843, 0.007838957011699677, 0.016005191951990128]}