{"loss": -0.8629593849182129, "character_probs": [0.025099240243434906, 0.021822217851877213, 0.01733808033168316, 0.010301565751433372, 0.010896020568907261, 0.009551435708999634, 0.00820833258330822, 0.012231763452291489, 0.009352822788059711, 0.007668903563171625, 0.01338720228523016, 0.01200435496866703, 0.009353803470730782, 0.008290683850646019, 0.01777808926999569, 0.007927660830318928, 0.00838995911180973, 0.011115528643131256, 0.009458347223699093, 0.008490088395774364, 0.007370892912149429, 0.009224092587828636, 0.013854920864105225, 0.010545231401920319, 0.007135431282222271, 0.008976316079497337, 0.008803268894553185, 0.007266184315085411, 0.01809726655483246, 0.007743516005575657, 0.008309289813041687, 0.007334104273468256, 0.007874821312725544, 0.0081925168633461, 0.009025806561112404, 0.008609630167484283, 0.007199255283921957, 0.007460113614797592, 0.00804936047643423, 0.01042818371206522, 0.008637679740786552, 0.008000225760042667, 0.007259340491145849, 0.007222176995128393, 0.007873889058828354, 0.008433496579527855, 0.008414731360971928, 0.008855014108121395, 0.008002853952348232, 0.011532464064657688, 0.009539440274238586, 0.020435407757759094, 0.016282256692647934, 0.00821448303759098, 0.00901917926967144, 0.008470330387353897, 0.007695486303418875, 0.012706701643764973, 0.00908694975078106, 0.012483682483434677, 0.00963201466947794, 0.008994536474347115, 0.009741488844156265, 0.015415173023939133, 0.009394911117851734, 0.009479633532464504, 0.009386161342263222, 0.008724011480808258, 0.008121084421873093, 0.008491279557347298, 0.008659711107611656, 0.00883480440825224, 0.025447607040405273, 0.009907959029078484, 0.008280360139906406, 0.007542593404650688, 0.008293094113469124, 0.031009942293167114, 0.008817312307655811], "weapon_probs": [0.029246803373098373, 0.0210147462785244, 0.009336925111711025, 0.01683853194117546, 0.014437172561883926, 0.013428552076220512, 0.01493605226278305, 0.010505159385502338, 0.011029048822820187, 0.011875595897436142, 0.014948823489248753, 0.01132497563958168, 0.010285096243023872, 0.014106789603829384, 0.01620543748140335, 0.011168040335178375, 0.012436838820576668, 0.010574170388281345, 0.009679662063717842, 0.022102024406194687, 0.009347153827548027, 0.007891900837421417, 0.007693430408835411, 0.007667633704841137, 0.008124497719109058, 0.010393580421805382, 0.008270163089036942, 0.007870501838624477, 0.00785001553595066, 0.013750086538493633, 0.008407211862504482, 0.010144961066544056, 0.007724998518824577, 0.009176821447908878, 0.008672690019011497, 0.017542943358421326, 0.0076131029054522514, 0.011778646148741245, 0.008347087539732456, 0.014766753651201725, 0.009894292801618576, 0.013322193175554276, 0.009791344404220581, 0.008399318903684616, 0.02053385227918625, 0.008000558242201805, 0.010947039350867271, 0.011918948031961918, 0.02121272310614586, 0.01186815183609724, 0.007926899939775467, 0.00788178388029337, 0.007486787624657154, 0.009646853432059288, 0.008976887911558151, 0.010187150910496712, 0.014272861182689667, 0.019318729639053345, 0.00808425061404705]}