{"loss": -0.5996654629707336, "character_probs": [0.024620123207569122, 0.010427276603877544, 0.027349088340997696, 0.010234666056931019, 0.012399512343108654, 0.008250203914940357, 0.019571298733353615, 0.015804219990968704, 0.008990935981273651, 0.007806813810020685, 0.008892567828297615, 0.009736349806189537, 0.007600085809826851, 0.008238323032855988, 0.008055705577135086, 0.009828956797719002, 0.011912105605006218, 0.00805147085338831, 0.008223100565373898, 0.00987180694937706, 0.007509712595492601, 0.008080761879682541, 0.008043455891311169, 0.007479206658899784, 0.007806916255503893, 0.008926304057240486, 0.009004971012473106, 0.009374784305691719, 0.009144103154540062, 0.012709074653685093, 0.009851338341832161, 0.00781563762575388, 0.011858023703098297, 0.00920672807842493, 0.0080037210136652, 0.01001494936645031, 0.013329888693988323, 0.008498414419591427, 0.00909550953656435, 0.011509357020258904, 0.007647217251360416, 0.008917903527617455, 0.007703755982220173, 0.012329992838203907, 0.007598999422043562, 0.008379089646041393, 0.011876258999109268, 0.007469886913895607, 0.00927590299397707, 0.011821715161204338, 0.011806398630142212, 0.007275753654539585, 0.010998494923114777, 0.0134866489097476, 0.007809524890035391, 0.007692772429436445, 0.007166243623942137, 0.007952970452606678, 0.009989394806325436, 0.018664199858903885, 0.010726983658969402, 0.009593638591468334, 0.008514845743775368, 0.01699201948940754, 0.013013884425163269, 0.010865641757845879, 0.007821348495781422, 0.014774790033698082, 0.00895615853369236, 0.009391998872160912, 0.008626934140920639, 0.008931118063628674, 0.010183150880038738, 0.008965709246695042, 0.009242243133485317, 0.00966107938438654, 0.011275013908743858, 0.0078872200101614, 0.008374743163585663], "weapon_probs": [0.02360493689775467, 0.013591276481747627, 0.012162405997514725, 0.03339356929063797, 0.01120391208678484, 0.008296540006995201, 0.013332783244550228, 0.012174129486083984, 0.0075134229846298695, 0.01945943385362625, 0.007707281969487667, 0.013882838189601898, 0.020221080631017685, 0.015434526838362217, 0.010252250358462334, 0.009308740496635437, 0.010398142971098423, 0.00958886556327343, 0.018854007124900818, 0.008400868624448776, 0.008500194177031517, 0.007396610453724861, 0.008518703281879425, 0.011947060003876686, 0.008101568557322025, 0.007535139098763466, 0.007168910000473261, 0.008907719515264034, 0.007458710577338934, 0.017682138830423355, 0.008208404295146465, 0.008218534290790558, 0.007311283145099878, 0.012753351591527462, 0.015749625861644745, 0.007399629335850477, 0.009703181684017181, 0.007082791067659855, 0.02668936178088188, 0.007765098940581083, 0.009918225929141045, 0.01396523229777813, 0.010068543255329132, 0.0075841681100428104, 0.018087033182382584, 0.010228801518678665, 0.012286420911550522, 0.01176883839070797, 0.010789516381919384, 0.008828702382743359, 0.009657518938183784, 0.013073470443487167, 0.010950135067105293, 0.010080896317958832, 0.018260756507515907, 0.01321214810013771, 0.015133462846279144, 0.0242779478430748, 0.009158605709671974]}