{"loss": -0.9698529839515686, "character_probs": [0.025165878236293793, 0.013233410194516182, 0.02154095657169819, 0.011868353001773357, 0.012136408127844334, 0.010649694129824638, 0.010520242154598236, 0.01766742579638958, 0.014970192685723305, 0.0079792570322752, 0.0076260557398200035, 0.008617615327239037, 0.007151474244892597, 0.008436006493866444, 0.008451944217085838, 0.007337366230785847, 0.012760141864418983, 0.008364947512745857, 0.01012391410768032, 0.013186421245336533, 0.008402351289987564, 0.01096839178353548, 0.009175428189337254, 0.007496544625610113, 0.008291973732411861, 0.008367357775568962, 0.009099648334085941, 0.008244259282946587, 0.009144114330410957, 0.007978660054504871, 0.007958990521728992, 0.008619984611868858, 0.010862262919545174, 0.007516314275562763, 0.009736624546349049, 0.02091456763446331, 0.010039345361292362, 0.0071887969970703125, 0.007594027556478977, 0.009049896150827408, 0.00792363565415144, 0.00893963873386383, 0.01130923256278038, 0.008266705088317394, 0.010690787807106972, 0.007484490517526865, 0.011114129796624184, 0.007594505324959755, 0.008815888315439224, 0.008800038136541843, 0.008335615508258343, 0.010205818340182304, 0.007997876033186913, 0.008235380984842777, 0.008490188047289848, 0.018734581768512726, 0.008786452002823353, 0.007908767089247704, 0.009213801473379135, 0.009199678897857666, 0.007844949141144753, 0.028228759765625, 0.00814511626958847, 0.007996193133294582, 0.010030921548604965, 0.007317516952753067, 0.008384911343455315, 0.009428163059055805, 0.011257005855441093, 0.009517933242022991, 0.011899100616574287, 0.00877026654779911, 0.00977074634283781, 0.013148164376616478, 0.010044361464679241, 0.009783558547496796, 0.017554737627506256, 0.007860525511205196, 0.008693178184330463], "weapon_probs": [0.025693491101264954, 0.009493941441178322, 0.016303736716508865, 0.015424834564328194, 0.024324607104063034, 0.009328928776085377, 0.016952328383922577, 0.01590074971318245, 0.015458283014595509, 0.0085308738052845, 0.018798494711518288, 0.014584481716156006, 0.00955583993345499, 0.010191740468144417, 0.010326649993658066, 0.00760258175432682, 0.01808389648795128, 0.007652211003005505, 0.008068586699664593, 0.007396528497338295, 0.012503594160079956, 0.00811487901955843, 0.007804723456501961, 0.007986216805875301, 0.026037830859422684, 0.008773135021328926, 0.011247102171182632, 0.008230508305132389, 0.00746278278529644, 0.012313425540924072, 0.009035725146532059, 0.007355037610977888, 0.010233132168650627, 0.00798660609871149, 0.012541728094220161, 0.00948514323681593, 0.010210132226347923, 0.009339360520243645, 0.009209706448018551, 0.021779660135507584, 0.010160069912672043, 0.011954979039728642, 0.011520028114318848, 0.011933797970414162, 0.007879613898694515, 0.00858688447624445, 0.010397996753454208, 0.009013647213578224, 0.012036800384521484, 0.009118564426898956, 0.009354259818792343, 0.010614578612148762, 0.010601690970361233, 0.011741787195205688, 0.007274812553077936, 0.011713484302163124, 0.024305306375026703, 0.010007102973759174, 0.014042800292372704]}