{"loss": 0.9611485004425049, "character_probs": [0.015309679321944714, 0.02711377665400505, 0.012898707762360573, 0.012459982186555862, 0.011846309527754784, 0.014771921560168266, 0.010065870359539986, 0.016757991164922714, 0.01241922378540039, 0.009276123717427254, 0.012719957157969475, 0.009570108726620674, 0.008827355690300465, 0.007686118595302105, 0.009267744608223438, 0.01168585941195488, 0.009565153159201145, 0.007459335960447788, 0.010660076513886452, 0.00898318737745285, 0.007475084625184536, 0.008092577569186687, 0.007475085090845823, 0.008236524648964405, 0.012691378593444824, 0.00802160520106554, 0.007732943166047335, 0.013489522971212864, 0.008153996430337429, 0.00760356429964304, 0.0077764918096363544, 0.008114863187074661, 0.007996033877134323, 0.011583460494875908, 0.013948784209787846, 0.00880480743944645, 0.009025227278470993, 0.011200516484677792, 0.008509897626936436, 0.007351743523031473, 0.007444148883223534, 0.008844271302223206, 0.007858815602958202, 0.010287484154105186, 0.00749804824590683, 0.01348969154059887, 0.008455405943095684, 0.007610313128679991, 0.007413714658468962, 0.013560585677623749, 0.010378620587289333, 0.01012028194963932, 0.018933240324258804, 0.008824259974062443, 0.0083004767075181, 0.009478511288762093, 0.010175296105444431, 0.00768523383885622, 0.009434453211724758, 0.013131989166140556, 0.007565983105450869, 0.010037027299404144, 0.009046139195561409, 0.01088104210793972, 0.007359568495303392, 0.00814578402787447, 0.008958450518548489, 0.010773846879601479, 0.010917933657765388, 0.009488046169281006, 0.008230769075453281, 0.014367511495947838, 0.0221688374876976, 0.008642160333693027, 0.007475273218005896, 0.009989870712161064, 0.007738831453025341, 0.00872502289712429, 0.013683647848665714], "weapon_probs": [0.03349004313349724, 0.026269637048244476, 0.015400026924908161, 0.009227501228451729, 0.02551642432808876, 0.013173392042517662, 0.0072734421119093895, 0.009568003937602043, 0.012731689028441906, 0.009729718789458275, 0.008503184653818607, 0.014481190592050552, 0.008804898709058762, 0.00782268401235342, 0.01840105652809143, 0.008812502957880497, 0.007818548940122128, 0.016345517709851265, 0.010056947357952595, 0.008756089024245739, 0.007868953980505466, 0.00884218979626894, 0.008601718582212925, 0.0072927093133330345, 0.0077846478670835495, 0.009348795749247074, 0.011641666293144226, 0.008024985902011395, 0.007651842199265957, 0.0148230055347085, 0.01411048136651516, 0.009861353784799576, 0.01337906438857317, 0.014074599370360374, 0.007647236809134483, 0.007956070825457573, 0.00751179875805974, 0.011584747582674026, 0.00992303155362606, 0.013207084499299526, 0.02036665752530098, 0.008538802154362202, 0.011303622275590897, 0.011285342276096344, 0.019640319049358368, 0.007774861995130777, 0.009540291503071785, 0.010221594013273716, 0.010511752218008041, 0.008635339327156544, 0.01241450197994709, 0.007569245528429747, 0.011464962735772133, 0.01198376715183258, 0.011429257690906525, 0.01396561786532402, 0.021141216158866882, 0.008295475505292416, 0.016072575002908707]}