{"loss": -0.9997957944869995, "character_probs": [0.029031522572040558, 0.009413323365151882, 0.023990657180547714, 0.018232692033052444, 0.010873068124055862, 0.01157815009355545, 0.008086731657385826, 0.011298231780529022, 0.009742388501763344, 0.009040892124176025, 0.013709175400435925, 0.009910366497933865, 0.009367727674543858, 0.009711191058158875, 0.00931236520409584, 0.007563776336610317, 0.011184753850102425, 0.011819853447377682, 0.011003872379660606, 0.008502980694174767, 0.008671666495501995, 0.00771078048273921, 0.007732301019132137, 0.00725591229274869, 0.008441603742539883, 0.007204133085906506, 0.01013942714780569, 0.007699926849454641, 0.007795094512403011, 0.008039616979658604, 0.008306668139994144, 0.010699102655053139, 0.007348326966166496, 0.008510466665029526, 0.007124236319214106, 0.00883207842707634, 0.008248683996498585, 0.011764593422412872, 0.011141683906316757, 0.011841712519526482, 0.010359546169638634, 0.008918180130422115, 0.007939756847918034, 0.01277366653084755, 0.010433381423354149, 0.0077425590716302395, 0.01208210177719593, 0.007930920459330082, 0.011366262100636959, 0.008733265101909637, 0.008014444261789322, 0.01404609251767397, 0.007378205191344023, 0.009648408740758896, 0.016422651708126068, 0.007787865586578846, 0.008266203105449677, 0.009814254939556122, 0.008752977475523949, 0.008271345868706703, 0.012316392734646797, 0.009000808000564575, 0.01221054419875145, 0.008226078003644943, 0.009585640393197536, 0.01036067120730877, 0.009877841919660568, 0.007677189540117979, 0.012315558269619942, 0.009211763739585876, 0.012678902596235275, 0.007464933674782515, 0.011343958787620068, 0.007169967517256737, 0.018927955999970436, 0.008845199830830097, 0.01219406258314848, 0.010944344103336334, 0.021502461284399033], "weapon_probs": [0.014109369367361069, 0.038364727050065994, 0.012948928400874138, 0.012813415378332138, 0.02394578978419304, 0.008834322914481163, 0.01185060478746891, 0.008533664047718048, 0.03884164243936539, 0.008558562956750393, 0.00781918689608574, 0.008452764712274075, 0.010949431918561459, 0.019954726099967957, 0.010519113391637802, 0.007479499559849501, 0.009025223553180695, 0.009869929403066635, 0.009955642744898796, 0.009014462120831013, 0.00894803088158369, 0.009517191909253597, 0.007461767178028822, 0.008165804669260979, 0.009382599033415318, 0.009128378704190254, 0.008688954636454582, 0.007606382481753826, 0.008996428921818733, 0.008381782099604607, 0.01059669442474842, 0.015672020614147186, 0.01018828246742487, 0.007596033625304699, 0.007531588431447744, 0.009201765060424805, 0.009390225633978844, 0.008062525652348995, 0.010134972631931305, 0.012427457608282566, 0.015556440688669682, 0.010757898911833763, 0.0081305131316185, 0.007975606247782707, 0.010687233880162239, 0.012353548780083656, 0.015453026629984379, 0.009834548458456993, 0.01006915420293808, 0.012811192311346531, 0.010247012600302696, 0.00853993184864521, 0.00775034399703145, 0.00928395614027977, 0.012280714698135853, 0.008108639158308506, 0.024854592978954315, 0.012832412496209145, 0.013237718492746353]}