{"loss": 0.13910746574401855, "character_probs": [0.018546756356954575, 0.014831396751105785, 0.01645161211490631, 0.00995765719562769, 0.01576131582260132, 0.01363314874470234, 0.01772431656718254, 0.014053469523787498, 0.009525393135845661, 0.008523824624717236, 0.015374585054814816, 0.009901968762278557, 0.00994480587542057, 0.008341907523572445, 0.007993871346116066, 0.007815768010914326, 0.00886558461934328, 0.015361389145255089, 0.008942517451941967, 0.008485065773129463, 0.009246165864169598, 0.008393418975174427, 0.010755719617009163, 0.007717323489487171, 0.00849178247153759, 0.007225233595818281, 0.007896068505942822, 0.013308214023709297, 0.0098299290984869, 0.007680949289351702, 0.007180750370025635, 0.008776629343628883, 0.007748650386929512, 0.008187674917280674, 0.011399134993553162, 0.013581917621195316, 0.010148133151233196, 0.008057297207415104, 0.008882174268364906, 0.00736859068274498, 0.007806730456650257, 0.011649305000901222, 0.01545534934848547, 0.008953726850450039, 0.017439130693674088, 0.009016677737236023, 0.010612581856548786, 0.007619515527039766, 0.009228846058249474, 0.008318969048559666, 0.008179486729204655, 0.009031549096107483, 0.00816038716584444, 0.008511947467923164, 0.00910827424377203, 0.008513979613780975, 0.007355110254138708, 0.00977451540529728, 0.01008746586740017, 0.008156095631420612, 0.008086338639259338, 0.00893249548971653, 0.011225942522287369, 0.0098952017724514, 0.008369910530745983, 0.009697440080344677, 0.008220436982810497, 0.007419487461447716, 0.011255130171775818, 0.011655200272798538, 0.011732889339327812, 0.007875991985201836, 0.0143210981041193, 0.008506140671670437, 0.015200706198811531, 0.01041147019714117, 0.009670994244515896, 0.01311342604458332, 0.012353485450148582], "weapon_probs": [0.015902385115623474, 0.0288090780377388, 0.008832119405269623, 0.033084481954574585, 0.012382525950670242, 0.00812472216784954, 0.018085045740008354, 0.008842677809298038, 0.009630954824388027, 0.010921107605099678, 0.0269087553024292, 0.009998834691941738, 0.008388848043978214, 0.010388893075287342, 0.011095540598034859, 0.018346980214118958, 0.010320995934307575, 0.009918575175106525, 0.01157975010573864, 0.007654435001313686, 0.008854621089994907, 0.007893659174442291, 0.007758304011076689, 0.008857542648911476, 0.009994045831263065, 0.008150611072778702, 0.014119153842329979, 0.011430596932768822, 0.007554982323199511, 0.009912606328725815, 0.011721961200237274, 0.009497019462287426, 0.008651649579405785, 0.014024665579199791, 0.007941218093037605, 0.007173260673880577, 0.010134996846318245, 0.008124456740915775, 0.010319290682673454, 0.013338563963770866, 0.008617253974080086, 0.013737300410866737, 0.008523254655301571, 0.008282462134957314, 0.009498463943600655, 0.008995969779789448, 0.007814634591341019, 0.016012951731681824, 0.008035648614168167, 0.007789227645844221, 0.011128069832921028, 0.031383875757455826, 0.009111371822655201, 0.028970442712306976, 0.010187770240008831, 0.011363159865140915, 0.011323273181915283, 0.012063467875123024, 0.010903090238571167]}