{"loss": -0.4225563704967499, "character_probs": [0.019706331193447113, 0.015739304944872856, 0.020868266001343727, 0.012295670807361603, 0.00923937652260065, 0.009143061935901642, 0.014348075725138187, 0.013591565191745758, 0.015087101608514786, 0.015479547902941704, 0.007592612411826849, 0.009966176934540272, 0.00843154825270176, 0.009480398148298264, 0.013171914964914322, 0.0090236971154809, 0.010835794731974602, 0.009990086778998375, 0.010400248691439629, 0.007414399646222591, 0.00924050435423851, 0.0120325842872262, 0.007545272819697857, 0.008062084205448627, 0.008359604515135288, 0.007212677504867315, 0.009345363825559616, 0.008512762375175953, 0.008716637268662453, 0.007310172542929649, 0.008099829778075218, 0.010932404547929764, 0.0091986283659935, 0.009097094647586346, 0.009883935563266277, 0.008067559450864792, 0.009774812497198582, 0.008075160905718803, 0.007124002557247877, 0.008214359171688557, 0.008242100477218628, 0.008363795466721058, 0.008912325836718082, 0.017085246741771698, 0.007809073198586702, 0.01331813633441925, 0.010178495198488235, 0.009856659919023514, 0.007408003322780132, 0.008142774924635887, 0.009549525566399097, 0.007991201244294643, 0.007287207990884781, 0.016613945364952087, 0.009562062099575996, 0.00759109714999795, 0.00968142133206129, 0.008230973035097122, 0.008939627557992935, 0.009322461672127247, 0.008075837045907974, 0.015353525057435036, 0.010943898931145668, 0.00930815003812313, 0.014281081035733223, 0.01566116139292717, 0.008311369456350803, 0.010340576991438866, 0.016150860115885735, 0.007505772635340691, 0.011178448796272278, 0.008354579098522663, 0.009551245719194412, 0.007423773407936096, 0.010687860660254955, 0.008358590304851532, 0.010103602893650532, 0.007602842524647713, 0.019208654761314392], "weapon_probs": [0.013733386993408203, 0.013104928657412529, 0.034421540796756744, 0.02664046734571457, 0.010732023045420647, 0.010226824320852757, 0.012176817283034325, 0.008153152652084827, 0.016433309763669968, 0.00960512738674879, 0.007912807166576385, 0.008627311326563358, 0.014931876212358475, 0.009352384135127068, 0.014194704592227936, 0.014486590400338173, 0.008824776858091354, 0.013636542484164238, 0.0081961490213871, 0.00821683369576931, 0.01271587423980236, 0.021043507382273674, 0.0072667947970330715, 0.0074406880885362625, 0.0107151223346591, 0.021229688078165054, 0.013957858085632324, 0.007216280791908503, 0.0074880546890199184, 0.018433142453432083, 0.009037347510457039, 0.0073080966249108315, 0.008950453251600266, 0.010070966556668282, 0.011901181191205978, 0.01141946017742157, 0.008635791949927807, 0.008203450590372086, 0.008989237248897552, 0.007950784638524055, 0.011178883723914623, 0.009043724276125431, 0.009411828592419624, 0.008793480694293976, 0.007798313163220882, 0.0105771878734231, 0.012567996047437191, 0.01035330444574356, 0.00792473740875721, 0.010470154695212841, 0.007908135652542114, 0.011294511146843433, 0.024453118443489075, 0.00982612557709217, 0.011291484348475933, 0.008821627125144005, 0.021677151322364807, 0.01584286242723465, 0.02756495401263237]}