{"loss": -0.9961578249931335, "character_probs": [0.025203552097082138, 0.010318268090486526, 0.03165936842560768, 0.012312971986830235, 0.009214972145855427, 0.009198347106575966, 0.010627930983901024, 0.01679915189743042, 0.011427337303757668, 0.0076641482301056385, 0.010819386690855026, 0.008923191577196121, 0.007937937043607235, 0.00982881709933281, 0.007982027716934681, 0.008142056874930859, 0.007783783599734306, 0.009293150156736374, 0.009341444820165634, 0.007526278495788574, 0.012416359037160873, 0.009823574684560299, 0.008153585717082024, 0.00904579646885395, 0.011208908632397652, 0.012063471600413322, 0.007904876954853535, 0.008143369108438492, 0.010536311194300652, 0.007175234612077475, 0.007512573152780533, 0.007737271953374147, 0.007610294036567211, 0.007596519775688648, 0.010288091376423836, 0.007859531790018082, 0.022591114044189453, 0.009450675919651985, 0.009653393179178238, 0.007610103115439415, 0.00780938845127821, 0.007970895618200302, 0.007793184369802475, 0.009778246283531189, 0.007691482547670603, 0.009343525394797325, 0.008247189223766327, 0.008669142611324787, 0.013423495925962925, 0.009893457405269146, 0.007922262884676456, 0.008004809729754925, 0.01308384444564581, 0.00949243176728487, 0.010770322754979134, 0.007532424759119749, 0.010527171194553375, 0.00849347934126854, 0.008457673713564873, 0.01735241338610649, 0.015036564320325851, 0.008053118363022804, 0.008654478937387466, 0.01330961287021637, 0.00804674718528986, 0.009362791664898396, 0.008017504587769508, 0.007673623971641064, 0.008355836383998394, 0.007953997701406479, 0.010284492745995522, 0.012779707089066505, 0.011018004268407822, 0.014331238344311714, 0.007909154519438744, 0.008503367193043232, 0.009441184811294079, 0.007817495614290237, 0.01703353226184845], "weapon_probs": [0.01768651232123375, 0.033351242542266846, 0.01227577030658722, 0.014786573126912117, 0.01022046897560358, 0.020741857588291168, 0.009084978140890598, 0.00924333930015564, 0.016510630026459694, 0.025465931743383408, 0.010043002665042877, 0.008540589362382889, 0.009207047522068024, 0.010557467117905617, 0.011429831385612488, 0.009812643751502037, 0.02043621614575386, 0.009838353842496872, 0.008733570575714111, 0.00785959605127573, 0.008553678169846535, 0.007592409383505583, 0.010408218018710613, 0.008631899021565914, 0.014042544178664684, 0.011626534163951874, 0.009678618982434273, 0.008774085901677608, 0.013237390667200089, 0.009701751172542572, 0.00840277411043644, 0.007511267904192209, 0.011945487931370735, 0.01847006566822529, 0.008800191804766655, 0.009625939652323723, 0.008992858231067657, 0.008656112477183342, 0.007716679479926825, 0.010892216116189957, 0.013161677867174149, 0.007714672014117241, 0.009796153753995895, 0.01628977619111538, 0.008835343644022942, 0.009064119309186935, 0.008425354026257992, 0.015265115536749363, 0.008516335859894753, 0.009232043288648129, 0.008688848465681076, 0.013639293611049652, 0.01396520622074604, 0.010384087450802326, 0.008050543256103992, 0.010194189846515656, 0.009103674441576004, 0.018740613013505936, 0.02030162513256073]}