{"loss": 0.22970929741859436, "character_probs": [0.01056008692830801, 0.02259412594139576, 0.011726884171366692, 0.014715238474309444, 0.009226121008396149, 0.014326395466923714, 0.011160616762936115, 0.016317397356033325, 0.008911145851016045, 0.008854788728058338, 0.01591866835951805, 0.012387549504637718, 0.009621931239962578, 0.010490029118955135, 0.009231260046362877, 0.007944646291434765, 0.007834276184439659, 0.013097913935780525, 0.012132996693253517, 0.00803474523127079, 0.012745855376124382, 0.007878607138991356, 0.016098232939839363, 0.007478456012904644, 0.008807768113911152, 0.0074838330037891865, 0.008154140785336494, 0.011641064658761024, 0.007716147694736719, 0.007423537317663431, 0.012630820274353027, 0.010172760114073753, 0.007155602797865868, 0.011641206219792366, 0.012807149440050125, 0.009023493155837059, 0.011369060724973679, 0.00858012679964304, 0.008517242968082428, 0.007390141487121582, 0.009545835666358471, 0.013094397261738777, 0.008347693830728531, 0.007420569192618132, 0.007429572753608227, 0.008461452089250088, 0.011210326105356216, 0.007418670225888491, 0.007484450004994869, 0.013822618871927261, 0.008957660757005215, 0.008727170526981354, 0.008202622644603252, 0.009106066077947617, 0.008365698158740997, 0.008658983744680882, 0.011827731505036354, 0.013093623332679272, 0.008310096338391304, 0.013223564252257347, 0.008218925446271896, 0.012432128190994263, 0.00968506745994091, 0.007603947538882494, 0.007717226631939411, 0.00869560707360506, 0.008293109945952892, 0.009833757765591145, 0.009621310979127884, 0.010595044121146202, 0.015239161439239979, 0.012216506525874138, 0.009631449356675148, 0.008768212981522083, 0.008412842638790607, 0.011924227699637413, 0.013253433629870415, 0.007922873832285404, 0.009825148619711399], "weapon_probs": [0.020237231627106667, 0.02453218400478363, 0.013878202065825462, 0.021643031388521194, 0.014817778021097183, 0.017032194882631302, 0.009042158722877502, 0.016992561519145966, 0.01881607249379158, 0.013715336099267006, 0.008805058896541595, 0.012740829959511757, 0.009888040833175182, 0.011926159262657166, 0.010343481786549091, 0.00882403738796711, 0.0074748145416378975, 0.011042702943086624, 0.00912446528673172, 0.008087147027254105, 0.008123130537569523, 0.015777628868818283, 0.011114787310361862, 0.008801573887467384, 0.009693147614598274, 0.010481595061719418, 0.007495718076825142, 0.008731803856790066, 0.01868850365281105, 0.007756560109555721, 0.008335422724485397, 0.008542600087821484, 0.009212694130837917, 0.009992420673370361, 0.015203786082565784, 0.00892715249210596, 0.00781842228025198, 0.009643133729696274, 0.007908903993666172, 0.013308684341609478, 0.01140795461833477, 0.013464657589793205, 0.009312344714999199, 0.007812460884451866, 0.014941918663680553, 0.009034493938088417, 0.011616095900535583, 0.011974245309829712, 0.015557236038148403, 0.010837681591510773, 0.01563955470919609, 0.007893450558185577, 0.016918137669563293, 0.009632959961891174, 0.010872194543480873, 0.009104552678763866, 0.013603245839476585, 0.013190032914280891, 0.010266078636050224]}