{"loss": 0.208999365568161, "character_probs": [0.014939912594854832, 0.015049186535179615, 0.015867624431848526, 0.01322618406265974, 0.013002196326851845, 0.01600896567106247, 0.010160117410123348, 0.010569920763373375, 0.00970565713942051, 0.014819405041635036, 0.012175021693110466, 0.013832726515829563, 0.00786965899169445, 0.008991535753011703, 0.015664059668779373, 0.007997940294444561, 0.01331733725965023, 0.009891079738736153, 0.008710869587957859, 0.008524307049810886, 0.011509010568261147, 0.010705459862947464, 0.012188228778541088, 0.008371060714125633, 0.008676813915371895, 0.007588305044919252, 0.008474858477711678, 0.007116675842553377, 0.00793473981320858, 0.007562506943941116, 0.011178822256624699, 0.009376155212521553, 0.009404676966369152, 0.007459219545125961, 0.0073579298332333565, 0.008343067951500416, 0.011829441413283348, 0.00836855173110962, 0.01118968054652214, 0.008694999851286411, 0.009069317951798439, 0.009300120174884796, 0.008393866010010242, 0.009596534073352814, 0.009123029187321663, 0.009668596088886261, 0.010539284907281399, 0.013517101295292377, 0.007547862362116575, 0.012382490560412407, 0.008245108649134636, 0.007943475618958473, 0.014868546277284622, 0.007777607534080744, 0.008409267291426659, 0.011074541136622429, 0.008054952137172222, 0.008382259868085384, 0.013553693890571594, 0.0077978093177080154, 0.007583575788885355, 0.00802554190158844, 0.010256699286401272, 0.01000664196908474, 0.013477068394422531, 0.009693768806755543, 0.007778859697282314, 0.01166415773332119, 0.008229227736592293, 0.011347751133143902, 0.010493379086256027, 0.013391279615461826, 0.012010971084237099, 0.0075836400501430035, 0.011454137973487377, 0.017907055094838142, 0.00947042740881443, 0.012322396039962769, 0.010368765331804752], "weapon_probs": [0.029475346207618713, 0.018665768206119537, 0.01105106808245182, 0.018604429438710213, 0.012650063261389732, 0.011109946295619011, 0.01102482620626688, 0.024129405617713928, 0.02029908448457718, 0.008882546797394753, 0.007763623725622892, 0.00839940644800663, 0.016862347722053528, 0.009133115410804749, 0.012062853202223778, 0.011497773230075836, 0.007344961166381836, 0.009117844514548779, 0.017425667494535446, 0.00961651187390089, 0.008899220265448093, 0.01027456484735012, 0.01121843047440052, 0.008544296026229858, 0.008384079672396183, 0.008347374387085438, 0.012375066056847572, 0.008111666887998581, 0.010038789361715317, 0.008877740241587162, 0.009636537171900272, 0.00765120517462492, 0.008124081417918205, 0.008122785948216915, 0.00756712956354022, 0.008385617285966873, 0.009184315800666809, 0.015309160575270653, 0.022645171731710434, 0.016489896923303604, 0.00965067557990551, 0.013574679382145405, 0.011625325307250023, 0.008080102503299713, 0.00816817581653595, 0.014893789775669575, 0.010901366360485554, 0.020925510674715042, 0.008147062733769417, 0.012060508131980896, 0.0125469621270895, 0.008849273435771465, 0.009202221408486366, 0.008762924931943417, 0.014242604374885559, 0.008853362873196602, 0.013623861595988274, 0.013203294016420841, 0.017646970227360725]}