{"loss": 0.6821348667144775, "character_probs": [0.012768594548106194, 0.021119993180036545, 0.009071467444300652, 0.013317504897713661, 0.017673391848802567, 0.01765727996826172, 0.011663119308650494, 0.02313675358891487, 0.0143695417791605, 0.007504500914365053, 0.010662155225872993, 0.009199747815728188, 0.009187892079353333, 0.008164823986589909, 0.008459188044071198, 0.009329389780759811, 0.009887505322694778, 0.009816284291446209, 0.013735744170844555, 0.007323162164539099, 0.008134807460010052, 0.00830020196735859, 0.007297980133444071, 0.007251438219100237, 0.007290419656783342, 0.009478644467890263, 0.007205982226878405, 0.007717369589954615, 0.009152405895292759, 0.008850427344441414, 0.007757862564176321, 0.0125496881082654, 0.007602310739457607, 0.015909342095255852, 0.010652280412614346, 0.008744597434997559, 0.007271301466971636, 0.008093895390629768, 0.0095241479575634, 0.007734575774520636, 0.009206927381455898, 0.007354707457125187, 0.00824847910553217, 0.009678423404693604, 0.01578371226787567, 0.00954405777156353, 0.008894619531929493, 0.009681014344096184, 0.009133906103670597, 0.008212605491280556, 0.007917659357190132, 0.008456498384475708, 0.00782281719148159, 0.010481654666364193, 0.009390447288751602, 0.009661893360316753, 0.011337016709148884, 0.010706773027777672, 0.010951146483421326, 0.012691945768892765, 0.008601080626249313, 0.013302072882652283, 0.007958832196891308, 0.011147371493279934, 0.010755384340882301, 0.009966344572603703, 0.011655985377728939, 0.020070534199476242, 0.007827283814549446, 0.008760794065892696, 0.008910810574889183, 0.00806640088558197, 0.010657965205609798, 0.009038543328642845, 0.012125465087592602, 0.012963464483618736, 0.0075866482220590115, 0.010886985808610916, 0.017144713550806046], "weapon_probs": [0.0213187113404274, 0.017657436430454254, 0.02822202816605568, 0.015115258283913136, 0.012333480641245842, 0.016336552798748016, 0.010281671769917011, 0.01432044431567192, 0.011865951120853424, 0.012066962197422981, 0.016281113028526306, 0.010372712276875973, 0.016402307897806168, 0.008756500668823719, 0.007967105135321617, 0.009078777395188808, 0.007802367210388184, 0.010315481573343277, 0.009117520414292812, 0.008067535236477852, 0.00851806253194809, 0.008259059861302376, 0.008485446684062481, 0.008800455369055271, 0.01303074136376381, 0.007366502191871405, 0.011241885833442211, 0.008763860911130905, 0.008560530841350555, 0.034022267907857895, 0.008548533543944359, 0.008916590362787247, 0.008039404638111591, 0.007970337755978107, 0.008215482346713543, 0.008747897110879421, 0.009245154447853565, 0.007892326451838017, 0.04140022397041321, 0.011332375928759575, 0.011804811656475067, 0.00755268894135952, 0.00890236347913742, 0.008022801019251347, 0.010422155261039734, 0.007550375536084175, 0.010087586008012295, 0.010657411068677902, 0.010681766085326672, 0.007695829030126333, 0.011240198276937008, 0.016031764447689056, 0.009396636858582497, 0.008417430333793163, 0.010288143530488014, 0.012942725792527199, 0.008727285079658031, 0.012470639310777187, 0.00823621079325676]}