{"loss": 0.9646890759468079, "character_probs": [0.022059030830860138, 0.012456484138965607, 0.017472440376877785, 0.01884845830500126, 0.008217883296310902, 0.019737597554922104, 0.010896368883550167, 0.008007649332284927, 0.011759933084249496, 0.01132512278854847, 0.01045839674770832, 0.007955346256494522, 0.007289677858352661, 0.010534005239605904, 0.007586469873785973, 0.009699811227619648, 0.011966354213654995, 0.00749865360558033, 0.011344118043780327, 0.00843481533229351, 0.008849182166159153, 0.010314413346350193, 0.0076318164356052876, 0.007618661504238844, 0.02139681577682495, 0.00797905120998621, 0.008517562411725521, 0.007699298206716776, 0.007337385322898626, 0.008606929332017899, 0.0141895841807127, 0.009280264377593994, 0.008540458045899868, 0.007287370506674051, 0.007333855610340834, 0.007698256988078356, 0.007953283376991749, 0.008473570458590984, 0.007313350215554237, 0.022196318954229355, 0.009926953352987766, 0.008490343578159809, 0.0099569633603096, 0.009136302396655083, 0.011332139372825623, 0.008571255952119827, 0.007886397652328014, 0.0136345149949193, 0.00849046092480421, 0.010687939822673798, 0.008327408693730831, 0.008694839663803577, 0.010225904174149036, 0.007955037988722324, 0.00830677431076765, 0.007812298368662596, 0.01175299659371376, 0.008377042599022388, 0.008476683869957924, 0.007411780301481485, 0.012129690498113632, 0.008558312430977821, 0.008960251696407795, 0.010257795453071594, 0.0094831557944417, 0.007683797273784876, 0.007470672484487295, 0.011169025674462318, 0.01013491302728653, 0.014545848593115807, 0.008227808400988579, 0.0074115050956606865, 0.011888070963323116, 0.010843484662473202, 0.009642045013606548, 0.010180316865444183, 0.015541967004537582, 0.008386760950088501, 0.014346957206726074], "weapon_probs": [0.04076868295669556, 0.026474647223949432, 0.009119748137891293, 0.014530505053699017, 0.014631792902946472, 0.011130253784358501, 0.007569894194602966, 0.01841694861650467, 0.010097313672304153, 0.007830901071429253, 0.01243801973760128, 0.010925184935331345, 0.010945543646812439, 0.017862102016806602, 0.01566462218761444, 0.008196411654353142, 0.009037398733198643, 0.0096703190356493, 0.008017751388251781, 0.008910611271858215, 0.013895155861973763, 0.008337216451764107, 0.011267103254795074, 0.010013536550104618, 0.008067190647125244, 0.007268364541232586, 0.010441210120916367, 0.0077228001318871975, 0.01240968331694603, 0.007690417114645243, 0.009171192534267902, 0.007375149056315422, 0.00860736146569252, 0.008703957311809063, 0.012198906391859055, 0.013426324352622032, 0.009501020424067974, 0.008213851600885391, 0.012349295429885387, 0.01818806678056717, 0.008116524666547775, 0.014572784304618835, 0.009242105297744274, 0.015009677968919277, 0.009034894406795502, 0.012029660865664482, 0.010715850628912449, 0.009055184200406075, 0.011735099367797375, 0.01247400976717472, 0.012659956701099873, 0.009066691622138023, 0.007779660169035196, 0.008832758292555809, 0.010006122291088104, 0.009884882718324661, 0.012923924252390862, 0.010483944788575172, 0.014341853559017181]}