{"loss": 0.8406557440757751, "character_probs": [0.0160098597407341, 0.017857447266578674, 0.020474392920732498, 0.011432762257754803, 0.01296348124742508, 0.01669440045952797, 0.016147030517458916, 0.009737605229020119, 0.01010618731379509, 0.008540928363800049, 0.011910289525985718, 0.008945169858634472, 0.010004093870520592, 0.009321959689259529, 0.00788610614836216, 0.008937058970332146, 0.009159845300018787, 0.008687857538461685, 0.009600905701518059, 0.014243156649172306, 0.010008629411458969, 0.008358210325241089, 0.010169649496674538, 0.012780282646417618, 0.008467571809887886, 0.011852344498038292, 0.009679364040493965, 0.007535707205533981, 0.010612966492772102, 0.007568113040179014, 0.008451061323285103, 0.007825146429240704, 0.010346602648496628, 0.007672118488699198, 0.009148403070867062, 0.008498077280819416, 0.0073085385374724865, 0.007575938478112221, 0.009282799437642097, 0.008329548873007298, 0.007515242323279381, 0.008075962774455547, 0.007937431335449219, 0.007171872537583113, 0.015425172634422779, 0.010110779665410519, 0.010511516593396664, 0.009802058339118958, 0.008814282715320587, 0.012354638427495956, 0.00941476970911026, 0.0086718974635005, 0.0103196045383811, 0.00809489842504263, 0.009842250496149063, 0.0078465910628438, 0.014128333888947964, 0.00858500599861145, 0.014209132641553879, 0.008332628756761551, 0.012504031881690025, 0.007813832722604275, 0.012479973956942558, 0.011835712939500809, 0.007904373109340668, 0.009721867740154266, 0.009364101104438305, 0.009639770723879337, 0.017254626378417015, 0.008690651506185532, 0.010617291554808617, 0.009247873909771442, 0.007795169483870268, 0.007992378436028957, 0.007994585670530796, 0.007729806005954742, 0.012929936870932579, 0.009439613670110703, 0.008054742589592934], "weapon_probs": [0.03506303206086159, 0.008487560786306858, 0.022556915879249573, 0.00957400631159544, 0.011809149757027626, 0.011224638670682907, 0.013015754520893097, 0.014264693483710289, 0.023515570908784866, 0.009939699433743954, 0.011991679668426514, 0.0206587016582489, 0.008286504074931145, 0.011803954839706421, 0.012022088281810284, 0.010116765275597572, 0.0084410784766078, 0.010454844683408737, 0.007713582832366228, 0.007617616560310125, 0.011481103487312794, 0.008558787405490875, 0.011897066608071327, 0.0275551900267601, 0.008215860463678837, 0.011487837880849838, 0.00862616952508688, 0.0105060413479805, 0.007653426844626665, 0.010555503889918327, 0.009848914109170437, 0.007753822021186352, 0.009288645349442959, 0.009185952134430408, 0.009620636701583862, 0.012414736673235893, 0.007571559399366379, 0.007756491657346487, 0.009156343527138233, 0.007886657491326332, 0.014612844213843346, 0.00807962566614151, 0.01584124192595482, 0.008969146758317947, 0.009803775697946548, 0.011185916140675545, 0.01115132961422205, 0.009924535639584064, 0.009379256516695023, 0.007638042792677879, 0.00760805606842041, 0.008027988485991955, 0.021258078515529633, 0.008835685439407825, 0.008878235705196857, 0.007999601773917675, 0.00878969021141529, 0.007621606811881065, 0.0230962373316288]}