{"loss": 0.3306041955947876, "character_probs": [0.02739619091153145, 0.012077617458999157, 0.0168421920388937, 0.008767875842750072, 0.012779943645000458, 0.014664568938314915, 0.012271283194422722, 0.013863511383533478, 0.01673688180744648, 0.01236842293292284, 0.008070400916039944, 0.008694062009453773, 0.007660526782274246, 0.008644001558423042, 0.007294841576367617, 0.008557934314012527, 0.009476136416196823, 0.007942410185933113, 0.011020882055163383, 0.013483374379575253, 0.00934267695993185, 0.011254060082137585, 0.008334833197295666, 0.008707898668944836, 0.008118635974824429, 0.01535765454173088, 0.00796413328498602, 0.007789214141666889, 0.010198676958680153, 0.00758332759141922, 0.008782575838267803, 0.00875984225422144, 0.007172849494963884, 0.014238749630749226, 0.0077088684774935246, 0.007085436023771763, 0.009427889250218868, 0.009164063259959221, 0.008397949859499931, 0.007829862646758556, 0.008219290524721146, 0.008597594685852528, 0.007562723942101002, 0.00893439818173647, 0.009896893054246902, 0.014817511662840843, 0.010208618827164173, 0.009143826551735401, 0.01022624783217907, 0.008008161559700966, 0.01035192608833313, 0.00794301275163889, 0.009115026332437992, 0.009371887892484665, 0.00782984122633934, 0.007517406716942787, 0.009002234786748886, 0.007774642203003168, 0.010524103417992592, 0.01456564199179411, 0.009119121357798576, 0.008778654038906097, 0.008079917170107365, 0.00775406789034605, 0.02656218409538269, 0.008139882236719131, 0.010976145043969154, 0.009395483881235123, 0.007173484191298485, 0.01241068635135889, 0.01774769090116024, 0.008179445751011372, 0.00906829722225666, 0.008729783818125725, 0.008862528949975967, 0.007933549582958221, 0.009730798192322254, 0.007903067395091057, 0.008201844990253448], "weapon_probs": [0.01104043424129486, 0.024824470281600952, 0.022737063467502594, 0.012252990156412125, 0.021272681653499603, 0.022066975012421608, 0.008637008257210255, 0.03285231441259384, 0.009998100809752941, 0.011484172195196152, 0.009127132594585419, 0.008115025237202644, 0.009439775720238686, 0.00907055288553238, 0.009776834398508072, 0.010609053075313568, 0.008898183703422546, 0.008179215714335442, 0.01018683984875679, 0.011371617205440998, 0.011485764756798744, 0.008686571381986141, 0.015430842526257038, 0.007199650164693594, 0.008432075381278992, 0.009874379262328148, 0.012376491911709309, 0.014079783111810684, 0.00897178240120411, 0.007824202068150043, 0.007498794700950384, 0.008629902265965939, 0.009279430843889713, 0.00770535646006465, 0.009195229038596153, 0.007991161197423935, 0.008012891747057438, 0.009358190931379795, 0.0232611745595932, 0.008577723987400532, 0.011758673004806042, 0.008357356302440166, 0.010488584637641907, 0.008139511570334435, 0.010613784193992615, 0.00803086906671524, 0.014599580317735672, 0.012892408296465874, 0.008856315165758133, 0.024508744478225708, 0.0108088543638587, 0.01120661199092865, 0.00876280665397644, 0.009876682423055172, 0.010236863978207111, 0.021323347464203835, 0.011628629639744759, 0.008192945271730423, 0.019592933356761932]}