{"loss": 0.9602500796318054, "character_probs": [0.01918196678161621, 0.021616864949464798, 0.0195524450391531, 0.010647536255419254, 0.011626284569501877, 0.010211315006017685, 0.015778660774230957, 0.010709693655371666, 0.00994701124727726, 0.010985184460878372, 0.011267514899373055, 0.00824219360947609, 0.010017636232078075, 0.009120719507336617, 0.012791415676474571, 0.010315884836018085, 0.010285108350217342, 0.009213008917868137, 0.00766321225091815, 0.007292528636753559, 0.012010151520371437, 0.013742788694798946, 0.009466228075325489, 0.009426083415746689, 0.009728975594043732, 0.007800256367772818, 0.007765376940369606, 0.009809632785618305, 0.007451395504176617, 0.007539183832705021, 0.0112990727648139, 0.010285018011927605, 0.0076437960378825665, 0.008205624297261238, 0.008770924061536789, 0.011509896256029606, 0.007603388279676437, 0.011573145166039467, 0.008628753945231438, 0.00968221016228199, 0.007824171334505081, 0.00768609344959259, 0.007456065155565739, 0.007716292981058359, 0.009721946902573109, 0.007656314875930548, 0.014661665074527264, 0.009424697607755661, 0.008284100331366062, 0.009728362783789635, 0.010410929098725319, 0.011291873641312122, 0.007442038506269455, 0.007900815457105637, 0.008890330791473389, 0.00832830648869276, 0.007556770462542772, 0.015788517892360687, 0.012647814117372036, 0.008496275171637535, 0.010083112865686417, 0.01621485874056816, 0.007769654039293528, 0.007910484448075294, 0.010757406242191792, 0.007556402590125799, 0.008988912217319012, 0.00733155244961381, 0.008452116511762142, 0.011843588203191757, 0.010968472808599472, 0.009464016184210777, 0.009996154345571995, 0.01250673457980156, 0.008815770968794823, 0.010350101627409458, 0.010102340951561928, 0.008087108843028545, 0.01810559630393982], "weapon_probs": [0.01037585735321045, 0.02706015855073929, 0.023238185793161392, 0.01027875579893589, 0.01740836724638939, 0.01860644668340683, 0.015250221826136112, 0.010230664163827896, 0.009775083512067795, 0.021603025496006012, 0.013321196660399437, 0.009052971377968788, 0.009392975829541683, 0.013707345351576805, 0.009718512184917927, 0.010870341211557388, 0.011725276708602905, 0.0076863947324454784, 0.00724521279335022, 0.008191804401576519, 0.007736836560070515, 0.008095369674265385, 0.025737904012203217, 0.007270349655300379, 0.007497637532651424, 0.011461874470114708, 0.009134109131991863, 0.011637132614850998, 0.008141132071614265, 0.00859528686851263, 0.008119948208332062, 0.008502919226884842, 0.01279732957482338, 0.012568977661430836, 0.013935025781393051, 0.010859647765755653, 0.00801441352814436, 0.009318098425865173, 0.00755859212949872, 0.028929296880960464, 0.01784314587712288, 0.008940668776631355, 0.009134448133409023, 0.00807227473706007, 0.009427813813090324, 0.014976544305682182, 0.009206065908074379, 0.007631788961589336, 0.01249182503670454, 0.007809644099324942, 0.016094118356704712, 0.011632649227976799, 0.008041709661483765, 0.009114272892475128, 0.014561779797077179, 0.00912120658904314, 0.011879900470376015, 0.00952074583619833, 0.013630393892526627]}