{"loss": -0.46579667925834656, "character_probs": [0.019947290420532227, 0.011605622246861458, 0.014236429706215858, 0.02995412051677704, 0.007960842922329903, 0.008937048725783825, 0.009621436707675457, 0.012480958364903927, 0.013849420472979546, 0.0077945776283741, 0.008766994811594486, 0.008318714797496796, 0.009943949989974499, 0.010709356516599655, 0.009115736000239849, 0.009566884487867355, 0.008778207935392857, 0.007490098476409912, 0.018925175070762634, 0.009798850864171982, 0.007335268426686525, 0.018031079322099686, 0.008152536116540432, 0.011224035173654556, 0.009367452934384346, 0.007329779677093029, 0.007873390801250935, 0.011899130418896675, 0.008258405141532421, 0.007730317767709494, 0.008740303106606007, 0.008977163583040237, 0.007376384921371937, 0.011053348891437054, 0.007943790405988693, 0.01330651342868805, 0.007759769447147846, 0.011941437609493732, 0.007679763250052929, 0.008677170611917973, 0.007928870618343353, 0.009449202567338943, 0.0075121535919606686, 0.0073027536273002625, 0.007215977180749178, 0.011754944920539856, 0.008169940672814846, 0.007768159732222557, 0.009645059704780579, 0.010972963646054268, 0.007612571585923433, 0.008568571880459785, 0.008224738761782646, 0.013533324003219604, 0.010289330966770649, 0.010981868021190166, 0.007757715415209532, 0.009397212415933609, 0.011432157829403877, 0.015310956165194511, 0.00863582082092762, 0.009405728429555893, 0.0088167330250144, 0.010324065573513508, 0.013225488364696503, 0.009801317937672138, 0.009439271874725819, 0.00941927544772625, 0.008795572444796562, 0.014123800210654736, 0.009733159095048904, 0.007995332591235638, 0.010379409417510033, 0.007907141931355, 0.01790277659893036, 0.007333663292229176, 0.008242769166827202, 0.011278600431978703, 0.01034204289317131], "weapon_probs": [0.047356266528367996, 0.013576989993453026, 0.012543017975986004, 0.01989223062992096, 0.011768369004130363, 0.023878388106822968, 0.018010038882493973, 0.008374323137104511, 0.012957336381077766, 0.00770797161385417, 0.007399984169751406, 0.012109959498047829, 0.007824044674634933, 0.012146246619522572, 0.008031669072806835, 0.008991504088044167, 0.007817828096449375, 0.007575801108032465, 0.008213727734982967, 0.011591210961341858, 0.007578704040497541, 0.010020285844802856, 0.009948037564754486, 0.007423883303999901, 0.0113445445895195, 0.012122261337935925, 0.009178888984024525, 0.01091139204800129, 0.008254297077655792, 0.010320723056793213, 0.00992039404809475, 0.01399952545762062, 0.011771750636398792, 0.008105019107460976, 0.010378502309322357, 0.009342871606349945, 0.011648482643067837, 0.008245554752647877, 0.007853854447603226, 0.016570784151554108, 0.009327048435807228, 0.014695419929921627, 0.009475208818912506, 0.011363222263753414, 0.007487628608942032, 0.009613413363695145, 0.010249538347125053, 0.010959690436720848, 0.010388650931417942, 0.0089365029707551, 0.013891806825995445, 0.010550091974437237, 0.0088249696418643, 0.01847028359770775, 0.015492482110857964, 0.01753823086619377, 0.00920083001255989, 0.019688721746206284, 0.00821614544838667]}