{"loss": 0.39881396293640137, "character_probs": [0.02471958100795746, 0.037372324615716934, 0.012133900076150894, 0.007733833976089954, 0.01187802292406559, 0.008078294806182384, 0.00881377886980772, 0.01903042569756508, 0.007769037038087845, 0.009540645405650139, 0.008466500788927078, 0.011495004408061504, 0.00967471580952406, 0.007862964645028114, 0.007608142215758562, 0.008137610740959644, 0.009040535427629948, 0.008990906178951263, 0.008015107363462448, 0.007420515175908804, 0.008315211161971092, 0.018883511424064636, 0.007716089952737093, 0.008941847831010818, 0.008028578944504261, 0.009290959686040878, 0.007880764082074165, 0.007373949512839317, 0.008067374117672443, 0.007419600151479244, 0.01019511092454195, 0.00721657183021307, 0.007667517755180597, 0.008017967455089092, 0.009250469505786896, 0.01420661062002182, 0.011197220534086227, 0.00908298697322607, 0.010336791165173054, 0.008949652314186096, 0.01137620024383068, 0.009459863416850567, 0.009372999891638756, 0.008591159246861935, 0.009643412195146084, 0.008213641121983528, 0.007951557636260986, 0.007995987311005592, 0.007513990625739098, 0.011101160198450089, 0.009754104539752007, 0.011398820206522942, 0.008062263950705528, 0.010409865528345108, 0.009143405593931675, 0.008531843312084675, 0.010337299667298794, 0.008913177996873856, 0.007852154783904552, 0.007434472441673279, 0.008578749373555183, 0.02061220444738865, 0.008965411223471165, 0.009300262667238712, 0.009125515818595886, 0.0077080572955310345, 0.007705272175371647, 0.007296987809240818, 0.011120233684778214, 0.008884090930223465, 0.016132168471813202, 0.00925268605351448, 0.011562982574105263, 0.008847992867231369, 0.014526603743433952, 0.018712978810071945, 0.009165683761239052, 0.01233983039855957, 0.008183153346180916], "weapon_probs": [0.02855374664068222, 0.02941654995083809, 0.013397383503615856, 0.010570977814495564, 0.02392381802201271, 0.008001522161066532, 0.009777258150279522, 0.011582868173718452, 0.008462282828986645, 0.015757089480757713, 0.008175288327038288, 0.014015179127454758, 0.01752772554755211, 0.011225439608097076, 0.0074180117808282375, 0.015087824314832687, 0.009221162647008896, 0.00937480665743351, 0.008629116229712963, 0.012680690735578537, 0.009981145150959492, 0.007743788417428732, 0.010211039334535599, 0.014971120283007622, 0.00783527921885252, 0.009996755048632622, 0.007876241579651833, 0.010398458689451218, 0.007943644188344479, 0.007406735327094793, 0.01625661924481392, 0.015311144292354584, 0.00878822710365057, 0.00917524378746748, 0.010912316851317883, 0.008348800241947174, 0.013386551290750504, 0.00886583887040615, 0.008698285557329655, 0.00898029562085867, 0.008914741687476635, 0.00895372312515974, 0.010861600749194622, 0.007595440372824669, 0.00801338255405426, 0.009916141629219055, 0.011204462498426437, 0.015194314531981945, 0.013082051649689674, 0.015284903347492218, 0.014154475182294846, 0.011876534670591354, 0.014871174469590187, 0.030212372541427612, 0.008370328694581985, 0.008461572229862213, 0.00826304778456688, 0.008533822372555733, 0.009714271873235703]}