{"loss": -0.40396419167518616, "character_probs": [0.0217900387942791, 0.014204250648617744, 0.011899318546056747, 0.019676871597766876, 0.01871105469763279, 0.00957333855330944, 0.017885666340589523, 0.008935416117310524, 0.01195496041327715, 0.007341286167502403, 0.011052438989281654, 0.009393351152539253, 0.011010340414941311, 0.009062832221388817, 0.0074844504706561565, 0.008375005796551704, 0.008328599855303764, 0.008681888692080975, 0.009073149412870407, 0.010645627044141293, 0.008550518192350864, 0.007459097076207399, 0.0077028111554682255, 0.00813809223473072, 0.007462554145604372, 0.012610696256160736, 0.010299833491444588, 0.009794933721423149, 0.008257100358605385, 0.009748326614499092, 0.017565105110406876, 0.007415271829813719, 0.009894829243421555, 0.009139674715697765, 0.008259188383817673, 0.007751978933811188, 0.007920159958302975, 0.0145475585013628, 0.008309711702167988, 0.010389618575572968, 0.008222587406635284, 0.007319949567317963, 0.007365881931036711, 0.007885925471782684, 0.010020135901868343, 0.008602404966950417, 0.012127241119742393, 0.009742915630340576, 0.008447256870567799, 0.0071303751319646835, 0.00802743248641491, 0.019289005547761917, 0.007457851432263851, 0.009638333693146706, 0.012650281190872192, 0.008626148104667664, 0.018372688442468643, 0.008146531879901886, 0.007745637092739344, 0.008656761609017849, 0.011192282661795616, 0.007583917118608952, 0.007914617657661438, 0.00740644708275795, 0.016093913465738297, 0.007690788246691227, 0.013090753927826881, 0.007311949506402016, 0.008507467806339264, 0.010061414912343025, 0.008312811143696308, 0.008433070033788681, 0.014493013732135296, 0.014370422810316086, 0.009377100504934788, 0.008897027932107449, 0.008132049813866615, 0.008709030225872993, 0.02136138826608658], "weapon_probs": [0.015872079879045486, 0.02012927457690239, 0.02516227215528488, 0.014499334618449211, 0.01634751260280609, 0.008544978685677052, 0.02021225169301033, 0.014478687196969986, 0.009052339941263199, 0.02258654683828354, 0.010686545632779598, 0.008647472597658634, 0.011819237843155861, 0.01682296022772789, 0.0072341859340667725, 0.007362628821283579, 0.012799108400940895, 0.013518126681447029, 0.009488459676504135, 0.01030880119651556, 0.007565013132989407, 0.009296439588069916, 0.010136549361050129, 0.008240330964326859, 0.008182071149349213, 0.021631183102726936, 0.01020126324146986, 0.007494866847991943, 0.009727097116410732, 0.008208345621824265, 0.01010901015251875, 0.010725504718720913, 0.008192863315343857, 0.00902909692376852, 0.009486600756645203, 0.024061836302280426, 0.0110899293795228, 0.009599137119948864, 0.009852507151663303, 0.011572502553462982, 0.007502677384763956, 0.008730128407478333, 0.008074031211435795, 0.010606740601360798, 0.012347182258963585, 0.01215319149196148, 0.007941331714391708, 0.00989392027258873, 0.011287109926342964, 0.007818781770765781, 0.007889854721724987, 0.011648290790617466, 0.00814424455165863, 0.010689996182918549, 0.010409975424408913, 0.014736847952008247, 0.009373142383992672, 0.014708958566188812, 0.017980773001909256]}