{"loss": -0.5877202749252319, "character_probs": [0.02117520198225975, 0.01743452250957489, 0.012620680965483189, 0.014522869139909744, 0.014368316158652306, 0.009619313292205334, 0.010896174237132072, 0.014241579920053482, 0.008678598329424858, 0.011037221178412437, 0.008432850241661072, 0.009137029759585857, 0.008980363607406616, 0.02334844321012497, 0.007266415283083916, 0.011072440072894096, 0.008349831216037273, 0.007289120927453041, 0.02054426819086075, 0.00794375129044056, 0.008661170490086079, 0.008229744620621204, 0.00978744775056839, 0.00703598465770483, 0.007560376077890396, 0.013420049101114273, 0.007555981166660786, 0.007223916705697775, 0.0078292116522789, 0.008866549469530582, 0.007648799568414688, 0.007928956300020218, 0.007594171445816755, 0.008288780227303505, 0.0077233766205608845, 0.0072744847275316715, 0.009453956037759781, 0.010923925787210464, 0.008029633201658726, 0.008014417253434658, 0.010815323330461979, 0.01130121760070324, 0.010433425195515156, 0.008975469507277012, 0.008029114454984665, 0.012085647322237492, 0.010865178890526295, 0.011709709651768208, 0.008290667086839676, 0.0072255367413163185, 0.008932605385780334, 0.008201207965612411, 0.007386968936771154, 0.010474085807800293, 0.008877519518136978, 0.009055886417627335, 0.011475886218249798, 0.013527990318834782, 0.011446347460150719, 0.007509867660701275, 0.016801752150058746, 0.01389266923069954, 0.01159211341291666, 0.011167080141603947, 0.008062668144702911, 0.008581236936151981, 0.008488609455525875, 0.0074146282859146595, 0.018179021775722504, 0.007576813921332359, 0.010583274066448212, 0.00781793612986803, 0.008427615277469158, 0.008578295819461346, 0.010907551273703575, 0.009332245215773582, 0.02033815160393715, 0.014346702955663204, 0.00911441259086132], "weapon_probs": [0.03962218388915062, 0.018758215010166168, 0.017419401556253433, 0.012549251317977905, 0.02424352988600731, 0.00857563503086567, 0.009988240897655487, 0.009513737633824348, 0.008958179503679276, 0.011894168332219124, 0.009056419134140015, 0.014415312558412552, 0.010817945003509521, 0.009318627417087555, 0.00814572162926197, 0.011354619637131691, 0.010178078897297382, 0.025253046303987503, 0.007667334284633398, 0.0075059374794363976, 0.007339201867580414, 0.0077864425256848335, 0.00898357480764389, 0.010246846824884415, 0.007401906419545412, 0.011404432356357574, 0.007697154302150011, 0.010871043428778648, 0.00774809904396534, 0.008295169100165367, 0.012965977191925049, 0.01441894844174385, 0.00893430970609188, 0.007736198604106903, 0.008639669045805931, 0.010007668286561966, 0.010988892987370491, 0.012280412018299103, 0.011610683053731918, 0.009345268830657005, 0.00920332781970501, 0.012562382966279984, 0.009017671458423138, 0.021641284227371216, 0.009769467636942863, 0.007982178591191769, 0.010684908367693424, 0.009157570078969002, 0.012932837940752506, 0.022933173924684525, 0.017000455409288406, 0.00799919106066227, 0.009993216022849083, 0.008758533746004105, 0.019046753644943237, 0.011885532177984715, 0.008382223546504974, 0.009384427219629288, 0.019024964421987534]}