{"loss": 0.10288605093955994, "character_probs": [0.014423603191971779, 0.021612752228975296, 0.013589709997177124, 0.009765399619936943, 0.011356135830283165, 0.03928232192993164, 0.007829064503312111, 0.00791361927986145, 0.01008848287165165, 0.009623290970921516, 0.012593332678079605, 0.011115830391645432, 0.007974948734045029, 0.008226340636610985, 0.007351426873356104, 0.008464443497359753, 0.007616946008056402, 0.007528071757405996, 0.007343972101807594, 0.008874127641320229, 0.011674845591187477, 0.008076142519712448, 0.007278295233845711, 0.0073636919260025024, 0.007886731997132301, 0.007897492498159409, 0.013662409037351608, 0.008391348645091057, 0.011002927087247372, 0.008447977714240551, 0.008006064221262932, 0.008492164313793182, 0.00983208417892456, 0.013107194565236568, 0.009178131818771362, 0.007673721294850111, 0.00833651889115572, 0.009926265105605125, 0.011277074925601482, 0.008595848456025124, 0.009755590930581093, 0.007416230626404285, 0.007811242248862982, 0.02333395555615425, 0.007979247719049454, 0.008632673881947994, 0.00925273448228836, 0.01676888018846512, 0.007083490025252104, 0.007480120752006769, 0.00752851739525795, 0.00821501761674881, 0.00749991973862052, 0.009276541881263256, 0.008928010240197182, 0.009877275675535202, 0.0076406896114349365, 0.010970090515911579, 0.0078070578165352345, 0.007330904249101877, 0.021870270371437073, 0.0076968856155872345, 0.007936298847198486, 0.008227629587054253, 0.007960058748722076, 0.007842172868549824, 0.023308202624320984, 0.01162077859044075, 0.011025337502360344, 0.008706802502274513, 0.007405729964375496, 0.014929276891052723, 0.008173744194209576, 0.0089158546179533, 0.012380659580230713, 0.008790909312665462, 0.009747275151312351, 0.009291764348745346, 0.008232137188315392], "weapon_probs": [0.027562517672777176, 0.02078910917043686, 0.022607658058404922, 0.009059593081474304, 0.011446038261055946, 0.011858344078063965, 0.008989425376057625, 0.020979881286621094, 0.00915539264678955, 0.01019340567290783, 0.0172546599060297, 0.009099251590669155, 0.025804482400417328, 0.01278949435800314, 0.011225830763578415, 0.008428676053881645, 0.008990198373794556, 0.012923989444971085, 0.012898558750748634, 0.008499653078615665, 0.012257225811481476, 0.008558163419365883, 0.007537242490798235, 0.008337226696312428, 0.00879707746207714, 0.007535461336374283, 0.009528322145342827, 0.009479689411818981, 0.00809154286980629, 0.007527216337621212, 0.008748527616262436, 0.016239231452345848, 0.008949565701186657, 0.010103322565555573, 0.010015171021223068, 0.007575063034892082, 0.00884033739566803, 0.008212564513087273, 0.019190208986401558, 0.009351024404168129, 0.007683395408093929, 0.007584623992443085, 0.016175009310245514, 0.007630425039678812, 0.013020632788538933, 0.016608621925115585, 0.0081502515822649, 0.009782138280570507, 0.015230190008878708, 0.01113901473581791, 0.01126260869204998, 0.00845327228307724, 0.00840765330940485, 0.014242265373468399, 0.035075843334198, 0.011210334487259388, 0.007523792330175638, 0.008951704949140549, 0.010522965341806412]}