{"loss": -0.8848758935928345, "character_probs": [0.03655035048723221, 0.008608246222138405, 0.012033604085445404, 0.015100564807653427, 0.008499338291585445, 0.01026581134647131, 0.01744930073618889, 0.014653299003839493, 0.00951071735471487, 0.007448084186762571, 0.013335226103663445, 0.007531341630965471, 0.01256573386490345, 0.008194828405976295, 0.007560899946838617, 0.00930717121809721, 0.007539958227425814, 0.008420906960964203, 0.007464879658073187, 0.01584133319556713, 0.00934512447565794, 0.007583152037113905, 0.007946589961647987, 0.011336065828800201, 0.008070571348071098, 0.008000297471880913, 0.00726589048281312, 0.0075526912696659565, 0.00944252498447895, 0.007868015207350254, 0.009176798164844513, 0.0101733123883605, 0.007891840301454067, 0.007581616751849651, 0.009298132732510567, 0.009501849301159382, 0.012199845165014267, 0.0078162532299757, 0.008286269381642342, 0.015103116631507874, 0.008274335414171219, 0.011028589680790901, 0.011635743081569672, 0.010051681660115719, 0.007468006107956171, 0.0077164871618151665, 0.008412415161728859, 0.016813082620501518, 0.007957074791193008, 0.01126396469771862, 0.008310329169034958, 0.00786008220165968, 0.011757336556911469, 0.009615132585167885, 0.012601334601640701, 0.009012188762426376, 0.00811019353568554, 0.011740997433662415, 0.010131020098924637, 0.008721742779016495, 0.008011221885681152, 0.013826440088450909, 0.00856496300548315, 0.01001044549047947, 0.009687328711152077, 0.008116000331938267, 0.01524144597351551, 0.010503999888896942, 0.008404647931456566, 0.00794802326709032, 0.014838946983218193, 0.015006890520453453, 0.010671059601008892, 0.015080828219652176, 0.00883430801331997, 0.011391496285796165, 0.008642212487757206, 0.014356542378664017, 0.011393174529075623], "weapon_probs": [0.03671975061297417, 0.01585138961672783, 0.014028619974851608, 0.018414823338389397, 0.014066582545638084, 0.00994640588760376, 0.011470982804894447, 0.02704179286956787, 0.015681913122534752, 0.008808258920907974, 0.00815306231379509, 0.01182526908814907, 0.007900898344814777, 0.010663261637091637, 0.008173996582627296, 0.00810154713690281, 0.009692002087831497, 0.011189417913556099, 0.007273724302649498, 0.008889148011803627, 0.018304089084267616, 0.01006689015775919, 0.009520458988845348, 0.007414196152240038, 0.007589130662381649, 0.010624798946082592, 0.009759288281202316, 0.01078172866255045, 0.010209739208221436, 0.009984711185097694, 0.008870914578437805, 0.014770332723855972, 0.010729147121310234, 0.010902146808803082, 0.007481343578547239, 0.008277656510472298, 0.00919621717184782, 0.009299441240727901, 0.015496927313506603, 0.017504803836345673, 0.00956682488322258, 0.010496454313397408, 0.00741072092205286, 0.00939518865197897, 0.01589129865169525, 0.009670700877904892, 0.013389308005571365, 0.012135477736592293, 0.012132806703448296, 0.009990513324737549, 0.01351197250187397, 0.008767753839492798, 0.010167265310883522, 0.01002996414899826, 0.014631351456046104, 0.020992526784539223, 0.008039150387048721, 0.00949346087872982, 0.021249577403068542]}