{"loss": -0.25280508399009705, "character_probs": [0.021387118846178055, 0.01847074180841446, 0.01616528071463108, 0.010542118921875954, 0.013052641414105892, 0.009526100009679794, 0.011748706921935081, 0.010421333834528923, 0.014554012566804886, 0.019559307023882866, 0.011152489110827446, 0.008376570418477058, 0.007360383402556181, 0.010430448688566685, 0.010394744575023651, 0.0105605972930789, 0.009294531308114529, 0.011342748999595642, 0.011594755575060844, 0.007667344529181719, 0.007845357060432434, 0.009649418294429779, 0.007811165414750576, 0.008034753613173962, 0.009366743266582489, 0.007661602459847927, 0.009319359436631203, 0.009937623515725136, 0.0073646437376737595, 0.007182477042078972, 0.020539384335279465, 0.007231622934341431, 0.008747255429625511, 0.007771647535264492, 0.007168825250118971, 0.008039377629756927, 0.00793764740228653, 0.007448763120919466, 0.010333421640098095, 0.008737019263207912, 0.012002180330455303, 0.010109793394804, 0.009238649159669876, 0.008118138648569584, 0.007707816548645496, 0.014699554070830345, 0.007438206113874912, 0.009780186228454113, 0.007518763188272715, 0.015552100725471973, 0.009861798956990242, 0.008773346431553364, 0.00866796262562275, 0.008394857868552208, 0.008224926888942719, 0.010676040314137936, 0.009189829230308533, 0.007418992463499308, 0.00714659970253706, 0.010344995185732841, 0.008708300068974495, 0.008108491078019142, 0.012241825461387634, 0.008722163736820221, 0.008129198104143143, 0.010027730837464333, 0.008598805405199528, 0.007598999422043562, 0.014777306467294693, 0.008059064857661724, 0.007550649810582399, 0.00968082994222641, 0.012994050979614258, 0.018599361181259155, 0.009510019794106483, 0.011693042702972889, 0.011210892349481583, 0.00817176979035139, 0.010393669828772545], "weapon_probs": [0.031693462282419205, 0.012816392816603184, 0.016852926462888718, 0.025630202144384384, 0.011389022693037987, 0.012906261719763279, 0.010002032853662968, 0.023485548794269562, 0.010827661491930485, 0.009057585150003433, 0.014658091589808464, 0.007828107103705406, 0.010387786664068699, 0.008562605828046799, 0.011979952454566956, 0.00834153313189745, 0.022705625742673874, 0.009515294805169106, 0.009473112411797047, 0.009392360225319862, 0.007822820916771889, 0.009654172696173191, 0.00835981871932745, 0.008885588496923447, 0.012317562475800514, 0.009190766140818596, 0.007376533001661301, 0.008049477823078632, 0.019665997475385666, 0.00718523096293211, 0.01495411153882742, 0.007163058500736952, 0.007227156776934862, 0.012430873699486256, 0.009647758677601814, 0.009904459118843079, 0.009080731309950352, 0.013524085283279419, 0.007703782524913549, 0.007808243855834007, 0.0072471266612410545, 0.008037281222641468, 0.012685025110840797, 0.008625604212284088, 0.013722814619541168, 0.013399085029959679, 0.012159429490566254, 0.01305395271629095, 0.009324919432401657, 0.0110965296626091, 0.010262691415846348, 0.01222985703498125, 0.009460851550102234, 0.010844589211046696, 0.009492529556155205, 0.012134223245084286, 0.023303598165512085, 0.009748860262334347, 0.009273568168282509]}