{"loss": 0.9662781357765198, "character_probs": [0.016568629071116447, 0.018146272748708725, 0.018445923924446106, 0.009576074779033661, 0.008307693526148796, 0.008206033147871494, 0.0133790522813797, 0.01038432028144598, 0.011417245492339134, 0.02278253436088562, 0.010157618671655655, 0.012464714236557484, 0.011562795378267765, 0.00910264253616333, 0.007715203799307346, 0.022060014307498932, 0.008351524360477924, 0.01364067941904068, 0.007839299738407135, 0.008471738547086716, 0.009768359363079071, 0.007269762456417084, 0.00868526566773653, 0.00786414835602045, 0.008186975494027138, 0.007389301434159279, 0.008124527521431446, 0.00828646868467331, 0.007413732819259167, 0.00805656611919403, 0.007554521318525076, 0.007576921954751015, 0.008948855102062225, 0.008259440772235394, 0.008430663496255875, 0.009728336706757545, 0.008682033978402615, 0.012052850797772408, 0.01996384561061859, 0.007668422069400549, 0.010010205209255219, 0.008076582103967667, 0.008151900954544544, 0.015424164943397045, 0.00812642090022564, 0.007557575590908527, 0.008534818887710571, 0.011671817861497402, 0.007307704072445631, 0.008587678894400597, 0.011914853937923908, 0.007713399361819029, 0.008764442056417465, 0.008344503119587898, 0.01120560709387064, 0.007324946112930775, 0.008714311756193638, 0.013296261429786682, 0.00788622722029686, 0.007790372706949711, 0.007237588055431843, 0.010646711103618145, 0.011234382167458534, 0.008213428780436516, 0.008421420119702816, 0.01020656805485487, 0.008002681657671928, 0.013405466452240944, 0.008182037621736526, 0.007383396383374929, 0.01639886572957039, 0.008155307732522488, 0.02156900241971016, 0.008130974136292934, 0.009505577385425568, 0.010479789227247238, 0.014339168556034565, 0.010971329174935818, 0.00890154018998146], "weapon_probs": [0.03411658853292465, 0.015140521340072155, 0.013153474777936935, 0.012010973878204823, 0.01419803686439991, 0.017436962574720383, 0.01650841534137726, 0.016153549775481224, 0.013279249891638756, 0.00857266504317522, 0.015788346529006958, 0.017125125974416733, 0.01501427125185728, 0.011698424816131592, 0.008120305836200714, 0.011800706386566162, 0.008022448979318142, 0.007449719123542309, 0.009148361161351204, 0.011589649133384228, 0.0145569471642375, 0.009070351719856262, 0.008685115724802017, 0.008300396613776684, 0.009546518325805664, 0.009506793692708015, 0.010771909728646278, 0.012139121070504189, 0.009022525511682034, 0.007375052664428949, 0.008428125642240047, 0.00873640738427639, 0.007478226441890001, 0.008481217548251152, 0.010274739935994148, 0.007630638778209686, 0.008022614754736423, 0.008195683360099792, 0.009205595590174198, 0.020663749426603317, 0.014606712386012077, 0.011759327724575996, 0.011624814942479134, 0.008116177283227444, 0.007540627848356962, 0.01262743305414915, 0.00993826799094677, 0.013358596712350845, 0.016329612582921982, 0.013897295109927654, 0.01104578748345375, 0.010521197691559792, 0.008246229030191898, 0.010216141119599342, 0.010142331011593342, 0.00911605916917324, 0.018077563494443893, 0.01686512678861618, 0.01153695210814476]}