{"loss": -0.9660632610321045, "character_probs": [0.01953020691871643, 0.013640167191624641, 0.011706225574016571, 0.01597585156559944, 0.01715976744890213, 0.008839800953865051, 0.015000715851783752, 0.007746401242911816, 0.020277781412005424, 0.009975802153348923, 0.010392795316874981, 0.013012499548494816, 0.009575888514518738, 0.007853575050830841, 0.010915926657617092, 0.014148550108075142, 0.008837194181978703, 0.00743096461519599, 0.007255572825670242, 0.007370845880359411, 0.00922762043774128, 0.009369430132210255, 0.011379359290003777, 0.011334192007780075, 0.012314226478338242, 0.00859918724745512, 0.008236663416028023, 0.007822305895388126, 0.00799070205539465, 0.008737045340240002, 0.008364491164684296, 0.012313613668084145, 0.007546186447143555, 0.007475694175809622, 0.0075216093100607395, 0.009313073009252548, 0.008479616604745388, 0.010172986425459385, 0.009287969209253788, 0.007909527979791164, 0.007841087877750397, 0.009958136826753616, 0.014587834477424622, 0.01011335663497448, 0.011021596379578114, 0.007587118074297905, 0.012162670493125916, 0.009111334569752216, 0.013209878467023373, 0.01028638519346714, 0.008653923869132996, 0.011662352830171585, 0.00768580287694931, 0.007705525495111942, 0.008271055296063423, 0.009697195142507553, 0.010289600118994713, 0.00992579385638237, 0.010281581431627274, 0.014790527522563934, 0.008763080462813377, 0.009166480042040348, 0.0088708670809865, 0.008781815879046917, 0.007735052146017551, 0.012951057404279709, 0.008231552317738533, 0.007665655575692654, 0.007505092769861221, 0.008794526569545269, 0.008344356901943684, 0.007977747358381748, 0.008093382231891155, 0.01558277104049921, 0.00832260400056839, 0.00882247369736433, 0.011109381914138794, 0.009574790485203266, 0.03427249565720558], "weapon_probs": [0.02762935683131218, 0.01825370453298092, 0.022296909242868423, 0.015967588871717453, 0.01152635645121336, 0.015776218846440315, 0.009140128269791603, 0.012392963282763958, 0.01224813237786293, 0.0187095757573843, 0.01569778099656105, 0.00894257053732872, 0.009825201705098152, 0.008791830390691757, 0.013656878843903542, 0.009339414536952972, 0.0070313578471541405, 0.010782156139612198, 0.01085935439914465, 0.00974530354142189, 0.011428061872720718, 0.008551823906600475, 0.008414342068135738, 0.012607688084244728, 0.008913533762097359, 0.00863298587501049, 0.009130801074206829, 0.01786882057785988, 0.008539345115423203, 0.020498454570770264, 0.010777648538351059, 0.00953073613345623, 0.009148629382252693, 0.010748191736638546, 0.009128685109317303, 0.011293106712400913, 0.007567114662379026, 0.013262512162327766, 0.011336244642734528, 0.008593736216425896, 0.007564662955701351, 0.00995248556137085, 0.008037053048610687, 0.011128492653369904, 0.009506838396191597, 0.00797622837126255, 0.01715177670121193, 0.010875720530748367, 0.007747276686131954, 0.007704298011958599, 0.012771442532539368, 0.008088008500635624, 0.023875191807746887, 0.010605169460177422, 0.008755766786634922, 0.0077931685373187065, 0.016927547752857208, 0.014886914752423763, 0.008601016364991665]}