{"loss": -0.9486461877822876, "character_probs": [0.018983162939548492, 0.01010230090469122, 0.013006516732275486, 0.01680034026503563, 0.02174420654773712, 0.007926318794488907, 0.009643142111599445, 0.010218570940196514, 0.008876260370016098, 0.011285284534096718, 0.011889604851603508, 0.010572116822004318, 0.008676485158503056, 0.01015702448785305, 0.014883915893733501, 0.008570536971092224, 0.007164699025452137, 0.009866965934634209, 0.02053152769804001, 0.008256406523287296, 0.008111730217933655, 0.007642303127795458, 0.013798121362924576, 0.008680302649736404, 0.008114012889564037, 0.011185836046934128, 0.0074290563352406025, 0.008618995547294617, 0.00990987941622734, 0.00830242969095707, 0.00877318810671568, 0.008802123367786407, 0.009178683161735535, 0.008167874068021774, 0.007353964727371931, 0.010697465389966965, 0.008395006880164146, 0.011495428159832954, 0.008992102928459644, 0.009031364694237709, 0.01154335867613554, 0.0072060259990394115, 0.014307547360658646, 0.007509189657866955, 0.009293783456087112, 0.008945949375629425, 0.0083834333345294, 0.007678457070142031, 0.01075897365808487, 0.015824835747480392, 0.010480591095983982, 0.007800535298883915, 0.00766856549307704, 0.008883296512067318, 0.013838086277246475, 0.007578130811452866, 0.01692160591483116, 0.007865052670240402, 0.007732887752354145, 0.007816747762262821, 0.010990068316459656, 0.00825547520071268, 0.017024900764226913, 0.008315310813486576, 0.012041643261909485, 0.011440267786383629, 0.00817891675978899, 0.010899841785430908, 0.012951025739312172, 0.011266637593507767, 0.011975802481174469, 0.00896637886762619, 0.012555066496133804, 0.010627598501741886, 0.011767327785491943, 0.009030045941472054, 0.009906074032187462, 0.010812059044837952, 0.008692234754562378], "weapon_probs": [0.010185583494603634, 0.032893963158130646, 0.010014859959483147, 0.01815999671816826, 0.02960032969713211, 0.014199921861290932, 0.012079261243343353, 0.014603761956095695, 0.010313121601939201, 0.009510836564004421, 0.01052772905677557, 0.01199805736541748, 0.012288941070437431, 0.011705584824085236, 0.011296874843537807, 0.010120950639247894, 0.011786270886659622, 0.007281573489308357, 0.00893783662468195, 0.0078026847913861275, 0.008732161484658718, 0.013061502948403358, 0.008865926414728165, 0.008854199200868607, 0.010307317599654198, 0.009959325194358826, 0.011400748044252396, 0.007498506456613541, 0.007198414299637079, 0.01352445688098669, 0.009530970826745033, 0.008477466180920601, 0.01184089295566082, 0.012482287362217903, 0.008692781440913677, 0.014106785878539085, 0.016772683709859848, 0.007916489616036415, 0.02528630942106247, 0.008489708416163921, 0.008209684863686562, 0.007994688116014004, 0.015412201173603535, 0.008413785137236118, 0.020330145955085754, 0.015272763557732105, 0.016271162778139114, 0.007978299632668495, 0.007677874527871609, 0.010494599118828773, 0.009777624160051346, 0.008362846449017525, 0.013618748635053635, 0.008149676024913788, 0.010490935295820236, 0.013002759777009487, 0.008798157796263695, 0.00917789526283741, 0.009837115183472633]}