{"loss": -0.12836778163909912, "character_probs": [0.015624307096004486, 0.016549546271562576, 0.020735636353492737, 0.020619049668312073, 0.008438392542302608, 0.012188972905278206, 0.012761125341057777, 0.008156008087098598, 0.011683019809424877, 0.009227749891579151, 0.00889141671359539, 0.009021702222526073, 0.011822385713458061, 0.01218173373490572, 0.008061514236032963, 0.014475869946181774, 0.0088949678465724, 0.009104845114052296, 0.007683823350816965, 0.00818554125726223, 0.009455102495849133, 0.008646797388792038, 0.011757221072912216, 0.008310597389936447, 0.009411959908902645, 0.008399829268455505, 0.007375746034085751, 0.008031456731259823, 0.013492094352841377, 0.015293044038116932, 0.009128330275416374, 0.010611159726977348, 0.007146805990487337, 0.0097288116812706, 0.007453597616404295, 0.013436585664749146, 0.007305838167667389, 0.008866838179528713, 0.01482620369642973, 0.007628988474607468, 0.008935505524277687, 0.0073049068450927734, 0.00763013307005167, 0.009680761024355888, 0.010511258617043495, 0.008194785565137863, 0.009083489887416363, 0.00892747100442648, 0.007841364480555058, 0.007796443998813629, 0.0076257954351603985, 0.010870371013879776, 0.008844138123095036, 0.007267876993864775, 0.010185427032411098, 0.007882429286837578, 0.020560868084430695, 0.007782449014484882, 0.007387035991996527, 0.00983894057571888, 0.010698400437831879, 0.010670298710465431, 0.007349830120801926, 0.008397627621889114, 0.014046039432287216, 0.008915912359952927, 0.01704447716474533, 0.008520402014255524, 0.009622110985219479, 0.00883099902421236, 0.011986248195171356, 0.012628710828721523, 0.01916658505797386, 0.007196825463324785, 0.007506838999688625, 0.008262303657829762, 0.00807114690542221, 0.008793668821454048, 0.016171839088201523], "weapon_probs": [0.041708704084157944, 0.010564371943473816, 0.019331736490130424, 0.01320407260209322, 0.016286155208945274, 0.01249182503670454, 0.011597351171076298, 0.00977405533194542, 0.008261111564934254, 0.01884344033896923, 0.013659767806529999, 0.0076331524178385735, 0.00981990434229374, 0.008703125640749931, 0.012941570952534676, 0.010709892958402634, 0.007196652702987194, 0.012996133416891098, 0.012758422642946243, 0.013628177344799042, 0.01359524391591549, 0.007992252707481384, 0.007478372659534216, 0.011296382173895836, 0.014767851680517197, 0.008624037727713585, 0.008120587095618248, 0.009158729575574398, 0.007201493252068758, 0.008991178125143051, 0.007781327702105045, 0.012515056878328323, 0.008370322175323963, 0.012672653421759605, 0.007132298778742552, 0.007921889424324036, 0.0092040179297328, 0.011383539997041225, 0.011255739256739616, 0.008309709839522839, 0.009407032281160355, 0.011030010879039764, 0.04297269508242607, 0.008117850869894028, 0.008042577654123306, 0.007944840006530285, 0.010753105394542217, 0.017961278557777405, 0.007433176040649414, 0.01283800508826971, 0.0076339393854141235, 0.007863839156925678, 0.013917219825088978, 0.007196857128292322, 0.0077995555475354195, 0.008904360234737396, 0.00826664362102747, 0.008261948823928833, 0.011080166324973106]}