{"loss": -0.8920015692710876, "character_probs": [0.014018252491950989, 0.020239543169736862, 0.012877652421593666, 0.012033023871481419, 0.00964622013270855, 0.02127150073647499, 0.007914583198726177, 0.018219588324427605, 0.010220153257250786, 0.008760416880249977, 0.0075045134872198105, 0.014372381381690502, 0.014308965764939785, 0.007906763814389706, 0.007311293855309486, 0.00984559953212738, 0.013302577659487724, 0.00742956530302763, 0.007557915989309549, 0.011820285581052303, 0.009920874610543251, 0.010822668671607971, 0.009057547897100449, 0.007750013843178749, 0.010545008815824986, 0.007781132124364376, 0.014198953285813332, 0.009602131322026253, 0.010526084341108799, 0.007984607480466366, 0.008620211854577065, 0.008239032700657845, 0.013270437717437744, 0.009077895432710648, 0.00951402634382248, 0.010733759962022305, 0.008738845586776733, 0.008324500173330307, 0.008183656260371208, 0.009045400656759739, 0.007951579056680202, 0.009115729480981827, 0.008507950231432915, 0.008227628655731678, 0.010400843806564808, 0.007727912627160549, 0.0076968055218458176, 0.007947411388158798, 0.011245216242969036, 0.007738717831671238, 0.007517270743846893, 0.011711234226822853, 0.009533802978694439, 0.007694809231907129, 0.010858346708118916, 0.010503756813704967, 0.01054905541241169, 0.009937265887856483, 0.01382629107683897, 0.009968799538910389, 0.008751342073082924, 0.007398457266390324, 0.010288722813129425, 0.01043708249926567, 0.011814041063189507, 0.0092917550355196, 0.008478783071041107, 0.012857634574174881, 0.013749530538916588, 0.015553642064332962, 0.007884609512984753, 0.01138102076947689, 0.012248465791344643, 0.010245215147733688, 0.017317626625299454, 0.007752975448966026, 0.010478368028998375, 0.0150578822940588, 0.022752661257982254], "weapon_probs": [0.012467977590858936, 0.020420584827661514, 0.018671294674277306, 0.014419237151741982, 0.016550354659557343, 0.013061411678791046, 0.021853294223546982, 0.008370980620384216, 0.014305023476481438, 0.013550087809562683, 0.008003238588571548, 0.009123927913606167, 0.022561611607670784, 0.008579233661293983, 0.011016814038157463, 0.017684821039438248, 0.007738475687801838, 0.011200743727385998, 0.009468180127441883, 0.015309824608266354, 0.008442976512014866, 0.013253109529614449, 0.009774885140359402, 0.007239267695695162, 0.007199023850262165, 0.007768623996526003, 0.009299276396632195, 0.009939687326550484, 0.010552765801548958, 0.007384647615253925, 0.012360047549009323, 0.012611126527190208, 0.00807993859052658, 0.01897493377327919, 0.00855786632746458, 0.016654975712299347, 0.009015802294015884, 0.012447673827409744, 0.011146007105708122, 0.013082509860396385, 0.012306127697229385, 0.009490116499364376, 0.01827424019575119, 0.00896433088928461, 0.008950544521212578, 0.010305056348443031, 0.009249505586922169, 0.015315999276936054, 0.007997647859156132, 0.00923874694854021, 0.007851525209844112, 0.0226471908390522, 0.011988197453320026, 0.010153530165553093, 0.016467299312353134, 0.024245701730251312, 0.009396350011229515, 0.009649313986301422, 0.014053543098270893]}