{"loss": 0.6158802509307861, "character_probs": [0.00870937667787075, 0.03446739539504051, 0.016830522567033768, 0.019223377108573914, 0.0092198820784688, 0.008234617300331593, 0.00952882505953312, 0.007558512967079878, 0.010752768255770206, 0.01733968034386635, 0.010710901580750942, 0.012253192253410816, 0.008947295136749744, 0.007729681208729744, 0.007881919853389263, 0.009168680757284164, 0.008121616207063198, 0.0072289216332137585, 0.021043017506599426, 0.007438171189278364, 0.014148848131299019, 0.010922841727733612, 0.009433046914637089, 0.007808694150298834, 0.009339796379208565, 0.00745411217212677, 0.007625455502420664, 0.008910364471375942, 0.007582485675811768, 0.008686859160661697, 0.007408722769469023, 0.008956761099398136, 0.009791040793061256, 0.007567180320620537, 0.007793072145432234, 0.00963559839874506, 0.009898066520690918, 0.007187733426690102, 0.00741370115429163, 0.008070742711424828, 0.00826930534094572, 0.01047358289361, 0.010013444349169731, 0.013402462005615234, 0.008885965682566166, 0.007200261577963829, 0.014745386317372322, 0.007984204217791557, 0.008997352793812752, 0.007532027084380388, 0.008505402132868767, 0.00879394169896841, 0.016326608136296272, 0.007980595342814922, 0.008989362046122551, 0.008954603224992752, 0.008047450333833694, 0.010634291917085648, 0.008012408390641212, 0.008941101841628551, 0.008692572824656963, 0.007648748811334372, 0.011138330213725567, 0.015612040646374226, 0.00793465692549944, 0.011221254244446754, 0.008949724026024342, 0.008678560145199299, 0.008113169111311436, 0.008207963779568672, 0.008445815183222294, 0.01791556179523468, 0.013857962563633919, 0.008486686274409294, 0.009977763518691063, 0.00922330655157566, 0.013506416231393814, 0.008137060329318047, 0.007911024615168571], "weapon_probs": [0.01814199425280094, 0.03673466295003891, 0.008241667412221432, 0.00826318096369505, 0.02631942555308342, 0.012190520763397217, 0.01076131034642458, 0.025574583560228348, 0.021703431382775307, 0.013709420338273048, 0.00870308093726635, 0.007708844728767872, 0.012642388232052326, 0.008901514112949371, 0.010340115055441856, 0.007225096225738525, 0.009700402617454529, 0.009510484524071217, 0.008901192806661129, 0.00900081917643547, 0.00909864716231823, 0.009989124722778797, 0.011348765343427658, 0.011945569887757301, 0.008953545242547989, 0.009184463880956173, 0.009282568469643593, 0.010930529795587063, 0.007404713425785303, 0.013293210417032242, 0.008694188669323921, 0.00824509933590889, 0.01249670796096325, 0.0098857581615448, 0.008764366619288921, 0.010460140183568, 0.009228824637830257, 0.009635807946324348, 0.01052320096641779, 0.00739027326926589, 0.008764595724642277, 0.011886165477335453, 0.008958373218774796, 0.01490939874202013, 0.01082386914640665, 0.012898866087198257, 0.00974653847515583, 0.008837324567139149, 0.011909164488315582, 0.015264786779880524, 0.008858582004904747, 0.008219575509428978, 0.007509172428399324, 0.016922183334827423, 0.007852615788578987, 0.01507122814655304, 0.010519959963858128, 0.007695342879742384, 0.008832324296236038]}