{"loss": 0.37117141485214233, "character_probs": [0.016746273264288902, 0.01777871511876583, 0.01334732212126255, 0.008910364471375942, 0.03461458906531334, 0.009075052104890347, 0.01024661399424076, 0.007814774289727211, 0.010280760005116463, 0.014488429762423038, 0.011322171427309513, 0.008371682837605476, 0.008830712176859379, 0.018120430409908295, 0.007327915634959936, 0.00825333222746849, 0.008255932480096817, 0.00732000544667244, 0.00813665334135294, 0.0077237230725586414, 0.010660397820174694, 0.011879852041602135, 0.008151981048285961, 0.007955391891300678, 0.008694893680512905, 0.008499210700392723, 0.007437927648425102, 0.0075658452697098255, 0.010241061449050903, 0.00738790025934577, 0.008680593222379684, 0.008350595831871033, 0.014260162599384785, 0.007647338788956404, 0.007986844517290592, 0.010610869154334068, 0.007950051687657833, 0.012852126732468605, 0.008348238654434681, 0.009714450687170029, 0.007590790279209614, 0.008130917325615883, 0.007465426344424486, 0.007530474569648504, 0.0074889468960464, 0.008361723273992538, 0.012626810930669308, 0.014171211048960686, 0.018635917454957962, 0.009091501124203205, 0.007721087895333767, 0.009261957369744778, 0.00956269633024931, 0.007898291572928429, 0.0074598658829927444, 0.009454658254981041, 0.009363509714603424, 0.008620969019830227, 0.00813300535082817, 0.011827996000647545, 0.011480826884508133, 0.01038933452218771, 0.010002562776207924, 0.011176018044352531, 0.010191217064857483, 0.009263187646865845, 0.008111771196126938, 0.011016590520739555, 0.010349363088607788, 0.008767097257077694, 0.029649123549461365, 0.008841649629175663, 0.009680717252194881, 0.010315684601664543, 0.009376343339681625, 0.007622310891747475, 0.011181301437318325, 0.007953707128763199, 0.011457683518528938], "weapon_probs": [0.018554160371422768, 0.020678337663412094, 0.019622132182121277, 0.009495924226939678, 0.025399845093488693, 0.030031554400920868, 0.009133057668805122, 0.015580946579575539, 0.008809386752545834, 0.01894724741578102, 0.008397234603762627, 0.008126682601869106, 0.016233770176768303, 0.01444343663752079, 0.007524691056460142, 0.00982310064136982, 0.008385985158383846, 0.013104474171996117, 0.007470813114196062, 0.008726140484213829, 0.00808703526854515, 0.008264431729912758, 0.010102053172886372, 0.011204658076167107, 0.007990789599716663, 0.009519798681139946, 0.012776932679116726, 0.009941124357283115, 0.007595359347760677, 0.00768249062821269, 0.009042424149811268, 0.012444740161299706, 0.011339517310261726, 0.010184823535382748, 0.008899236097931862, 0.009111535735428333, 0.008608028292655945, 0.008073590695858002, 0.008258076384663582, 0.007525701075792313, 0.008744523860514164, 0.008881410583853722, 0.009885654784739017, 0.008713731542229652, 0.025545060634613037, 0.011644857004284859, 0.016329243779182434, 0.01019251812249422, 0.00805009063333273, 0.0077942064963281155, 0.009206568822264671, 0.011757081374526024, 0.01699536293745041, 0.007628138642758131, 0.009461691603064537, 0.022605936974287033, 0.019482793286442757, 0.007659594528377056, 0.012837205082178116]}