{"loss": 0.856317400932312, "character_probs": [0.016428440809249878, 0.00970294140279293, 0.029213707894086838, 0.012408718466758728, 0.014699531719088554, 0.009112539701163769, 0.01817706599831581, 0.022235210984945297, 0.0075614373199641705, 0.009306281805038452, 0.007885988801717758, 0.007591127883642912, 0.009713869541883469, 0.008491300977766514, 0.008006985299289227, 0.008376828394830227, 0.00879667792469263, 0.01465133298188448, 0.007688851561397314, 0.007562106475234032, 0.011023476719856262, 0.00730193592607975, 0.007890298031270504, 0.008478082716464996, 0.007166454568505287, 0.013029711320996284, 0.007677484303712845, 0.00974036380648613, 0.009555023163557053, 0.007212240714579821, 0.010496021248400211, 0.008134804666042328, 0.007457200903445482, 0.008176562376320362, 0.008710947819054127, 0.008208859711885452, 0.007537995930761099, 0.008117429912090302, 0.009259690530598164, 0.008555544540286064, 0.008050142787396908, 0.00756093068048358, 0.01898461952805519, 0.023677684366703033, 0.00743876164779067, 0.00873871985822916, 0.008503137156367302, 0.011560050770640373, 0.007851033471524715, 0.009418429806828499, 0.00858224742114544, 0.007699334528297186, 0.007712623104453087, 0.009690137580037117, 0.007644016295671463, 0.00881163589656353, 0.020536627620458603, 0.009484047070145607, 0.008034320548176765, 0.008094020187854767, 0.012363161891698837, 0.010239996947348118, 0.011139583773911, 0.008696681819856167, 0.009432267397642136, 0.00961227435618639, 0.0088407713919878, 0.008137136697769165, 0.014259753748774529, 0.007764306850731373, 0.008113552816212177, 0.008271987549960613, 0.009825711138546467, 0.00932553131133318, 0.01299186423420906, 0.008490253239870071, 0.010006311349570751, 0.019323140382766724, 0.012819262221455574], "weapon_probs": [0.02341749146580696, 0.026933036744594574, 0.02682783082127571, 0.018443740904331207, 0.01142178662121296, 0.016336657106876373, 0.007560474798083305, 0.007558048702776432, 0.015082301571965218, 0.013503242284059525, 0.009404919110238552, 0.00807507336139679, 0.010857366025447845, 0.013668081723153591, 0.010116609744727612, 0.008003934286534786, 0.01606208272278309, 0.010324778035283089, 0.007463826797902584, 0.008448067121207714, 0.01049030665308237, 0.008452271111309528, 0.009835789911448956, 0.009031340479850769, 0.020505331456661224, 0.007346692029386759, 0.008601086214184761, 0.007437617052346468, 0.0077959876507520676, 0.012828661128878593, 0.007593714632093906, 0.007611443288624287, 0.007987819612026215, 0.01394954789429903, 0.009092277847230434, 0.01305156946182251, 0.008846096694469452, 0.008622285909950733, 0.009308472275733948, 0.00807836651802063, 0.0072690704837441444, 0.00962185300886631, 0.016685206443071365, 0.009261921979486942, 0.025553729385137558, 0.009111009538173676, 0.014985709451138973, 0.014488345012068748, 0.010150864720344543, 0.009167502634227276, 0.012132333591580391, 0.010725756175816059, 0.010335084982216358, 0.02242792397737503, 0.008183037862181664, 0.012544947676360607, 0.00866747461259365, 0.013288890942931175, 0.016693100333213806]}