{"loss": 0.9672913551330566, "character_probs": [0.014939834363758564, 0.012203825637698174, 0.018003592267632484, 0.01912764459848404, 0.014437803998589516, 0.011281915009021759, 0.012885309755802155, 0.009769689291715622, 0.013660026714205742, 0.01047667395323515, 0.014884893782436848, 0.00951717421412468, 0.008830898441374302, 0.007423821836709976, 0.012147694826126099, 0.011266887187957764, 0.009461847133934498, 0.009452910162508488, 0.008748909458518028, 0.00934421643614769, 0.007920877076685429, 0.010515809059143066, 0.010600503534078598, 0.007821713574230671, 0.008589006029069424, 0.008889136835932732, 0.008282947354018688, 0.009216608479619026, 0.00819465983659029, 0.009878125973045826, 0.012441704049706459, 0.008516431786119938, 0.017648078501224518, 0.008961970917880535, 0.010840881615877151, 0.009621649980545044, 0.008675617165863514, 0.007545330096036196, 0.009578763507306576, 0.007722498849034309, 0.0075964173302054405, 0.007568630389869213, 0.009328538551926613, 0.00928853265941143, 0.008397283963859081, 0.008405777625739574, 0.008911581709980965, 0.007114855572581291, 0.011198117397725582, 0.01044298242777586, 0.01779072917997837, 0.00859200768172741, 0.008191646076738834, 0.007862620055675507, 0.012186728417873383, 0.014964863657951355, 0.011046071536839008, 0.008019788190722466, 0.00880948081612587, 0.007111264858394861, 0.007737260777503252, 0.008978992700576782, 0.009232193231582642, 0.008764084428548813, 0.010527029633522034, 0.007931374944746494, 0.008374358527362347, 0.008145429193973541, 0.013446377590298653, 0.010287641547620296, 0.009937722235918045, 0.008816194720566273, 0.014209798537194729, 0.00777846947312355, 0.008860185742378235, 0.0083349933847785, 0.013589201495051384, 0.010553672909736633, 0.010167553089559078], "weapon_probs": [0.03715544566512108, 0.011461885645985603, 0.014700508676469326, 0.013513299636542797, 0.028311360627412796, 0.016424046829342842, 0.01060846634209156, 0.01296423003077507, 0.01139750238507986, 0.013761117123067379, 0.008051683194935322, 0.01465022936463356, 0.008426791056990623, 0.009747469797730446, 0.008862080052495003, 0.012487590312957764, 0.007843268103897572, 0.01371677778661251, 0.010300897061824799, 0.007702904287725687, 0.007255404256284237, 0.009550266899168491, 0.009556278586387634, 0.007984880357980728, 0.00907997414469719, 0.01176118291914463, 0.010504797101020813, 0.0076380581595003605, 0.008226375095546246, 0.008349032141268253, 0.016208816319704056, 0.008550139144062996, 0.009449692443013191, 0.016776036471128464, 0.014701961539685726, 0.01051064021885395, 0.009545354172587395, 0.01637791469693184, 0.008810468018054962, 0.008303890936076641, 0.00776789803057909, 0.01586015895009041, 0.008345333859324455, 0.012657414190471172, 0.008040710352361202, 0.00837232917547226, 0.011837096884846687, 0.00864316150546074, 0.013115981593728065, 0.014522096142172813, 0.00957266241312027, 0.012602422386407852, 0.010758332908153534, 0.009402506984770298, 0.0074119772762060165, 0.010914543643593788, 0.014573977328836918, 0.009086370468139648, 0.011109687387943268]}