{"loss": -0.8162034153938293, "character_probs": [0.013460496440529823, 0.027138683944940567, 0.010472388938069344, 0.01485217735171318, 0.014840025454759598, 0.008029450662434101, 0.010908197611570358, 0.009357322938740253, 0.014166534878313541, 0.013670015148818493, 0.007802562788128853, 0.00730027724057436, 0.014829473569989204, 0.00835711695253849, 0.018532566726207733, 0.009555872529745102, 0.007507933769375086, 0.007830354385077953, 0.009477842599153519, 0.00881605502218008, 0.007777424994856119, 0.008002297952771187, 0.007611698005348444, 0.008233746513724327, 0.031746458262205124, 0.0074129607528448105, 0.009955602698028088, 0.00963374599814415, 0.007774371653795242, 0.007465152535587549, 0.007321224082261324, 0.008576449938118458, 0.007773408200591803, 0.010477929376065731, 0.007255667354911566, 0.008600964210927486, 0.00778571143746376, 0.009474867023527622, 0.008321482688188553, 0.009417373687028885, 0.009679263457655907, 0.007687176112085581, 0.007358579896390438, 0.008226646110415459, 0.009178636595606804, 0.007439130917191505, 0.007841837592422962, 0.007656840607523918, 0.009503137320280075, 0.00738111324608326, 0.00918391440063715, 0.007371724117547274, 0.011483924463391304, 0.0076716202311217785, 0.007885641418397427, 0.01029913779348135, 0.012009970843791962, 0.014420626685023308, 0.012856281362473965, 0.013925468549132347, 0.009580958634614944, 0.00834918487817049, 0.007988358847796917, 0.007822416722774506, 0.02855011820793152, 0.007266344036906958, 0.008315694518387318, 0.009860108606517315, 0.007541615050286055, 0.008356351405382156, 0.013643605634570122, 0.00844426266849041, 0.008285370655357838, 0.00733215594664216, 0.008448019623756409, 0.008542331866919994, 0.009353632107377052, 0.01955588534474373, 0.014442969113588333], "weapon_probs": [0.02415989339351654, 0.013049550354480743, 0.020631588995456696, 0.024345025420188904, 0.010177478194236755, 0.009254074655473232, 0.011573374271392822, 0.010385040193796158, 0.027109414339065552, 0.0110307727009058, 0.008763596415519714, 0.011257351376116276, 0.009649818763136864, 0.016964606940746307, 0.008354425430297852, 0.00992493610829115, 0.017346978187561035, 0.008896758779883385, 0.012483201920986176, 0.016052501276135445, 0.01188415102660656, 0.009967958554625511, 0.008667035028338432, 0.007507250178605318, 0.00880737416446209, 0.012674388475716114, 0.008882677182555199, 0.010226034559309483, 0.007766444236040115, 0.01071960013359785, 0.00782257691025734, 0.00876799039542675, 0.007751038763672113, 0.020763786509633064, 0.00965626910328865, 0.008316518738865852, 0.008886722847819328, 0.007916731759905815, 0.009047376923263073, 0.008830051869153976, 0.014998161233961582, 0.011880623176693916, 0.00784028135240078, 0.00826350413262844, 0.00815239455550909, 0.00958683155477047, 0.009954741224646568, 0.013245642185211182, 0.009647796861827374, 0.026308637112379074, 0.008314569480717182, 0.010516656562685966, 0.009104831144213676, 0.007289706263691187, 0.014299089089035988, 0.019572725519537926, 0.009037068113684654, 0.009874672628939152, 0.00917985662817955]}