{"loss": -0.9443203210830688, "character_probs": [0.009202414192259312, 0.018861886113882065, 0.011449821293354034, 0.012885765172541142, 0.01768798567354679, 0.028195757418870926, 0.012769343331456184, 0.00879418570548296, 0.02083010785281658, 0.007442478556185961, 0.009382541291415691, 0.008157092146575451, 0.009020714089274406, 0.012144184671342373, 0.008372649550437927, 0.008269722573459148, 0.009137721732258797, 0.008524158969521523, 0.009152838960289955, 0.007303204387426376, 0.007398303132504225, 0.01061437837779522, 0.007851433008909225, 0.010310781188309193, 0.011378741823136806, 0.008600503206253052, 0.008511724881827831, 0.008419441059231758, 0.007514371071010828, 0.009560702368617058, 0.0076960246078670025, 0.007629906293004751, 0.007646782789379358, 0.007868962362408638, 0.010139254853129387, 0.01007288508117199, 0.008582978509366512, 0.008952169679105282, 0.0128855612128973, 0.007973183877766132, 0.014422502368688583, 0.008985456079244614, 0.012202342972159386, 0.009747056290507317, 0.008029893040657043, 0.009787168353796005, 0.009751113131642342, 0.00786654558032751, 0.007754308171570301, 0.011553371325135231, 0.007900458760559559, 0.009539201855659485, 0.014100220054388046, 0.013726091012358665, 0.007604701444506645, 0.008639425970613956, 0.007616523187607527, 0.008414025418460369, 0.008873657323420048, 0.008823368698358536, 0.008141711354255676, 0.009996678680181503, 0.025228869169950485, 0.010479571297764778, 0.00809499341994524, 0.016261180862784386, 0.009159387089312077, 0.008311978541314602, 0.007259222213178873, 0.014392010867595673, 0.010032206773757935, 0.00797042902559042, 0.008246062323451042, 0.007726694457232952, 0.010756704956293106, 0.013965237885713577, 0.009014416486024857, 0.009253349155187607, 0.011084766127169132], "weapon_probs": [0.011529048904776573, 0.04756481572985649, 0.017027711495757103, 0.013191335834562778, 0.00817022006958723, 0.009295633994042873, 0.026246029883623123, 0.011941870674490929, 0.013706522062420845, 0.008694601245224476, 0.008727788925170898, 0.009959823451936245, 0.011004528030753136, 0.012949341908097267, 0.013199697248637676, 0.010748356580734253, 0.009167303331196308, 0.008506609126925468, 0.014710260555148125, 0.007604940328747034, 0.007485790178179741, 0.012075625360012054, 0.015084026381373405, 0.011603878811001778, 0.008546445518732071, 0.007680010516196489, 0.007766652852296829, 0.009460986591875553, 0.00815728958696127, 0.010178188793361187, 0.009130088612437248, 0.007464587222784758, 0.009068186394870281, 0.008052300661802292, 0.009580275975167751, 0.011259160935878754, 0.00897134467959404, 0.009737508371472359, 0.014916922897100449, 0.008744868449866772, 0.012651389464735985, 0.012353623285889626, 0.010372664779424667, 0.009605866856873035, 0.009928670711815357, 0.01336218323558569, 0.0141900684684515, 0.007873600348830223, 0.008202207274734974, 0.023293238133192062, 0.008577131666243076, 0.008737212046980858, 0.019291158765554428, 0.008732784539461136, 0.024132784456014633, 0.008266467601060867, 0.008701721206307411, 0.0074239131063222885, 0.00907199364155531]}