{"loss": 0.9298825860023499, "character_probs": [0.023394916206598282, 0.026193544268608093, 0.011076722294092178, 0.008306032046675682, 0.027377888560295105, 0.00810723565518856, 0.009346399456262589, 0.007886777631938457, 0.01327856071293354, 0.008761527016758919, 0.010169409215450287, 0.008525260724127293, 0.009907537139952183, 0.007358109578490257, 0.00898640975356102, 0.0077277375385165215, 0.008995171636343002, 0.008121157996356487, 0.009305418469011784, 0.008307849988341331, 0.011930271983146667, 0.01123862899839878, 0.008725583553314209, 0.007981263101100922, 0.01465735211968422, 0.010356788523495197, 0.007563915103673935, 0.009278228506445885, 0.007896512746810913, 0.007428807206451893, 0.007629977539181709, 0.00952762272208929, 0.011494547128677368, 0.007887073792517185, 0.008156973868608475, 0.014268376864492893, 0.007544785737991333, 0.009089373052120209, 0.007247447036206722, 0.009919185191392899, 0.007942112162709236, 0.008489355444908142, 0.007137170061469078, 0.014920387417078018, 0.008448443375527859, 0.007370776496827602, 0.010556680150330067, 0.010790588334202766, 0.012670625932514668, 0.010438237339258194, 0.010330142453312874, 0.007525918073952198, 0.007273042108863592, 0.015647023916244507, 0.008732708171010017, 0.007730858400464058, 0.009632749482989311, 0.009737491607666016, 0.009548164904117584, 0.008961142040789127, 0.007832539267838001, 0.010689742863178253, 0.010307706892490387, 0.008400565013289452, 0.011151322163641453, 0.013940014876425266, 0.008422606624662876, 0.008620389737188816, 0.009313213638961315, 0.012224804610013962, 0.009822972118854523, 0.0073740193620324135, 0.009966874495148659, 0.018555253744125366, 0.009473603218793869, 0.012419509701430798, 0.01233871653676033, 0.00792680587619543, 0.022865820676088333], "weapon_probs": [0.010662533342838287, 0.042146947234869, 0.01564006507396698, 0.013679321855306625, 0.016384178772568703, 0.02028687298297882, 0.019113006070256233, 0.009902031160891056, 0.007759814616292715, 0.010257997550070286, 0.010486495681107044, 0.007401958107948303, 0.010258028283715248, 0.011990953236818314, 0.0074565294198691845, 0.013216794468462467, 0.011537167243659496, 0.015186400152742863, 0.007933487184345722, 0.009322513826191425, 0.011093762703239918, 0.009647991508245468, 0.012083783745765686, 0.008067544549703598, 0.014436336234211922, 0.00801471434533596, 0.008362103253602982, 0.015484231524169445, 0.008374396711587906, 0.007612687069922686, 0.007357180584222078, 0.007206805981695652, 0.011181328445672989, 0.010737587697803974, 0.014026792719960213, 0.012693087570369244, 0.008074319921433926, 0.010364818386733532, 0.01026556920260191, 0.010598449036478996, 0.00851723924279213, 0.010058032348752022, 0.011530276387929916, 0.008883051574230194, 0.011349992826581001, 0.010538706555962563, 0.011587732471525669, 0.0092734070494771, 0.019243016839027405, 0.008316653780639172, 0.008403380401432514, 0.007667894940823317, 0.023186780512332916, 0.009617497213184834, 0.008996376767754555, 0.02120915614068508, 0.02732761576771736, 0.013047340326011181, 0.011837250553071499]}