{"loss": 0.9719632863998413, "character_probs": [0.018588844686746597, 0.01179266907274723, 0.028966642916202545, 0.011685298755764961, 0.009652262553572655, 0.008600722998380661, 0.011902142316102982, 0.013280926272273064, 0.0074922386556863785, 0.01003835815936327, 0.007585914805531502, 0.009215586818754673, 0.007520768325775862, 0.008707885630428791, 0.007515031844377518, 0.00836240965873003, 0.023815087974071503, 0.008201239630579948, 0.009351667948067188, 0.007473763544112444, 0.007157586514949799, 0.008292299695312977, 0.007059504743665457, 0.009956005960702896, 0.007252798415720463, 0.00887724943459034, 0.007558140438050032, 0.007675264496356249, 0.00730403745546937, 0.00939670205116272, 0.007433208171278238, 0.008464490994811058, 0.007488358300179243, 0.007367309648543596, 0.008346902206540108, 0.011653997004032135, 0.008411264047026634, 0.007365749217569828, 0.011031929403543472, 0.007466522976756096, 0.008673639968037605, 0.010106924921274185, 0.009228618815541267, 0.011673195287585258, 0.011719254776835442, 0.008193997666239738, 0.007478770799934864, 0.007820588536560535, 0.00879223644733429, 0.00804948341101408, 0.007834194228053093, 0.00792765524238348, 0.008850163780152798, 0.017503902316093445, 0.00851139985024929, 0.008129092864692211, 0.012513289228081703, 0.007395083550363779, 0.009675330482423306, 0.007556057069450617, 0.007709737401455641, 0.012367699295282364, 0.007355480454862118, 0.009392844513058662, 0.009042905643582344, 0.008501815609633923, 0.007618180941790342, 0.007439513225108385, 0.011028168722987175, 0.0076889474876224995, 0.013127489946782589, 0.008341816253960133, 0.015921026468276978, 0.010413321666419506, 0.007659934926778078, 0.007312226574867964, 0.010007478296756744, 0.008829602971673012, 0.00908749271184206], "weapon_probs": [0.028492849320173264, 0.01631290838122368, 0.014438334852457047, 0.014588560909032822, 0.015023388899862766, 0.009802483953535557, 0.014989771880209446, 0.044477034360170364, 0.011820202693343163, 0.007579266093671322, 0.016870608553290367, 0.008599191904067993, 0.012015975080430508, 0.007532129064202309, 0.007919538766145706, 0.008559382520616055, 0.008210860192775726, 0.008756383322179317, 0.007647312246263027, 0.00926544051617384, 0.010015087202191353, 0.008259031921625137, 0.008337046951055527, 0.01464696042239666, 0.008830361068248749, 0.007351533509790897, 0.02460501715540886, 0.008977594785392284, 0.007552738767117262, 0.008412634953856468, 0.008756007067859173, 0.007336959708482027, 0.008936130441725254, 0.009896159172058105, 0.00832919031381607, 0.009900636039674282, 0.009831031784415245, 0.01502657774835825, 0.00835148524492979, 0.009545940905809402, 0.00772600993514061, 0.012172190472483635, 0.009427178651094437, 0.010227239690721035, 0.0135763855651021, 0.010541749186813831, 0.012252910062670708, 0.008391895331442356, 0.010186326690018177, 0.008978579193353653, 0.01243864931166172, 0.009326127357780933, 0.007717484142631292, 0.009864519350230694, 0.012213626876473427, 0.00815459992736578, 0.011069511994719505, 0.011972879990935326, 0.007610762026160955]}