{"loss": 0.8802629113197327, "character_probs": [0.02253621444106102, 0.010253487154841423, 0.026194028556346893, 0.01429687812924385, 0.011370833963155746, 0.01366700790822506, 0.011874035000801086, 0.009638355113565922, 0.012078335508704185, 0.013158402405679226, 0.0100737689062953, 0.008328241296112537, 0.009193239733576775, 0.007560022175312042, 0.013490645214915276, 0.007700070738792419, 0.00822099857032299, 0.008700237609446049, 0.009203063324093819, 0.01083365548402071, 0.00769672030583024, 0.007748202886432409, 0.007908857427537441, 0.007508262060582638, 0.0075927916914224625, 0.010110686533153057, 0.008811447769403458, 0.007585030514746904, 0.007647345773875713, 0.007670463062822819, 0.009666452184319496, 0.013064103201031685, 0.007668662816286087, 0.0077099609188735485, 0.009711192920804024, 0.0076685706153512, 0.007421132642775774, 0.01483207382261753, 0.0076276338659226894, 0.008955642580986023, 0.02580159157514572, 0.00836112443357706, 0.008189870975911617, 0.007830760441720486, 0.007340310141444206, 0.01004030741751194, 0.009385796263813972, 0.011918825097382069, 0.008480575866997242, 0.010653683915734291, 0.008623727597296238, 0.008431097492575645, 0.013605582527816296, 0.007595350034534931, 0.007891518995165825, 0.00843927450478077, 0.008141684345901012, 0.00876486487686634, 0.028503820300102234, 0.008615907281637192, 0.011191369034349918, 0.011839734390377998, 0.00811556912958622, 0.00894367415457964, 0.008492788299918175, 0.008021761663258076, 0.01380909513682127, 0.0076234182342886925, 0.009402250871062279, 0.007729710545390844, 0.008174296468496323, 0.007355061825364828, 0.008270295336842537, 0.007657608482986689, 0.01117110438644886, 0.0097318971529603, 0.009616095572710037, 0.010628020390868187, 0.008471604436635971], "weapon_probs": [0.02147659659385681, 0.01873962953686714, 0.015967492014169693, 0.014522861689329147, 0.014557547867298126, 0.02419903501868248, 0.01864294894039631, 0.010220843367278576, 0.010578986257314682, 0.009712417609989643, 0.031072381883859634, 0.01007118634879589, 0.009175495244562626, 0.008652408607304096, 0.00882265716791153, 0.008373232558369637, 0.009328295476734638, 0.010284817777574062, 0.008601987734436989, 0.007950634695589542, 0.007287155371159315, 0.010722149163484573, 0.007595404051244259, 0.008435722440481186, 0.01999468356370926, 0.008129168301820755, 0.007211660034954548, 0.007874401286244392, 0.017725445330142975, 0.007349241059273481, 0.011773046106100082, 0.009572144597768784, 0.008343094028532505, 0.008514877408742905, 0.009143970906734467, 0.007593241520226002, 0.009608834981918335, 0.017481055110692978, 0.01625465229153633, 0.01006252970546484, 0.009289957582950592, 0.01254710741341114, 0.008503924123942852, 0.01225344929844141, 0.008299089036881924, 0.012877088040113449, 0.014028225094079971, 0.009848988614976406, 0.01107841543853283, 0.014184100553393364, 0.008257130160927773, 0.008413978852331638, 0.008072230964899063, 0.02732507511973381, 0.01046387106180191, 0.0076169297099113464, 0.007569517474621534, 0.008861534297466278, 0.008390635251998901]}