{"loss": 0.48419302701950073, "character_probs": [0.03895872086286545, 0.009616360068321228, 0.011558187194168568, 0.01077463198453188, 0.012948251329362392, 0.009315989911556244, 0.009217155165970325, 0.00785529613494873, 0.02353028953075409, 0.009341740980744362, 0.00816738698631525, 0.008143297396600246, 0.007550833281129599, 0.014714043587446213, 0.011569846421480179, 0.007352549582719803, 0.00756334513425827, 0.008468426764011383, 0.007638505194336176, 0.007990512996912003, 0.011548133566975594, 0.010891788639128208, 0.013719407841563225, 0.007569869048893452, 0.007284434977918863, 0.008254178799688816, 0.008086460642516613, 0.00864170677959919, 0.0096476124599576, 0.008701634593307972, 0.008747989311814308, 0.008160199038684368, 0.0071981255896389484, 0.011937275528907776, 0.007841167971491814, 0.008356575854122639, 0.00992940366268158, 0.009497360326349735, 0.008476677350699902, 0.013383423909544945, 0.010389392264187336, 0.011954499408602715, 0.007505515590310097, 0.00983739085495472, 0.008685586042702198, 0.01349584385752678, 0.008762662298977375, 0.012668462470173836, 0.013089761137962341, 0.007934335619211197, 0.0089902738109231, 0.009823156520724297, 0.012548189610242844, 0.008150098845362663, 0.009855947457253933, 0.009195450693368912, 0.00917577464133501, 0.00739568704739213, 0.007548965513706207, 0.010382077656686306, 0.008511323481798172, 0.009281305596232414, 0.007534286938607693, 0.009724321775138378, 0.009291741997003555, 0.011713730171322823, 0.008752190507948399, 0.010206912644207478, 0.013921841979026794, 0.012061024084687233, 0.009061289019882679, 0.007547073066234589, 0.008102517575025558, 0.010340838693082333, 0.018480980768799782, 0.007441650610417128, 0.009370904415845871, 0.01128789409995079, 0.008170947432518005], "weapon_probs": [0.012841714546084404, 0.02267012745141983, 0.014431178569793701, 0.010662060230970383, 0.013295885175466537, 0.025152936577796936, 0.024093110114336014, 0.008441390469670296, 0.016600824892520905, 0.02078668400645256, 0.015725430101156235, 0.007804216351360083, 0.011707846075296402, 0.00849960558116436, 0.018244046717882156, 0.009800656698644161, 0.008885410614311695, 0.00800328515470028, 0.008045315742492676, 0.010731798596680164, 0.007763426285237074, 0.01053729746490717, 0.010434993542730808, 0.009505893103778362, 0.0077527896501123905, 0.009152336977422237, 0.0079890675842762, 0.009266488254070282, 0.008755224756896496, 0.008253857493400574, 0.025084558874368668, 0.010379457846283913, 0.0076960851438343525, 0.012905149720609188, 0.010952547192573547, 0.008707338944077492, 0.008807974867522717, 0.012953974306583405, 0.008165574632585049, 0.0076850359328091145, 0.009063509292900562, 0.01176383625715971, 0.010398654267191887, 0.00882005039602518, 0.010804546996951103, 0.012908212840557098, 0.009426078759133816, 0.010350029915571213, 0.012854069471359253, 0.015677560120821, 0.018077604472637177, 0.008156085386872292, 0.009771745651960373, 0.0153668113052845, 0.010071344673633575, 0.009639875032007694, 0.009724228642880917, 0.009291516616940498, 0.018388498574495316]}