{"loss": 0.3921317458152771, "character_probs": [0.012115340679883957, 0.013617385178804398, 0.03672603517770767, 0.013589547947049141, 0.010008065029978752, 0.011288776993751526, 0.010587494820356369, 0.009724059142172337, 0.008376773446798325, 0.014281896874308586, 0.008778901770710945, 0.008508891798555851, 0.010150883346796036, 0.020891498774290085, 0.011368488892912865, 0.007922621443867683, 0.007674927357584238, 0.007897347211837769, 0.01946510747075081, 0.008409963920712471, 0.009378445334732533, 0.007286395877599716, 0.009198911488056183, 0.008900592103600502, 0.008500841446220875, 0.00916668213903904, 0.00765127781778574, 0.007745963986963034, 0.007863210514187813, 0.01019284874200821, 0.009678240865468979, 0.007525081280618906, 0.009268634021282196, 0.007377085741609335, 0.007679462432861328, 0.00722142681479454, 0.007285168394446373, 0.009565513581037521, 0.008419007062911987, 0.007405711337924004, 0.008481780998408794, 0.007866322062909603, 0.007662750780582428, 0.011745434254407883, 0.012438824400305748, 0.007885008119046688, 0.008053251542150974, 0.009837914258241653, 0.008107511326670647, 0.012930184602737427, 0.013071834109723568, 0.00881663616746664, 0.011453417129814625, 0.01086958684027195, 0.007871447131037712, 0.00976625457406044, 0.008881126530468464, 0.008934632875025272, 0.007532364223152399, 0.008152849972248077, 0.007882862351834774, 0.010535437613725662, 0.010567308403551579, 0.007753132376819849, 0.010373933240771294, 0.008398225530982018, 0.007870374247431755, 0.020373430103063583, 0.008995892480015755, 0.00882937666028738, 0.008169112727046013, 0.008110102266073227, 0.00878978706896305, 0.007950061932206154, 0.016971595585346222, 0.009791883639991283, 0.009280836209654808, 0.018279820680618286, 0.0080990856513381], "weapon_probs": [0.022457413375377655, 0.02189009077847004, 0.02104000747203827, 0.019978798925876617, 0.008341306820511818, 0.009466210380196571, 0.008487377315759659, 0.033367056399583817, 0.008299306966364384, 0.010080648586153984, 0.014879254624247551, 0.012306997552514076, 0.011985337361693382, 0.00996119063347578, 0.007774949073791504, 0.009692007675766945, 0.010883367620408535, 0.007763868197798729, 0.007762881461530924, 0.012291017919778824, 0.009737247601151466, 0.007834706455469131, 0.008952478878200054, 0.010223506949841976, 0.016270482912659645, 0.016287753358483315, 0.011189689859747887, 0.007346315309405327, 0.013456158339977264, 0.01133597083389759, 0.009119062684476376, 0.0072704884223639965, 0.008390850387513638, 0.008686007000505924, 0.01145207043737173, 0.008474753238260746, 0.01174849085509777, 0.00910966843366623, 0.008922684006392956, 0.011916948482394218, 0.01450612023472786, 0.010493784211575985, 0.010375154204666615, 0.010366488248109818, 0.008852049708366394, 0.008020037785172462, 0.008213067427277565, 0.008619249798357487, 0.029264360666275024, 0.008584602735936642, 0.011416955851018429, 0.01908625289797783, 0.007624131161719561, 0.007491818629205227, 0.008266003802418709, 0.008415007032454014, 0.008333612233400345, 0.014449981972575188, 0.010092714801430702]}