{"loss": 0.7825970649719238, "character_probs": [0.014492463320493698, 0.027331307530403137, 0.019382596015930176, 0.008027229458093643, 0.01777501404285431, 0.009261444211006165, 0.016920071095228195, 0.01629505679011345, 0.009319445118308067, 0.007540696766227484, 0.010784798301756382, 0.007674382068216801, 0.008797258138656616, 0.00808779988437891, 0.00806142296642065, 0.007631693035364151, 0.008598432876169682, 0.010181581601500511, 0.008946753107011318, 0.009066455997526646, 0.0074251564219594, 0.009727953001856804, 0.020229466259479523, 0.007868594489991665, 0.009638449177145958, 0.00942055881023407, 0.007798844017088413, 0.00815474335104227, 0.007696723099797964, 0.010206886567175388, 0.007653585635125637, 0.008632814511656761, 0.010601439513266087, 0.007907710038125515, 0.010666880756616592, 0.008156685158610344, 0.010182647034525871, 0.007485908921808004, 0.008241690695285797, 0.007303081918507814, 0.008651993237435818, 0.010736655443906784, 0.007507399655878544, 0.007425560615956783, 0.00785485003143549, 0.009120388887822628, 0.009590462781488895, 0.007253188639879227, 0.018978748470544815, 0.014532305300235748, 0.01482483372092247, 0.008206748403608799, 0.00831555388867855, 0.00821169838309288, 0.010386276990175247, 0.0076131196692585945, 0.009234759025275707, 0.007853619754314423, 0.011546028777956963, 0.014227109029889107, 0.008946199901401997, 0.008391113951802254, 0.008214308880269527, 0.007609547581523657, 0.008307111449539661, 0.008792825974524021, 0.009386314079165459, 0.0076985228806734085, 0.012544522061944008, 0.007476292084902525, 0.009907413274049759, 0.017781225964426994, 0.011973842978477478, 0.008900225162506104, 0.011455981060862541, 0.008040005341172218, 0.010568907484412193, 0.007374030537903309, 0.0104372538626194], "weapon_probs": [0.01760062389075756, 0.03133298084139824, 0.028224006295204163, 0.014426491223275661, 0.020395122468471527, 0.008761625736951828, 0.010868964716792107, 0.00970002356916666, 0.019975338131189346, 0.011938944458961487, 0.010071948170661926, 0.00823760125786066, 0.008798384107649326, 0.008496638387441635, 0.0077684964053332806, 0.012483950704336166, 0.009275608696043491, 0.014548119157552719, 0.007648627273738384, 0.009947385638952255, 0.008002573624253273, 0.007908194325864315, 0.014709546230733395, 0.008914030157029629, 0.008317029103636742, 0.008174539543688297, 0.00849925633519888, 0.017024848610162735, 0.009059485979378223, 0.008633834309875965, 0.007763997185975313, 0.008733034133911133, 0.007490905001759529, 0.007686297409236431, 0.00965134333819151, 0.01668034866452217, 0.018174760043621063, 0.007622103672474623, 0.0079415338113904, 0.02723165974020958, 0.007816132158041, 0.007540912367403507, 0.00789904035627842, 0.009596568532288074, 0.01194923184812069, 0.014002940617501736, 0.011683019809424877, 0.008867500349879265, 0.013904889114201069, 0.00786856934428215, 0.010896177962422371, 0.010856869630515575, 0.008489463478326797, 0.008783170953392982, 0.009672006592154503, 0.01741933822631836, 0.008340632542967796, 0.012463809922337532, 0.017397858202457428]}