{"loss": 0.3067885637283325, "character_probs": [0.013681074604392052, 0.014008480124175549, 0.014035215601325035, 0.025403160601854324, 0.0086357481777668, 0.014267971739172935, 0.010832799598574638, 0.013312159106135368, 0.008881074376404285, 0.010603882372379303, 0.012634946033358574, 0.007774639409035444, 0.007844301871955395, 0.00824772659689188, 0.008449245244264603, 0.015448414720594883, 0.00964609906077385, 0.01019860990345478, 0.008803232572972775, 0.00817856751382351, 0.011825894936919212, 0.012258452363312244, 0.008109480142593384, 0.0078052496537566185, 0.0072780875489115715, 0.010457288473844528, 0.01074810978025198, 0.012467615306377411, 0.010228851810097694, 0.008792242035269737, 0.007902712561190128, 0.011222274973988533, 0.011440864764153957, 0.00842305738478899, 0.012268845923244953, 0.007813548669219017, 0.008803164586424828, 0.0075849792920053005, 0.0073877922259271145, 0.00808726716786623, 0.007117385044693947, 0.0076990071684122086, 0.00882118009030819, 0.0074800108559429646, 0.01940200850367546, 0.0077697220258414745, 0.00841585174202919, 0.014867650344967842, 0.014034543186426163, 0.008130146190524101, 0.00839962251484394, 0.010689818300306797, 0.013888097368180752, 0.008819116279482841, 0.011569970287382603, 0.008643854409456253, 0.009403271600604057, 0.009129495359957218, 0.009890053421258926, 0.012734243646264076, 0.008334371261298656, 0.00834411010146141, 0.0082565201446414, 0.011023089289665222, 0.007834085263311863, 0.008527707308530807, 0.018712835386395454, 0.008129820227622986, 0.007640802301466465, 0.008776914328336716, 0.008470452390611172, 0.012929445132613182, 0.00801896583288908, 0.008152230642735958, 0.011581998318433762, 0.02046387642621994, 0.008119640871882439, 0.009707499295473099, 0.009437879547476768], "weapon_probs": [0.030653230845928192, 0.011553293094038963, 0.014618072658777237, 0.012959862127900124, 0.018140997737646103, 0.01167493499815464, 0.02944432944059372, 0.008350170217454433, 0.009017733857035637, 0.027271702885627747, 0.007310669869184494, 0.01067076064646244, 0.007863126695156097, 0.007706158794462681, 0.009116262197494507, 0.007289599627256393, 0.011621123179793358, 0.018183428794145584, 0.011804717592895031, 0.008027533069252968, 0.014082949608564377, 0.008035053499042988, 0.008490057662129402, 0.00812199991196394, 0.00842218566685915, 0.00844632089138031, 0.007894240319728851, 0.008864106610417366, 0.008207996375858784, 0.018593452870845795, 0.009627634659409523, 0.007718907203525305, 0.008573004975914955, 0.009513095021247864, 0.012185364961624146, 0.008780882693827152, 0.01358666829764843, 0.01385109405964613, 0.008921068161725998, 0.008150732144713402, 0.013298656791448593, 0.010988768190145493, 0.010655115358531475, 0.008043165318667889, 0.010914924554526806, 0.01245756633579731, 0.010112673044204712, 0.023118354380130768, 0.015083751641213894, 0.008148212917149067, 0.011368248611688614, 0.015484130941331387, 0.020576950162649155, 0.00989575870335102, 0.009242672473192215, 0.008566880598664284, 0.012717677280306816, 0.010172843933105469, 0.02047589421272278]}