{"loss": 0.9703314304351807, "character_probs": [0.016801197081804276, 0.02811436355113983, 0.01981501281261444, 0.010363683104515076, 0.01259165070950985, 0.009042708203196526, 0.011842098087072372, 0.008949904702603817, 0.011364276520907879, 0.00911133922636509, 0.008264265023171902, 0.01061197742819786, 0.010101580061018467, 0.008976737968623638, 0.007656407542526722, 0.008422624319791794, 0.011417267844080925, 0.013415412046015263, 0.00885225273668766, 0.009409201331436634, 0.011919161304831505, 0.008612873032689095, 0.016231447458267212, 0.009845227003097534, 0.007600490003824234, 0.007834535092115402, 0.007484437897801399, 0.008642912842333317, 0.008613286539912224, 0.009769156575202942, 0.00870241317898035, 0.007310814689844847, 0.007938401773571968, 0.015005088411271572, 0.009405551478266716, 0.009345280937850475, 0.008939096704125404, 0.008588568307459354, 0.0072492328472435474, 0.010675456374883652, 0.007897739298641682, 0.007788442075252533, 0.007775155361741781, 0.010433046147227287, 0.008154924027621746, 0.01974549889564514, 0.007713583298027515, 0.007854688912630081, 0.009242645464837551, 0.011861016973853111, 0.009080289863049984, 0.00787621084600687, 0.010858854278922081, 0.013377807103097439, 0.007164132781326771, 0.010535807348787785, 0.008542818017303944, 0.007859787903726101, 0.00857444666326046, 0.011051218956708908, 0.008532050997018814, 0.008224870078265667, 0.00955782737582922, 0.007880955934524536, 0.008913036435842514, 0.012610593810677528, 0.009008007124066353, 0.007710758130997419, 0.008475195616483688, 0.012510236352682114, 0.01078532263636589, 0.00955295842140913, 0.015126585029065609, 0.00736401928588748, 0.009447523392736912, 0.011096036061644554, 0.007721369620412588, 0.013678363524377346, 0.014465009793639183], "weapon_probs": [0.021103981882333755, 0.014176774770021439, 0.016328249126672745, 0.028340213000774384, 0.012575551867485046, 0.016065102070569992, 0.010784582234919071, 0.00963409710675478, 0.009508434683084488, 0.02594538778066635, 0.011963890865445137, 0.010224884375929832, 0.01757875643670559, 0.008398731239140034, 0.011614810675382614, 0.010790557600557804, 0.009160254150629044, 0.007462440989911556, 0.008752028457820415, 0.022497722879052162, 0.009465944021940231, 0.009242899715900421, 0.009182928130030632, 0.01065731979906559, 0.007465093396604061, 0.011681796982884407, 0.007484898902475834, 0.014762918464839458, 0.008695919066667557, 0.011997364461421967, 0.007793461438268423, 0.009654740802943707, 0.009233743883669376, 0.007835522294044495, 0.011239193379878998, 0.009752956219017506, 0.009136524982750416, 0.014815879985690117, 0.01109033077955246, 0.008449891582131386, 0.009366832673549652, 0.008052056655287743, 0.013548560440540314, 0.009403936564922333, 0.012989973649382591, 0.007479623891413212, 0.009741218760609627, 0.008547155186533928, 0.012025358155369759, 0.007842601276934147, 0.010100293904542923, 0.007515177596360445, 0.010139526799321175, 0.016722220927476883, 0.009544623084366322, 0.016303502023220062, 0.01392073929309845, 0.008731340989470482, 0.008003952912986279]}