{"loss": -0.5653011798858643, "character_probs": [0.012499185279011726, 0.015495377592742443, 0.025718260556459427, 0.009346593171358109, 0.014385001733899117, 0.01081023458391428, 0.009828440845012665, 0.013179128989577293, 0.009234346449375153, 0.010560578666627407, 0.013916652649641037, 0.0127931023016572, 0.009968917816877365, 0.008394034579396248, 0.012996818870306015, 0.012229436077177525, 0.008809709921479225, 0.008676466532051563, 0.012701903469860554, 0.010832429863512516, 0.007880561985075474, 0.008233976550400257, 0.007360481657087803, 0.007916578091681004, 0.008011451922357082, 0.008025170303881168, 0.00837036781013012, 0.012498222291469574, 0.010904744267463684, 0.010112304240465164, 0.0074798972345888615, 0.017546480521559715, 0.009807219728827477, 0.010043907910585403, 0.011279376223683357, 0.007772595155984163, 0.00806594267487526, 0.01009164098650217, 0.009023807942867279, 0.00832417793571949, 0.007908487692475319, 0.007930734194815159, 0.00730733061209321, 0.007531489711254835, 0.008607477881014347, 0.008565464988350868, 0.007632994558662176, 0.012153519317507744, 0.009063614532351494, 0.007738898508250713, 0.007579153869301081, 0.00846279039978981, 0.008925638161599636, 0.010699847713112831, 0.009313121438026428, 0.011966683901846409, 0.007259728386998177, 0.008944648317992687, 0.023806132376194, 0.012822255492210388, 0.008977166377007961, 0.009742408990859985, 0.007992254570126534, 0.013475298881530762, 0.009347470477223396, 0.00919848307967186, 0.0078111570328474045, 0.007872350513935089, 0.008539154194295406, 0.00801130011677742, 0.008055186830461025, 0.01959698274731636, 0.010903945192694664, 0.007735103368759155, 0.009158417582511902, 0.008379420265555382, 0.010867627337574959, 0.010504906997084618, 0.018686017021536827], "weapon_probs": [0.03204753249883652, 0.013852203264832497, 0.013312439434230328, 0.020032666623592377, 0.014856752008199692, 0.02097393572330475, 0.016967419534921646, 0.012159683741629124, 0.008297338150441647, 0.009045680053532124, 0.017879605293273926, 0.00782803911715746, 0.014824493788182735, 0.00769379734992981, 0.009337419643998146, 0.008250758051872253, 0.01133369654417038, 0.008913042023777962, 0.012402854859828949, 0.0100875124335289, 0.007668645121157169, 0.013625078834593296, 0.008687646128237247, 0.009222237393260002, 0.021463174372911453, 0.008281043730676174, 0.008079379796981812, 0.008981036022305489, 0.008609531447291374, 0.008481147699058056, 0.015071958303451538, 0.008705398999154568, 0.01120190229266882, 0.009926378726959229, 0.011982455849647522, 0.012276280671358109, 0.008949389681220055, 0.010534168221056461, 0.007619071751832962, 0.010182110592722893, 0.009125558659434319, 0.008597089909017086, 0.023718252778053284, 0.008755389600992203, 0.009005614556372166, 0.007395786698907614, 0.011297253891825676, 0.007461431436240673, 0.0072312005795538425, 0.00999132078140974, 0.010741193778812885, 0.011721272952854633, 0.009166223928332329, 0.008849851787090302, 0.011815070174634457, 0.012073663994669914, 0.011347269639372826, 0.01635700650513172, 0.011319697834551334]}