{"loss": -0.9627848267555237, "character_probs": [0.013651502318680286, 0.03440597653388977, 0.00924703385680914, 0.010136297903954983, 0.011662696488201618, 0.017274901270866394, 0.008613036945462227, 0.007129404228180647, 0.00898099597543478, 0.012304650619626045, 0.022156355902552605, 0.007535654120147228, 0.009070055559277534, 0.0099108275026083, 0.00803292915225029, 0.007361039984971285, 0.009209602139890194, 0.008838510140776634, 0.01100670825690031, 0.007197696249932051, 0.007811378687620163, 0.014096107333898544, 0.008078046143054962, 0.009378924034535885, 0.01263212226331234, 0.007680010981857777, 0.011752733960747719, 0.007322709541767836, 0.007256758864969015, 0.007187636103481054, 0.008379212580621243, 0.010027351789176464, 0.008792461827397346, 0.010208308696746826, 0.00881866179406643, 0.008003678172826767, 0.009723578579723835, 0.010022688657045364, 0.008602878078818321, 0.015194008126854897, 0.01161874458193779, 0.008160245604813099, 0.007640719413757324, 0.007653858046978712, 0.009798992425203323, 0.007736991159617901, 0.008213728666305542, 0.00988584291189909, 0.008251886814832687, 0.0074135963805019855, 0.012903622351586819, 0.01196274347603321, 0.008229058235883713, 0.010483654215931892, 0.007809899747371674, 0.024692822247743607, 0.008185732178390026, 0.009395817294716835, 0.008859881199896336, 0.007618589326739311, 0.010783545672893524, 0.00961762573570013, 0.0102770384401083, 0.011452779173851013, 0.00955124106258154, 0.008058037608861923, 0.008980032056570053, 0.013172558508813381, 0.008175481110811234, 0.011359283700585365, 0.008379286155104637, 0.008443105965852737, 0.008272862061858177, 0.010866965167224407, 0.021225273609161377, 0.008880567736923695, 0.009672224521636963, 0.01121299248188734, 0.009393599815666676], "weapon_probs": [0.039730336517095566, 0.013267956674098969, 0.02286708727478981, 0.009740279987454414, 0.00972745381295681, 0.030112631618976593, 0.014513269998133183, 0.008890632539987564, 0.01055598072707653, 0.009555608034133911, 0.017300087958574295, 0.012697947211563587, 0.00840133149176836, 0.010845858603715897, 0.00836581364274025, 0.010141715407371521, 0.008941738866269588, 0.011729303747415543, 0.007982434704899788, 0.008508432656526566, 0.007521981839090586, 0.009614399634301662, 0.01009681262075901, 0.007881367579102516, 0.007467887829989195, 0.022012751549482346, 0.007546209264546633, 0.00892738439142704, 0.007906018756330013, 0.00786679983139038, 0.00923253782093525, 0.008148999884724617, 0.01594235561788082, 0.00803420227020979, 0.009910017251968384, 0.010839046910405159, 0.012051356956362724, 0.0075571839697659016, 0.00877359788864851, 0.007705496624112129, 0.010158778168261051, 0.010250817984342575, 0.008741126395761967, 0.013224149122834206, 0.008087915368378162, 0.010244262404739857, 0.016049664467573166, 0.008759476244449615, 0.009932647459208965, 0.013221869245171547, 0.013986502774059772, 0.01616707816720009, 0.008262870833277702, 0.008134402334690094, 0.013604837469756603, 0.008157099597156048, 0.012477518059313297, 0.01291383896023035, 0.019117720425128937]}