{"loss": 0.9125719666481018, "character_probs": [0.033325791358947754, 0.018401823937892914, 0.01798505149781704, 0.009751529432833195, 0.008458580821752548, 0.010370885953307152, 0.011613283306360245, 0.007666909601539373, 0.00797535665333271, 0.010170881636440754, 0.011226484552025795, 0.012008875608444214, 0.009580492973327637, 0.0125555619597435, 0.007713619153946638, 0.009188939817249775, 0.010759771801531315, 0.01140940934419632, 0.008339432068169117, 0.009123723953962326, 0.00725704338401556, 0.008553686551749706, 0.01011827401816845, 0.013567980378866196, 0.007643223740160465, 0.012859869748353958, 0.007662893272936344, 0.009440555237233639, 0.008418215438723564, 0.00839805044233799, 0.010244040749967098, 0.011065984144806862, 0.0074656507931649685, 0.009690690785646439, 0.008392037823796272, 0.00856440607458353, 0.008513174951076508, 0.009911753237247467, 0.00721109239384532, 0.007806394249200821, 0.009261036291718483, 0.012553296983242035, 0.010976646095514297, 0.011805816553533077, 0.010556301102042198, 0.008316067978739738, 0.007466545794159174, 0.00919883418828249, 0.008539567701518536, 0.010377859696745872, 0.008542841300368309, 0.007703764364123344, 0.007535337936133146, 0.009429894387722015, 0.011738698929548264, 0.009504343383014202, 0.009315719828009605, 0.008453895337879658, 0.008721449412405491, 0.010862225666642189, 0.008920134976506233, 0.008299657143652439, 0.008372903801500797, 0.00830041989684105, 0.011711448431015015, 0.010794296860694885, 0.015111015178263187, 0.012473855167627335, 0.007245108485221863, 0.008527742698788643, 0.010176075622439384, 0.01968320459127426, 0.008881128393113613, 0.007978242821991444, 0.008358655497431755, 0.009190544486045837, 0.011417299509048462, 0.008565730415284634, 0.01141473837196827], "weapon_probs": [0.03117964416742325, 0.03551405668258667, 0.011211969889700413, 0.03894795477390289, 0.010655917227268219, 0.00905800424516201, 0.007647853344678879, 0.008914144709706306, 0.0075415391474962234, 0.009747455827891827, 0.010434466414153576, 0.008527345955371857, 0.0072839283384382725, 0.008337019011378288, 0.010227417573332787, 0.015158118680119514, 0.007892120629549026, 0.007707599550485611, 0.008821637369692326, 0.01045029703527689, 0.008001487702131271, 0.009440136142075062, 0.01352580077946186, 0.007679633796215057, 0.007996496744453907, 0.007487002294510603, 0.007416645530611277, 0.0168113075196743, 0.015698175877332687, 0.008797086775302887, 0.008994949981570244, 0.01261676475405693, 0.00916643999516964, 0.018671996891498566, 0.008975648321211338, 0.01596502587199211, 0.011055820621550083, 0.007979210466146469, 0.007494528312236071, 0.009057079441845417, 0.007776066195219755, 0.009582990780472755, 0.009818879887461662, 0.010234120301902294, 0.013592816889286041, 0.00821617804467678, 0.0112825408577919, 0.011097773909568787, 0.009688020683825016, 0.009438994340598583, 0.012490260414779186, 0.011113470420241356, 0.007719302549958229, 0.009042397141456604, 0.013681359589099884, 0.007608082145452499, 0.01703599840402603, 0.015746619552373886, 0.007987979799509048]}