{"loss": 0.5646237134933472, "character_probs": [0.01507455762475729, 0.01569206640124321, 0.04717474803328514, 0.017526360228657722, 0.008924591355025768, 0.008390565402805805, 0.007261510007083416, 0.009866634383797646, 0.01170005276799202, 0.007975151762366295, 0.00857036467641592, 0.008419454097747803, 0.009863338433206081, 0.0072812410071492195, 0.012333308346569538, 0.007386134937405586, 0.010709717869758606, 0.008392476476728916, 0.007955620996654034, 0.009198956191539764, 0.008045977912843227, 0.008266851305961609, 0.007384683936834335, 0.008178690448403358, 0.007995886728167534, 0.008451316505670547, 0.007892847992479801, 0.007199407555162907, 0.008159374818205833, 0.00867523904889822, 0.00871654599905014, 0.008816312998533249, 0.01461318600922823, 0.008772267028689384, 0.008237906731665134, 0.009046342223882675, 0.008606980554759502, 0.008920167572796345, 0.009658917784690857, 0.010503709316253662, 0.008429809473454952, 0.008028826676309109, 0.010410342365503311, 0.008387045934796333, 0.014184316620230675, 0.012606184929609299, 0.009017109870910645, 0.007472585421055555, 0.008443466387689114, 0.009090088307857513, 0.010319345630705357, 0.011426657438278198, 0.014618666842579842, 0.007779805455356836, 0.009128312580287457, 0.007385879289358854, 0.010180316865444183, 0.01557997614145279, 0.007992148399353027, 0.007223674561828375, 0.00969050545245409, 0.007870526984333992, 0.01586492359638214, 0.007445923518389463, 0.007191011216491461, 0.007750547491014004, 0.009976559318602085, 0.011433103121817112, 0.007985918782651424, 0.008810787461698055, 0.009993607178330421, 0.008182775229215622, 0.012309624813497066, 0.0075954352505505085, 0.009844567626714706, 0.04060020297765732, 0.008065951988101006, 0.0138230687007308, 0.007998698391020298], "weapon_probs": [0.015845755115151405, 0.015303759835660458, 0.016756480559706688, 0.029544685035943985, 0.013951243832707405, 0.027953390032052994, 0.011962736025452614, 0.010327285155653954, 0.013123301789164543, 0.010842623189091682, 0.010197724215686321, 0.01104880589991808, 0.011100592091679573, 0.007745053619146347, 0.008454818278551102, 0.007590069901198149, 0.010946939699351788, 0.011123280972242355, 0.03059433028101921, 0.00842320080846548, 0.007652822881937027, 0.009001621976494789, 0.010540515184402466, 0.01023852825164795, 0.011634556576609612, 0.0100467000156641, 0.008929930627346039, 0.008007217198610306, 0.0074602821841835976, 0.008125020191073418, 0.010217896662652493, 0.00830909051001072, 0.00807158276438713, 0.007850431837141514, 0.009035957045853138, 0.009233463555574417, 0.008871111087501049, 0.015592518262565136, 0.00949093233793974, 0.008056018501520157, 0.023356419056653976, 0.008087145164608955, 0.011257100850343704, 0.016112513840198517, 0.011524113826453686, 0.010147233493626118, 0.007661419454962015, 0.011048635467886925, 0.011550459079444408, 0.007835118100047112, 0.011084461584687233, 0.009063261561095715, 0.01119360700249672, 0.0075159575790166855, 0.00980781763792038, 0.00924118235707283, 0.04340540990233421, 0.009046471677720547, 0.014473715797066689]}