{"loss": 0.24151229858398438, "character_probs": [0.01108098216354847, 0.03641200065612793, 0.009375142864882946, 0.019295107573270798, 0.011881371028721333, 0.012048140168190002, 0.008571193553507328, 0.00786089338362217, 0.00981171615421772, 0.008018804714083672, 0.012549718841910362, 0.014544688165187836, 0.00966797024011612, 0.021021004766225815, 0.00854368507862091, 0.008403530344367027, 0.01160222478210926, 0.008241762407124043, 0.007418625056743622, 0.009649362415075302, 0.00821131281554699, 0.00717011047527194, 0.007564532104879618, 0.007188774645328522, 0.008342623710632324, 0.008477822877466679, 0.01039370521903038, 0.007179812993854284, 0.007881080731749535, 0.011351121589541435, 0.007387250661849976, 0.008379540406167507, 0.014817179180681705, 0.01280086301267147, 0.007325722835958004, 0.010059984400868416, 0.007595495320856571, 0.007869867607951164, 0.009221674874424934, 0.007713557220995426, 0.007957476191222668, 0.008027051575481892, 0.00831912737339735, 0.008697467856109142, 0.00820820964872837, 0.008519153110682964, 0.011257478967308998, 0.010174861177802086, 0.00866739172488451, 0.007468876428902149, 0.007527503650635481, 0.008405698463320732, 0.007693607360124588, 0.009889483451843262, 0.00971909612417221, 0.008063388988375664, 0.01615474373102188, 0.013902979902923107, 0.008455868810415268, 0.012403108179569244, 0.008398097939789295, 0.011594360694289207, 0.011495133861899376, 0.010958978906273842, 0.010023802518844604, 0.010172681882977486, 0.011762427166104317, 0.007228559348732233, 0.008229871280491352, 0.00813506729900837, 0.01610540971159935, 0.008630877360701561, 0.01450386829674244, 0.00888957642018795, 0.008842469193041325, 0.009813975542783737, 0.019611656665802002, 0.014496620744466782, 0.010193142108619213], "weapon_probs": [0.03939063102006912, 0.024019543081521988, 0.008589529432356358, 0.01665814220905304, 0.013485665433108807, 0.016642313450574875, 0.008859561756253242, 0.018887748941779137, 0.010362323373556137, 0.007835140451788902, 0.008782835677266121, 0.00769856758415699, 0.00829224567860365, 0.01425861194729805, 0.012777844443917274, 0.014771067537367344, 0.00875673908740282, 0.01271079108119011, 0.007958482950925827, 0.007471687160432339, 0.022659752517938614, 0.009436392225325108, 0.009285795502364635, 0.008602604269981384, 0.007389787118881941, 0.01263404544442892, 0.007572541479021311, 0.007599411532282829, 0.008873514831066132, 0.009806442074477673, 0.008284327574074268, 0.011350096203386784, 0.007593855727463961, 0.009281955659389496, 0.013106726109981537, 0.010398145765066147, 0.009453407488763332, 0.007918753661215305, 0.01335812360048294, 0.01045251451432705, 0.02028866671025753, 0.00972544401884079, 0.007688574027270079, 0.008491721004247665, 0.010475152172148228, 0.007755994331091642, 0.009652568027377129, 0.0140102319419384, 0.008119367994368076, 0.012911955825984478, 0.009753665886819363, 0.013113420456647873, 0.008675680495798588, 0.012080725282430649, 0.015303528867661953, 0.012860383838415146, 0.010502989403903484, 0.008240023627877235, 0.010113585740327835]}