{"loss": -0.9790269136428833, "character_probs": [0.014608025550842285, 0.0200152900069952, 0.011801004409790039, 0.011877372860908508, 0.014483693987131119, 0.018919046968221664, 0.01237577572464943, 0.01052890531718731, 0.011647386476397514, 0.009307315573096275, 0.018090028315782547, 0.011094359681010246, 0.008005829527974129, 0.0071401153691112995, 0.009162523783743382, 0.007548030465841293, 0.009404810145497322, 0.0070764971897006035, 0.01286492682993412, 0.012173302471637726, 0.008323109708726406, 0.00825183093547821, 0.011869367212057114, 0.007381828967481852, 0.007767933886498213, 0.008774947375059128, 0.007666879333555698, 0.009938627481460571, 0.01357249729335308, 0.007961410097777843, 0.01528374757617712, 0.010212082415819168, 0.0074456483125686646, 0.008976990357041359, 0.008125770837068558, 0.007727693300694227, 0.008157667703926563, 0.009798342362046242, 0.008758887648582458, 0.0088182482868433, 0.00884918961673975, 0.009760568849742413, 0.008451482281088829, 0.008551791310310364, 0.009878833778202534, 0.013131536543369293, 0.01082936767488718, 0.008489295840263367, 0.010463233105838299, 0.00822867825627327, 0.008077764883637428, 0.007950776256620884, 0.007752536330372095, 0.010599100962281227, 0.012462195940315723, 0.008521175011992455, 0.018259335309267044, 0.007628217339515686, 0.008197443559765816, 0.01021566428244114, 0.011119583621621132, 0.0074553838931024075, 0.009736156091094017, 0.01408221572637558, 0.00798776838928461, 0.00783597957342863, 0.009638719260692596, 0.014903797768056393, 0.013248669914901257, 0.010226231999695301, 0.01073784101754427, 0.010809488594532013, 0.008892888203263283, 0.01119212806224823, 0.007442911621183157, 0.010955864563584328, 0.008479379117488861, 0.029515020549297333, 0.008311345241963863], "weapon_probs": [0.021767377853393555, 0.0270768404006958, 0.009810464456677437, 0.013669547624886036, 0.009169256314635277, 0.015935499221086502, 0.025659196078777313, 0.016186825931072235, 0.00994065124541521, 0.008155775256454945, 0.013101940043270588, 0.022745441645383835, 0.009142184630036354, 0.008270030841231346, 0.009292216040194035, 0.0077739497646689415, 0.010214146226644516, 0.007609193678945303, 0.014266877435147762, 0.013645789586007595, 0.007400231435894966, 0.009531491436064243, 0.010976341553032398, 0.007457347586750984, 0.00749031500890851, 0.008501311764121056, 0.008147635497152805, 0.008072621189057827, 0.023794911801815033, 0.008723389357328415, 0.0071935891173779964, 0.012623656541109085, 0.009240757673978806, 0.016801603138446808, 0.012622971087694168, 0.008149762637913227, 0.010651180520653725, 0.008403964340686798, 0.007706991862505674, 0.009598705917596817, 0.010456019081175327, 0.012209249660372734, 0.010935618542134762, 0.013111568987369537, 0.008461697958409786, 0.018213342875242233, 0.017531730234622955, 0.012824269942939281, 0.010420144535601139, 0.009235185571014881, 0.009746135212481022, 0.010983075946569443, 0.013251842930912971, 0.008816826157271862, 0.01303771510720253, 0.01818932592868805, 0.010549871250987053, 0.013874441385269165, 0.00876401737332344]}