{"loss": 0.07397264242172241, "character_probs": [0.01846553012728691, 0.01173771545290947, 0.012255632318556309, 0.019145239144563675, 0.017479192465543747, 0.010014619678258896, 0.007393284235149622, 0.010558887384831905, 0.019215352833271027, 0.008843442425131798, 0.013200091198086739, 0.012585088610649109, 0.008848929777741432, 0.011359652504324913, 0.011817749589681625, 0.009426002390682697, 0.0077149285934865475, 0.010390950366854668, 0.0075181229040026665, 0.010764960199594498, 0.007727137301117182, 0.0078726289793849, 0.009374100714921951, 0.008402813225984573, 0.00846863817423582, 0.00772788655012846, 0.012560234405100346, 0.010765853337943554, 0.010269628837704659, 0.01044938899576664, 0.007191235665231943, 0.007386620622128248, 0.008513839915394783, 0.00827513076364994, 0.007665002718567848, 0.014648953452706337, 0.011841402389109135, 0.008384422399103642, 0.00935988686978817, 0.010136954486370087, 0.012483672238886356, 0.011388367973268032, 0.0071615176275372505, 0.011060189455747604, 0.009233576245605946, 0.00838112086057663, 0.007185868453234434, 0.00955885462462902, 0.008749505504965782, 0.008029032498598099, 0.020466599613428116, 0.008031411096453667, 0.00808827392756939, 0.00966872088611126, 0.007657436653971672, 0.008236612193286419, 0.007899031043052673, 0.007783576846122742, 0.007429203018546104, 0.007853146642446518, 0.010499656200408936, 0.00998321920633316, 0.008832305669784546, 0.007840470410883427, 0.008182462304830551, 0.014825715683400631, 0.012260954827070236, 0.021835876628756523, 0.01101716049015522, 0.008430013433098793, 0.010540655814111233, 0.00787532702088356, 0.007823574356734753, 0.01176239363849163, 0.008367002010345459, 0.0159173421561718, 0.007485600188374519, 0.01503822859376669, 0.009797281585633755], "weapon_probs": [0.02034899964928627, 0.018437031656503677, 0.03014012798666954, 0.012936469167470932, 0.009582176804542542, 0.011381728574633598, 0.01467155758291483, 0.009251320734620094, 0.012185389176011086, 0.017178338021039963, 0.016835421323776245, 0.008840243332087994, 0.011135442182421684, 0.016031742095947266, 0.012418093159794807, 0.010715020820498466, 0.010113396681845188, 0.009504122659564018, 0.011495055630803108, 0.007843779399991035, 0.018630679696798325, 0.008477382361888885, 0.009837266057729721, 0.007781591732054949, 0.01121467724442482, 0.007305886596441269, 0.008382338099181652, 0.008059851825237274, 0.008123217150568962, 0.011466022580862045, 0.010386756621301174, 0.014593927189707756, 0.007245008368045092, 0.007937728427350521, 0.034316178411245346, 0.008396913297474384, 0.008587734773755074, 0.01392633467912674, 0.008104242384433746, 0.010015604086220264, 0.01063116081058979, 0.008370857685804367, 0.0081587890163064, 0.008864331990480423, 0.010335972532629967, 0.008747614920139313, 0.010581620037555695, 0.007783247623592615, 0.010883186012506485, 0.008559931069612503, 0.009981898590922356, 0.009468314237892628, 0.00838759820908308, 0.012642374262213707, 0.011122694239020348, 0.007923472672700882, 0.009586278349161148, 0.008742310106754303, 0.013620005920529366]}