{"loss": -0.8433766961097717, "character_probs": [0.015931755304336548, 0.013558244332671165, 0.020285993814468384, 0.018183071166276932, 0.012301931157708168, 0.01205308735370636, 0.01248346921056509, 0.012117289006710052, 0.012271348387002945, 0.008421916514635086, 0.01781732402741909, 0.00948274228721857, 0.00846638809889555, 0.007736108731478453, 0.00848223827779293, 0.008636132813990116, 0.007647640537470579, 0.011158101260662079, 0.010951531119644642, 0.009466673247516155, 0.007901448756456375, 0.009909131564199924, 0.008328932337462902, 0.007241569459438324, 0.011142011731863022, 0.008724537678062916, 0.008425476960837841, 0.0075081451795995235, 0.011686761863529682, 0.009036783128976822, 0.011294486932456493, 0.007240767125040293, 0.007590149529278278, 0.009256227873265743, 0.007618641946464777, 0.017913460731506348, 0.009017681702971458, 0.007696044631302357, 0.01034142728894949, 0.008635668084025383, 0.0076407818123698235, 0.012222252786159515, 0.0076349698938429356, 0.00805643480271101, 0.010318176820874214, 0.00958157703280449, 0.008017067797482014, 0.01400071568787098, 0.007354629226028919, 0.009430158883333206, 0.007478921674191952, 0.015611259266734123, 0.007497302256524563, 0.01324385218322277, 0.009694064036011696, 0.008605952374637127, 0.01085606124252081, 0.008458394557237625, 0.007922121323645115, 0.009868231602013111, 0.009459199383854866, 0.017197877168655396, 0.008368415758013725, 0.009731813333928585, 0.011334676295518875, 0.007358363829553127, 0.010416689328849316, 0.011453423649072647, 0.009235245175659657, 0.018936265259981155, 0.00774264894425869, 0.008774956688284874, 0.008818910457193851, 0.009426070377230644, 0.00914581585675478, 0.009148999117314816, 0.007630292791873217, 0.008432985283434391, 0.008159048855304718], "weapon_probs": [0.024079781025648117, 0.023599877953529358, 0.013807253912091255, 0.02214229479432106, 0.018553027883172035, 0.013670643791556358, 0.01645415648818016, 0.009850630536675453, 0.00909456517547369, 0.01123636681586504, 0.008940364234149456, 0.012409931048750877, 0.008842619135975838, 0.007600512821227312, 0.008194029331207275, 0.010327656753361225, 0.02578900381922722, 0.010008840821683407, 0.010033810511231422, 0.007622247561812401, 0.009600624442100525, 0.014487596228718758, 0.008143724873661995, 0.013752983883023262, 0.007315371185541153, 0.008947842754423618, 0.01064971275627613, 0.009590893052518368, 0.007777925115078688, 0.009721019305288792, 0.007390306331217289, 0.008001120761036873, 0.007378717884421349, 0.008225754834711552, 0.009282794781029224, 0.014671738259494305, 0.031437311321496964, 0.009663829579949379, 0.008177613839507103, 0.013657692819833755, 0.008660736493766308, 0.00866001658141613, 0.017973579466342926, 0.011628028005361557, 0.009090324863791466, 0.008212334476411343, 0.010176660493016243, 0.008642969653010368, 0.008086955174803734, 0.008115637116134167, 0.008328024297952652, 0.011142999865114689, 0.01095406711101532, 0.010078290477395058, 0.007329718209803104, 0.007773617748171091, 0.012746869586408138, 0.009683366864919662, 0.008741134777665138]}