{"loss": 0.7732143998146057, "character_probs": [0.025821901857852936, 0.01121927984058857, 0.018294498324394226, 0.011358448304235935, 0.023453697562217712, 0.015498180873692036, 0.0078994520008564, 0.009982411749660969, 0.008998503908514977, 0.00892653875052929, 0.008545052260160446, 0.012115618214011192, 0.010057034902274609, 0.008106610737740993, 0.008120325393974781, 0.009496246464550495, 0.007654309272766113, 0.009936969727277756, 0.008549266494810581, 0.009410052560269833, 0.007760780863463879, 0.008348243311047554, 0.010589322075247765, 0.010184470564126968, 0.007291750516742468, 0.008281555958092213, 0.007286142557859421, 0.009602706879377365, 0.008950197137892246, 0.00797925516963005, 0.00891807023435831, 0.026992246508598328, 0.007330465130507946, 0.007482658140361309, 0.007454965729266405, 0.01150069385766983, 0.008160080760717392, 0.007642904296517372, 0.007603456731885672, 0.008221225813031197, 0.007191701326519251, 0.007272267714142799, 0.01837850734591484, 0.010075265541672707, 0.019228000193834305, 0.007925976999104023, 0.007316607050597668, 0.007798873819410801, 0.007693370338529348, 0.00939997285604477, 0.007550279144197702, 0.008509045466780663, 0.010673333890736103, 0.009283524006605148, 0.008381932973861694, 0.007616730406880379, 0.010413927026093006, 0.0087194312363863, 0.007768253795802593, 0.022343426942825317, 0.010639872401952744, 0.007685254327952862, 0.010312743484973907, 0.00816949363797903, 0.008749277330935001, 0.014156442135572433, 0.008047359995543957, 0.008631368167698383, 0.007712102495133877, 0.008168420754373074, 0.00727630453184247, 0.008202726021409035, 0.008716254495084286, 0.011491082608699799, 0.008739719167351723, 0.00997430831193924, 0.008884264156222343, 0.011751443147659302, 0.012107552960515022], "weapon_probs": [0.018699923530220985, 0.01832336187362671, 0.019113274291157722, 0.026253927499055862, 0.009458589367568493, 0.021363358944654465, 0.008332651108503342, 0.008212494663894176, 0.01979019120335579, 0.011169138364493847, 0.02096376195549965, 0.007921935059130192, 0.012776979245245457, 0.015428782440721989, 0.012173299677670002, 0.015209413133561611, 0.008295160718262196, 0.007530319504439831, 0.010400370694696903, 0.007522355765104294, 0.008940896019339561, 0.00839331466704607, 0.010237956419587135, 0.011622903868556023, 0.009081007912755013, 0.01120780035853386, 0.00770430127158761, 0.007919454015791416, 0.010793603956699371, 0.00800560787320137, 0.008650291711091995, 0.007839914411306381, 0.008132768794894218, 0.009274396114051342, 0.014532305300235748, 0.008342932909727097, 0.007342074066400528, 0.00945889763534069, 0.014382765628397465, 0.007443597074598074, 0.015117926523089409, 0.015310253016650677, 0.010559131391346455, 0.007800678256899118, 0.014084355905652046, 0.017779996618628502, 0.010604442097246647, 0.010124875232577324, 0.00899081863462925, 0.010283101350069046, 0.009567618370056152, 0.01683730073273182, 0.013004814274609089, 0.010108573362231255, 0.00898999534547329, 0.009081859141588211, 0.010250316001474857, 0.012608400546014309, 0.013343902304768562]}