{"loss": -0.6469830274581909, "character_probs": [0.0197309497743845, 0.026376932859420776, 0.014113429933786392, 0.011225669644773006, 0.012718680314719677, 0.010327174328267574, 0.009015116840600967, 0.009914547204971313, 0.010115008801221848, 0.008360025472939014, 0.01208485383540392, 0.008206315338611603, 0.011701188050210476, 0.008919053710997105, 0.010169178247451782, 0.010350145399570465, 0.01017778180539608, 0.007720523979514837, 0.01700463518500328, 0.012799499556422234, 0.009927812963724136, 0.007851964794099331, 0.007704427465796471, 0.008524601347744465, 0.008901583030819893, 0.009996903128921986, 0.009049709886312485, 0.014617049135267735, 0.007994700223207474, 0.009603817015886307, 0.008519306778907776, 0.008060311898589134, 0.009313840419054031, 0.007612993475049734, 0.010335023514926434, 0.00931665487587452, 0.007715718820691109, 0.009440455585718155, 0.010249219834804535, 0.007582295686006546, 0.008505071513354778, 0.008798775263130665, 0.009754439815878868, 0.007247490808367729, 0.00810612365603447, 0.0075620305724442005, 0.009906137362122536, 0.0074571301229298115, 0.01639016717672348, 0.01091829128563404, 0.008491390384733677, 0.012177259661257267, 0.01207047514617443, 0.007318040821701288, 0.0076057882979512215, 0.008427875116467476, 0.011054005473852158, 0.008050107397139072, 0.007818460464477539, 0.007581806741654873, 0.009606091305613518, 0.012742672115564346, 0.011925041675567627, 0.01111526694148779, 0.02342870458960533, 0.007269660010933876, 0.00797384511679411, 0.011091834865510464, 0.012202702462673187, 0.010134103707969189, 0.011408022604882717, 0.01106063462793827, 0.00950663909316063, 0.01081027090549469, 0.00969625636935234, 0.012755640782415867, 0.008068174123764038, 0.009877566248178482, 0.007413127459585667], "weapon_probs": [0.04790728539228439, 0.016093887388706207, 0.017924753949046135, 0.01120755821466446, 0.009747784584760666, 0.0077764359302818775, 0.011111591011285782, 0.014277737587690353, 0.009361881762742996, 0.017058108001947403, 0.016389481723308563, 0.017329083755612373, 0.008753210306167603, 0.01335183996707201, 0.008457927033305168, 0.008312678895890713, 0.012751532718539238, 0.011323930695652962, 0.0076772538013756275, 0.009109393693506718, 0.01091686636209488, 0.007882129400968552, 0.008033407852053642, 0.008454657159745693, 0.007300999015569687, 0.007713537663221359, 0.00750842597335577, 0.007330992259085178, 0.01708901673555374, 0.007386934012174606, 0.013255572877824306, 0.00759281637147069, 0.0131485965102911, 0.019025178626179695, 0.010400993749499321, 0.009183142334222794, 0.008174813352525234, 0.018570244312286377, 0.008228172548115253, 0.007937300018966198, 0.008001736365258694, 0.008531690575182438, 0.009189390577375889, 0.013888231478631496, 0.007573547773063183, 0.007291375659406185, 0.008719626814126968, 0.012283477932214737, 0.008388356305658817, 0.011215235106647015, 0.008129024878144264, 0.007899238727986813, 0.012351008132100105, 0.014361415058374405, 0.010003377683460712, 0.026034988462924957, 0.0098896324634552, 0.007785292342305183, 0.007806872949004173]}