{"loss": 0.011090010404586792, "character_probs": [0.03342466056346893, 0.01450507901608944, 0.009862680919468403, 0.014308211393654346, 0.025817960500717163, 0.010184260085225105, 0.00790675263851881, 0.011874866671860218, 0.011723389849066734, 0.007951927371323109, 0.01105715986341238, 0.008865844458341599, 0.008587174117565155, 0.007472584489732981, 0.009340379387140274, 0.009606655687093735, 0.009223425760865211, 0.007767451461404562, 0.011923599988222122, 0.008160240016877651, 0.008517947047948837, 0.00845777615904808, 0.00889190100133419, 0.008048547431826591, 0.008608321659266949, 0.00783186312764883, 0.007960743270814419, 0.007859185338020325, 0.012514060363173485, 0.008925371803343296, 0.008071203716099262, 0.008755609393119812, 0.008340316824615002, 0.014044648967683315, 0.00917201116681099, 0.012165086343884468, 0.008216162212193012, 0.007935171015560627, 0.009362295269966125, 0.007759563159197569, 0.008469900116324425, 0.010886192321777344, 0.00892567913979292, 0.00812925212085247, 0.012660090811550617, 0.008806895464658737, 0.007515486795455217, 0.007595924660563469, 0.007573073264211416, 0.008644265122711658, 0.008740067481994629, 0.01150624081492424, 0.009018532000482082, 0.015577862970530987, 0.011416329070925713, 0.007660477887839079, 0.012101849541068077, 0.01124339085072279, 0.0076686665415763855, 0.007602570578455925, 0.013146588578820229, 0.007639456540346146, 0.0083616953343153, 0.007683911360800266, 0.00714736245572567, 0.008655204437673092, 0.008088811300694942, 0.011922805570065975, 0.008496169000864029, 0.01197707001119852, 0.008823276497423649, 0.014709115028381348, 0.007322078570723534, 0.020598044618964195, 0.01645984873175621, 0.008901217021048069, 0.010667542926967144, 0.008085381239652634, 0.008001807145774364], "weapon_probs": [0.014574325643479824, 0.01876433752477169, 0.02019130066037178, 0.027245931327342987, 0.02361106500029564, 0.00785768497735262, 0.008620629087090492, 0.0135193495079875, 0.01718086376786232, 0.01591016724705696, 0.010520565323531628, 0.016683682799339294, 0.008487618528306484, 0.007412475533783436, 0.011644231155514717, 0.012293979525566101, 0.008651353418827057, 0.009734765626490116, 0.00706322118639946, 0.009634698741137981, 0.010366778820753098, 0.015180777758359909, 0.012683920562267303, 0.01104255672544241, 0.010850846767425537, 0.009412368759512901, 0.007649756968021393, 0.009191733784973621, 0.007210628595203161, 0.007607988081872463, 0.010174889117479324, 0.008392026647925377, 0.009249245747923851, 0.009408676996827126, 0.024612244218587875, 0.00817106757313013, 0.008319328539073467, 0.007519816514104605, 0.0074480692856013775, 0.009548286907374859, 0.011124810203909874, 0.01274866983294487, 0.009582018479704857, 0.013848597183823586, 0.009233186021447182, 0.009464271366596222, 0.008590919896960258, 0.01320086419582367, 0.015040282160043716, 0.00832177884876728, 0.00986894778907299, 0.028887484222650528, 0.01053560245782137, 0.008779340423643589, 0.010610650293529034, 0.007740895729511976, 0.013865761458873749, 0.009688189253211021, 0.009070411324501038]}