{"loss": -0.22859257459640503, "character_probs": [0.011239983141422272, 0.016179200261831284, 0.012016979977488518, 0.016832035034894943, 0.015165572054684162, 0.03583015501499176, 0.00819211546331644, 0.009652682580053806, 0.0095932986587286, 0.008648059330880642, 0.008337593637406826, 0.00794296432286501, 0.007815009914338589, 0.009462549351155758, 0.008591602556407452, 0.007420873735100031, 0.01110199186950922, 0.008417194709181786, 0.014130588620901108, 0.01110268384218216, 0.010978581383824348, 0.007212270051240921, 0.007276349700987339, 0.009631716646254063, 0.009884043596684933, 0.01046448852866888, 0.00865931622684002, 0.009850863367319107, 0.009256202727556229, 0.008416208438575268, 0.007872670888900757, 0.007217745762318373, 0.00739305978640914, 0.012223102152347565, 0.009018517099320889, 0.007558396086096764, 0.00899669248610735, 0.009088113903999329, 0.008788051083683968, 0.00777556374669075, 0.008932515047490597, 0.007952620275318623, 0.0075421989895403385, 0.00832380447536707, 0.02181103825569153, 0.011880896054208279, 0.00728048337623477, 0.008777664974331856, 0.009577726945281029, 0.02246633544564247, 0.00823088176548481, 0.010934963822364807, 0.008281730115413666, 0.008195795118808746, 0.008372681215405464, 0.009790980257093906, 0.007711155340075493, 0.008928120136260986, 0.011015623807907104, 0.0071151359006762505, 0.008589588105678558, 0.010269949212670326, 0.008082885295152664, 0.007578336633741856, 0.00783806387335062, 0.010008826851844788, 0.0158093124628067, 0.012690641917288303, 0.01076140720397234, 0.011506456881761551, 0.01792045310139656, 0.01303468830883503, 0.011376443319022655, 0.013305101543664932, 0.011692575179040432, 0.009805431589484215, 0.00741197494789958, 0.009753485210239887, 0.012636364437639713], "weapon_probs": [0.018846962600946426, 0.0370645709335804, 0.011729184538125992, 0.015296977013349533, 0.025691069662570953, 0.013236329890787601, 0.011197829619050026, 0.011420365422964096, 0.009043900296092033, 0.01009456254541874, 0.01428295113146305, 0.014026637189090252, 0.007816627621650696, 0.012997925281524658, 0.009049715474247932, 0.0099397674202919, 0.011262092739343643, 0.008931449614465237, 0.00886831060051918, 0.009034734219312668, 0.011098304763436317, 0.00868203304708004, 0.015064055100083351, 0.007697524037212133, 0.007339324802160263, 0.010174695402383804, 0.008977347053587437, 0.011038483120501041, 0.016274468973279, 0.008864711038768291, 0.007633190602064133, 0.007626798003911972, 0.012302132323384285, 0.00854863878339529, 0.0089874267578125, 0.012819656170904636, 0.007725146599113941, 0.011468259617686272, 0.008732222951948643, 0.008009294979274273, 0.007933808490633965, 0.012593291699886322, 0.011303553357720375, 0.009356195107102394, 0.015571941621601582, 0.018390387296676636, 0.008221951313316822, 0.008450009860098362, 0.008969542570412159, 0.023749928921461105, 0.013192558661103249, 0.009311039000749588, 0.009521031752228737, 0.009809906594455242, 0.012713072821497917, 0.01292545534670353, 0.010191015899181366, 0.011887932196259499, 0.021878313273191452]}