{"loss": 0.8905327320098877, "character_probs": [0.026987269520759583, 0.009075647220015526, 0.01198235061019659, 0.018552634865045547, 0.00888878758996725, 0.009819378145039082, 0.011504722759127617, 0.00832979753613472, 0.03203486651182175, 0.00909615308046341, 0.008681616745889187, 0.009225497022271156, 0.007185179740190506, 0.008661700412631035, 0.011926520615816116, 0.008013552986085415, 0.00741476658731699, 0.008784826844930649, 0.009063244797289371, 0.008631589822471142, 0.008462115190923214, 0.016686489805579185, 0.008994042873382568, 0.007299239747226238, 0.007432084064930677, 0.00822384376078844, 0.007769229356199503, 0.007781499996781349, 0.01415996253490448, 0.008434738963842392, 0.013048317283391953, 0.007882860489189625, 0.008512012660503387, 0.009938699193298817, 0.011395242065191269, 0.008024105802178383, 0.011126846075057983, 0.00956562627106905, 0.008402148261666298, 0.008473420515656471, 0.008433141745626926, 0.010009530000388622, 0.00784613098949194, 0.007681361399590969, 0.008182783611118793, 0.011567693203687668, 0.008210872299969196, 0.01416765432804823, 0.008087948895990849, 0.00932336412370205, 0.010286560282111168, 0.010097207501530647, 0.008294508792459965, 0.018784575164318085, 0.009516884572803974, 0.008944550529122353, 0.008570026606321335, 0.012853587046265602, 0.00831461139023304, 0.007748373784124851, 0.00860988162457943, 0.008834579028189182, 0.008660624735057354, 0.007442846894264221, 0.010287221521139145, 0.009030865505337715, 0.009771067649126053, 0.010541634634137154, 0.009240435436367989, 0.011411524377763271, 0.008479200303554535, 0.014455843716859818, 0.008723028004169464, 0.009798308834433556, 0.007919891737401485, 0.007678166031837463, 0.010078989900648594, 0.010264931246638298, 0.013712235726416111], "weapon_probs": [0.030762605369091034, 0.03143332153558731, 0.015782836824655533, 0.008557814173400402, 0.022546829655766487, 0.01193617656826973, 0.01454667653888464, 0.007656242232769728, 0.011523046530783176, 0.012196585536003113, 0.013093201443552971, 0.010746863670647144, 0.011520883068442345, 0.013022207655012608, 0.01118439994752407, 0.007938378490507603, 0.007943170145154, 0.009570595808327198, 0.008809654973447323, 0.007910843007266521, 0.013286951929330826, 0.011157425120472908, 0.0074576991610229015, 0.00991253461688757, 0.009990645572543144, 0.009889889508485794, 0.015349027700722218, 0.007737010717391968, 0.008270499296486378, 0.010186810046434402, 0.008959878236055374, 0.009689860045909882, 0.007667024619877338, 0.008701611310243607, 0.008582155220210552, 0.012376641854643822, 0.007559625897556543, 0.008060460910201073, 0.008191470988094807, 0.007988212630152702, 0.008262911811470985, 0.012664824724197388, 0.011505907401442528, 0.008755534887313843, 0.03605162724852562, 0.010038512758910656, 0.008348876610398293, 0.008675097487866879, 0.0088703827932477, 0.02407127618789673, 0.015383240766823292, 0.00978332944214344, 0.009158111177384853, 0.008383797481656075, 0.008140739053487778, 0.009986008517444134, 0.007955998182296753, 0.012056027539074421, 0.014384170062839985]}