{"loss": 0.955904483795166, "character_probs": [0.011918691918253899, 0.046860791742801666, 0.008939516730606556, 0.007517095655202866, 0.013533573597669601, 0.01145348884165287, 0.01052844151854515, 0.008551905862987041, 0.009658725932240486, 0.007557246834039688, 0.007949297316372395, 0.012938093394041061, 0.007988316006958485, 0.00804002583026886, 0.009503702633082867, 0.0075075337663292885, 0.007854609750211239, 0.0077301994897425175, 0.012387281283736229, 0.01021091639995575, 0.009357052855193615, 0.013694634661078453, 0.0076178861781954765, 0.008008431643247604, 0.012403497472405434, 0.007134000305086374, 0.007909348234534264, 0.01487553957849741, 0.007995800115168095, 0.00796316098421812, 0.008243529126048088, 0.008770707063376904, 0.01091826893389225, 0.01135050505399704, 0.007734320592135191, 0.010007033124566078, 0.007403588388115168, 0.011195662431418896, 0.008897494524717331, 0.01449082512408495, 0.0075387596152722836, 0.01146361231803894, 0.009092125110328197, 0.00923653319478035, 0.008637155406177044, 0.00825816486030817, 0.010997679084539413, 0.009964879602193832, 0.007796400226652622, 0.013551205396652222, 0.007842990569770336, 0.00896698422729969, 0.007752571254968643, 0.018133901059627533, 0.009334232658147812, 0.009181186556816101, 0.007805097848176956, 0.007980822585523129, 0.00849524699151516, 0.013969438150525093, 0.010125940665602684, 0.008945170789957047, 0.012107405811548233, 0.007349047344177961, 0.008536656387150288, 0.009732304140925407, 0.010376603342592716, 0.008508228696882725, 0.009834365919232368, 0.007847243919968605, 0.008283833041787148, 0.03025125339627266, 0.00747794471681118, 0.008608539588749409, 0.010790577158331871, 0.008213029243052006, 0.025200191885232925, 0.008371646516025066, 0.01048108097165823], "weapon_probs": [0.02477116510272026, 0.018673323094844818, 0.015653803944587708, 0.020535800606012344, 0.01816273294389248, 0.018565284088253975, 0.01502898894250393, 0.012704120948910713, 0.008150763809680939, 0.010288232006132603, 0.012194303795695305, 0.009812791831791401, 0.012350318022072315, 0.008835400454699993, 0.013461089693009853, 0.01068860199302435, 0.00778789771720767, 0.008491721004247665, 0.015668507665395737, 0.010837256908416748, 0.009133927524089813, 0.007588375825434923, 0.009686486795544624, 0.008925138972699642, 0.012090900912880898, 0.007626994512975216, 0.013041507452726364, 0.008300045505166054, 0.009475935250520706, 0.010856334120035172, 0.007907508872449398, 0.015036968514323235, 0.012568682432174683, 0.015859059989452362, 0.009059669449925423, 0.009723830968141556, 0.011287269182503223, 0.011248141527175903, 0.007680749986320734, 0.01949804276227951, 0.010513396002352238, 0.009825375862419605, 0.009202612563967705, 0.007732779253274202, 0.008692039176821709, 0.00835342425853014, 0.007372449152171612, 0.012781354598701, 0.00789064820855856, 0.015674393624067307, 0.014658044092357159, 0.009708725847303867, 0.00816579069942236, 0.013496825471520424, 0.008289304561913013, 0.029357846826314926, 0.008868768811225891, 0.01002661231905222, 0.012969793751835823]}