{"loss": -0.6912143230438232, "character_probs": [0.010389536619186401, 0.051663633435964584, 0.011829855851829052, 0.009764360263943672, 0.008706433698534966, 0.008932814002037048, 0.01151004433631897, 0.012521857395768166, 0.008597234264016151, 0.009079893119633198, 0.007858440279960632, 0.008805133402347565, 0.008466697297990322, 0.009782716631889343, 0.010182845406234264, 0.0075105237774550915, 0.00726441852748394, 0.008968470618128777, 0.011412768624722958, 0.013635309413075447, 0.00712405564263463, 0.007539731916040182, 0.008594530634582043, 0.0075394087471067905, 0.00835137628018856, 0.007309393957257271, 0.01704239472746849, 0.007244639098644257, 0.00840447936207056, 0.007591991685330868, 0.0077290283516049385, 0.007431085221469402, 0.007963178679347038, 0.008832292631268501, 0.007613741792738438, 0.009537037461996078, 0.01066738273948431, 0.019985727965831757, 0.008479277603328228, 0.010097311809659004, 0.009083064272999763, 0.00776867987588048, 0.008018332533538342, 0.008292188867926598, 0.008151078596711159, 0.007804420776665211, 0.0076631419360637665, 0.01301276870071888, 0.0076352683827281, 0.021448392421007156, 0.007723282091319561, 0.007545548025518656, 0.007940328679978848, 0.01531822606921196, 0.0098961740732193, 0.0124836266040802, 0.007164354901760817, 0.010942002758383751, 0.007931428961455822, 0.009407308883965015, 0.008074155077338219, 0.012749760411679745, 0.009898688644170761, 0.011983642354607582, 0.017976725473999977, 0.00920095108449459, 0.009804600849747658, 0.007642905693501234, 0.01140480488538742, 0.007220889441668987, 0.009797605685889721, 0.011399623937904835, 0.007974312640726566, 0.008148535154759884, 0.012384310364723206, 0.0086182476952672, 0.010664972476661205, 0.01164819672703743, 0.007948445156216621], "weapon_probs": [0.025909971445798874, 0.026052821427583694, 0.016611237078905106, 0.017101489007472992, 0.01694810576736927, 0.009055578149855137, 0.009306755848228931, 0.00885606836527586, 0.01323280856013298, 0.008489595726132393, 0.0094881821423769, 0.02040492743253708, 0.010159761644899845, 0.010414812713861465, 0.015228675678372383, 0.008432864211499691, 0.009742630645632744, 0.01161656342446804, 0.008069162257015705, 0.008797787129878998, 0.01776081882417202, 0.007366210222244263, 0.011724278330802917, 0.012843960896134377, 0.018665608018636703, 0.007913637906312943, 0.010576633736491203, 0.01040908508002758, 0.009602366015315056, 0.00949888862669468, 0.010688484646379948, 0.01566208526492119, 0.009431908838450909, 0.009759657084941864, 0.0077675580978393555, 0.008074483834207058, 0.009660011157393456, 0.013759523630142212, 0.010063309222459793, 0.012392954900860786, 0.007230575196444988, 0.011146621778607368, 0.007868152111768723, 0.008356067351996899, 0.01134274061769247, 0.013990117236971855, 0.010192835703492165, 0.0076140970923006535, 0.008144479244947433, 0.008420407772064209, 0.011313393712043762, 0.01957298442721367, 0.00818821880966425, 0.008104905486106873, 0.01494745071977377, 0.008566337637603283, 0.007821870967745781, 0.0160222128033638, 0.010771832428872585]}