{"loss": -0.9003779888153076, "character_probs": [0.030759047716856003, 0.01147974282503128, 0.019201692193746567, 0.011045914143323898, 0.010706392116844654, 0.022319737821817398, 0.009339199401438236, 0.008224531076848507, 0.013311300426721573, 0.007709274534136057, 0.010361997410655022, 0.011452607810497284, 0.008251231163740158, 0.007736269850283861, 0.014647087082266808, 0.008508773520588875, 0.0089260283857584, 0.010170821100473404, 0.007830561138689518, 0.009586755186319351, 0.007518983446061611, 0.010899541899561882, 0.00946454145014286, 0.007778417319059372, 0.007711801212280989, 0.0071377502754330635, 0.010287189856171608, 0.007474975194782019, 0.00843743048608303, 0.00750733120366931, 0.008073284290730953, 0.008412298746407032, 0.0077458592131733894, 0.012293823063373566, 0.009426829405128956, 0.007747328374534845, 0.007475619204342365, 0.009051401168107986, 0.007647758815437555, 0.00824081338942051, 0.018313705921173096, 0.0074901576153934, 0.0075654503889381886, 0.007604322396218777, 0.008753995411098003, 0.011267324909567833, 0.011634322814643383, 0.007918596267700195, 0.008364338427782059, 0.0074231368489563465, 0.008466312661767006, 0.010973951779305935, 0.012197881937026978, 0.010256169363856316, 0.01625433750450611, 0.007362748961895704, 0.007839463651180267, 0.014405107125639915, 0.01650841161608696, 0.007927418686449528, 0.008516312576830387, 0.007764478214085102, 0.008214005269110203, 0.009469528682529926, 0.013159496709704399, 0.01398688368499279, 0.010830946266651154, 0.010953105986118317, 0.009134259074926376, 0.00857791118323803, 0.008535385131835938, 0.01088855043053627, 0.00897904485464096, 0.013779839500784874, 0.008603974245488644, 0.007893774658441544, 0.010235792025923729, 0.013341430574655533, 0.011678438633680344], "weapon_probs": [0.024646706879138947, 0.03291443735361099, 0.019242117181420326, 0.01594436913728714, 0.010738052427768707, 0.01953360065817833, 0.010095508769154549, 0.01009509339928627, 0.013250290416181087, 0.009207484312355518, 0.008490374311804771, 0.008926304057240486, 0.011616963893175125, 0.009971505030989647, 0.00758069334551692, 0.011355254799127579, 0.008455264382064342, 0.015605948865413666, 0.011603751219809055, 0.00981373991817236, 0.008789151906967163, 0.00796083826571703, 0.018088236451148987, 0.007938377559185028, 0.011301951482892036, 0.012787304818630219, 0.008348285220563412, 0.008567249402403831, 0.00767827732488513, 0.009485314600169659, 0.0077425334602594376, 0.01479504257440567, 0.010191628709435463, 0.008351443335413933, 0.008490881882607937, 0.007967697456479073, 0.0075770895928144455, 0.011521276086568832, 0.011506369337439537, 0.010912545025348663, 0.014134989120066166, 0.008419260382652283, 0.009200818836688995, 0.025600194931030273, 0.014021266251802444, 0.009659682400524616, 0.01325107179582119, 0.012206136249005795, 0.012041689828038216, 0.008566288277506828, 0.010647144168615341, 0.013415351510047913, 0.009678398258984089, 0.009553119540214539, 0.008367854170501232, 0.008760849945247173, 0.014291629195213318, 0.0083522479981184, 0.011315823532640934]}