{"loss": -0.29877033829689026, "character_probs": [0.022270753979682922, 0.00884966179728508, 0.021912403404712677, 0.009141854010522366, 0.01430058479309082, 0.0082160709425807, 0.02847791463136673, 0.007703747134655714, 0.015028794296085835, 0.008925572037696838, 0.007496193516999483, 0.008368030190467834, 0.007298748474568129, 0.008364620618522167, 0.01050412468612194, 0.008032649755477905, 0.012662225402891636, 0.00876548606902361, 0.009348019026219845, 0.007850296795368195, 0.010780280455946922, 0.007134629879146814, 0.007473294623196125, 0.007640459109097719, 0.013649792410433292, 0.010934913530945778, 0.010014546103775501, 0.00938659068197012, 0.00805331114679575, 0.008362751454114914, 0.008560525253415108, 0.008289284072816372, 0.014080345630645752, 0.010186911560595036, 0.008127959445118904, 0.010910158045589924, 0.009871439076960087, 0.009375231340527534, 0.00898703746497631, 0.007109630852937698, 0.007753501180559397, 0.008588844910264015, 0.01195862889289856, 0.008191599510610104, 0.008364453911781311, 0.008888260461390018, 0.009304117411375046, 0.009072909131646156, 0.008372711017727852, 0.016334939748048782, 0.012827022932469845, 0.007283353712409735, 0.010077972896397114, 0.007579076569527388, 0.009358403272926807, 0.009979406371712685, 0.008128933608531952, 0.01384570449590683, 0.00910558644682169, 0.009759539738297462, 0.008740289136767387, 0.017319295555353165, 0.007407689932733774, 0.008885098621249199, 0.011621668934822083, 0.008597430773079395, 0.00994374044239521, 0.01483730785548687, 0.017458219081163406, 0.008229204453527927, 0.009179037064313889, 0.009154681116342545, 0.01098833978176117, 0.008184688165783882, 0.009409752674400806, 0.008761772885918617, 0.01524703111499548, 0.009028412401676178, 0.008099451661109924], "weapon_probs": [0.027648091316223145, 0.02347085252404213, 0.018839500844478607, 0.027513206005096436, 0.022327356040477753, 0.009739898145198822, 0.009449107572436333, 0.008808852173388004, 0.008488855324685574, 0.012554412707686424, 0.013614421710371971, 0.008156003430485725, 0.01009469572454691, 0.009006224572658539, 0.008294431492686272, 0.009595941752195358, 0.011720659211277962, 0.0107492133975029, 0.008559281006455421, 0.008236248977482319, 0.007283532992005348, 0.009008309803903103, 0.008652441203594208, 0.016837630420923233, 0.008595610037446022, 0.008305811323225498, 0.01052767876535654, 0.007952135056257248, 0.025919757783412933, 0.008175195194780827, 0.008615675382316113, 0.010176992043852806, 0.007925176061689854, 0.00990794412791729, 0.009008054621517658, 0.010327962227165699, 0.018957562744617462, 0.007966465316712856, 0.008690123446285725, 0.007501745596528053, 0.007769942749291658, 0.009686813689768314, 0.011773644015192986, 0.010790727101266384, 0.014547958970069885, 0.008992106653749943, 0.007805792614817619, 0.009047337807714939, 0.010340532287955284, 0.00967966578900814, 0.007998378947377205, 0.009431143291294575, 0.011769328266382217, 0.017630044370889664, 0.01443623285740614, 0.011870515532791615, 0.02497280389070511, 0.009086139500141144, 0.007852601818740368]}