{"loss": 0.9626820087432861, "character_probs": [0.018672404810786247, 0.01379261165857315, 0.020357826724648476, 0.010336583480238914, 0.009801831096410751, 0.017811529338359833, 0.011910793371498585, 0.019286081194877625, 0.009931152686476707, 0.010380719788372517, 0.011665357276797295, 0.009352970868349075, 0.009623284451663494, 0.009343030862510204, 0.00819149799644947, 0.009351067245006561, 0.01364036463201046, 0.007204302120953798, 0.007395281922072172, 0.010692695155739784, 0.00810403935611248, 0.008069191128015518, 0.008602103218436241, 0.007230927236378193, 0.007855856791138649, 0.0077414424158632755, 0.012654894962906837, 0.01399665605276823, 0.00815541110932827, 0.007661609910428524, 0.007936635054647923, 0.007806375622749329, 0.017063630744814873, 0.008489527739584446, 0.012559973634779453, 0.00846462044864893, 0.008666178211569786, 0.007669038139283657, 0.011911559849977493, 0.008314110338687897, 0.012916717678308487, 0.007674918510019779, 0.008647800423204899, 0.010146388784050941, 0.008658415637910366, 0.008367444388568401, 0.008540852926671505, 0.011194290593266487, 0.007346522528678179, 0.008094909600913525, 0.010921256616711617, 0.011037854477763176, 0.00813645776361227, 0.008600736036896706, 0.010424462147057056, 0.011046282947063446, 0.007515336852520704, 0.009014846757054329, 0.009666708298027515, 0.0076496475376188755, 0.007525893859565258, 0.007858367636799812, 0.00810208823531866, 0.008337639272212982, 0.0074975513853132725, 0.02711278572678566, 0.0074748387560248375, 0.016245873644948006, 0.00981268659234047, 0.010791398584842682, 0.011217315681278706, 0.0077140843495726585, 0.00792111549526453, 0.008182228542864323, 0.00862588919699192, 0.0106009840965271, 0.008638627827167511, 0.008725117892026901, 0.008984127081930637], "weapon_probs": [0.02930029109120369, 0.01522296667098999, 0.022159580141305923, 0.010086214169859886, 0.015655312687158585, 0.018431659787893295, 0.014303391799330711, 0.017716504633426666, 0.015256631188094616, 0.012752675451338291, 0.007609975058585405, 0.008050988428294659, 0.009631968103349209, 0.00915389135479927, 0.009649021551012993, 0.01012900099158287, 0.008848737925291061, 0.015656113624572754, 0.007527959533035755, 0.009479901753365993, 0.008595568127930164, 0.010129651054739952, 0.025972917675971985, 0.007913143374025822, 0.00805424153804779, 0.007852613925933838, 0.007922315038740635, 0.010398879647254944, 0.01548826415091753, 0.009993339888751507, 0.00949571281671524, 0.007825488224625587, 0.010568098165094852, 0.014228662475943565, 0.010905255563557148, 0.009188070893287659, 0.010184062644839287, 0.009646719321608543, 0.00746112409979105, 0.011933699250221252, 0.008312568068504333, 0.013499423861503601, 0.008129417896270752, 0.01607809215784073, 0.013199206441640854, 0.012115051969885826, 0.01055148895829916, 0.007796970196068287, 0.009022305719554424, 0.008173671551048756, 0.008079543709754944, 0.008886760100722313, 0.012673469260334969, 0.009534712880849838, 0.008624452166259289, 0.019296126440167427, 0.010161342099308968, 0.01039168145507574, 0.009062633849680424]}