{"loss": -0.9744365215301514, "character_probs": [0.01583651825785637, 0.02363932877779007, 0.013574986718595028, 0.01245344802737236, 0.010819581337273121, 0.012653844431042671, 0.012975066900253296, 0.010841370560228825, 0.01220240630209446, 0.007733381353318691, 0.007949551567435265, 0.007616123184561729, 0.012742996215820312, 0.009176263585686684, 0.00833085272461176, 0.009788471274077892, 0.008798401802778244, 0.021808717399835587, 0.00871133804321289, 0.009587959386408329, 0.007417961955070496, 0.008822564966976643, 0.009197590872645378, 0.014145792461931705, 0.008070319890975952, 0.012212736532092094, 0.01271023042500019, 0.00868527777493, 0.0074657537043094635, 0.008294682949781418, 0.00858445093035698, 0.009158750995993614, 0.008051721379160881, 0.007925405167043209, 0.007321673911064863, 0.009873906150460243, 0.007609514985233545, 0.016877975314855576, 0.010049942880868912, 0.008288295939564705, 0.008697749115526676, 0.00798462051898241, 0.008634563535451889, 0.009921886958181858, 0.01073655765503645, 0.008735008537769318, 0.007164738141000271, 0.008058196865022182, 0.008912834338843822, 0.011290041729807854, 0.00816060695797205, 0.0088868523016572, 0.007902259938418865, 0.012632299214601517, 0.010463415645062923, 0.017066501080989838, 0.00905072782188654, 0.00747706787660718, 0.00927865132689476, 0.008718442171812057, 0.008976053446531296, 0.00807337835431099, 0.008365253917872906, 0.009417597204446793, 0.008841447532176971, 0.01055135577917099, 0.012996708042919636, 0.02997409924864769, 0.008312100544571877, 0.007464798633009195, 0.014184082858264446, 0.00813381653279066, 0.010693744756281376, 0.007944243028759956, 0.010169092565774918, 0.009071539156138897, 0.01722661592066288, 0.007917054928839207, 0.0075917914509773254], "weapon_probs": [0.03508869558572769, 0.01422707736492157, 0.010058676823973656, 0.020844608545303345, 0.00988662801682949, 0.015376674942672253, 0.012074539437890053, 0.01793331280350685, 0.011343948543071747, 0.015625890344381332, 0.008853388950228691, 0.007614415604621172, 0.007737834472209215, 0.008796848356723785, 0.018072932958602905, 0.01174461655318737, 0.0077133784070611, 0.015442430041730404, 0.008500535041093826, 0.0075015053153038025, 0.024526067078113556, 0.00862802006304264, 0.010529052466154099, 0.014146736823022366, 0.0075660692527890205, 0.01032991148531437, 0.007610040716826916, 0.01041616965085268, 0.010439089499413967, 0.008960814215242863, 0.007755036000162363, 0.013560101389884949, 0.008141342550516129, 0.009922143071889877, 0.008678688667714596, 0.011069225147366524, 0.007195417303591967, 0.018389781937003136, 0.009938444942235947, 0.009463034570217133, 0.008093195967376232, 0.008461023680865765, 0.008530739694833755, 0.011762461625039577, 0.011774731799960136, 0.016536738723516464, 0.00957444030791521, 0.013956563547253609, 0.010561425238847733, 0.008349522016942501, 0.01628190651535988, 0.008661343716084957, 0.020923925563693047, 0.00759549718350172, 0.011789300478994846, 0.008114764466881752, 0.009293406270444393, 0.012245302088558674, 0.010070886462926865]}