{"loss": -0.335360050201416, "character_probs": [0.02190849557518959, 0.0268312506377697, 0.009373112581670284, 0.010274339467287064, 0.025393471121788025, 0.012297374196350574, 0.009570646099746227, 0.008356590755283833, 0.012924272567033768, 0.009107699617743492, 0.00811869464814663, 0.007464424706995487, 0.017076198011636734, 0.00837487168610096, 0.0083322050049901, 0.007932433858513832, 0.007712098304182291, 0.011450521647930145, 0.007383461110293865, 0.007457882631570101, 0.0072298115119338036, 0.008766456507146358, 0.00835847295820713, 0.007497229613363743, 0.013739937916398048, 0.007598144467920065, 0.008392847143113613, 0.007475060876458883, 0.010714314877986908, 0.007464556954801083, 0.009037254378199577, 0.008027615025639534, 0.007514582015573978, 0.007384743075817823, 0.007590802386403084, 0.013878650963306427, 0.008038404397666454, 0.009091216139495373, 0.007826671004295349, 0.010297346860170364, 0.011720544658601284, 0.01790747046470642, 0.008220881223678589, 0.0077520678751170635, 0.007826217450201511, 0.007634046021848917, 0.018430281430482864, 0.011947056278586388, 0.008758170530200005, 0.008317681029438972, 0.0073603373020887375, 0.007636711001396179, 0.00927064474672079, 0.009016742929816246, 0.008081921376287937, 0.008481485769152641, 0.00814159493893385, 0.007623353973031044, 0.01089891791343689, 0.009036685340106487, 0.011838724836707115, 0.013546678237617016, 0.010340303182601929, 0.007207599002867937, 0.015415370464324951, 0.00908998865634203, 0.0076970974914729595, 0.009523918852210045, 0.019872430711984634, 0.01098560355603695, 0.012667393311858177, 0.010859337635338306, 0.009471414610743523, 0.007717627100646496, 0.00727488286793232, 0.010326936841011047, 0.02157812938094139, 0.015449226833879948, 0.007817716337740421], "weapon_probs": [0.03185518458485603, 0.009324667043983936, 0.009337999857962132, 0.01698491908609867, 0.018827402964234352, 0.03639839589595795, 0.018500465899705887, 0.009684092365205288, 0.008928658440709114, 0.009771667420864105, 0.00859491154551506, 0.010720385238528252, 0.008080901578068733, 0.012721562758088112, 0.007228415925055742, 0.008031877689063549, 0.012522310949862003, 0.007237793877720833, 0.01553436741232872, 0.009710267186164856, 0.009222205728292465, 0.011748476885259151, 0.009722679853439331, 0.012738998048007488, 0.010347854346036911, 0.011924732476472855, 0.009977550245821476, 0.007310140877962112, 0.007927379570901394, 0.00807512179017067, 0.01504463329911232, 0.014567331410944462, 0.008248076774179935, 0.00791072752326727, 0.007418111898005009, 0.009896974079310894, 0.007440788671374321, 0.011770568788051605, 0.013133492320775986, 0.009164959192276001, 0.01729315146803856, 0.01133638620376587, 0.009153789840638638, 0.015390235930681229, 0.010152223519980907, 0.008362718857824802, 0.011439047753810883, 0.012855688109993935, 0.00915555004030466, 0.008199046365916729, 0.010462019592523575, 0.008366399444639683, 0.00725425174459815, 0.009149248711764812, 0.019962824881076813, 0.019412321969866753, 0.009966010227799416, 0.009697102010250092, 0.04160494729876518]}