{"loss": 0.9625288248062134, "character_probs": [0.02059674635529518, 0.02105872519314289, 0.010231985710561275, 0.012629183009266853, 0.011435728520154953, 0.01237652450799942, 0.02164679393172264, 0.010016162879765034, 0.008017584681510925, 0.0166642963886261, 0.009257698431611061, 0.007284960709512234, 0.015777844935655594, 0.00810558907687664, 0.008713239803910255, 0.009358893148601055, 0.007290657144039869, 0.008834331296384335, 0.014552390202879906, 0.009964341297745705, 0.00917696300894022, 0.007572794333100319, 0.008351253345608711, 0.008945358917117119, 0.007473164238035679, 0.007507661357522011, 0.010125715285539627, 0.007604292593896389, 0.008952022530138493, 0.010845980606973171, 0.0075775086879730225, 0.007136661093682051, 0.007951534353196621, 0.007978792302310467, 0.008257327601313591, 0.007369461003690958, 0.00977836549282074, 0.008214985951781273, 0.007542508654296398, 0.008951099589467049, 0.017627667635679245, 0.017663219943642616, 0.007402748800814152, 0.010353234596550465, 0.009050970897078514, 0.009219649247825146, 0.007592296693474054, 0.009691990911960602, 0.012061083689332008, 0.007606372237205505, 0.017409343272447586, 0.009832371026277542, 0.007896589115262032, 0.013173702172935009, 0.007646656595170498, 0.010249094106256962, 0.007601174525916576, 0.008396102115511894, 0.00915011577308178, 0.00914851389825344, 0.011786254122853279, 0.010143207386136055, 0.008669659495353699, 0.007855452597141266, 0.007714005187153816, 0.010631585493683815, 0.007895573042333126, 0.01080075278878212, 0.008273902349174023, 0.011802385561168194, 0.010708780959248543, 0.007559156510978937, 0.007684210315346718, 0.010994600132107735, 0.007871373556554317, 0.009231294505298138, 0.01040877215564251, 0.01551865879446268, 0.010226578451693058], "weapon_probs": [0.03120781108736992, 0.010653488337993622, 0.018260963261127472, 0.02168397791683674, 0.02140079438686371, 0.01806747168302536, 0.00926874577999115, 0.009494482539594173, 0.010643135756254196, 0.00971963256597519, 0.014800772070884705, 0.011206887662410736, 0.014072723686695099, 0.009894532151520252, 0.012449417263269424, 0.010752631351351738, 0.008786936290562153, 0.009219550527632236, 0.00781799852848053, 0.010311531834304333, 0.009088486433029175, 0.014022011309862137, 0.009328199550509453, 0.007293007802218199, 0.01905907690525055, 0.011309179477393627, 0.009303761646151543, 0.007694465573877096, 0.01633261889219284, 0.009743764996528625, 0.008266262710094452, 0.008662250824272633, 0.01264888420701027, 0.009628823027014732, 0.008697602897882462, 0.00922038871794939, 0.00868371594697237, 0.008683760650455952, 0.00985257513821125, 0.008536173030734062, 0.01688714697957039, 0.013711247593164444, 0.009589562192559242, 0.00778174726292491, 0.00868194829672575, 0.009238623082637787, 0.007499329745769501, 0.010301768779754639, 0.008412863127887249, 0.007929782383143902, 0.01232268288731575, 0.015528926625847816, 0.011137353256344795, 0.009207457304000854, 0.013312933035194874, 0.009363719262182713, 0.014136046171188354, 0.009346876293420792, 0.01156446523964405]}