{"loss": 0.5728092193603516, "character_probs": [0.03415030241012573, 0.017799634486436844, 0.01240544579923153, 0.008546493947505951, 0.019009796902537346, 0.010931422002613544, 0.009316688403487206, 0.010327911004424095, 0.01219833642244339, 0.01145460270345211, 0.00849081575870514, 0.00738009437918663, 0.011194845661520958, 0.014676909893751144, 0.007894995622336864, 0.01024557650089264, 0.010730483569204807, 0.010309137403964996, 0.010281899943947792, 0.008564247749745846, 0.008252609521150589, 0.008100926876068115, 0.009402092546224594, 0.009522512555122375, 0.007817517966032028, 0.007551908027380705, 0.00719304708763957, 0.007344850804656744, 0.008116851560771465, 0.009845996275544167, 0.0076439399272203445, 0.007690020836889744, 0.009209297597408295, 0.007669299375265837, 0.010984930209815502, 0.007395217195153236, 0.007370371371507645, 0.010067587718367577, 0.010010281577706337, 0.0080908527597785, 0.007673648651689291, 0.007287871558219194, 0.010826855897903442, 0.013083221390843391, 0.007913092151284218, 0.007632393389940262, 0.00899546593427658, 0.01007896475493908, 0.014933107420802116, 0.009254815056920052, 0.009587203152477741, 0.01526918075978756, 0.008062805980443954, 0.009609755128622055, 0.009254887700080872, 0.009317181073129177, 0.00952641200274229, 0.007716926746070385, 0.00823734886944294, 0.012417774647474289, 0.009680014103651047, 0.009388377889990807, 0.007698332890868187, 0.012744450941681862, 0.009614605456590652, 0.008793896995484829, 0.007806702516973019, 0.01274347584694624, 0.012018213048577309, 0.01125683169811964, 0.0107169384136796, 0.007820110768079758, 0.011176787316799164, 0.011074796319007874, 0.008143211714923382, 0.010462379083037376, 0.02653980255126953, 0.007428289856761694, 0.009997498244047165], "weapon_probs": [0.027688268572092056, 0.011834882199764252, 0.028711803257465363, 0.010805090889334679, 0.018743783235549927, 0.015004546381533146, 0.007452442776411772, 0.030818749219179153, 0.007978342473506927, 0.011422530747950077, 0.008753818459808826, 0.011770004406571388, 0.010299384593963623, 0.009070584550499916, 0.011132484301924706, 0.008828550577163696, 0.011267095804214478, 0.008466801606118679, 0.007623235695064068, 0.00898098386824131, 0.008227384649217129, 0.008782226592302322, 0.009112079627811909, 0.009030953049659729, 0.028867363929748535, 0.008098434656858444, 0.015874020755290985, 0.008218695409595966, 0.008656632155179977, 0.008147075772285461, 0.00797976367175579, 0.007439135108143091, 0.01338527537882328, 0.011349901556968689, 0.008500916883349419, 0.012619007378816605, 0.008520673960447311, 0.009211801923811436, 0.008128711022436619, 0.008657239377498627, 0.011528782546520233, 0.010935639031231403, 0.007815605960786343, 0.014545516110956669, 0.010293636471033096, 0.012379389256238937, 0.007523414678871632, 0.013118292205035686, 0.015484239906072617, 0.01095658540725708, 0.00918167270720005, 0.009800534695386887, 0.008708209730684757, 0.009936578571796417, 0.012120923027396202, 0.010039424523711205, 0.00832410529255867, 0.00883396714925766, 0.00813827570527792]}