{"loss": 0.08700555562973022, "character_probs": [0.02057981863617897, 0.018457330763339996, 0.00852426141500473, 0.012102539651095867, 0.008287760429084301, 0.023221392184495926, 0.009660737589001656, 0.02191765233874321, 0.011163424700498581, 0.008113284595310688, 0.010904395952820778, 0.009590070694684982, 0.008788101375102997, 0.007803564425557852, 0.008023790083825588, 0.007534191012382507, 0.010582673363387585, 0.011544443666934967, 0.009904483333230019, 0.009224926121532917, 0.009071474894881248, 0.012804917991161346, 0.011143739335238934, 0.008054263889789581, 0.00913604348897934, 0.007138062734156847, 0.010965744033455849, 0.00734817935153842, 0.010361879132688046, 0.008344425819814205, 0.008533417247235775, 0.009990256279706955, 0.009816993959248066, 0.009061500430107117, 0.011516580358147621, 0.007917565293610096, 0.007163986098021269, 0.013247178867459297, 0.007531175389885902, 0.008138073608279228, 0.009001297876238823, 0.007362804841250181, 0.007735772989690304, 0.00849475059658289, 0.011124841868877411, 0.007945023477077484, 0.009775848127901554, 0.008399146609008312, 0.011088548228144646, 0.007259299047291279, 0.024210311472415924, 0.008979900740087032, 0.011021117679774761, 0.008799638599157333, 0.012636583298444748, 0.007567404303699732, 0.007441781461238861, 0.008725469000637531, 0.009783142246305943, 0.007509795483201742, 0.0071509419940412045, 0.010743961669504642, 0.011666249483823776, 0.016257479786872864, 0.010485867038369179, 0.010168412700295448, 0.008266963995993137, 0.010159111581742764, 0.008303915150463581, 0.009098474867641926, 0.007878832519054413, 0.008181989192962646, 0.01153537631034851, 0.012925742194056511, 0.009468473494052887, 0.00796966627240181, 0.008298400789499283, 0.010821150615811348, 0.010444309562444687], "weapon_probs": [0.03589514270424843, 0.01666092872619629, 0.012617388740181923, 0.012042511254549026, 0.01957896538078785, 0.00881272554397583, 0.013217171654105186, 0.01390627957880497, 0.009527956135571003, 0.025882020592689514, 0.00919230654835701, 0.011017458513379097, 0.010694097727537155, 0.010842898860573769, 0.0118902288377285, 0.00997234508395195, 0.007560425903648138, 0.008191235363483429, 0.008350249379873276, 0.01032000407576561, 0.011587856337428093, 0.009009060449898243, 0.008841662667691708, 0.008190491236746311, 0.0079640569165349, 0.020306652411818504, 0.010332233272492886, 0.007390331942588091, 0.007730064447969198, 0.013156535103917122, 0.009961463510990143, 0.019052019342780113, 0.012417009100317955, 0.008285123854875565, 0.009432077407836914, 0.009143724106252193, 0.007413850631564856, 0.011553715914487839, 0.008598249405622482, 0.01246483065187931, 0.01012763474136591, 0.011897798627614975, 0.007971408776938915, 0.007615513168275356, 0.009106870740652084, 0.0102849705144763, 0.010160249657928944, 0.01912001520395279, 0.009375863708555698, 0.010416073724627495, 0.011387414298951626, 0.014229390770196915, 0.008831899613142014, 0.027299590408802032, 0.012366233393549919, 0.025172341614961624, 0.008465566672384739, 0.009286150336265564, 0.010203824378550053]}