{"loss": 0.1525695025920868, "character_probs": [0.018517840653657913, 0.01735379919409752, 0.012662703171372414, 0.020687829703092575, 0.011926595121622086, 0.010216839611530304, 0.009299092926084995, 0.01454060710966587, 0.007546916138380766, 0.010822223499417305, 0.00980212539434433, 0.01139158383011818, 0.012676442041993141, 0.011483941227197647, 0.017740357667207718, 0.00776040880009532, 0.007811622228473425, 0.008011451922357082, 0.008118676953017712, 0.008593188598752022, 0.015504048205912113, 0.013569241389632225, 0.010738297365605831, 0.008439946919679642, 0.00986202247440815, 0.007383288815617561, 0.01084066554903984, 0.00792011059820652, 0.007693699095398188, 0.0082534896209836, 0.007609862368553877, 0.010009759105741978, 0.010087292641401291, 0.008388025686144829, 0.008995750918984413, 0.009300284087657928, 0.008247515186667442, 0.01324667502194643, 0.009376907721161842, 0.007698791101574898, 0.009316202253103256, 0.009549101814627647, 0.009188933297991753, 0.008323967456817627, 0.007335983216762543, 0.008042292669415474, 0.008477002382278442, 0.012104486115276814, 0.008098931051790714, 0.00900883600115776, 0.00789640098810196, 0.008948871865868568, 0.008014677092432976, 0.007717720232903957, 0.007138784509152174, 0.012777773663401604, 0.010629975236952305, 0.008272789418697357, 0.009591720998287201, 0.009537030011415482, 0.008356906473636627, 0.008360848762094975, 0.014014581218361855, 0.008528957143425941, 0.008327861316502094, 0.008744182996451855, 0.012935707345604897, 0.01033004093915224, 0.010524965822696686, 0.011933652684092522, 0.010255292057991028, 0.013275214470922947, 0.008251292631030083, 0.008936701342463493, 0.0077858734875917435, 0.009893065318465233, 0.010474574752151966, 0.010005291551351547, 0.007917207665741444], "weapon_probs": [0.015594122931361198, 0.01784716546535492, 0.02061992511153221, 0.014827214181423187, 0.026828281581401825, 0.008951082825660706, 0.012608770281076431, 0.016142655164003372, 0.025878310203552246, 0.011211044155061245, 0.009536785073578358, 0.008337916806340218, 0.008605096489191055, 0.012832241132855415, 0.01101764291524887, 0.01184014417231083, 0.007746306248009205, 0.008618923835456371, 0.010330536402761936, 0.010700974613428116, 0.007946256548166275, 0.01048988290131092, 0.012940915301442146, 0.007638783659785986, 0.011921128258109093, 0.010086435824632645, 0.01079512294381857, 0.01198364794254303, 0.009431872516870499, 0.01009163074195385, 0.009477915242314339, 0.011551138013601303, 0.009023647755384445, 0.00972141232341528, 0.014694510027766228, 0.017069099470973015, 0.008210395462810993, 0.008689354173839092, 0.011360324919223785, 0.010161160491406918, 0.014413511380553246, 0.008622488938272, 0.008581466041505337, 0.013473087921738625, 0.011072127148509026, 0.016181914135813713, 0.010998141020536423, 0.008182753808796406, 0.01029350608587265, 0.008961409330368042, 0.014239650219678879, 0.010426697321236134, 0.011196009814739227, 0.008398991078138351, 0.007688232697546482, 0.008791742846369743, 0.00993030983954668, 0.009682982228696346, 0.009683683514595032]}