{"loss": -0.5377264022827148, "character_probs": [0.025295794010162354, 0.01882954314351082, 0.01038407627493143, 0.008572939783334732, 0.027009952813386917, 0.008158676326274872, 0.012829910963773727, 0.00955146737396717, 0.0074359094724059105, 0.010588518343865871, 0.010890832170844078, 0.007917758077383041, 0.007912945002317429, 0.008596966043114662, 0.008111879229545593, 0.009761795401573181, 0.007293736096471548, 0.00813539233058691, 0.007449939381331205, 0.011992215178906918, 0.007331558037549257, 0.007496653590351343, 0.009842040948569775, 0.00848294235765934, 0.026076219975948334, 0.009465493261814117, 0.007879329845309258, 0.008036178536713123, 0.007812033407390118, 0.007248803041875362, 0.008186263963580132, 0.015123492106795311, 0.008210218511521816, 0.007744074333459139, 0.009585312567651272, 0.008331343531608582, 0.007979817688465118, 0.009986067190766335, 0.008697673678398132, 0.008107698522508144, 0.007272650487720966, 0.008085571229457855, 0.008654024451971054, 0.010252289474010468, 0.0076733967289328575, 0.023426979780197144, 0.011332578025758266, 0.010070066899061203, 0.0074966237880289555, 0.008271600119769573, 0.008005321025848389, 0.00844031386077404, 0.019534803926944733, 0.010888660326600075, 0.008854810148477554, 0.01088307797908783, 0.008536282926797867, 0.010753955692052841, 0.011580921709537506, 0.00762975262477994, 0.01073366031050682, 0.008194448426365852, 0.009252811782062054, 0.008052943274378777, 0.015526216477155685, 0.007631716784089804, 0.012878397479653358, 0.009627154096961021, 0.0077583398669958115, 0.00787340383976698, 0.008249390870332718, 0.009191198274493217, 0.007583226542919874, 0.010503550991415977, 0.018974963575601578, 0.012828989885747433, 0.009231550619006157, 0.007698799483478069, 0.011184715665876865], "weapon_probs": [0.03354136645793915, 0.02340026944875717, 0.010919859632849693, 0.016483686864376068, 0.008492772467434406, 0.01870323158800602, 0.015643447637557983, 0.007904667407274246, 0.016355689615011215, 0.011910690926015377, 0.01273437775671482, 0.01883848011493683, 0.011460866779088974, 0.0120500223711133, 0.00868952739983797, 0.008145155385136604, 0.007756041828542948, 0.007495088968425989, 0.008522514253854752, 0.019064616411924362, 0.007788751740008593, 0.011579938232898712, 0.008631683886051178, 0.008953148499131203, 0.009701129049062729, 0.0115792416036129, 0.008510494604706764, 0.008413899689912796, 0.007251942530274391, 0.009515986777842045, 0.00866650603711605, 0.007539884652942419, 0.008306093513965607, 0.009862435981631279, 0.011999791488051414, 0.009873959235846996, 0.012863353826105595, 0.008114350959658623, 0.01168801635503769, 0.008124836720526218, 0.007637143135070801, 0.010883953422307968, 0.011582622304558754, 0.020268388092517853, 0.015962664037942886, 0.00799103919416666, 0.011129939928650856, 0.01834065467119217, 0.007612328510731459, 0.012299999594688416, 0.01529930904507637, 0.010585515759885311, 0.00834424328058958, 0.009773307479918003, 0.009225251153111458, 0.020328205078840256, 0.0112633490934968, 0.01459299586713314, 0.008319370448589325]}