{"loss": -0.9965642094612122, "character_probs": [0.035516805946826935, 0.008637500926852226, 0.020454486832022667, 0.009956927970051765, 0.008375030010938644, 0.008617340587079525, 0.023202575743198395, 0.007608457468450069, 0.013501227833330631, 0.00985647551715374, 0.007776953279972076, 0.013003237545490265, 0.008469872176647186, 0.008723652921617031, 0.00815755408257246, 0.007537297438830137, 0.009560070000588894, 0.007192628923803568, 0.01071222871541977, 0.00751770194619894, 0.00827992707490921, 0.007634674198925495, 0.008164997212588787, 0.007073529530316591, 0.00811847485601902, 0.00737152760848403, 0.007997940294444561, 0.008625634014606476, 0.00726421270519495, 0.024068035185337067, 0.007934761233627796, 0.007089587859809399, 0.007352791726589203, 0.007195483893156052, 0.013165837153792381, 0.007748660631477833, 0.007841500453650951, 0.015336921438574791, 0.010448950342833996, 0.00775326369330287, 0.008513854816555977, 0.008716529235243797, 0.007423954084515572, 0.011791223660111427, 0.00722225196659565, 0.00933290645480156, 0.00849474873393774, 0.009653632529079914, 0.009438947774469852, 0.007757139392197132, 0.008314700797200203, 0.013027073815464973, 0.011353397741913795, 0.023903831839561462, 0.009223813191056252, 0.010259331203997135, 0.010931924916803837, 0.007343113422393799, 0.007674504071474075, 0.010154603980481625, 0.00879427045583725, 0.00900941714644432, 0.007711916696280241, 0.013474988751113415, 0.0077465372160077095, 0.007518321741372347, 0.00786692462861538, 0.012596391141414642, 0.008732946589589119, 0.012266503646969795, 0.007587051019072533, 0.03243444114923477, 0.010553724132478237, 0.010149086825549603, 0.007694000378251076, 0.00894730444997549, 0.007957766763865948, 0.007503455504775047, 0.008493057452142239], "weapon_probs": [0.04672122001647949, 0.01350837666541338, 0.009982066228985786, 0.009933527559041977, 0.017426135018467903, 0.010673551820218563, 0.007644570432603359, 0.03468013182282448, 0.009146882221102715, 0.01127638854086399, 0.008264627307653427, 0.013136940076947212, 0.013115596026182175, 0.009968109428882599, 0.008474820293486118, 0.007749370764940977, 0.013443415984511375, 0.007408398203551769, 0.007974022068083286, 0.014838394708931446, 0.009694877080619335, 0.007704916875809431, 0.00898950919508934, 0.007550560403615236, 0.007723426446318626, 0.010807927697896957, 0.007297841366380453, 0.010497341863811016, 0.016400247812271118, 0.010305164381861687, 0.007566428743302822, 0.015103445388376713, 0.007671159692108631, 0.007753595244139433, 0.00949000008404255, 0.007825300097465515, 0.007547563407570124, 0.013918537646532059, 0.015235625207424164, 0.01098342053592205, 0.009636636823415756, 0.007399075664579868, 0.009761687368154526, 0.009209465235471725, 0.010974900797009468, 0.008812882006168365, 0.015423961915075779, 0.010108360089361668, 0.015162760391831398, 0.010584168136119843, 0.008969713933765888, 0.009145848453044891, 0.019216854125261307, 0.015780296176671982, 0.01327962800860405, 0.010252284817397594, 0.02455265074968338, 0.00891565065830946, 0.010943343862891197]}