{"loss": 0.9121928811073303, "character_probs": [0.013137009926140308, 0.024873141199350357, 0.013860557228326797, 0.01589442417025566, 0.011782621033489704, 0.009254710748791695, 0.01599392108619213, 0.010565435513854027, 0.011016054078936577, 0.011712547391653061, 0.008034730330109596, 0.007919616997241974, 0.007626848760992289, 0.008242517709732056, 0.007586664520204067, 0.03088631108403206, 0.008971773087978363, 0.0074390750378370285, 0.00891389325261116, 0.007810165174305439, 0.008131018839776516, 0.007474787533283234, 0.008186331018805504, 0.011541755869984627, 0.007144558243453503, 0.007659369148313999, 0.008904444985091686, 0.02010107785463333, 0.011394902132451534, 0.0075285970233380795, 0.00812279712408781, 0.007253915071487427, 0.007928644306957722, 0.00938636064529419, 0.010447811335325241, 0.00793386809527874, 0.009543949738144875, 0.009508458897471428, 0.009056071750819683, 0.009609692730009556, 0.008364684879779816, 0.007714285980910063, 0.008856063708662987, 0.007819212973117828, 0.009323088452219963, 0.012586766853928566, 0.010394935496151447, 0.0077646998688578606, 0.00891166366636753, 0.011859128251671791, 0.008061433210968971, 0.009750662371516228, 0.00741284154355526, 0.012184332124888897, 0.00791749358177185, 0.007606343366205692, 0.0071232994087040424, 0.008373203687369823, 0.008751122280955315, 0.008329610340297222, 0.013450104743242264, 0.008120466023683548, 0.007982139475643635, 0.008036515675485134, 0.01672963798046112, 0.011224237270653248, 0.009124718606472015, 0.015934491530060768, 0.010692364536225796, 0.009562036022543907, 0.010035349987447262, 0.010929743759334087, 0.00802429486066103, 0.008744021877646446, 0.013863352127373219, 0.013013341464102268, 0.00950939953327179, 0.008371884003281593, 0.00912497565150261], "weapon_probs": [0.02238248847424984, 0.020895274356007576, 0.02184215746819973, 0.019176902249455452, 0.016237691044807434, 0.02639012411236763, 0.009122457355260849, 0.008749481290578842, 0.009966202080249786, 0.009146618656814098, 0.014711117371916771, 0.008672764524817467, 0.009365304373204708, 0.019666802138090134, 0.010131806135177612, 0.017554450780153275, 0.008866031654179096, 0.007738170213997364, 0.008312735706567764, 0.01352166011929512, 0.008552354760468006, 0.008237229660153389, 0.008235362358391285, 0.008359916508197784, 0.01176142692565918, 0.007848004810512066, 0.0077864984050393105, 0.007668746635317802, 0.01369090098887682, 0.009701574221253395, 0.008145020343363285, 0.008391656912863255, 0.00860399566590786, 0.007261482998728752, 0.008299112319946289, 0.008733315393328667, 0.00740451505407691, 0.00991235114634037, 0.01007964089512825, 0.027310047298669815, 0.010260291397571564, 0.008735505864024162, 0.00783044844865799, 0.008474425412714481, 0.011435925960540771, 0.008216001093387604, 0.008297376334667206, 0.014306295663118362, 0.017558030784130096, 0.010155437514185905, 0.010936498641967773, 0.016990525647997856, 0.008091844618320465, 0.012114454992115498, 0.009353077039122581, 0.018035834655165672, 0.009286867454648018, 0.015595833770930767, 0.014041153714060783]}