{"loss": 0.8714107275009155, "character_probs": [0.008604456670582294, 0.020031888037919998, 0.011109946295619011, 0.013814909383654594, 0.021089211106300354, 0.01992783136665821, 0.016283603385090828, 0.008158113807439804, 0.008264954201877117, 0.010535157285630703, 0.0107180867344141, 0.012757010757923126, 0.00827981811016798, 0.017327766865491867, 0.010121829807758331, 0.015493212267756462, 0.00889099482446909, 0.008294673636555672, 0.007217846345156431, 0.007986701093614101, 0.007340067531913519, 0.0075509315356612206, 0.008177505806088448, 0.008396146818995476, 0.008455074392259121, 0.007465950679033995, 0.015903647989034653, 0.008579798974096775, 0.01109328493475914, 0.007909676991403103, 0.007782005704939365, 0.00946044921875, 0.008531731553375721, 0.007377294823527336, 0.010024741291999817, 0.0076533774845302105, 0.007966255769133568, 0.008885596878826618, 0.0078050498850643635, 0.008568624965846539, 0.007457609288394451, 0.008750073611736298, 0.008463473059237003, 0.007323224097490311, 0.0077862609177827835, 0.008675658144056797, 0.0084065617993474, 0.018285129219293594, 0.014348486438393593, 0.008321302011609077, 0.01157923974096775, 0.011508014984428883, 0.01036369614303112, 0.009761684574186802, 0.008705176413059235, 0.007829230278730392, 0.007722355891019106, 0.010076837614178658, 0.008920683525502682, 0.008087089285254478, 0.007465681992471218, 0.007399998139590025, 0.007387643679976463, 0.011500079184770584, 0.011495955288410187, 0.011854429729282856, 0.022922545671463013, 0.020976077765226364, 0.007781255524605513, 0.011019903235137463, 0.00755965244024992, 0.007953092455863953, 0.007346043828874826, 0.012763498350977898, 0.0072805434465408325, 0.007798054255545139, 0.009807797148823738, 0.00790987629443407, 0.01385185681283474], "weapon_probs": [0.024126242846250534, 0.016850028187036514, 0.033274825662374496, 0.008805018849670887, 0.02088942937552929, 0.011968868784606457, 0.0084095923230052, 0.01026248186826706, 0.014225207269191742, 0.011406121775507927, 0.012861283496022224, 0.01237284205853939, 0.007840452715754509, 0.015412467531859875, 0.011318827047944069, 0.018116004765033722, 0.008316784165799618, 0.007497649639844894, 0.012229455634951591, 0.008406206965446472, 0.009927308186888695, 0.007617603987455368, 0.012857664376497269, 0.008051696233451366, 0.011817201972007751, 0.01119358278810978, 0.00878413487225771, 0.008035263046622276, 0.013448530808091164, 0.0074707637540996075, 0.009569361805915833, 0.00998242199420929, 0.011324605904519558, 0.0072942557744681835, 0.010069381445646286, 0.009332804940640926, 0.007671564817428589, 0.008481123484671116, 0.011506062000989914, 0.011468928307294846, 0.01129567064344883, 0.008467772975564003, 0.011427892372012138, 0.009557590819895267, 0.014653364196419716, 0.011998293921351433, 0.015288390219211578, 0.016199328005313873, 0.007940676063299179, 0.014163906686007977, 0.01591840386390686, 0.00864881370216608, 0.011333037167787552, 0.012697938829660416, 0.00913281925022602, 0.01416550762951374, 0.01744067668914795, 0.01727583259344101, 0.009009163826704025]}