{"loss": 0.7635331749916077, "character_probs": [0.02003571391105652, 0.01948533207178116, 0.020819447934627533, 0.010652981698513031, 0.008476082235574722, 0.012381235137581825, 0.008381027728319168, 0.009693301282823086, 0.013517048209905624, 0.00874215830117464, 0.03360286355018616, 0.007667145691812038, 0.008907878771424294, 0.008772453293204308, 0.011761287227272987, 0.007662383373826742, 0.007358282804489136, 0.0077116964384913445, 0.00968291237950325, 0.013230543583631516, 0.007498422637581825, 0.00828858558088541, 0.009114854037761688, 0.007653135806322098, 0.007869512774050236, 0.008156158961355686, 0.00988440029323101, 0.0071200658567249775, 0.009526344016194344, 0.00782676599919796, 0.0077372100204229355, 0.014971387572586536, 0.007726798299700022, 0.008168712258338928, 0.00822601467370987, 0.008430128917098045, 0.011855700984597206, 0.008439736440777779, 0.01067296788096428, 0.008075499907135963, 0.007985396310687065, 0.009228039532899857, 0.007986253127455711, 0.008153448812663555, 0.008821574039757252, 0.009022069163620472, 0.007421036250889301, 0.007880914956331253, 0.010762261226773262, 0.009777934290468693, 0.007576082833111286, 0.00795916747301817, 0.010045591741800308, 0.011163637042045593, 0.00812519434839487, 0.007345248945057392, 0.007885727100074291, 0.011310853064060211, 0.011803487315773964, 0.011081364005804062, 0.00844154879450798, 0.011796439066529274, 0.014019519090652466, 0.009734122082591057, 0.009426266886293888, 0.007984175346791744, 0.010430945083498955, 0.009656297042965889, 0.00960297230631113, 0.018662821501493454, 0.010145620442926884, 0.007547204382717609, 0.012666626833379269, 0.007924345321953297, 0.008508341386914253, 0.008532816544175148, 0.014146861620247364, 0.00758189894258976, 0.015910129994153976], "weapon_probs": [0.04156196489930153, 0.01433518435806036, 0.013889536261558533, 0.011416979134082794, 0.017506785690784454, 0.011222505941987038, 0.012157605960965157, 0.012818776071071625, 0.014555223286151886, 0.016321305185556412, 0.011976951733231544, 0.00713667506352067, 0.00972150918096304, 0.011715253815054893, 0.020613746717572212, 0.007343077566474676, 0.012415312230587006, 0.010604893788695335, 0.01029391959309578, 0.013374919071793556, 0.008138000965118408, 0.007969618774950504, 0.00769700575619936, 0.012337012216448784, 0.011123443022370338, 0.007365503814071417, 0.008352726697921753, 0.01153494045138359, 0.00856044888496399, 0.009442571550607681, 0.00955283548682928, 0.013594615273177624, 0.007334069348871708, 0.012166131287813187, 0.01091140229254961, 0.008661782369017601, 0.009338576346635818, 0.012681465595960617, 0.007906053215265274, 0.007664577104151249, 0.008119485341012478, 0.0073951175436377525, 0.013460610061883926, 0.008124202489852905, 0.019630122929811478, 0.014324117451906204, 0.013605153188109398, 0.007937874644994736, 0.007611782290041447, 0.008570557460188866, 0.009695937857031822, 0.0076545183546841145, 0.014714010991156101, 0.008203963749110699, 0.014577899128198624, 0.018095729872584343, 0.009425340220332146, 0.00805276446044445, 0.01299963891506195]}