{"loss": 0.8504337072372437, "character_probs": [0.017027877271175385, 0.015136572532355785, 0.014817163348197937, 0.019431155174970627, 0.013898581266403198, 0.013532450422644615, 0.009057306684553623, 0.01060309074819088, 0.007917353883385658, 0.017361141741275787, 0.009034136310219765, 0.013585813343524933, 0.008017114363610744, 0.010123109444975853, 0.008615764789283276, 0.018130533397197723, 0.0074053071439266205, 0.009104483760893345, 0.007966037839651108, 0.00793197937309742, 0.008798452094197273, 0.009361573494970798, 0.0071046007797122, 0.007327228784561157, 0.009108621627092361, 0.011347783729434013, 0.007706994656473398, 0.00789945013821125, 0.009401028975844383, 0.00831526704132557, 0.008384531363844872, 0.009382742457091808, 0.00858352892100811, 0.008442336693406105, 0.012678934261202812, 0.013368908315896988, 0.01356874592602253, 0.012932376936078072, 0.008640061132609844, 0.008176394738256931, 0.007817976176738739, 0.009311864152550697, 0.008151030167937279, 0.010668974369764328, 0.007702840492129326, 0.007805286440998316, 0.011221173219382763, 0.008312450721859932, 0.007784673012793064, 0.007329406216740608, 0.009430707432329655, 0.010187104344367981, 0.012226435355842113, 0.01039694994688034, 0.021280840039253235, 0.008620618842542171, 0.008298831060528755, 0.008269724436104298, 0.01022426225244999, 0.008871437981724739, 0.009447511285543442, 0.00970031600445509, 0.009518014267086983, 0.008987908251583576, 0.008527363650500774, 0.00829431414604187, 0.013659054413437843, 0.00798993930220604, 0.010917836800217628, 0.007249425631016493, 0.00809471681714058, 0.00745801767334342, 0.019806522876024246, 0.013743389397859573, 0.00736633688211441, 0.00861707329750061, 0.009585941210389137, 0.009204540401697159, 0.008386285044252872], "weapon_probs": [0.01852717623114586, 0.01672779768705368, 0.023026924580335617, 0.011144989170134068, 0.026734255254268646, 0.013539234176278114, 0.008998087607324123, 0.007763948291540146, 0.03045589104294777, 0.008835514076054096, 0.011184103786945343, 0.00910864770412445, 0.007292959839105606, 0.007577022537589073, 0.009213140234351158, 0.020374702289700508, 0.00898357667028904, 0.008246483281254768, 0.008264380507171154, 0.016770150512456894, 0.01028695609420538, 0.010392378084361553, 0.011296883225440979, 0.011221135966479778, 0.008945805951952934, 0.008154206909239292, 0.009046807885169983, 0.008082509972155094, 0.007329403888434172, 0.008521588519215584, 0.00863668229430914, 0.03260179981589317, 0.007566653657704592, 0.008016430772840977, 0.01092382799834013, 0.008688636124134064, 0.007813520729541779, 0.015007787384092808, 0.010841556824743748, 0.009995084255933762, 0.010463379323482513, 0.009822115302085876, 0.02084808051586151, 0.008433154784142971, 0.01063697412610054, 0.007683685980737209, 0.013090214692056179, 0.007308408617973328, 0.00915457308292389, 0.008472076617181301, 0.008619644679129124, 0.010257447138428688, 0.010577162727713585, 0.007616088259965181, 0.007750399876385927, 0.007858868688344955, 0.019315417855978012, 0.008860444650053978, 0.025326240807771683]}