{"loss": 0.7259733080863953, "character_probs": [0.019116127863526344, 0.013894284144043922, 0.026478450745344162, 0.010524153709411621, 0.009105942212045193, 0.018687129020690918, 0.007261826191097498, 0.016066528856754303, 0.01375153474509716, 0.010987223125994205, 0.008567828685045242, 0.008568426594138145, 0.008773259818553925, 0.011678861454129219, 0.009266210719943047, 0.010963316075503826, 0.009547512046992779, 0.014026234857738018, 0.009026557207107544, 0.010003817267715931, 0.008355909958481789, 0.00824169721454382, 0.007691437378525734, 0.007425661198794842, 0.007631142623722553, 0.007521499413996935, 0.010656928643584251, 0.007934675551950932, 0.007753388956189156, 0.009279534220695496, 0.00791550986468792, 0.007877776399254799, 0.010041039437055588, 0.008358706720173359, 0.007558426354080439, 0.009220162406563759, 0.010313870385289192, 0.008362432941794395, 0.010914117097854614, 0.008417301811277866, 0.009839496575295925, 0.008944731205701828, 0.00993521511554718, 0.010862244293093681, 0.014082906767725945, 0.014040566980838776, 0.007955522276461124, 0.009101713076233864, 0.007387713994830847, 0.008445781655609608, 0.007847399450838566, 0.007478656247258186, 0.008211614564061165, 0.008182862773537636, 0.0074362317100167274, 0.012245554476976395, 0.008653937838971615, 0.009882297366857529, 0.009549022652208805, 0.009666411206126213, 0.010102527216076851, 0.010996829718351364, 0.028424281626939774, 0.009002074599266052, 0.007138346787542105, 0.007302025333046913, 0.0076825679279863834, 0.009121210314333439, 0.009078707545995712, 0.01343802735209465, 0.010073317214846611, 0.015624022111296654, 0.00738003384321928, 0.007640728261321783, 0.008712158538401127, 0.007299776189029217, 0.01278706081211567, 0.01060775201767683, 0.01018279604613781], "weapon_probs": [0.02513347566127777, 0.013540875166654587, 0.011208489537239075, 0.03256994113326073, 0.017227541655302048, 0.011111091822385788, 0.010432888753712177, 0.01116603147238493, 0.021392986178398132, 0.007934327237308025, 0.012855030596256256, 0.015463131479918957, 0.014901001006364822, 0.009142590686678886, 0.01141873188316822, 0.008331368677318096, 0.009378336369991302, 0.009090028703212738, 0.010705501772463322, 0.012592025101184845, 0.016807176172733307, 0.008762202225625515, 0.013946889899671078, 0.008538678288459778, 0.008118242025375366, 0.007697024382650852, 0.009587297216057777, 0.0077914027497172356, 0.01216443907469511, 0.009920893236994743, 0.007753531914204359, 0.009595920331776142, 0.0076287598349153996, 0.007288070861250162, 0.008022808469831944, 0.009175178594887257, 0.014732033014297485, 0.010202489793300629, 0.009950192645192146, 0.008382922038435936, 0.014341885223984718, 0.009474709630012512, 0.008476988412439823, 0.010946664027869701, 0.0133427195250988, 0.015480930916965008, 0.007722531445324421, 0.010519796051084995, 0.008359226398169994, 0.009636687114834785, 0.012057976797223091, 0.009588115848600864, 0.008364083245396614, 0.03239826858043671, 0.009527670219540596, 0.007800305262207985, 0.012873142957687378, 0.015535295940935612, 0.010766910389065742]}