{"loss": 0.2968701124191284, "character_probs": [0.008441322483122349, 0.04488687589764595, 0.010727675631642342, 0.009061183780431747, 0.014471640810370445, 0.009118734858930111, 0.008013595826923847, 0.01108543761074543, 0.013464286923408508, 0.011104597710072994, 0.012030670419335365, 0.009560557082295418, 0.01124109048396349, 0.011155548505485058, 0.00886532012373209, 0.0077245645225048065, 0.007543585263192654, 0.008982764557003975, 0.011571506038308144, 0.012248311191797256, 0.009619036689400673, 0.008191323839128017, 0.007410271093249321, 0.007840747013688087, 0.007546033710241318, 0.007156067993491888, 0.009527445770800114, 0.007167263887822628, 0.008055845275521278, 0.008783464320003986, 0.010920747183263302, 0.008755723014473915, 0.013413839042186737, 0.008234614506363869, 0.007519538979977369, 0.008240905590355396, 0.009956392459571362, 0.009597960859537125, 0.00860575307160616, 0.009456307627260685, 0.013763286173343658, 0.010341610759496689, 0.009757256135344505, 0.007614481262862682, 0.010433769784867764, 0.010927443392574787, 0.007972674444317818, 0.009237082675099373, 0.010820976458489895, 0.007386196870356798, 0.012742994353175163, 0.00876285694539547, 0.009120411239564419, 0.010387134738266468, 0.01250862143933773, 0.009422045201063156, 0.009705442003905773, 0.008103004656732082, 0.007831999100744724, 0.013460725545883179, 0.012134814634919167, 0.007880534045398235, 0.008191489614546299, 0.008188670501112938, 0.01086039375513792, 0.011156375519931316, 0.008271165192127228, 0.009913117624819279, 0.018358701840043068, 0.011288072913885117, 0.00735821109265089, 0.009186090901494026, 0.00802922435104847, 0.012185623869299889, 0.008055749349296093, 0.013038581237196922, 0.011885300278663635, 0.008151624351739883, 0.008853270672261715], "weapon_probs": [0.018281396478414536, 0.02849029377102852, 0.014992931857705116, 0.019566450268030167, 0.014050457626581192, 0.01475125178694725, 0.012532360851764679, 0.012200308963656425, 0.009587402455508709, 0.00909508764743805, 0.03374866768717766, 0.007885845378041267, 0.00922217033803463, 0.007850158028304577, 0.008847149088978767, 0.009227080270648003, 0.010427293367683887, 0.009384816512465477, 0.008778629824519157, 0.00851395819336176, 0.008988328278064728, 0.009589708410203457, 0.01890069991350174, 0.008168183267116547, 0.007848329842090607, 0.007555317133665085, 0.00784615520387888, 0.007565740495920181, 0.01269922312349081, 0.011362467892467976, 0.013885661028325558, 0.013573819771409035, 0.008447849191725254, 0.010137394070625305, 0.009086153469979763, 0.01635969802737236, 0.009449535980820656, 0.01213713176548481, 0.008204808458685875, 0.00920136645436287, 0.009674474596977234, 0.011505022644996643, 0.018623322248458862, 0.00966390036046505, 0.007379494607448578, 0.008055263198912144, 0.011827569454908371, 0.008499165065586567, 0.011850747279822826, 0.015579619444906712, 0.011134233325719833, 0.015103564597666264, 0.012309241108596325, 0.009668534621596336, 0.011647357605397701, 0.011235445737838745, 0.013291758485138416, 0.016917383298277855, 0.018395300954580307]}