{"loss": -0.9288380742073059, "character_probs": [0.01367616094648838, 0.014936983585357666, 0.017504824325442314, 0.017785146832466125, 0.008988531306385994, 0.02671683207154274, 0.015561860986053944, 0.008709154091775417, 0.008106490597128868, 0.010136237367987633, 0.01648247241973877, 0.009083472192287445, 0.010258256457746029, 0.007919909432530403, 0.00995969120413065, 0.008530667051672935, 0.007626013830304146, 0.008864069357514381, 0.008385746739804745, 0.008205883204936981, 0.009056348353624344, 0.0074555580504238605, 0.007351115345954895, 0.007632542867213488, 0.011201607063412666, 0.009020645171403885, 0.008696789853274822, 0.012175334617495537, 0.008977120742201805, 0.009997821412980556, 0.008758559823036194, 0.009183971211314201, 0.008943811058998108, 0.008432107977569103, 0.010857158340513706, 0.008360430598258972, 0.00781143456697464, 0.00798315554857254, 0.019327973946928978, 0.007521499413996935, 0.007872235961258411, 0.009768500924110413, 0.010990390554070473, 0.008117648772895336, 0.008082211948931217, 0.00864180363714695, 0.0073854755610227585, 0.01159780751913786, 0.013927155174314976, 0.007372632622718811, 0.008933346718549728, 0.007660298608243465, 0.009979947470128536, 0.017164569348096848, 0.007564146537333727, 0.012629954144358635, 0.007839815691113472, 0.008691225200891495, 0.00926594901829958, 0.00814590509980917, 0.00753911305218935, 0.00871164258569479, 0.013368932530283928, 0.008199293166399002, 0.008004790171980858, 0.012146859429776669, 0.013798201456665993, 0.009651312604546547, 0.008035491220653057, 0.012227823957800865, 0.008777742274105549, 0.010757156647741795, 0.008097757585346699, 0.012455930933356285, 0.009849509224295616, 0.008010976947844028, 0.008614374324679375, 0.008368737995624542, 0.023191973567008972], "weapon_probs": [0.02344360202550888, 0.011340328492224216, 0.050169795751571655, 0.012998308055102825, 0.010980116203427315, 0.016373369842767715, 0.011330636218190193, 0.009990449994802475, 0.007928515784442425, 0.008781248703598976, 0.0116128483787179, 0.009052813053131104, 0.010458136908710003, 0.00997516606003046, 0.007518220227211714, 0.009299194440245628, 0.021017663180828094, 0.0085719283670187, 0.017740454524755478, 0.007575048599392176, 0.010853365063667297, 0.007547734770923853, 0.007469143718481064, 0.009381536394357681, 0.013726107776165009, 0.007993976585566998, 0.010598065331578255, 0.01038888469338417, 0.00929037295281887, 0.008660202845931053, 0.0071891131810843945, 0.011837758123874664, 0.008588124066591263, 0.010541997849941254, 0.014636814594268799, 0.012051023542881012, 0.008433996699750423, 0.008245647884905338, 0.008361772634088993, 0.012009376659989357, 0.01014481857419014, 0.008676626719534397, 0.009573284536600113, 0.012767916545271873, 0.011966662481427193, 0.009467065334320068, 0.013916902244091034, 0.011676066555082798, 0.016561046242713928, 0.007680883631110191, 0.013544073328375816, 0.007972692139446735, 0.011954287998378277, 0.010284150019288063, 0.009935986250638962, 0.010354777798056602, 0.014530939981341362, 0.012947684153914452, 0.014421030879020691]}