{"loss": 0.04820674657821655, "character_probs": [0.021604139357805252, 0.023802153766155243, 0.013263595290482044, 0.011134790256619453, 0.009962812066078186, 0.020426664501428604, 0.008070031180977821, 0.010088220238685608, 0.01063455082476139, 0.012910937890410423, 0.009082059375941753, 0.015385456383228302, 0.007947410456836224, 0.008935758844017982, 0.008155325427651405, 0.007850401103496552, 0.010148362256586552, 0.007470192853361368, 0.007615275215357542, 0.013620330020785332, 0.017516829073429108, 0.007080059498548508, 0.00822449754923582, 0.008936611004173756, 0.007885636761784554, 0.007868992164731026, 0.009388195350766182, 0.008289790712296963, 0.01061200350522995, 0.009612484835088253, 0.010125970467925072, 0.007272936869412661, 0.0073395175859332085, 0.008734125643968582, 0.008047007955610752, 0.007619902491569519, 0.008597055450081825, 0.007502000313252211, 0.00874339696019888, 0.007318945601582527, 0.008856259286403656, 0.008470832370221615, 0.014951041899621487, 0.010234154760837555, 0.016926005482673645, 0.011116515845060349, 0.007365855388343334, 0.008084932342171669, 0.008707842789590359, 0.008505572564899921, 0.0075793033465743065, 0.008880638517439365, 0.010865931399166584, 0.00819233525544405, 0.01013908814638853, 0.008375955745577812, 0.01155107282102108, 0.015255967155098915, 0.007493347395211458, 0.009080067276954651, 0.008653221651911736, 0.009176035411655903, 0.013032537885010242, 0.007487988565117121, 0.008368030190467834, 0.008104280568659306, 0.0106562664732337, 0.0131367864087224, 0.007745744660496712, 0.009579779580235481, 0.011137505061924458, 0.020246464759111404, 0.009457964450120926, 0.00836938712745905, 0.008576824329793453, 0.008631463162600994, 0.011586204171180725, 0.008920395746827126, 0.009305193088948727], "weapon_probs": [0.02903827279806137, 0.017743930220603943, 0.02624766156077385, 0.009873309172689915, 0.016218535602092743, 0.01073240302503109, 0.012486960738897324, 0.01618383638560772, 0.009961169213056564, 0.009335708804428577, 0.009401376359164715, 0.009441354312002659, 0.00816573016345501, 0.010700440034270287, 0.011793247424066067, 0.012269318103790283, 0.009656078182160854, 0.007985781878232956, 0.023309309035539627, 0.00912712886929512, 0.00926118902862072, 0.009231174364686012, 0.00874676275998354, 0.008863692171871662, 0.008960817940533161, 0.0076015111990273, 0.007678949739784002, 0.02451825886964798, 0.008494323119521141, 0.02222948521375656, 0.00840956810861826, 0.00938853807747364, 0.007638376671820879, 0.008347028866410255, 0.009696480818092823, 0.008024905808269978, 0.007943178527057171, 0.01188961137086153, 0.0090275127440691, 0.007363327778875828, 0.015958890318870544, 0.010325878858566284, 0.008850932121276855, 0.02025533653795719, 0.011146063916385174, 0.008670513518154621, 0.009341518394649029, 0.009518308565020561, 0.011684803292155266, 0.007770692929625511, 0.00859132595360279, 0.037761345505714417, 0.017967723309993744, 0.008012264966964722, 0.009052127599716187, 0.007772892713546753, 0.011129235848784447, 0.007649644277989864, 0.00949767604470253]}