{"loss": 0.6879633069038391, "character_probs": [0.0209517702460289, 0.01284857839345932, 0.014187614433467388, 0.015101602301001549, 0.013842415064573288, 0.01214040257036686, 0.010324536822736263, 0.013593845069408417, 0.008337431587278843, 0.008315429091453552, 0.00929890014231205, 0.01456584595143795, 0.01388787291944027, 0.010147743858397007, 0.01105562224984169, 0.010826440528035164, 0.00786548387259245, 0.009113949723541737, 0.008231790736317635, 0.008037649095058441, 0.009392434731125832, 0.007751761469990015, 0.009957386180758476, 0.00820192415267229, 0.009461491368710995, 0.01043768785893917, 0.00893956795334816, 0.008164431899785995, 0.007354435510933399, 0.01094307191669941, 0.019194211810827255, 0.01043780893087387, 0.009245451539754868, 0.01286332868039608, 0.009038436226546764, 0.00843060202896595, 0.008091658353805542, 0.008705254644155502, 0.008080153726041317, 0.009208080358803272, 0.007809735834598541, 0.01732325553894043, 0.008825489319860935, 0.009517405182123184, 0.007905048318207264, 0.009390058927237988, 0.007952975109219551, 0.007753278594464064, 0.01077011227607727, 0.011913391761481762, 0.015581785701215267, 0.007713033817708492, 0.008948063477873802, 0.008230662904679775, 0.0075813839212059975, 0.009829853661358356, 0.009985813871026039, 0.007906092330813408, 0.00816931203007698, 0.012199132703244686, 0.008140631020069122, 0.011474350467324257, 0.009753433056175709, 0.007998495362699032, 0.00826481357216835, 0.011561185121536255, 0.009002363309264183, 0.008867533877491951, 0.009699882939457893, 0.011177225038409233, 0.01403874158859253, 0.008719113655388355, 0.008047843351960182, 0.011883236467838287, 0.011893466114997864, 0.013519277796149254, 0.009866761043667793, 0.008230787701904774, 0.011084903962910175], "weapon_probs": [0.026419054716825485, 0.03296990692615509, 0.017588453367352486, 0.011644445359706879, 0.009305580519139767, 0.00990961492061615, 0.02339843660593033, 0.011113782413303852, 0.01393840741366148, 0.010200547985732555, 0.010354814119637012, 0.009134452790021896, 0.011660506017506123, 0.012441365979611874, 0.007443864829838276, 0.008192738518118858, 0.011893320828676224, 0.02338198944926262, 0.011663762852549553, 0.008790538646280766, 0.008210009895265102, 0.008445614948868752, 0.00996228028088808, 0.008385040797293186, 0.008402465842664242, 0.007744491100311279, 0.007709973491728306, 0.007392598316073418, 0.008259844034910202, 0.00862941611558199, 0.015223382040858269, 0.01396066602319479, 0.011023149825632572, 0.0081985704600811, 0.009225198067724705, 0.009676125831902027, 0.007916538044810295, 0.008288508281111717, 0.008941072970628738, 0.007366362493485212, 0.013645386323332787, 0.007372737396508455, 0.011639527976512909, 0.007565935607999563, 0.016832612454891205, 0.01707395166158676, 0.00883774645626545, 0.01860818639397621, 0.01197095774114132, 0.00866103544831276, 0.017364103347063065, 0.017601892352104187, 0.00789741612970829, 0.008986314758658409, 0.008374350145459175, 0.010821006260812283, 0.014900189824402332, 0.014240579679608345, 0.01783096045255661]}