{"loss": 0.6991448998451233, "character_probs": [0.029267463833093643, 0.018164684996008873, 0.010292839258909225, 0.01613844558596611, 0.011322611011564732, 0.020132355391979218, 0.009200047701597214, 0.008937934413552284, 0.012333756312727928, 0.008324675261974335, 0.009538320824503899, 0.011416414752602577, 0.014918291009962559, 0.008438654243946075, 0.00941693689674139, 0.007912945002317429, 0.007673927582800388, 0.008072370663285255, 0.00849439762532711, 0.008225205354392529, 0.014392017386853695, 0.007637698203325272, 0.007924131117761135, 0.0075211175717413425, 0.00799936056137085, 0.0077717481181025505, 0.009403010830283165, 0.008237414062023163, 0.012069879099726677, 0.011341927573084831, 0.008197993040084839, 0.009967762976884842, 0.008028369396924973, 0.009114488027989864, 0.007877216674387455, 0.009533186443150043, 0.007672417908906937, 0.00878075696527958, 0.010030519217252731, 0.012157116085290909, 0.007909349165856838, 0.007683498319238424, 0.00782417505979538, 0.00857971329241991, 0.009516998194158077, 0.009116764180362225, 0.007515542209148407, 0.01045727077871561, 0.01065649650990963, 0.009360238909721375, 0.010126709006726742, 0.01033183466643095, 0.008264737203717232, 0.009757308289408684, 0.008841988630592823, 0.00949939712882042, 0.00838572159409523, 0.007427989970892668, 0.008732895366847515, 0.007733858190476894, 0.01058339886367321, 0.007961645722389221, 0.008197667077183723, 0.03559575602412224, 0.007872427813708782, 0.009512141346931458, 0.007931836880743504, 0.008222394622862339, 0.015320456586778164, 0.009428687393665314, 0.008140002377331257, 0.008436298929154873, 0.007391327992081642, 0.009455958381295204, 0.00923800840973854, 0.009301086887717247, 0.010005018673837185, 0.0077432612888514996, 0.013257883489131927], "weapon_probs": [0.022333350032567978, 0.018403280526399612, 0.0212579183280468, 0.014198575168848038, 0.009927481412887573, 0.020127184689044952, 0.00900777243077755, 0.007229114416986704, 0.012077372521162033, 0.02873903512954712, 0.013004150241613388, 0.010902270674705505, 0.007941309362649918, 0.0075118388049304485, 0.017803501337766647, 0.00983409397304058, 0.01162156742066145, 0.007715057581663132, 0.010492036119103432, 0.009293826296925545, 0.01214398443698883, 0.007532965391874313, 0.008670593611896038, 0.011685702949762344, 0.008015715517103672, 0.01991092413663864, 0.007862274535000324, 0.024815015494823456, 0.009778166189789772, 0.010121999308466911, 0.007434357423335314, 0.007076301146298647, 0.011276954784989357, 0.015244727954268456, 0.007875284180045128, 0.007893122732639313, 0.008189511485397816, 0.00818150956183672, 0.00814331416040659, 0.00920378603041172, 0.008542277850210667, 0.00783061794936657, 0.009030664339661598, 0.009111977182328701, 0.010069643147289753, 0.009910081513226032, 0.013998620212078094, 0.007943255826830864, 0.009935268200933933, 0.0118301035836339, 0.009344799444079399, 0.01810755953192711, 0.024200018495321274, 0.01369340717792511, 0.016252269968390465, 0.01478845626115799, 0.00869560893625021, 0.007878705859184265, 0.012681938707828522]}