{"loss": -0.3855840563774109, "character_probs": [0.018367184326052666, 0.013525214046239853, 0.0089155538007617, 0.015609451569616795, 0.009880299679934978, 0.011297566816210747, 0.018091043457388878, 0.009914509952068329, 0.010810472071170807, 0.012484241276979446, 0.018901608884334564, 0.008954215794801712, 0.018094312399625778, 0.011510990560054779, 0.012637000530958176, 0.010223452001810074, 0.007449779659509659, 0.008019032888114452, 0.008572710677981377, 0.007573472335934639, 0.00864793173968792, 0.008311021141707897, 0.010910918936133385, 0.00846025999635458, 0.009591343812644482, 0.008426927961409092, 0.007386211771517992, 0.008591009303927422, 0.007175593636929989, 0.011965918354690075, 0.007229830138385296, 0.00803422462195158, 0.007891591638326645, 0.009778808802366257, 0.013584164902567863, 0.008869171142578125, 0.008822804316878319, 0.00782007910311222, 0.010755684226751328, 0.011778879910707474, 0.009128956124186516, 0.0077641489915549755, 0.010321332141757011, 0.011892953887581825, 0.008090101182460785, 0.00901425164192915, 0.009979646652936935, 0.009922700934112072, 0.008110525086522102, 0.010918457061052322, 0.008037352003157139, 0.007626261096447706, 0.007597386837005615, 0.008072220720350742, 0.015698766335844994, 0.009177407249808311, 0.012942161411046982, 0.009634794667363167, 0.009996666572988033, 0.008378049358725548, 0.012132450938224792, 0.01798534207046032, 0.010231763124465942, 0.007444024085998535, 0.008657771162688732, 0.007780461106449366, 0.009045254439115524, 0.009019466117024422, 0.010441041551530361, 0.009599804878234863, 0.008350491523742676, 0.021403644233942032, 0.009205089882016182, 0.00864771194756031, 0.00900755450129509, 0.01865415833890438, 0.011296706274151802, 0.013526314869523048, 0.008588684722781181], "weapon_probs": [0.03665769472718239, 0.02234138548374176, 0.026162512600421906, 0.007933893240988255, 0.010144311934709549, 0.010342033579945564, 0.013529844582080841, 0.013048997148871422, 0.010325467213988304, 0.015096684917807579, 0.0075041381642222404, 0.024996355175971985, 0.008513910695910454, 0.00821719691157341, 0.008071128278970718, 0.009523753076791763, 0.007343058008700609, 0.007553268689662218, 0.012189794331789017, 0.00859272200614214, 0.008332529105246067, 0.00952506810426712, 0.010134786367416382, 0.012654691934585571, 0.009383811615407467, 0.0074158464558422565, 0.025517046451568604, 0.008048140443861485, 0.00751212565228343, 0.013031748123466969, 0.008334754034876823, 0.007948344573378563, 0.008538708090782166, 0.007693123538047075, 0.0072965663857758045, 0.015520583838224411, 0.012186562642455101, 0.007439602632075548, 0.009774747304618359, 0.007701643276959658, 0.00967126153409481, 0.02115582674741745, 0.00888163223862648, 0.009909629821777344, 0.00880220253020525, 0.010385583154857159, 0.013405196368694305, 0.00816534273326397, 0.007929513230919838, 0.008500389754772186, 0.008352800272405148, 0.011189861223101616, 0.007942811585962772, 0.013499435037374496, 0.01265699788928032, 0.007750554475933313, 0.02738659828901291, 0.010692606680095196, 0.00801028124988079]}