{"loss": -0.9506345391273499, "character_probs": [0.015387133695185184, 0.01997246965765953, 0.025658030062913895, 0.01277232263237238, 0.014040173962712288, 0.00978687684983015, 0.01049804501235485, 0.010559668764472008, 0.013473212718963623, 0.007591336499899626, 0.008389097638428211, 0.009761877357959747, 0.007597159128636122, 0.010551303625106812, 0.011499721556901932, 0.01831314153969288, 0.00812701229006052, 0.008131163194775581, 0.011282499879598618, 0.00951780378818512, 0.007576144766062498, 0.008409293368458748, 0.008610396645963192, 0.009822954423725605, 0.008318954147398472, 0.0072793615981936455, 0.011114753782749176, 0.007898958399891853, 0.007246165536344051, 0.007711857557296753, 0.007585158571600914, 0.011611782014369965, 0.007993113249540329, 0.008892031386494637, 0.009916562587022781, 0.008744291961193085, 0.014228392392396927, 0.008707623928785324, 0.007271298207342625, 0.010083203203976154, 0.0083647845312953, 0.011014649644494057, 0.007412253879010677, 0.007536442019045353, 0.007703465409576893, 0.007397496607154608, 0.0077629233710467815, 0.015376497060060501, 0.009704964235424995, 0.007567864842712879, 0.008934791199862957, 0.02297690510749817, 0.00875137373805046, 0.007633629254996777, 0.009304801933467388, 0.007824137806892395, 0.010747035965323448, 0.00853155367076397, 0.017463795840740204, 0.008963988162577152, 0.008285338059067726, 0.008481984958052635, 0.008014269173145294, 0.009469587355852127, 0.009932976216077805, 0.008664201013743877, 0.012013306841254234, 0.011811759322881699, 0.009792775847017765, 0.010825281962752342, 0.007238432299345732, 0.011486746370792389, 0.009976514615118504, 0.01070566289126873, 0.014774098061025143, 0.00946054793894291, 0.011094313114881516, 0.009663233533501625, 0.010533652268350124], "weapon_probs": [0.0272853784263134, 0.017768267542123795, 0.022494100034236908, 0.012898502871394157, 0.012352805584669113, 0.014560427516698837, 0.010686879977583885, 0.013756540603935719, 0.012930035591125488, 0.021804800257086754, 0.011735387146472931, 0.008876132778823376, 0.010579157620668411, 0.010870419442653656, 0.013802049681544304, 0.01900409162044525, 0.01058010570704937, 0.010391023010015488, 0.008515573106706142, 0.009204057976603508, 0.00953430961817503, 0.012972850352525711, 0.0073862457647919655, 0.00798612367361784, 0.00890381634235382, 0.011222580447793007, 0.008068016730248928, 0.009416411630809307, 0.007345964200794697, 0.011224638670682907, 0.008878636173903942, 0.009024289436638355, 0.008388056419789791, 0.00802857056260109, 0.007818397134542465, 0.009955614805221558, 0.008311666548252106, 0.0098219383507967, 0.018584011122584343, 0.011084368452429771, 0.011150146834552288, 0.007598878350108862, 0.015144637785851955, 0.007816139608621597, 0.01105566881597042, 0.013038301840424538, 0.009806115180253983, 0.010349541902542114, 0.009675165638327599, 0.009296284057199955, 0.018890101462602615, 0.023123454302549362, 0.00832680519670248, 0.009575304575264454, 0.01029487606137991, 0.013375024311244488, 0.01125391386449337, 0.02542552351951599, 0.012606736272573471]}