{"loss": 0.9574109315872192, "character_probs": [0.01690315082669258, 0.025778036564588547, 0.016557060182094574, 0.01374837290495634, 0.009888391010463238, 0.008019612170755863, 0.008803103119134903, 0.014745423570275307, 0.008582166396081448, 0.007522151339799166, 0.012761414051055908, 0.009532693773508072, 0.015402605757117271, 0.018970269709825516, 0.008261663839221, 0.008432794362306595, 0.010213598608970642, 0.007292207796126604, 0.008630392141640186, 0.009678889065980911, 0.0072277565486729145, 0.007692464627325535, 0.013662563636898994, 0.009205898270010948, 0.008884585462510586, 0.009719286113977432, 0.012057085521519184, 0.007598134223371744, 0.007863976992666721, 0.007341703400015831, 0.007628127001225948, 0.008341416716575623, 0.007953356951475143, 0.008634584955871105, 0.009217183105647564, 0.007483871188014746, 0.009659872390329838, 0.00923534668982029, 0.010669016279280186, 0.010988567024469376, 0.010218385607004166, 0.008466622792184353, 0.008967079222202301, 0.009143099188804626, 0.016453679651021957, 0.012613261118531227, 0.00875145848840475, 0.007402308285236359, 0.007918288931250572, 0.012480014935135841, 0.00768751697614789, 0.0075004431419074535, 0.007779651787132025, 0.008474990725517273, 0.007118223700672388, 0.010413835756480694, 0.0175158753991127, 0.008292791433632374, 0.01270083338022232, 0.011960085481405258, 0.009069625288248062, 0.007987188175320625, 0.008499792777001858, 0.01034796517342329, 0.010619409382343292, 0.009799204766750336, 0.007730003446340561, 0.008083561435341835, 0.01139654777944088, 0.010468535125255585, 0.009416317567229271, 0.008897688239812851, 0.008519673720002174, 0.009782440029084682, 0.02363356202840805, 0.008143455721437931, 0.01164877787232399, 0.013722906820476055, 0.007501821033656597], "weapon_probs": [0.030079130083322525, 0.02150719054043293, 0.028189457952976227, 0.009964209981262684, 0.010312735103070736, 0.012239488773047924, 0.015863191336393356, 0.01762571558356285, 0.008894268423318863, 0.008681440725922585, 0.012587537989020348, 0.012112516909837723, 0.011078476905822754, 0.01754986122250557, 0.009210899472236633, 0.011150817386806011, 0.01163419708609581, 0.007518600672483444, 0.011596683412790298, 0.011690780520439148, 0.00976286269724369, 0.011934586800634861, 0.009984847158193588, 0.008466418832540512, 0.007615870796144009, 0.009761499240994453, 0.010578097775578499, 0.007688041776418686, 0.00924253836274147, 0.007799406070262194, 0.007924945093691349, 0.008621363900601864, 0.008700240403413773, 0.007232895586639643, 0.010152406059205532, 0.007609973661601543, 0.011469542980194092, 0.008329094387590885, 0.00856209360063076, 0.0076035442762076855, 0.013264616951346397, 0.009833784773945808, 0.008499272167682648, 0.013659408316016197, 0.016629943624138832, 0.010922233574092388, 0.012245267629623413, 0.012352976948022842, 0.009240057319402695, 0.010506545193493366, 0.01895410194993019, 0.008607943542301655, 0.03155256435275078, 0.014614749699831009, 0.016479691490530968, 0.009148059412837029, 0.012337489053606987, 0.009589863009750843, 0.007579030469059944]}