{"loss": 0.7078036069869995, "character_probs": [0.018534274771809578, 0.011895239353179932, 0.008972801268100739, 0.02099599316716194, 0.014619410037994385, 0.008125879801809788, 0.010659039951860905, 0.013602773658931255, 0.010802676901221275, 0.008424409665167332, 0.011981610208749771, 0.02094252221286297, 0.01046891137957573, 0.011015756987035275, 0.015700731426477432, 0.011951318010687828, 0.009684051387012005, 0.010153459385037422, 0.011177169159054756, 0.007539089769124985, 0.008531820960342884, 0.009418973699212074, 0.009512150660157204, 0.0073880646377801895, 0.009441638365387917, 0.007297124247997999, 0.010974716395139694, 0.009547075256705284, 0.008678773418068886, 0.008490519598126411, 0.00816996768116951, 0.007813096977770329, 0.008084706962108612, 0.009837369434535503, 0.007820027880370617, 0.007615214213728905, 0.008082074113190174, 0.010743258520960808, 0.00945598166435957, 0.013043969869613647, 0.007986429147422314, 0.008348113857209682, 0.010530050843954086, 0.007390693761408329, 0.00804489478468895, 0.011348597705364227, 0.008545946329832077, 0.007773574907332659, 0.007547741290181875, 0.007752694189548492, 0.008065973408520222, 0.0071746837347745895, 0.012077044695615768, 0.013286376371979713, 0.014837080612778664, 0.008605699054896832, 0.009573197923600674, 0.00850438792258501, 0.008740495890378952, 0.008930862881243229, 0.013894166797399521, 0.01248250249773264, 0.008073468692600727, 0.009772069752216339, 0.00787439662963152, 0.015019056387245655, 0.011112453415989876, 0.009073534980416298, 0.008388313464820385, 0.009103052318096161, 0.011166386306285858, 0.01387869007885456, 0.011268243193626404, 0.007758311927318573, 0.007679169997572899, 0.016721611842513084, 0.008097012527287006, 0.010734623298048973, 0.021740784868597984], "weapon_probs": [0.016793251037597656, 0.015353948809206486, 0.02157793752849102, 0.027248885482549667, 0.024575185030698776, 0.010712189599871635, 0.01716500148177147, 0.013742540031671524, 0.020884878933429718, 0.014259825460612774, 0.008851053193211555, 0.008894599974155426, 0.007785658352077007, 0.00943584181368351, 0.009159104898571968, 0.008117674849927425, 0.008722132071852684, 0.008925560861825943, 0.010915178805589676, 0.009261705912649632, 0.0080636041238904, 0.008070218376815319, 0.009293070062994957, 0.011507422663271427, 0.008564110845327377, 0.012866156175732613, 0.007819653488695621, 0.008970406837761402, 0.008472026325762272, 0.013109018094837666, 0.008291801437735558, 0.008337615989148617, 0.011753059923648834, 0.00748904375359416, 0.009167252108454704, 0.008995735086500645, 0.009664425626397133, 0.012135078199207783, 0.011492094956338406, 0.02829965576529503, 0.009172364138066769, 0.007913674227893353, 0.013518078252673149, 0.013403311371803284, 0.00889571662992239, 0.009654595516622066, 0.012775168754160404, 0.009627220220863819, 0.008294652216136456, 0.009441002272069454, 0.008560091257095337, 0.009036977775394917, 0.009171939454972744, 0.020869415253400803, 0.01498347707092762, 0.012635476887226105, 0.011295469477772713, 0.009221881628036499, 0.011374386958777905]}