{"loss": 0.9015309810638428, "character_probs": [0.02942834049463272, 0.012479406781494617, 0.017228806391358376, 0.011311693117022514, 0.012011976912617683, 0.00838998518884182, 0.017651204019784927, 0.007630683947354555, 0.010490534827113152, 0.012723280116915703, 0.008088234812021255, 0.009521892294287682, 0.011861935257911682, 0.008495068177580833, 0.008302923291921616, 0.01489077415317297, 0.01426724810153246, 0.007687659468501806, 0.009217766113579273, 0.009616530500352383, 0.007537070196121931, 0.007676809094846249, 0.008852251805365086, 0.00802852213382721, 0.011909427121281624, 0.0117736104875803, 0.009306954219937325, 0.009141155518591404, 0.009506935253739357, 0.007477920036762953, 0.007737175095826387, 0.008478320203721523, 0.007249463815242052, 0.007947920821607113, 0.00775387417525053, 0.010991184040904045, 0.007517332211136818, 0.008351962082087994, 0.010510001331567764, 0.009780044667422771, 0.012546010315418243, 0.008933214470744133, 0.010276688262820244, 0.009530901908874512, 0.0087398337200284, 0.009538070298731327, 0.011822514235973358, 0.008678190410137177, 0.009817413985729218, 0.008360682055354118, 0.007488620467483997, 0.008467067033052444, 0.010831426829099655, 0.008072266355156898, 0.008212905377149582, 0.014028740115463734, 0.012126118876039982, 0.008551211096346378, 0.012433408759534359, 0.007417622487992048, 0.008949578739702702, 0.00786682404577732, 0.013846440240740776, 0.024712957441806793, 0.009256076067686081, 0.008698796853423119, 0.008078423328697681, 0.010615856386721134, 0.007322212215512991, 0.008195843547582626, 0.008910346776247025, 0.00748218921944499, 0.009343143552541733, 0.00924011692404747, 0.00903969444334507, 0.0091237248852849, 0.012915786355733871, 0.01194569282233715, 0.010338416323065758], "weapon_probs": [0.02500610426068306, 0.030735589563846588, 0.012223171070218086, 0.015074470080435276, 0.010408557951450348, 0.014216108247637749, 0.015210057608783245, 0.013461990281939507, 0.011381796561181545, 0.009187394753098488, 0.011365078389644623, 0.014905722811818123, 0.007807835936546326, 0.01323590986430645, 0.007779989391565323, 0.021549444645643234, 0.009759798645973206, 0.010467398911714554, 0.007885174825787544, 0.009229898452758789, 0.012989195063710213, 0.011836165562272072, 0.008088795468211174, 0.017077481374144554, 0.007275380194187164, 0.011360026895999908, 0.009673978202044964, 0.00878192950040102, 0.008383788168430328, 0.007861664518713951, 0.007834811694920063, 0.02107587829232216, 0.0075285411439836025, 0.007863140664994717, 0.011133499443531036, 0.007431176025420427, 0.009567003697156906, 0.010751936584711075, 0.007693950552493334, 0.013059791177511215, 0.008396733552217484, 0.009197238832712173, 0.010695932433009148, 0.010511461645364761, 0.00738300196826458, 0.009670225903391838, 0.012210375629365444, 0.01111895777285099, 0.008572438731789589, 0.009432160295546055, 0.028456799685955048, 0.02144111692905426, 0.008224088698625565, 0.009977852925658226, 0.01360061950981617, 0.008213931694626808, 0.009499006904661655, 0.009185628965497017, 0.014131128787994385]}