{"loss": -0.76800137758255, "character_probs": [0.012871322222054005, 0.01915828324854374, 0.01841115392744541, 0.017773963510990143, 0.01501184981316328, 0.009230426512658596, 0.012610075995326042, 0.007413673680275679, 0.015225948765873909, 0.017574315890669823, 0.007987458258867264, 0.009068628773093224, 0.007497845217585564, 0.007702152710407972, 0.010588801465928555, 0.0072936853393912315, 0.011680927127599716, 0.00803068932145834, 0.008172971196472645, 0.007667127065360546, 0.008356488309800625, 0.00858693104237318, 0.0072969235479831696, 0.008383694104850292, 0.0072623202577233315, 0.014212433248758316, 0.00763248186558485, 0.015323911793529987, 0.007461585570126772, 0.00788227841258049, 0.009018348529934883, 0.007828287780284882, 0.008857869543135166, 0.017934605479240417, 0.007646555546671152, 0.009472335688769817, 0.009063745848834515, 0.008537896908819675, 0.009746219962835312, 0.00947665050625801, 0.014993226155638695, 0.0106069790199399, 0.009426160715520382, 0.009387394413352013, 0.008686362765729427, 0.007407502271234989, 0.007833359763026237, 0.011445712298154831, 0.011176327243447304, 0.00734784547239542, 0.01123108807951212, 0.014949631877243519, 0.007610204629600048, 0.007999592460691929, 0.007673878688365221, 0.008594355545938015, 0.010348191484808922, 0.01289764977991581, 0.009988494217395782, 0.00769686559215188, 0.0107993483543396, 0.00786555651575327, 0.010801887139678001, 0.013405824080109596, 0.014577185735106468, 0.010220603086054325, 0.00846300832927227, 0.008368180133402348, 0.009150810539722443, 0.01092439517378807, 0.011591836810112, 0.009510627016425133, 0.027665987610816956, 0.007227976806461811, 0.00893405731767416, 0.009831256233155727, 0.016040273010730743, 0.0159758348017931, 0.009675955399870872], "weapon_probs": [0.016793645918369293, 0.024111025035381317, 0.014911146834492683, 0.01943161152303219, 0.010461634956300259, 0.012549825012683868, 0.009733041748404503, 0.014228250831365585, 0.010399773716926575, 0.026222724467515945, 0.008468388579785824, 0.013171501457691193, 0.012440027669072151, 0.013812262564897537, 0.009114027954638004, 0.009849978610873222, 0.008704687468707561, 0.00960242748260498, 0.013976192101836205, 0.015185185708105564, 0.008702855557203293, 0.014761250466108322, 0.00965774804353714, 0.007531005423516035, 0.008780369535088539, 0.008780977688729763, 0.008730974048376083, 0.007881520316004753, 0.026100587099790573, 0.010328424163162708, 0.01074529904872179, 0.010741806589066982, 0.007311360444873571, 0.00802349392324686, 0.007484440691769123, 0.0149164330214262, 0.013561923056840897, 0.009836473502218723, 0.008240841329097748, 0.008892044425010681, 0.007811711169779301, 0.016295086592435837, 0.012118400074541569, 0.010676197707653046, 0.010388292372226715, 0.008642865344882011, 0.014643292874097824, 0.01018015667796135, 0.00841126125305891, 0.009663300588726997, 0.011184889823198318, 0.008448822423815727, 0.011057763360440731, 0.012362325564026833, 0.017628543078899384, 0.010210548527538776, 0.019402995705604553, 0.015128414146602154, 0.016223140060901642]}