{"loss": 0.8845208287239075, "character_probs": [0.01918846368789673, 0.013693236745893955, 0.014790349639952183, 0.01835433766245842, 0.013205055147409439, 0.0104106105864048, 0.013420036993920803, 0.014630714431405067, 0.011827440932393074, 0.013024332001805305, 0.008819065056741238, 0.010865294374525547, 0.010338721796870232, 0.008058303035795689, 0.009347573854029179, 0.012611156329512596, 0.010219789110124111, 0.009438428096473217, 0.008481824770569801, 0.008075538091361523, 0.013798936270177364, 0.009187847375869751, 0.007518545258790255, 0.010058708488941193, 0.0076129380613565445, 0.01099457684904337, 0.008125271648168564, 0.011891292408108711, 0.007908693514764309, 0.01070836465805769, 0.008404011838138103, 0.008601364679634571, 0.007572500500828028, 0.007465661503374577, 0.00761321559548378, 0.007439376320689917, 0.010719181969761848, 0.0077825975604355335, 0.008481383323669434, 0.009220628999173641, 0.011810557916760445, 0.010375652462244034, 0.008740833960473537, 0.008803969249129295, 0.008389007300138474, 0.007195201702415943, 0.00997193157672882, 0.009511277079582214, 0.01354203186929226, 0.008746204897761345, 0.007837648503482342, 0.008050646632909775, 0.008497444912791252, 0.008200803771615028, 0.008781177923083305, 0.014277678914368153, 0.013797834515571594, 0.009534815326333046, 0.009526047855615616, 0.007429980207234621, 0.008884510956704617, 0.009179743938148022, 0.010631266981363297, 0.007504614535719156, 0.011028826236724854, 0.01995306834578514, 0.008931734599173069, 0.007703913375735283, 0.010455543175339699, 0.011809409596025944, 0.007496311794966459, 0.01714332029223442, 0.02174627035856247, 0.007425545249134302, 0.007714758161455393, 0.00799536518752575, 0.008831450715661049, 0.009547685272991657, 0.00761637557297945], "weapon_probs": [0.03618204593658447, 0.011514265090227127, 0.0315297394990921, 0.009550328366458416, 0.018286604434251785, 0.01169667486101389, 0.008410775102674961, 0.009605195373296738, 0.008901833556592464, 0.010336559265851974, 0.017670370638370514, 0.009124437347054482, 0.009613010101020336, 0.018844539299607277, 0.009068584069609642, 0.008400161750614643, 0.009127617813646793, 0.011437168344855309, 0.01048271544277668, 0.007781516760587692, 0.008758911862969398, 0.008340435102581978, 0.007176002021878958, 0.007552988361567259, 0.00861583836376667, 0.010292762890458107, 0.012631310150027275, 0.019979648292064667, 0.011589983478188515, 0.00808800756931305, 0.019304519519209862, 0.008500763215124607, 0.009583139792084694, 0.008640865795314312, 0.007767784409224987, 0.007451286073774099, 0.012730548158288002, 0.012015748769044876, 0.008054785430431366, 0.018797699362039566, 0.012789102271199226, 0.013741115108132362, 0.007412268314510584, 0.009840664453804493, 0.008420371450483799, 0.008461015298962593, 0.008858361281454563, 0.012974441051483154, 0.007807942107319832, 0.009139777161180973, 0.012858380563557148, 0.021111194044351578, 0.009617142379283905, 0.009715944528579712, 0.020308122038841248, 0.01024743914604187, 0.010004834271967411, 0.011165091767907143, 0.008602549321949482]}