{"loss": 0.9371242523193359, "character_probs": [0.04102963209152222, 0.011828996241092682, 0.010337190702557564, 0.010733638890087605, 0.008493458852171898, 0.01044032908976078, 0.011208203621208668, 0.023049119859933853, 0.009094372391700745, 0.008540114387869835, 0.007167344447225332, 0.01008596457540989, 0.009651382453739643, 0.015791762620210648, 0.008128619752824306, 0.007613032590597868, 0.00733192590996623, 0.007599323987960815, 0.010464771650731564, 0.009749235585331917, 0.008648854680359364, 0.013049930334091187, 0.01039071474224329, 0.012042311020195484, 0.00897330790758133, 0.007796831429004669, 0.007353765890002251, 0.00812080129981041, 0.007150216028094292, 0.007616234943270683, 0.008871846832334995, 0.007869381457567215, 0.011068780906498432, 0.007963689975440502, 0.011654796078801155, 0.008747669868171215, 0.007296842988580465, 0.009150180965662003, 0.007372268941253424, 0.007940814830362797, 0.007413152139633894, 0.012223158963024616, 0.00796317309141159, 0.009240229614078999, 0.009221811778843403, 0.0078361164778471, 0.011183861643075943, 0.012331163510680199, 0.008098337799310684, 0.012276314198970795, 0.009209489449858665, 0.007517034653574228, 0.00851980410516262, 0.0082155242562294, 0.009794769808650017, 0.008223719894886017, 0.020143605768680573, 0.009776238352060318, 0.014470773749053478, 0.010226717218756676, 0.007676072418689728, 0.007504508830606937, 0.008350227028131485, 0.008734505623579025, 0.008641168475151062, 0.00999241229146719, 0.014854012988507748, 0.010513411834836006, 0.0080115282908082, 0.008319769985973835, 0.008953663520514965, 0.009149404242634773, 0.008169167675077915, 0.01105530932545662, 0.009898223914206028, 0.007513747084885836, 0.012448647990822792, 0.008351864293217659, 0.01162358745932579], "weapon_probs": [0.016801908612251282, 0.021603375673294067, 0.03283894807100296, 0.015830304473638535, 0.012995056807994843, 0.011351007968187332, 0.0084603913128376, 0.009868331253528595, 0.01463678665459156, 0.008591730147600174, 0.022356661036610603, 0.010916829109191895, 0.01866835728287697, 0.009286665357649326, 0.007989151403307915, 0.010339392349123955, 0.015657145529985428, 0.008064303547143936, 0.009708615019917488, 0.008062769658863544, 0.012257669121026993, 0.00953646656125784, 0.0078032067976891994, 0.00984387006610632, 0.010795781388878822, 0.008424212224781513, 0.018898434937000275, 0.008270098827779293, 0.010020442306995392, 0.008062202483415604, 0.011875631287693977, 0.01009698212146759, 0.0086987828835845, 0.008716518059372902, 0.00824193749576807, 0.007997697219252586, 0.011462557129561901, 0.007969290018081665, 0.008310391567647457, 0.008602832444012165, 0.00759266410022974, 0.010037630796432495, 0.008159433491528034, 0.01704404130578041, 0.014033447951078415, 0.01501082256436348, 0.00801763590425253, 0.008201180025935173, 0.019005628302693367, 0.013280044309794903, 0.014263665303587914, 0.008592029102146626, 0.019934244453907013, 0.009816091507673264, 0.012718161568045616, 0.009090268053114414, 0.011516282334923744, 0.009097280912101269, 0.008119745180010796]}