{"loss": -0.8478952050209045, "character_probs": [0.02231624163687229, 0.0259338840842247, 0.01169421523809433, 0.015476562082767487, 0.010384619235992432, 0.008462565019726753, 0.010685396380722523, 0.012966278940439224, 0.00837108213454485, 0.01368434727191925, 0.008036788552999496, 0.008681757375597954, 0.013417551293969154, 0.008775223046541214, 0.009923556819558144, 0.008873297832906246, 0.010857631452381611, 0.008784391917288303, 0.009976401925086975, 0.009092620573937893, 0.008541921153664589, 0.010599330067634583, 0.009758714586496353, 0.011925534345209599, 0.007705783471465111, 0.007852834649384022, 0.007530401460826397, 0.008014070801436901, 0.010934388265013695, 0.012823231518268585, 0.007969195023179054, 0.008096895180642605, 0.00819273293018341, 0.014119538478553295, 0.00918923132121563, 0.007595232222229242, 0.008060142397880554, 0.008777270093560219, 0.008489170111715794, 0.007829689420759678, 0.007459851447492838, 0.007798990700393915, 0.011627286672592163, 0.012020224705338478, 0.0074190800078213215, 0.01679510436952114, 0.007418754976242781, 0.00766755873337388, 0.01021280325949192, 0.007862819358706474, 0.009748043492436409, 0.00806772243231535, 0.010659942403435707, 0.007875107228755951, 0.007977329194545746, 0.009566803462803364, 0.007691116072237492, 0.011055685579776764, 0.008089786395430565, 0.008744376711547375, 0.030801814049482346, 0.009971833787858486, 0.00825376994907856, 0.012339068576693535, 0.007523065432906151, 0.008769867941737175, 0.01252493541687727, 0.008637551218271255, 0.011004330590367317, 0.008980263024568558, 0.008283641189336777, 0.007375648245215416, 0.010699843056499958, 0.008397145196795464, 0.007999087683856487, 0.009291060268878937, 0.009486233815550804, 0.012344971299171448, 0.009590850211679935], "weapon_probs": [0.022562779486179352, 0.025701384991407394, 0.017553240060806274, 0.009590613655745983, 0.023610230535268784, 0.01047777384519577, 0.017270492389798164, 0.013761701062321663, 0.009608672931790352, 0.00786767341196537, 0.009670511819422245, 0.010643095709383488, 0.007782709319144487, 0.01201130636036396, 0.025686655193567276, 0.01059948094189167, 0.009044703096151352, 0.009050998836755753, 0.007613491266965866, 0.01658225804567337, 0.008452082984149456, 0.008400841616094112, 0.01013175118714571, 0.007967155426740646, 0.008485140278935432, 0.02072622999548912, 0.00919703021645546, 0.00922174658626318, 0.010548170655965805, 0.011787964031100273, 0.008637093007564545, 0.009973360225558281, 0.007902560755610466, 0.0073648057878017426, 0.013525400310754776, 0.008258755318820477, 0.01176740974187851, 0.011253446340560913, 0.008010774850845337, 0.007229032460600138, 0.01142792496830225, 0.017622318118810654, 0.007815506309270859, 0.008304302580654621, 0.009783703833818436, 0.009008221328258514, 0.007949922233819962, 0.011669138446450233, 0.008120939135551453, 0.011859054677188396, 0.009260673075914383, 0.018060121685266495, 0.008100953884422779, 0.03249948471784592, 0.009568247944116592, 0.011678874492645264, 0.00969411339610815, 0.008764559403061867, 0.013582270592451096]}