{"loss": 0.5969305038452148, "character_probs": [0.01038618665188551, 0.020475618541240692, 0.021971147507429123, 0.011503975838422775, 0.020211640745401382, 0.016477547585964203, 0.0089291762560606, 0.009245035238564014, 0.013874776661396027, 0.008221996016800404, 0.009589550085365772, 0.009531491436064243, 0.007996530272066593, 0.009620144963264465, 0.010346020571887493, 0.013351911678910255, 0.009117118082940578, 0.01234870683401823, 0.010431019589304924, 0.010657083243131638, 0.01007743552327156, 0.007189513649791479, 0.007390516810119152, 0.010525448247790337, 0.007891141809523106, 0.008735254406929016, 0.007873451337218285, 0.009595741517841816, 0.008707725442945957, 0.008595469407737255, 0.007716118358075619, 0.00820416770875454, 0.008234451524913311, 0.00990642886608839, 0.007909927517175674, 0.007708082906901836, 0.007564243394881487, 0.007715716026723385, 0.007801054511219263, 0.01369803212583065, 0.009964630007743835, 0.011148598045110703, 0.012077130377292633, 0.010202331468462944, 0.00828254222869873, 0.008376238867640495, 0.010768056847155094, 0.00940352026373148, 0.007545293774455786, 0.008606801740825176, 0.008227279409766197, 0.007160802371799946, 0.01590019464492798, 0.009755042381584644, 0.007422102149575949, 0.011971993371844292, 0.008926092647016048, 0.008687252178788185, 0.008058875799179077, 0.017938613891601562, 0.00872647576034069, 0.012898310087621212, 0.00991878379136324, 0.01264856941998005, 0.008433102630078793, 0.008784811943769455, 0.010667064227163792, 0.015131744556128979, 0.009082261472940445, 0.013104847632348537, 0.008134052157402039, 0.008815060369670391, 0.009172319434583187, 0.014623780734837055, 0.008265633136034012, 0.007556367199867964, 0.008380056358873844, 0.018108166754245758, 0.009783107787370682], "weapon_probs": [0.02704957127571106, 0.016630247235298157, 0.009412803687155247, 0.016077682375907898, 0.012238134630024433, 0.021084966138005257, 0.018778404220938683, 0.0143098384141922, 0.020960330963134766, 0.00792658980935812, 0.008783861994743347, 0.018169783055782318, 0.010789087973535061, 0.008175511844456196, 0.014084660448133945, 0.017048830166459084, 0.011149021796882153, 0.007773591671139002, 0.013435307890176773, 0.010701938532292843, 0.007494098506867886, 0.007841003127396107, 0.007146016228944063, 0.007344035431742668, 0.01102348230779171, 0.009366278536617756, 0.009764673188328743, 0.007420429959893227, 0.01402980275452137, 0.008205316960811615, 0.0072392928414046764, 0.007890312001109123, 0.007967257872223854, 0.0099076172336936, 0.01327962800860405, 0.008106684312224388, 0.011106656864285469, 0.008111604489386082, 0.016874272376298904, 0.010186086408793926, 0.009853009134531021, 0.010589969344437122, 0.017506200820207596, 0.012482507154345512, 0.007515395525842905, 0.01470264419913292, 0.009655984118580818, 0.008119435049593449, 0.020102495327591896, 0.012749558314681053, 0.008810002356767654, 0.011487320996820927, 0.010936591774225235, 0.00800087209790945, 0.008375090546905994, 0.008121227845549583, 0.009113360196352005, 0.012820543721318245, 0.01195080392062664]}