{"loss": 0.4893830120563507, "character_probs": [0.018093327060341835, 0.014614434912800789, 0.014551477506756783, 0.02199707180261612, 0.011576412245631218, 0.009576027281582355, 0.01117105782032013, 0.013621905818581581, 0.007934175431728363, 0.013358518481254578, 0.00852760300040245, 0.013179081492125988, 0.008805910125374794, 0.007978281006217003, 0.01461226399987936, 0.013259869068861008, 0.01374843716621399, 0.011105794459581375, 0.008057362399995327, 0.008127444423735142, 0.012973738834261894, 0.009305598214268684, 0.009090837091207504, 0.007884488441050053, 0.00850573182106018, 0.008719803765416145, 0.008282854221761227, 0.0089151905849576, 0.009363329038023949, 0.008398017846047878, 0.009417311288416386, 0.007839702069759369, 0.008491581305861473, 0.007839850150048733, 0.008448807522654533, 0.007500906940549612, 0.007830684073269367, 0.011077295057475567, 0.009447247721254826, 0.012533558532595634, 0.00728593347594142, 0.008938854560256004, 0.009749689139425755, 0.008705300278961658, 0.008589256554841995, 0.012242179363965988, 0.008833687752485275, 0.007213328965008259, 0.007852637208998203, 0.007674330845475197, 0.018164364621043205, 0.009321847930550575, 0.008860495872795582, 0.00753837451338768, 0.009734846651554108, 0.007527815643697977, 0.008379675447940826, 0.009645475074648857, 0.008747981861233711, 0.010955780744552612, 0.009075036272406578, 0.010926961898803711, 0.011700859293341637, 0.011916332878172398, 0.010080283507704735, 0.007442868780344725, 0.007766695227473974, 0.011278429999947548, 0.008211194537580013, 0.017132602632045746, 0.01088792085647583, 0.010346951894462109, 0.010949306190013885, 0.009918750263750553, 0.007781282067298889, 0.008373614400625229, 0.014503196813166142, 0.012261728756129742, 0.011244488880038261], "weapon_probs": [0.04938540235161781, 0.011681832373142242, 0.012623420916497707, 0.009432565420866013, 0.011737683787941933, 0.013874167576432228, 0.01290755532681942, 0.03491400182247162, 0.011038199067115784, 0.007556806784123182, 0.008112557232379913, 0.01017412543296814, 0.00839872844517231, 0.007973517291247845, 0.012575456872582436, 0.0075419070199131966, 0.008933646604418755, 0.008913205936551094, 0.01733965054154396, 0.007569431327283382, 0.0080239437520504, 0.007576636504381895, 0.013165864162147045, 0.00718637416139245, 0.0088170375674963, 0.009328608401119709, 0.007796234916895628, 0.007708950433880091, 0.0073634046129882336, 0.020114392042160034, 0.014555932022631168, 0.008287948556244373, 0.007831565104424953, 0.008180039934813976, 0.007459674961864948, 0.009238192811608315, 0.010548288002610207, 0.009027239866554737, 0.008783496916294098, 0.008590616285800934, 0.012399273924529552, 0.008428581990301609, 0.011982344090938568, 0.013744967058300972, 0.014888288453221321, 0.020580224692821503, 0.01955811306834221, 0.017216674983501434, 0.007678133435547352, 0.010148304514586926, 0.007797796279191971, 0.007631874643266201, 0.008669443428516388, 0.011100724339485168, 0.012072959914803505, 0.007834470830857754, 0.008393771946430206, 0.012728478759527206, 0.009437060914933681]}