{"loss": -0.9581197500228882, "character_probs": [0.01228850893676281, 0.013066330924630165, 0.030764829367399216, 0.012352366000413895, 0.017942368984222412, 0.018725525587797165, 0.00820600613951683, 0.008264657109975815, 0.018434301018714905, 0.007804375607520342, 0.007568021770566702, 0.008809233084321022, 0.007803448475897312, 0.007724647410213947, 0.007900342345237732, 0.00862578209489584, 0.011631548404693604, 0.012704025954008102, 0.009321566671133041, 0.007858935743570328, 0.0073597487062215805, 0.010890360921621323, 0.008860383182764053, 0.0074486811645329, 0.011819875799119473, 0.0078054675832390785, 0.008384420536458492, 0.00801708735525608, 0.007608100771903992, 0.007970637641847134, 0.007773153483867645, 0.008836315013468266, 0.009439188987016678, 0.01313681248575449, 0.010268915444612503, 0.008153928443789482, 0.01541200652718544, 0.007329265587031841, 0.011056732386350632, 0.010232245549559593, 0.007627055048942566, 0.008045698516070843, 0.008256245404481888, 0.0097205750644207, 0.009614264592528343, 0.008113806135952473, 0.008694249205291271, 0.00926976092159748, 0.010681210085749626, 0.010471971705555916, 0.00828058272600174, 0.008077189326286316, 0.014872075989842415, 0.009566237218677998, 0.013297853991389275, 0.0077699776738882065, 0.013042746111750603, 0.009060175158083439, 0.007619439624249935, 0.007213939912617207, 0.01499780174344778, 0.008617944084107876, 0.011860781349241734, 0.008625263348221779, 0.010855537839233875, 0.007626935373991728, 0.00845127459615469, 0.007408470846712589, 0.015384976752102375, 0.014280593954026699, 0.01160520501434803, 0.011840366758406162, 0.010680858045816422, 0.007817295379936695, 0.010442551225423813, 0.00836617685854435, 0.010250069200992584, 0.009312178008258343, 0.010172711685299873], "weapon_probs": [0.02366451919078827, 0.024788174778223038, 0.014066658914089203, 0.018857426941394806, 0.01107182539999485, 0.012341931462287903, 0.011376154609024525, 0.008221331983804703, 0.013908971101045609, 0.009951500222086906, 0.012500976212322712, 0.011043591424822807, 0.016223641112446785, 0.022931892424821854, 0.012258807197213173, 0.014689996838569641, 0.009494341909885406, 0.008637895807623863, 0.007986564189195633, 0.009303100407123566, 0.011217892169952393, 0.01067013293504715, 0.007379896007478237, 0.010549746453762054, 0.012027537450194359, 0.008436981588602066, 0.008365290239453316, 0.007521558552980423, 0.01015150174498558, 0.020137863233685493, 0.01136418804526329, 0.009725643321871758, 0.010211864486336708, 0.011029563844203949, 0.009459806606173515, 0.014542760327458382, 0.008702125400304794, 0.011065512895584106, 0.012405799701809883, 0.008029269985854626, 0.007238867226988077, 0.010142534971237183, 0.008317003957927227, 0.012822486460208893, 0.009046023711562157, 0.02171931229531765, 0.008403399027884007, 0.010233900509774685, 0.007984708994626999, 0.011387712322175503, 0.00865909829735756, 0.013934585265815258, 0.011009041219949722, 0.008845709264278412, 0.009460984729230404, 0.007884331047534943, 0.010389301925897598, 0.009207145310938358, 0.01861574500799179]}