{"loss": -0.9222502112388611, "character_probs": [0.012477343901991844, 0.015162238851189613, 0.013493010774254799, 0.013272928074002266, 0.01281573437154293, 0.008338469080626965, 0.01107603870332241, 0.02503392845392227, 0.009691063314676285, 0.011618228629231453, 0.021272607147693634, 0.008217990398406982, 0.011620583012700081, 0.011613139882683754, 0.007602736819535494, 0.008553638122975826, 0.008647477254271507, 0.008747856132686138, 0.008660074323415756, 0.007674212567508221, 0.008051932789385319, 0.008713374845683575, 0.00758542912080884, 0.011724435724318027, 0.009482432156801224, 0.01497081108391285, 0.007137133739888668, 0.008875483646988869, 0.008105039596557617, 0.008798951283097267, 0.008248572237789631, 0.008328537456691265, 0.007537664379924536, 0.008259986527264118, 0.007848660461604595, 0.007427535951137543, 0.010477570816874504, 0.007782183587551117, 0.018144778907299042, 0.012963466346263885, 0.013341928832232952, 0.007406166289001703, 0.010547087527811527, 0.007903375662863255, 0.010030819103121758, 0.007436096668243408, 0.009537965059280396, 0.007192311808466911, 0.007448389194905758, 0.009615459479391575, 0.020472340285778046, 0.008815500885248184, 0.009315798059105873, 0.01351025141775608, 0.00844548363238573, 0.008578258566558361, 0.00849359855055809, 0.00993811059743166, 0.007630171719938517, 0.017090490087866783, 0.010155856609344482, 0.008763585239648819, 0.007516191806644201, 0.01153100561350584, 0.00864364393055439, 0.007690892089158297, 0.008430620655417442, 0.009579315781593323, 0.007781882304698229, 0.00868738628923893, 0.007400372996926308, 0.029756076633930206, 0.009263873100280762, 0.008130519650876522, 0.01076310221105814, 0.01104235090315342, 0.011577852070331573, 0.008080474101006985, 0.009397096000611782], "weapon_probs": [0.012248559854924679, 0.03622673824429512, 0.017202764749526978, 0.010840403847396374, 0.015231817029416561, 0.017280269414186478, 0.013950176537036896, 0.011274056509137154, 0.02447093278169632, 0.009002295322716236, 0.007136171218007803, 0.009747758507728577, 0.013555789366364479, 0.008648542687296867, 0.016995398327708244, 0.010981189087033272, 0.012017283588647842, 0.008016866631805897, 0.009688240475952625, 0.012833412736654282, 0.008206643164157867, 0.007642607670277357, 0.008204969577491283, 0.013677563518285751, 0.007373280357569456, 0.008980671875178814, 0.007727768272161484, 0.008758094161748886, 0.008333457633852959, 0.008811216801404953, 0.012879892252385616, 0.01284574531018734, 0.010405858978629112, 0.00872340239584446, 0.015350962989032269, 0.010205760598182678, 0.01476657297462225, 0.008772507309913635, 0.0077993557788431644, 0.009804140776395798, 0.015757398679852486, 0.00905509851872921, 0.010499313473701477, 0.011250803247094154, 0.00895655620843172, 0.011339498683810234, 0.008957085199654102, 0.014198694378137589, 0.00735139288008213, 0.012147083878517151, 0.017905741930007935, 0.01134141068905592, 0.016083788126707077, 0.01117858849465847, 0.01179015263915062, 0.010015718638896942, 0.012819313444197178, 0.008716785348951817, 0.018106400966644287]}