{"loss": -0.7945022583007812, "character_probs": [0.027084555476903915, 0.009330809116363525, 0.014245331287384033, 0.01965298131108284, 0.013205442577600479, 0.008975476957857609, 0.009836336597800255, 0.008829797618091106, 0.010742126032710075, 0.01767442375421524, 0.007844612002372742, 0.007225836627185345, 0.011006813496351242, 0.010160483419895172, 0.00840222928673029, 0.010976341553032398, 0.009412851184606552, 0.010911560617387295, 0.008210703730583191, 0.011839991435408592, 0.007923598401248455, 0.019415630027651787, 0.008527344092726707, 0.007944953627884388, 0.011126560159027576, 0.008539699949324131, 0.007912397384643555, 0.007575477007776499, 0.012437542900443077, 0.007882053963840008, 0.008668789640069008, 0.009436240419745445, 0.007460305001586676, 0.007301601581275463, 0.00715857045724988, 0.01043974794447422, 0.008112447336316109, 0.012730566784739494, 0.0091495206579566, 0.011627808213233948, 0.007472984958440065, 0.008754834532737732, 0.007704154588282108, 0.007737457752227783, 0.008341582491993904, 0.01142919436097145, 0.007943449541926384, 0.008074359968304634, 0.008623163215816021, 0.011477550491690636, 0.013787267729640007, 0.013414752669632435, 0.009121258743107319, 0.009610900655388832, 0.007574351970106363, 0.007331119850277901, 0.009055358357727528, 0.00908907875418663, 0.012915519997477531, 0.00859430804848671, 0.010709453374147415, 0.008522115647792816, 0.015347287990152836, 0.008921503089368343, 0.01098860427737236, 0.008297111839056015, 0.007567452732473612, 0.011529425159096718, 0.009147071279585361, 0.011784624308347702, 0.012329697608947754, 0.009513156488537788, 0.016880515962839127, 0.00857803225517273, 0.007488380651921034, 0.007693918887525797, 0.021459462121129036, 0.007927524857223034, 0.012951057404279709], "weapon_probs": [0.028333943337202072, 0.011011535301804543, 0.028996888548135757, 0.027195386588573456, 0.008501063100993633, 0.021504653617739677, 0.011750983074307442, 0.015206320211291313, 0.00738723436370492, 0.00817177351564169, 0.007990765385329723, 0.007748774252831936, 0.008286723867058754, 0.008474077098071575, 0.010658711194992065, 0.007676232140511274, 0.008054385893046856, 0.010772082954645157, 0.0082102594897151, 0.011152440682053566, 0.026654310524463654, 0.011383937671780586, 0.00804765336215496, 0.011518658138811588, 0.00827750377357006, 0.008118248544633389, 0.008020573295652866, 0.008322334848344326, 0.007546114269644022, 0.0071552107110619545, 0.00790183525532484, 0.018475737422704697, 0.011712107807397842, 0.008266402408480644, 0.008380312472581863, 0.007587012369185686, 0.01542611327022314, 0.008924722671508789, 0.010576227679848671, 0.010090096853673458, 0.009156705811619759, 0.01896701194345951, 0.010353803634643555, 0.010280952788889408, 0.007696324959397316, 0.02497149258852005, 0.008093232288956642, 0.00899613369256258, 0.012692220509052277, 0.02559894695878029, 0.007778252009302378, 0.013756262138485909, 0.013001522049307823, 0.009921079501509666, 0.01206387672573328, 0.010082299821078777, 0.011250343173742294, 0.015070999972522259, 0.009444942697882652]}