{"loss": 0.2596129775047302, "character_probs": [0.019565604627132416, 0.02509857714176178, 0.013202905654907227, 0.015655672177672386, 0.008921063505113125, 0.015053550712764263, 0.008217277005314827, 0.013412714004516602, 0.008230602368712425, 0.009580928832292557, 0.013831066899001598, 0.007863493636250496, 0.011824782006442547, 0.010596117004752159, 0.008388586342334747, 0.013173485174775124, 0.009277144446969032, 0.015748795121908188, 0.008168060332536697, 0.007245030719786882, 0.007589260116219521, 0.008545273914933205, 0.010547726415097713, 0.0072261011227965355, 0.008852077648043633, 0.007774241268634796, 0.0074574570171535015, 0.007992170751094818, 0.01315752137452364, 0.008950206451117992, 0.008678475394845009, 0.009969065897166729, 0.009688765741884708, 0.009089021012187004, 0.007847670465707779, 0.0076467543840408325, 0.007607970852404833, 0.011592358350753784, 0.009172060526907444, 0.010363662615418434, 0.008000590838491917, 0.008192877285182476, 0.01060608122497797, 0.0074031054973602295, 0.010222977958619595, 0.008637906983494759, 0.008820402435958385, 0.00958232395350933, 0.009217320010066032, 0.008765636011958122, 0.009843496605753899, 0.015176692977547646, 0.011092925444245338, 0.00888214260339737, 0.008903623558580875, 0.00891837663948536, 0.010269714519381523, 0.009286959655582905, 0.007985439151525497, 0.00938718393445015, 0.01136883907020092, 0.010047657415270805, 0.008305151015520096, 0.017563186585903168, 0.007355500478297472, 0.01048502791672945, 0.011555755510926247, 0.011061565019190311, 0.01302129402756691, 0.008433017879724503, 0.008814593777060509, 0.008393991738557816, 0.008053579367697239, 0.009494985453784466, 0.009383165277540684, 0.008160521276295185, 0.016522087156772614, 0.00974903255701065, 0.01837513968348503], "weapon_probs": [0.023611821234226227, 0.01896842196583748, 0.018826376646757126, 0.013606715947389603, 0.00792253203690052, 0.041971951723098755, 0.010415710508823395, 0.01059115119278431, 0.013805439695715904, 0.007989906705915928, 0.010215465910732746, 0.008035545237362385, 0.0088205486536026, 0.009360901080071926, 0.010409289970993996, 0.008866391144692898, 0.010394426994025707, 0.007505838759243488, 0.011233186349272728, 0.0096451910212636, 0.023552916944026947, 0.008389109745621681, 0.01016378216445446, 0.008395904675126076, 0.015536428429186344, 0.00830288790166378, 0.016824575141072273, 0.0074569834396243095, 0.008125126361846924, 0.007388088386505842, 0.008424373343586922, 0.008971677161753178, 0.0077993846498429775, 0.007713291794061661, 0.01008918322622776, 0.007824106141924858, 0.007356330286711454, 0.012925291433930397, 0.008773265406489372, 0.012541204690933228, 0.014154169708490372, 0.012195149436593056, 0.008930456824600697, 0.012246325612068176, 0.016306772828102112, 0.027234740555286407, 0.009388546459376812, 0.007960130460560322, 0.010954538360238075, 0.010808981955051422, 0.010182595811784267, 0.0077928341925144196, 0.008806513622403145, 0.007678540423512459, 0.01576685905456543, 0.00843424629420042, 0.009098481386899948, 0.021507352590560913, 0.009739836677908897]}