{"loss": -0.9407791495323181, "character_probs": [0.017241738736629486, 0.020720195025205612, 0.026534534990787506, 0.0076632932759821415, 0.01746252179145813, 0.00834129098802805, 0.010864652693271637, 0.01622382551431656, 0.013952802866697311, 0.012535393238067627, 0.007382984738796949, 0.00779879791662097, 0.007356937043368816, 0.009385757148265839, 0.01070729922503233, 0.010460150428116322, 0.008710954338312149, 0.008393499068915844, 0.007892515510320663, 0.010143861174583435, 0.008192231878638268, 0.007759076077491045, 0.007877517491579056, 0.011738785542547703, 0.007485197391360998, 0.008614729158580303, 0.007770020514726639, 0.008938688784837723, 0.008035923354327679, 0.008460350334644318, 0.012085406109690666, 0.008330129086971283, 0.009005133993923664, 0.008136196061968803, 0.0085545489564538, 0.007747387979179621, 0.007156196981668472, 0.013839229941368103, 0.011159127578139305, 0.007914762012660503, 0.012206035666167736, 0.007678463589400053, 0.007552267983555794, 0.0101325623691082, 0.008038862608373165, 0.01064597349613905, 0.007855200208723545, 0.007800964172929525, 0.008877819404006004, 0.007835565134882927, 0.008111709728837013, 0.010900446213781834, 0.011511337012052536, 0.010110683739185333, 0.01800544559955597, 0.011951261200010777, 0.008839279413223267, 0.007867032662034035, 0.009034755639731884, 0.013829142786562443, 0.010086368769407272, 0.007607794366776943, 0.017402533441781998, 0.009903169237077236, 0.0075113545171916485, 0.008581481873989105, 0.009579699486494064, 0.009679035283625126, 0.010806692764163017, 0.019642841070890427, 0.007874811999499798, 0.007589929737150669, 0.0111060980707407, 0.008621061220765114, 0.009796680882573128, 0.0115202646702528, 0.015376857481896877, 0.009865020401775837, 0.015572505071759224], "weapon_probs": [0.016787711530923843, 0.03757869824767113, 0.020504716783761978, 0.011441124603152275, 0.009757231920957565, 0.008521907962858677, 0.024035174399614334, 0.009099861606955528, 0.008628390729427338, 0.011391593143343925, 0.01304674707353115, 0.010525748133659363, 0.011542849242687225, 0.011723784729838371, 0.009460118599236012, 0.019501391798257828, 0.007852379232645035, 0.018595043569803238, 0.013278648257255554, 0.009371865540742874, 0.00816354714334011, 0.01023022923618555, 0.007971133105456829, 0.01760360226035118, 0.00889862235635519, 0.014579279348254204, 0.008481109514832497, 0.009850164875388145, 0.007589859422296286, 0.008613144978880882, 0.008358204737305641, 0.007844217121601105, 0.008786419406533241, 0.007445372641086578, 0.00760588888078928, 0.009176503866910934, 0.008251994848251343, 0.00937676802277565, 0.0097160330042243, 0.008500511758029461, 0.00861223042011261, 0.017399512231349945, 0.007544802036136389, 0.012941640801727772, 0.014827842824161053, 0.009641813114285469, 0.009660341776907444, 0.007650939282029867, 0.00807151198387146, 0.008244579657912254, 0.019261250272393227, 0.01075606606900692, 0.008865578100085258, 0.008887599222362041, 0.014744551852345467, 0.009210718795657158, 0.01330828107893467, 0.012223548255860806, 0.013051867485046387]}