{"loss": 0.9258465766906738, "character_probs": [0.01243642158806324, 0.01976970210671425, 0.013459481298923492, 0.01603557914495468, 0.008202331140637398, 0.026711445301771164, 0.01378464512526989, 0.009366693906486034, 0.011823553591966629, 0.01280810683965683, 0.012601352296769619, 0.010171483270823956, 0.008683477528393269, 0.007847235538065434, 0.0100915702059865, 0.01059105433523655, 0.00792140793055296, 0.009171407669782639, 0.01139628142118454, 0.008486269973218441, 0.00777421286329627, 0.007349597290158272, 0.007630312815308571, 0.009285963140428066, 0.008001628331840038, 0.010810804553329945, 0.011867807246744633, 0.007902783341705799, 0.007959472946822643, 0.00872317235916853, 0.007531530689448118, 0.010154456831514835, 0.008210582658648491, 0.007376302499324083, 0.008994078263640404, 0.013417534530162811, 0.00772522296756506, 0.008343828842043877, 0.012107962742447853, 0.007963799871504307, 0.009351132437586784, 0.008897294290363789, 0.020749840885400772, 0.0073584686033427715, 0.009663566015660763, 0.007589390967041254, 0.007679124362766743, 0.007419704459607601, 0.007844636216759682, 0.009560314938426018, 0.007560424506664276, 0.00996707659214735, 0.007728159427642822, 0.01187483686953783, 0.007938817143440247, 0.011474689468741417, 0.00810922496020794, 0.008017288520932198, 0.017185553908348083, 0.010092154145240784, 0.012274594977498055, 0.010370178148150444, 0.007826123386621475, 0.01005670428276062, 0.011110704392194748, 0.007378187030553818, 0.008741932921111584, 0.015531821176409721, 0.011166319251060486, 0.01628093793988228, 0.008630172349512577, 0.012209054082632065, 0.010640689171850681, 0.009261115454137325, 0.010415393859148026, 0.00786528829485178, 0.008671923540532589, 0.008383388631045818, 0.007733611389994621], "weapon_probs": [0.027247294783592224, 0.00989496149122715, 0.01962209865450859, 0.021685712039470673, 0.0346246138215065, 0.010305522009730339, 0.01717188209295273, 0.010092932730913162, 0.008467748761177063, 0.009860596619546413, 0.00829746387898922, 0.010148526169359684, 0.00863384734839201, 0.012177414260804653, 0.009438548237085342, 0.01526537723839283, 0.009059271775186062, 0.013534505851566792, 0.007573370356112719, 0.00911383330821991, 0.009160088375210762, 0.00929687824100256, 0.01560394000262022, 0.011988850310444832, 0.007886487990617752, 0.009245541878044605, 0.012774618342518806, 0.007939782924950123, 0.008949663490056992, 0.008527548983693123, 0.009511511772871017, 0.012866990640759468, 0.008202703669667244, 0.008977705612778664, 0.00860612466931343, 0.00808220636099577, 0.007850374095141888, 0.012723133899271488, 0.009822829626500607, 0.008576842024922371, 0.016042396426200867, 0.01299313921481371, 0.010897242464125156, 0.00917795766144991, 0.010324827395379543, 0.007530898787081242, 0.008439071476459503, 0.025851164013147354, 0.00845627672970295, 0.007890263572335243, 0.011447127908468246, 0.008278284221887589, 0.0078258216381073, 0.013811295852065086, 0.01977866142988205, 0.007641029544174671, 0.011826472356915474, 0.016774019226431847, 0.008188046514987946]}