{"loss": 0.7381178140640259, "character_probs": [0.008906791917979717, 0.02188432216644287, 0.026401419192552567, 0.009581849910318851, 0.008831634186208248, 0.011376779526472092, 0.01194070652127266, 0.013594847172498703, 0.014278033748269081, 0.01297016441822052, 0.024271782487630844, 0.007518348749727011, 0.009218750521540642, 0.0070693399757146835, 0.00971101876348257, 0.0074311220087111, 0.0077993436716496944, 0.007233588490635157, 0.009781034663319588, 0.009871561080217361, 0.008145677857100964, 0.010201794095337391, 0.010791284963488579, 0.007932553999125957, 0.007631546817719936, 0.007557039614766836, 0.010645498521625996, 0.007336347829550505, 0.010392874479293823, 0.00815205741673708, 0.0077614085748791695, 0.01173106487840414, 0.008163053542375565, 0.007950659841299057, 0.008323084563016891, 0.009370473213493824, 0.008456602692604065, 0.008308458141982555, 0.015741383656859398, 0.008412633091211319, 0.008849294856190681, 0.007686014752835035, 0.007142304442822933, 0.018466833978891373, 0.007477705832570791, 0.013851607218384743, 0.009251986630260944, 0.00795785989612341, 0.007876365445554256, 0.01246076449751854, 0.008703569881618023, 0.007441989146173, 0.007529112976044416, 0.010486293584108353, 0.009374497458338737, 0.009143210016191006, 0.011074837297201157, 0.008271872997283936, 0.01064227893948555, 0.007762233726680279, 0.009337060153484344, 0.011423586867749691, 0.009339225478470325, 0.01255822740495205, 0.00859419722110033, 0.01284139882773161, 0.009957710281014442, 0.007952513173222542, 0.00914687104523182, 0.008185705170035362, 0.008733081631362438, 0.015777572989463806, 0.008277255110442638, 0.008397395722568035, 0.009795676916837692, 0.022675275802612305, 0.00807403028011322, 0.011231416836380959, 0.00896147359162569], "weapon_probs": [0.02780667319893837, 0.01839936524629593, 0.015040438622236252, 0.03539354354143143, 0.0089001739397645, 0.011006686836481094, 0.011883951723575592, 0.00823220144957304, 0.009070814587175846, 0.009753766469657421, 0.016250237822532654, 0.014417302794754505, 0.010959925130009651, 0.007681265473365784, 0.012609153054654598, 0.008512851782143116, 0.015059406869113445, 0.01084218081086874, 0.007634068373590708, 0.009864002466201782, 0.00737764872610569, 0.007456035353243351, 0.01029666606336832, 0.008134670555591583, 0.00952301174402237, 0.008772285655140877, 0.00940027367323637, 0.00889721792191267, 0.017292557284235954, 0.015512270852923393, 0.015135587193071842, 0.008949413895606995, 0.007397472392767668, 0.015591876581311226, 0.008292056620121002, 0.009078874252736568, 0.008671172894537449, 0.021030619740486145, 0.007615838665515184, 0.0079241544008255, 0.012558196671307087, 0.009890767745673656, 0.010164139792323112, 0.016465019434690475, 0.008016536943614483, 0.007692445535212755, 0.018641358241438866, 0.01070340909063816, 0.008328271098434925, 0.009812991134822369, 0.01507708989083767, 0.008471318520605564, 0.009638904593884945, 0.008964440785348415, 0.010752102360129356, 0.010804230347275734, 0.013764775358140469, 0.009291833266615868, 0.017956994473934174]}