{"loss": -0.9227997064590454, "character_probs": [0.023990146815776825, 0.02126019075512886, 0.011003929190337658, 0.009570201858878136, 0.020311040803790092, 0.009476782754063606, 0.00985801499336958, 0.013281520456075668, 0.007879724726080894, 0.009319826029241085, 0.009090541861951351, 0.009527330286800861, 0.010875191539525986, 0.007783543784171343, 0.00994108896702528, 0.008308426477015018, 0.007325469516217709, 0.013742111623287201, 0.016020307317376137, 0.009757298976182938, 0.01543022133409977, 0.007837116718292236, 0.008267349563539028, 0.00801114272326231, 0.01144057884812355, 0.012862492352724075, 0.007681567687541246, 0.008706687949597836, 0.007623213808983564, 0.007591486442834139, 0.008055665530264378, 0.009092573076486588, 0.010758771561086178, 0.008206695318222046, 0.009950543753802776, 0.009143526665866375, 0.008798593655228615, 0.009530022740364075, 0.012122268788516521, 0.0077470592223107815, 0.008728599175810814, 0.007210899610072374, 0.008232634514570236, 0.00819955300539732, 0.00840667262673378, 0.008363733068108559, 0.007623699959367514, 0.010915303602814674, 0.007453078869730234, 0.008027531206607819, 0.01077429298311472, 0.014455677941441536, 0.008273064158856869, 0.008271493948996067, 0.008298604749143124, 0.011248743161559105, 0.011029141955077648, 0.009695357643067837, 0.01285589300096035, 0.007784529589116573, 0.008240793831646442, 0.008972682058811188, 0.013769719749689102, 0.01019713282585144, 0.008174024522304535, 0.010642079636454582, 0.017468072474002838, 0.010359421372413635, 0.007767584174871445, 0.008435575291514397, 0.009704116731882095, 0.00790698453783989, 0.019261419773101807, 0.0178285650908947, 0.00799246784299612, 0.011769416742026806, 0.008091209456324577, 0.01637532189488411, 0.007594279944896698], "weapon_probs": [0.021005451679229736, 0.018079709261655807, 0.015714384615421295, 0.01463331002742052, 0.017431076616048813, 0.020108940079808235, 0.026552580296993256, 0.009495197795331478, 0.008085417561233044, 0.008328484371304512, 0.008891165256500244, 0.031838830560445786, 0.00756603991612792, 0.008562023751437664, 0.017892317846417427, 0.007840531878173351, 0.008914527483284473, 0.011496290564537048, 0.009446125477552414, 0.010624393820762634, 0.007647837977856398, 0.014171391725540161, 0.007388717960566282, 0.009991141967475414, 0.008584543131291866, 0.007947536185383797, 0.00786504801362753, 0.010745132341980934, 0.007292566820979118, 0.015002925880253315, 0.008263993076980114, 0.00718547310680151, 0.014114897698163986, 0.009092539548873901, 0.007928721606731415, 0.01220646221190691, 0.01083451323211193, 0.010069992393255234, 0.010169172659516335, 0.010591903701424599, 0.012460054829716682, 0.008226498030126095, 0.00866987556219101, 0.007793391589075327, 0.014677342027425766, 0.009457744657993317, 0.008716179989278316, 0.007872923277318478, 0.010260727256536484, 0.013829316943883896, 0.007527928799390793, 0.009298969060182571, 0.008282427676022053, 0.016888603568077087, 0.012202806770801544, 0.008369927294552326, 0.01154661551117897, 0.009115597233176231, 0.009878539480268955]}