{"loss": 0.44734880328178406, "character_probs": [0.014865766279399395, 0.01597324013710022, 0.023771874606609344, 0.010236518457531929, 0.013068730011582375, 0.008700641803443432, 0.023895975202322006, 0.007634369190782309, 0.011211946606636047, 0.007811598479747772, 0.010564211755990982, 0.009868557564914227, 0.01699722371995449, 0.007563906721770763, 0.00829464104026556, 0.009492358192801476, 0.009420718997716904, 0.009537148289382458, 0.009107963182032108, 0.011088148690760136, 0.007619041018188, 0.0226234532892704, 0.007392932660877705, 0.008559956215322018, 0.008021913468837738, 0.00732150673866272, 0.00815759226679802, 0.008323862217366695, 0.00824521854519844, 0.009100368246436119, 0.00962061993777752, 0.011899661272764206, 0.007414250634610653, 0.008171383291482925, 0.007629609666764736, 0.0072471085004508495, 0.0074075269512832165, 0.010001122951507568, 0.007711044978350401, 0.009617816656827927, 0.01065087877213955, 0.007508506998419762, 0.007322733756154776, 0.009064818732440472, 0.011069824919104576, 0.00993476901203394, 0.008511093445122242, 0.007984092459082603, 0.009578737430274487, 0.008441384881734848, 0.010695005767047405, 0.008742867968976498, 0.01150040328502655, 0.012480456382036209, 0.009342591278254986, 0.007544602733105421, 0.012506730854511261, 0.007534487638622522, 0.009993779473006725, 0.007302355021238327, 0.007953224703669548, 0.010470002889633179, 0.01589621603488922, 0.008847533725202084, 0.007492975331842899, 0.01618015393614769, 0.00901048444211483, 0.016625497490167618, 0.00855693407356739, 0.012275825254619122, 0.011276306584477425, 0.007918260991573334, 0.012524529360234737, 0.014618316665291786, 0.008190605789422989, 0.011891361325979233, 0.008125530555844307, 0.010646902024745941, 0.00851517729461193], "weapon_probs": [0.016569826751947403, 0.023022744804620743, 0.02059709094464779, 0.014028710313141346, 0.022047359496355057, 0.016210712492465973, 0.01558525487780571, 0.0097184544429183, 0.020440056920051575, 0.011525258421897888, 0.010834477841854095, 0.009734511375427246, 0.010887564159929752, 0.009142328053712845, 0.0077374521642923355, 0.01123698242008686, 0.011014264076948166, 0.009982389397919178, 0.012146742083132267, 0.010162333957850933, 0.007462561596184969, 0.008164155296981335, 0.008281105197966099, 0.007447734009474516, 0.00866237934678793, 0.01087445579469204, 0.009508686140179634, 0.013941089622676373, 0.011390052735805511, 0.008739680051803589, 0.008165371604263783, 0.0073744067922234535, 0.009965463541448116, 0.014998831786215305, 0.009569368325173855, 0.010804910212755203, 0.018580392003059387, 0.008024699054658413, 0.008050577715039253, 0.008133383467793465, 0.011620241217315197, 0.008155073039233685, 0.026731666177511215, 0.0173226036131382, 0.010137151926755905, 0.00891235750168562, 0.007935607805848122, 0.011313089169561863, 0.008096088655292988, 0.024562165141105652, 0.008769016712903976, 0.0086308429017663, 0.007872100919485092, 0.01651810295879841, 0.00794773269444704, 0.014056137762963772, 0.028773710131645203, 0.007279106415808201, 0.011267010122537613]}