{"loss": 0.7534022331237793, "character_probs": [0.018241915851831436, 0.015502708964049816, 0.0191960446536541, 0.02511601150035858, 0.017017096281051636, 0.015371119603514671, 0.00803071167320013, 0.008214336819946766, 0.00946227740496397, 0.014825385995209217, 0.007569034118205309, 0.009032301604747772, 0.007935907691717148, 0.009954750537872314, 0.008692373521625996, 0.00805358774960041, 0.010048598982393742, 0.008957250975072384, 0.008697740733623505, 0.007848546840250492, 0.008304886519908905, 0.010833652690052986, 0.012122062034904957, 0.007599901873618364, 0.009177105501294136, 0.007438752334564924, 0.007578061893582344, 0.007190051954239607, 0.008488507941365242, 0.007948269136250019, 0.008716526441276073, 0.007699805777519941, 0.011557748541235924, 0.009951160289347172, 0.011007273569703102, 0.01078522764146328, 0.010847682133316994, 0.011261986568570137, 0.009885933250188828, 0.008859062567353249, 0.008458334021270275, 0.007378067821264267, 0.009047294966876507, 0.007728692144155502, 0.008341371081769466, 0.008756404742598534, 0.007446437142789364, 0.009671345353126526, 0.008207830600440502, 0.01476638950407505, 0.007502120919525623, 0.008259110152721405, 0.009987077675759792, 0.00993567705154419, 0.018726598471403122, 0.008045529946684837, 0.007521279156208038, 0.010063912719488144, 0.011330346576869488, 0.008704161271452904, 0.008563574403524399, 0.007624989841133356, 0.008184399455785751, 0.009742866270244122, 0.015802321955561638, 0.007456613704562187, 0.008722945116460323, 0.015386352315545082, 0.009012335911393166, 0.0080322977155447, 0.010574320331215858, 0.010106094181537628, 0.015166085213422775, 0.010343673638999462, 0.01335158757865429, 0.008953597396612167, 0.008481202647089958, 0.008254687301814556, 0.013797242194414139], "weapon_probs": [0.015687059611082077, 0.03143170475959778, 0.02832954004406929, 0.01309293694794178, 0.015096714720129967, 0.022569626569747925, 0.008467501029372215, 0.014054778963327408, 0.010593915358185768, 0.007635592482984066, 0.00976962223649025, 0.010068437084555626, 0.009910188615322113, 0.008438373915851116, 0.011853484436869621, 0.011688982136547565, 0.00918319821357727, 0.012460222467780113, 0.013217445462942123, 0.012960897758603096, 0.007137061096727848, 0.0093845771625638, 0.013741026632487774, 0.00888427346944809, 0.008083075284957886, 0.009428396821022034, 0.00805092602968216, 0.009899875149130821, 0.0072417655028402805, 0.016860708594322205, 0.007946460507810116, 0.008159387856721878, 0.012527878396213055, 0.007657600566744804, 0.008565016090869904, 0.007594703696668148, 0.007671010214835405, 0.007473088335245848, 0.015570860356092453, 0.015599816106259823, 0.012766190804541111, 0.009958070702850819, 0.010525835677981377, 0.012344641610980034, 0.00820289645344019, 0.008848338387906551, 0.026617426425218582, 0.008824216201901436, 0.010478610172867775, 0.0077695902436971664, 0.00907269585877657, 0.008938766084611416, 0.007677901070564985, 0.019517619162797928, 0.009817875921726227, 0.014760740101337433, 0.010902263224124908, 0.008683810010552406, 0.008798761293292046]}