{"loss": 0.6113120317459106, "character_probs": [0.02224969118833542, 0.01330152340233326, 0.012749649584293365, 0.023450613021850586, 0.02536749094724655, 0.00752720981836319, 0.012516691349446774, 0.011499468237161636, 0.0076773990876972675, 0.009088104590773582, 0.00988627690821886, 0.008118993602693081, 0.010003377683460712, 0.009236828424036503, 0.011013018898665905, 0.008412429131567478, 0.00865935068577528, 0.007919386960566044, 0.010602692142128944, 0.010169477201998234, 0.012248527258634567, 0.008883635513484478, 0.00975230522453785, 0.008655006997287273, 0.007677420973777771, 0.007843063212931156, 0.008123204112052917, 0.009730742312967777, 0.009119009599089622, 0.012397000566124916, 0.0074721151031553745, 0.007854503579437733, 0.008725181221961975, 0.008556053973734379, 0.007835249416530132, 0.008553222753107548, 0.00939091108739376, 0.010292166844010353, 0.008465687744319439, 0.017237648367881775, 0.00724071403965354, 0.007960510440170765, 0.013391213491559029, 0.007894559763371944, 0.007423237897455692, 0.007774215657263994, 0.007991187274456024, 0.008481315337121487, 0.0100737065076828, 0.007968036457896233, 0.011105024255812168, 0.009899011813104153, 0.008271262980997562, 0.008453872054815292, 0.010678449645638466, 0.009950651787221432, 0.008733621798455715, 0.009802937507629395, 0.00824428629130125, 0.009418485686182976, 0.007785556837916374, 0.007875895127654076, 0.007746451068669558, 0.00885319709777832, 0.010551453568041325, 0.018837757408618927, 0.007846971042454243, 0.017943233251571655, 0.008183064870536327, 0.008768449537456036, 0.008778493851423264, 0.007993797771632671, 0.00869569182395935, 0.01739257574081421, 0.013095824047923088, 0.011406930163502693, 0.008578489534556866, 0.009864240884780884, 0.008367222733795643], "weapon_probs": [0.013633409515023232, 0.0168960802257061, 0.02276402711868286, 0.017812732607126236, 0.029724426567554474, 0.014086805284023285, 0.01538870856165886, 0.008256062865257263, 0.013382865116000175, 0.012554542161524296, 0.009243202395737171, 0.008302897214889526, 0.008569004014134407, 0.008457440882921219, 0.016259701922535896, 0.009197428822517395, 0.012992464005947113, 0.016554884612560272, 0.009097699075937271, 0.007367937359958887, 0.008151628077030182, 0.017524346709251404, 0.013786718249320984, 0.012149936519563198, 0.010186945088207722, 0.009195121005177498, 0.011574383825063705, 0.008854802697896957, 0.01498245820403099, 0.009118917398154736, 0.00814124196767807, 0.007838083431124687, 0.010892139747738838, 0.007684047799557447, 0.013226311653852463, 0.008891438134014606, 0.01151951588690281, 0.012060615234076977, 0.00890086404979229, 0.009774154983460903, 0.008127205073833466, 0.010919351130723953, 0.00937447976320982, 0.008486567996442318, 0.009754619561135769, 0.00795027520507574, 0.008354301564395428, 0.011249788105487823, 0.012254839763045311, 0.007814040407538414, 0.010404941625893116, 0.007456017658114433, 0.0233050175011158, 0.01480977050960064, 0.0077499705366790295, 0.01224672794342041, 0.013011081144213676, 0.007790574803948402, 0.00822678953409195]}