{"loss": 0.9699395895004272, "character_probs": [0.014836600050330162, 0.020233750343322754, 0.01664038561284542, 0.01200909074395895, 0.016074277460575104, 0.010866450145840645, 0.01256139948964119, 0.01244970504194498, 0.007960954681038857, 0.0128269512206316, 0.01704724133014679, 0.014095643535256386, 0.008184950798749924, 0.007477929815649986, 0.007658713031560183, 0.00979941338300705, 0.007968763820827007, 0.009459879249334335, 0.00930752418935299, 0.01422092504799366, 0.007295992225408554, 0.007791811600327492, 0.007671423256397247, 0.007909823209047318, 0.007756594102829695, 0.012529129162430763, 0.007632827386260033, 0.008905886672437191, 0.008144491352140903, 0.008751117624342442, 0.007279181387275457, 0.008719995617866516, 0.009989764541387558, 0.0097128264605999, 0.019707927480340004, 0.00805727206170559, 0.009493125602602959, 0.008929857052862644, 0.008066182024776936, 0.007861527614295483, 0.009659890085458755, 0.007428676821291447, 0.007890882901847363, 0.007166676688939333, 0.00988198071718216, 0.00829319842159748, 0.01084157731384039, 0.015090682543814182, 0.015705719590187073, 0.0086654182523489, 0.008015996776521206, 0.010247363708913326, 0.007527933921664953, 0.008638196624815464, 0.007689287886023521, 0.008313684724271297, 0.010908132418990135, 0.01108749583363533, 0.013193278573453426, 0.009279757738113403, 0.015037012286484241, 0.008029461838304996, 0.010011442005634308, 0.010526668280363083, 0.009356170892715454, 0.013705207966268063, 0.008109500631690025, 0.009313786402344704, 0.009917237795889378, 0.007528533227741718, 0.011437805369496346, 0.009290669113397598, 0.008998814970254898, 0.008785414509475231, 0.009909052401781082, 0.014980090782046318, 0.010842494666576385, 0.007717530708760023, 0.009224733337759972], "weapon_probs": [0.01840972900390625, 0.014685923233628273, 0.01419328898191452, 0.01832507736980915, 0.02384868636727333, 0.03562164306640625, 0.01491469144821167, 0.009027034044265747, 0.01325927022844553, 0.011513425037264824, 0.010218565352261066, 0.00854930467903614, 0.014111969619989395, 0.010549159720540047, 0.008664286695420742, 0.01020258478820324, 0.009085169993340969, 0.009765776805579662, 0.008222919888794422, 0.009521868079900742, 0.014006929472088814, 0.009254653006792068, 0.008941665291786194, 0.00895210076123476, 0.01276291161775589, 0.007647028658539057, 0.008699102327227592, 0.007672427222132683, 0.00783070083707571, 0.011421590112149715, 0.012613780796527863, 0.013242963701486588, 0.008604228496551514, 0.007983339950442314, 0.007672157604247332, 0.007926655933260918, 0.009526625275611877, 0.015957962721586227, 0.008363754488527775, 0.01645810529589653, 0.010186923667788506, 0.007761741988360882, 0.012613557279109955, 0.013165480457246304, 0.009087867103517056, 0.008018567226827145, 0.014709312468767166, 0.007941910065710545, 0.01889248751103878, 0.008986387401819229, 0.008584026247262955, 0.012673734687268734, 0.012795096263289452, 0.008168053813278675, 0.007917474955320358, 0.02054775506258011, 0.008951526135206223, 0.009389603510499, 0.02176179364323616]}