{"loss": -0.16123613715171814, "character_probs": [0.01077140774577856, 0.00825719628483057, 0.028824228793382645, 0.023176126182079315, 0.010408055037260056, 0.014679942280054092, 0.011741548776626587, 0.00879282783716917, 0.013785721734166145, 0.011583477258682251, 0.011737545020878315, 0.008453382179141045, 0.008012249134480953, 0.012136483564972878, 0.007734254468232393, 0.010869789868593216, 0.007963349111378193, 0.01217699982225895, 0.007856715470552444, 0.00918375514447689, 0.007628703489899635, 0.009599745273590088, 0.01045280508697033, 0.008382394909858704, 0.009804802015423775, 0.007728018332272768, 0.00809476152062416, 0.007718592882156372, 0.00879506953060627, 0.008980411104857922, 0.00876579713076353, 0.011158552952110767, 0.010722184553742409, 0.010304689407348633, 0.00824587233364582, 0.01229950226843357, 0.01070157065987587, 0.007704006973654032, 0.012975333258509636, 0.008041366934776306, 0.008983161300420761, 0.007450663950294256, 0.007788021117448807, 0.010812444612383842, 0.008717285469174385, 0.008851185441017151, 0.010428370907902718, 0.008685890585184097, 0.011584432795643806, 0.01023250725120306, 0.0071775102987885475, 0.009278684854507446, 0.007204307708889246, 0.012959118001163006, 0.007919108495116234, 0.01664537563920021, 0.009366645477712154, 0.007607582490891218, 0.007543385960161686, 0.013276206329464912, 0.009819570928812027, 0.00818699225783348, 0.019816003739833832, 0.009318511001765728, 0.011914419010281563, 0.009666495025157928, 0.009595263749361038, 0.0077940793707966805, 0.008614009246230125, 0.008442394435405731, 0.007941285148262978, 0.008399594575166702, 0.008357188664376736, 0.008381243795156479, 0.00840258039534092, 0.017205439507961273, 0.009846089407801628, 0.011348197236657143, 0.012121102772653103], "weapon_probs": [0.021851681172847748, 0.009505843743681908, 0.01807558909058571, 0.011938568204641342, 0.02510203793644905, 0.010213140398263931, 0.0221249982714653, 0.025817345827817917, 0.009331267327070236, 0.0084881242364645, 0.009133636951446533, 0.008582349866628647, 0.014848196879029274, 0.009020298719406128, 0.02554897964000702, 0.009456012398004532, 0.008374139666557312, 0.00810170266777277, 0.0074081458151340485, 0.012047887779772282, 0.01091934647411108, 0.00929533876478672, 0.008904731832444668, 0.008119849488139153, 0.015480542555451393, 0.009854823350906372, 0.010396492667496204, 0.009134583175182343, 0.008382270112633705, 0.010126028209924698, 0.009460663422942162, 0.008584201335906982, 0.008339603431522846, 0.007245776243507862, 0.008011206984519958, 0.014151565730571747, 0.013231456279754639, 0.01472286693751812, 0.010242871008813381, 0.012779091484844685, 0.01913420297205448, 0.01001129113137722, 0.009421683847904205, 0.018047165125608444, 0.00849009957164526, 0.008708663284778595, 0.008783136494457722, 0.008118023164570332, 0.011291110888123512, 0.009928461164236069, 0.008994895964860916, 0.00974326767027378, 0.008118482306599617, 0.008460484445095062, 0.01740424335002899, 0.007912368513643742, 0.010382370091974735, 0.007933944463729858, 0.009696634486317635]}