{"loss": 0.950691819190979, "character_probs": [0.016075022518634796, 0.01719016209244728, 0.012923427857458591, 0.016842618584632874, 0.008817844092845917, 0.019992616027593613, 0.015187844634056091, 0.010209917090833187, 0.009394347667694092, 0.007953308522701263, 0.014112086966633797, 0.008526214398443699, 0.0175776444375515, 0.00865114014595747, 0.009320354089140892, 0.009389685466885567, 0.008565716445446014, 0.009605437517166138, 0.009946688078343868, 0.009452535770833492, 0.008072566241025925, 0.008714158087968826, 0.009147782810032368, 0.007152933161705732, 0.007981640286743641, 0.01561899296939373, 0.010230965912342072, 0.00727974995970726, 0.009062973782420158, 0.009685667231678963, 0.009973311796784401, 0.00831005908548832, 0.008301841095089912, 0.009111503139138222, 0.007953462190926075, 0.007630104664713144, 0.013601691462099552, 0.007133007049560547, 0.007365316152572632, 0.008943489752709866, 0.009037204086780548, 0.008244691416621208, 0.007646305486559868, 0.009722506627440453, 0.030045635998249054, 0.008987764827907085, 0.008458361960947514, 0.008471131324768066, 0.00771673396229744, 0.008209526538848877, 0.007832201197743416, 0.0076360274106264114, 0.007879692129790783, 0.007295612711459398, 0.008997207507491112, 0.008846228942275047, 0.010823779739439487, 0.008524013683199883, 0.008530547842383385, 0.009365026839077473, 0.010040855035185814, 0.010482141748070717, 0.008109194226562977, 0.008185388520359993, 0.00940745696425438, 0.009190544486045837, 0.01087462343275547, 0.007571980822831392, 0.021450286731123924, 0.008803105913102627, 0.017898809164762497, 0.009209495037794113, 0.00829352531582117, 0.008371892385184765, 0.008270091377198696, 0.009860207326710224, 0.013172239065170288, 0.012656450271606445, 0.009928153827786446], "weapon_probs": [0.010016650892794132, 0.023595161736011505, 0.036559391766786575, 0.009053709916770458, 0.01077369973063469, 0.02392834797501564, 0.02070416510105133, 0.008162571117281914, 0.011945189908146858, 0.009822415187954903, 0.008283259347081184, 0.008526571094989777, 0.010671555995941162, 0.009514187462627888, 0.009265944361686707, 0.019857607781887054, 0.010181117802858353, 0.015438835136592388, 0.008247190155088902, 0.021808292716741562, 0.008907184936106205, 0.01052870973944664, 0.009846880100667477, 0.007477571256458759, 0.008746334351599216, 0.014965726993978024, 0.008512836880981922, 0.00732028903439641, 0.007910813204944134, 0.008560210466384888, 0.010102223604917526, 0.007828165777027607, 0.013680888339877129, 0.007117575034499168, 0.007586098276078701, 0.009339818730950356, 0.009063479490578175, 0.008092154748737812, 0.008381959982216358, 0.009730865247547626, 0.008248405531048775, 0.007916233502328396, 0.013662077486515045, 0.009304136037826538, 0.009869623929262161, 0.008085982874035835, 0.01702011004090309, 0.014687919989228249, 0.010969781316816807, 0.01366220973432064, 0.012925419956445694, 0.010970976203680038, 0.015706636011600494, 0.013162676244974136, 0.008165761828422546, 0.012297208420932293, 0.02405327558517456, 0.014131369069218636, 0.008848926052451134]}