{"loss": 0.1279081106185913, "character_probs": [0.014167122542858124, 0.011060556396842003, 0.025516431778669357, 0.02004426158964634, 0.010490130633115768, 0.009467476047575474, 0.012189013883471489, 0.010663370601832867, 0.011083181947469711, 0.007991704158484936, 0.009495943784713745, 0.009143006056547165, 0.019559189677238464, 0.011691664345562458, 0.00787653774023056, 0.007368577644228935, 0.0113654974848032, 0.015205873176455498, 0.008450591005384922, 0.010573484003543854, 0.007985181175172329, 0.014525869861245155, 0.008416194468736649, 0.008082828484475613, 0.009796882048249245, 0.007573394104838371, 0.008799027651548386, 0.007361430674791336, 0.007688878104090691, 0.0074320887215435505, 0.00793867465108633, 0.0073264543898403645, 0.0072951605543494225, 0.009011446498334408, 0.007824577391147614, 0.008144140243530273, 0.012284796684980392, 0.013625932857394218, 0.008271909318864346, 0.009418971836566925, 0.008047649636864662, 0.007675813976675272, 0.007799223065376282, 0.007373834494501352, 0.008106363005936146, 0.008165678940713406, 0.010516311973333359, 0.013201300986111164, 0.01139005459845066, 0.010954129509627819, 0.016077198088169098, 0.011696694418787956, 0.011294709518551826, 0.007841687649488449, 0.007136426400393248, 0.007152815815061331, 0.01027931459248066, 0.009390353225171566, 0.012361392378807068, 0.010771311819553375, 0.00828895065933466, 0.013342923484742641, 0.007311634719371796, 0.007243684027343988, 0.01891631819307804, 0.008925661444664001, 0.010608650743961334, 0.008848050609230995, 0.010233113542199135, 0.010398315265774727, 0.012840962037444115, 0.00849117897450924, 0.011584356427192688, 0.010712738148868084, 0.008789444342255592, 0.008783931843936443, 0.007815444841980934, 0.011581630446016788, 0.007934949360787868], "weapon_probs": [0.051471780985593796, 0.014292337000370026, 0.007848022505640984, 0.014607658609747887, 0.013308895751833916, 0.011079084128141403, 0.017825812101364136, 0.01089260820299387, 0.018456364050507545, 0.00977786723524332, 0.00901181623339653, 0.010723333805799484, 0.009955069050192833, 0.0073616597801446915, 0.011297041550278664, 0.008917437866330147, 0.008351081982254982, 0.011260142549872398, 0.015387145802378654, 0.011214789003133774, 0.011526672169566154, 0.007569373585283756, 0.0071673886850476265, 0.010774583555758, 0.010304152965545654, 0.009294955991208553, 0.007270611822605133, 0.008072800002992153, 0.014219210483133793, 0.01096690259873867, 0.011755957268178463, 0.01123783178627491, 0.010081668384373188, 0.010227066464722157, 0.007597827818244696, 0.011795014142990112, 0.008618306368589401, 0.007678561843931675, 0.013359642587602139, 0.009806383401155472, 0.010061599314212799, 0.00944520067423582, 0.010212899185717106, 0.015811145305633545, 0.009591275826096535, 0.01707254722714424, 0.007811428513377905, 0.01061840821057558, 0.009312418289482594, 0.009819709695875645, 0.00946661178022623, 0.007824205793440342, 0.015602304600179195, 0.019973713904619217, 0.007951116189360619, 0.018770232796669006, 0.008824422955513, 0.007578846998512745, 0.009404472075402737]}