{"loss": -0.9889808297157288, "character_probs": [0.01459616981446743, 0.02536376565694809, 0.010656190104782581, 0.0117811169475317, 0.025464978069067, 0.008460775949060917, 0.007760375738143921, 0.007719684392213821, 0.007933211512863636, 0.015072457492351532, 0.008772584609687328, 0.009338710457086563, 0.015408793464303017, 0.013622770085930824, 0.013043414801359177, 0.007219269406050444, 0.00928266067057848, 0.007153337821364403, 0.01131455972790718, 0.008484533056616783, 0.01122613437473774, 0.007450130768120289, 0.00797184370458126, 0.007694491650909185, 0.007886524312198162, 0.008029596880078316, 0.007660872768610716, 0.007584569044411182, 0.008629556745290756, 0.007136407308280468, 0.01605759561061859, 0.007118673995137215, 0.007837577722966671, 0.010359383188188076, 0.007504195440560579, 0.0134784746915102, 0.008895982056856155, 0.007971104234457016, 0.007508659269660711, 0.013248531147837639, 0.028408724814653397, 0.007492569740861654, 0.007375288289040327, 0.01446567289531231, 0.008881323039531708, 0.007262348663061857, 0.010681220330297947, 0.00872912909835577, 0.013539404608309269, 0.007719508372247219, 0.008582578971982002, 0.007273200899362564, 0.008096878416836262, 0.009044553153216839, 0.010247869417071342, 0.010923785157501698, 0.008924324065446854, 0.008818165399134159, 0.00784499291330576, 0.008158594369888306, 0.007722883485257626, 0.00851898081600666, 0.008848101831972599, 0.007745907176285982, 0.008525727316737175, 0.008841503411531448, 0.01011575385928154, 0.011019814759492874, 0.008272888138890266, 0.008487335406243801, 0.008252973668277264, 0.011259892955422401, 0.008976303972303867, 0.01067333947867155, 0.010686730965971947, 0.0098058907315135, 0.010564561933279037, 0.009368610568344593, 0.022272231057286263], "weapon_probs": [0.01999811641871929, 0.03102489933371544, 0.016250696033239365, 0.0180518701672554, 0.012619439512491226, 0.011197894811630249, 0.012379289604723454, 0.01622670888900757, 0.00785976741462946, 0.016458315774798393, 0.01414206251502037, 0.008245207369327545, 0.012395951896905899, 0.007530094124376774, 0.00808718055486679, 0.008565469644963741, 0.007914276793599129, 0.011123484931886196, 0.012524297460913658, 0.012975111603736877, 0.008566787466406822, 0.008302979171276093, 0.00845074001699686, 0.00963443424552679, 0.015881745144724846, 0.010882291942834854, 0.020649699494242668, 0.008878514170646667, 0.011057333089411259, 0.00897456705570221, 0.00839788094162941, 0.007447965443134308, 0.009225926361978054, 0.009459271095693111, 0.008699538186192513, 0.024186935275793076, 0.00770695973187685, 0.01431305706501007, 0.008269560523331165, 0.012500772252678871, 0.007683367468416691, 0.008800622075796127, 0.010462173260748386, 0.02071254327893257, 0.008211181499063969, 0.01698743924498558, 0.007906734943389893, 0.007560804020613432, 0.007641729898750782, 0.00942037533968687, 0.00968914944678545, 0.008455522358417511, 0.014028740115463734, 0.010857585817575455, 0.013545611873269081, 0.019905295222997665, 0.016521712765097618, 0.009094741195440292, 0.01359372865408659]}