{"loss": 0.8628597855567932, "character_probs": [0.018335804343223572, 0.015361025929450989, 0.02992486208677292, 0.016824426129460335, 0.01380226295441389, 0.010061463341116905, 0.007322507910430431, 0.008167540654540062, 0.007633030880242586, 0.007282225880771875, 0.007726173847913742, 0.010688070207834244, 0.021141454577445984, 0.007624682504683733, 0.0074596107006073, 0.010420659556984901, 0.008511477150022984, 0.013819224201142788, 0.00948342029005289, 0.007510195951908827, 0.007410235237330198, 0.01019265316426754, 0.007069617044180632, 0.007267013192176819, 0.008358431048691273, 0.014263637363910675, 0.009644145146012306, 0.007191499695181847, 0.008502209559082985, 0.007914514280855656, 0.008377217687666416, 0.010124113410711288, 0.007579089608043432, 0.007589804008603096, 0.011050283908843994, 0.010330083779990673, 0.009158656932413578, 0.008926513604819775, 0.008286021649837494, 0.007240192499011755, 0.015538232401013374, 0.008660215884447098, 0.007967713288962841, 0.007976241409778595, 0.010699491016566753, 0.010610055178403854, 0.013898425735533237, 0.010648838244378567, 0.007449998054653406, 0.007874718867242336, 0.009747497737407684, 0.008282010443508625, 0.007320195436477661, 0.007868164218962193, 0.014315782114863396, 0.008410345762968063, 0.007319015450775623, 0.01147611252963543, 0.015418522991240025, 0.00892786867916584, 0.010726559907197952, 0.011715700849890709, 0.007509532850235701, 0.009151360020041466, 0.009876705706119537, 0.011046870611608028, 0.016256261616945267, 0.007757178507745266, 0.007996899075806141, 0.007967296056449413, 0.010798580013215542, 0.007566948886960745, 0.017553847283124924, 0.02116304077208042, 0.01309078000485897, 0.01130770891904831, 0.013282213360071182, 0.008603107184171677, 0.009668931365013123], "weapon_probs": [0.036605969071388245, 0.013666629791259766, 0.01625910773873329, 0.011362961493432522, 0.01665877178311348, 0.01937541924417019, 0.008996074087917805, 0.015089210122823715, 0.00964573584496975, 0.015671662986278534, 0.007752044126391411, 0.013587122783064842, 0.020684637129306793, 0.00798643659800291, 0.007209623232483864, 0.01796645112335682, 0.008924105204641819, 0.008820108138024807, 0.010094410739839077, 0.01947074942290783, 0.009151745587587357, 0.009580720216035843, 0.008799632079899311, 0.007390159647911787, 0.008986420929431915, 0.008637882769107819, 0.009233801625669003, 0.007362120784819126, 0.0077268327586352825, 0.008446893654763699, 0.015810679644346237, 0.010448195040225983, 0.00905805267393589, 0.00975960772484541, 0.01015542633831501, 0.011703970842063427, 0.008200244978070259, 0.007244204171001911, 0.0077499765902757645, 0.01082967221736908, 0.009925717487931252, 0.00923093780875206, 0.007586284540593624, 0.007620799820870161, 0.018028244376182556, 0.008935910649597645, 0.010222832672297955, 0.008220359683036804, 0.009193625301122665, 0.008194389753043652, 0.027161002159118652, 0.010689564049243927, 0.01481941994279623, 0.008289165794849396, 0.008233231492340565, 0.023672062903642654, 0.009676773101091385, 0.010273825377225876, 0.009912777692079544]}