{"loss": 0.5309412479400635, "character_probs": [0.03064466267824173, 0.019961319863796234, 0.01324203796684742, 0.01080360822379589, 0.012767819687724113, 0.008572504855692387, 0.01818178966641426, 0.008047947660088539, 0.011644548736512661, 0.00832401867955923, 0.01378447562456131, 0.009018804877996445, 0.008348125033080578, 0.007253938354551792, 0.010868514887988567, 0.01913577690720558, 0.008421169593930244, 0.00782819464802742, 0.007261868100613356, 0.011009817011654377, 0.008803666569292545, 0.008180294185876846, 0.010850656777620316, 0.007720912341028452, 0.007655957713723183, 0.007820865139365196, 0.009230511263012886, 0.008538547903299332, 0.008222534321248531, 0.009603720158338547, 0.007360306568443775, 0.009117739275097847, 0.009920252487063408, 0.008286156691610813, 0.007270815782248974, 0.010691951029002666, 0.012290103361010551, 0.007802421692758799, 0.008263376541435719, 0.00886368378996849, 0.00783888716250658, 0.008920817635953426, 0.012154221534729004, 0.008051392622292042, 0.007731891702860594, 0.008112024515867233, 0.012631329707801342, 0.009100195951759815, 0.009192075580358505, 0.007909866981208324, 0.007465633563697338, 0.008889451622962952, 0.008579403162002563, 0.010421378538012505, 0.012349196709692478, 0.009272336028516293, 0.009398749098181725, 0.009952064603567123, 0.0093606635928154, 0.00946694053709507, 0.007460175082087517, 0.010457497090101242, 0.007814428769052029, 0.012688321992754936, 0.008825216442346573, 0.010538117960095406, 0.010521940886974335, 0.008592263795435429, 0.010458339005708694, 0.013416755944490433, 0.0085679329931736, 0.009504453279078007, 0.018298186361789703, 0.00850651040673256, 0.016033431515097618, 0.008258068934082985, 0.012210667133331299, 0.009496845304965973, 0.011505316942930222], "weapon_probs": [0.03682475909590721, 0.016308382153511047, 0.022898711264133453, 0.00838922057300806, 0.009282479993999004, 0.009521775878965855, 0.010788919404149055, 0.020637955516576767, 0.02220107987523079, 0.011987291276454926, 0.01464848779141903, 0.008721145801246166, 0.009550603106617928, 0.009697585366666317, 0.008158063516020775, 0.01166571769863367, 0.01330433040857315, 0.012601559981703758, 0.007449065335094929, 0.015489387325942516, 0.009694087319076061, 0.008132005110383034, 0.00879678688943386, 0.010753522627055645, 0.0078383544459939, 0.008143655024468899, 0.008294702507555485, 0.009172101505100727, 0.015260566957294941, 0.00784168392419815, 0.010961879976093769, 0.010104342363774776, 0.008499201387166977, 0.007660755421966314, 0.008015217259526253, 0.007584077771753073, 0.010246147401630878, 0.008736241608858109, 0.021314922720193863, 0.009905826300382614, 0.00755962822586298, 0.014131034724414349, 0.013910921290516853, 0.00949579756706953, 0.010853869840502739, 0.009087270125746727, 0.00795998889952898, 0.008539382368326187, 0.012250877916812897, 0.009149504825472832, 0.008026295341551304, 0.01569295860826969, 0.00836932472884655, 0.016711022704839706, 0.01766040176153183, 0.008951225318014622, 0.00996430590748787, 0.013735545799136162, 0.008585715666413307]}