{"loss": 0.8759753108024597, "character_probs": [0.01149892807006836, 0.024562645703554153, 0.011042788624763489, 0.021346542984247208, 0.010382476262748241, 0.010029768571257591, 0.010854651220142841, 0.011948741972446442, 0.009157063439488411, 0.01552425418049097, 0.010454969480633736, 0.008658278733491898, 0.009614910930395126, 0.013331877067685127, 0.01209883950650692, 0.010216222144663334, 0.009203612804412842, 0.010080572217702866, 0.008943692781031132, 0.00734889367595315, 0.008428523316979408, 0.007409313227981329, 0.007582949940115213, 0.007520813029259443, 0.007393380627036095, 0.023264814168214798, 0.007161133456975222, 0.008633369579911232, 0.01168747991323471, 0.0071007548831403255, 0.010448882356286049, 0.007893233560025692, 0.007781219203025103, 0.007397011388093233, 0.007358372677117586, 0.0076185548678040504, 0.01541601587086916, 0.007604922167956829, 0.009073881432414055, 0.012544160708785057, 0.009027606807649136, 0.010383936576545238, 0.0075901043601334095, 0.016685163602232933, 0.007563931867480278, 0.007617053110152483, 0.011359825730323792, 0.009691213257610798, 0.007668152451515198, 0.014586146920919418, 0.010865112766623497, 0.00892471894621849, 0.00843022670596838, 0.014139942824840546, 0.008467608131468296, 0.008980397135019302, 0.007558588869869709, 0.00743973208591342, 0.008889663964509964, 0.014427067711949348, 0.009013262577354908, 0.007987543009221554, 0.007577628828585148, 0.009518506936728954, 0.007311820052564144, 0.007669148035347462, 0.008845122531056404, 0.009286969900131226, 0.010273147374391556, 0.007541333325207233, 0.008880145847797394, 0.009896324016153812, 0.009777525439858437, 0.014633126556873322, 0.011121070012450218, 0.008938707411289215, 0.022612955421209335, 0.011609585024416447, 0.01503784954547882], "weapon_probs": [0.022722523659467697, 0.028965894132852554, 0.018282882869243622, 0.012119300663471222, 0.022170953452587128, 0.010024627670645714, 0.008265717886388302, 0.026514634490013123, 0.010897435247898102, 0.009804857894778252, 0.00829249620437622, 0.016504257917404175, 0.00994995515793562, 0.00943034514784813, 0.008238122798502445, 0.01095529180020094, 0.008130356669425964, 0.010102584958076477, 0.008002686314284801, 0.009097272530198097, 0.007304370403289795, 0.00995630118995905, 0.007184530142694712, 0.010314591228961945, 0.008894670754671097, 0.009717248380184174, 0.009287448599934578, 0.009279844351112843, 0.019579166546463966, 0.007465609349310398, 0.00785092730075121, 0.008551854640245438, 0.007303133606910706, 0.016857285052537918, 0.008715552277863026, 0.015171624720096588, 0.0174653809517622, 0.007585605606436729, 0.008729412220418453, 0.008881761692464352, 0.014008169993758202, 0.011632416397333145, 0.01974700763821602, 0.009252804331481457, 0.012409993447363377, 0.01024924498051405, 0.008814506232738495, 0.008808886632323265, 0.015695303678512573, 0.01064178068190813, 0.008588772267103195, 0.013479527086019516, 0.008720123209059238, 0.008227174170315266, 0.010298440232872963, 0.021905135363340378, 0.010061918757855892, 0.008438153192400932, 0.007938284426927567]}