{"loss": 0.9315629601478577, "character_probs": [0.02177780121564865, 0.011838193982839584, 0.014694353565573692, 0.01118912361562252, 0.008899485692381859, 0.02784508839249611, 0.01593656837940216, 0.010870510712265968, 0.011256784200668335, 0.008893112652003765, 0.008050906471908092, 0.009050569497048855, 0.017163507640361786, 0.010490587912499905, 0.00784637313336134, 0.008402472361922264, 0.0072930012829601765, 0.010375202633440495, 0.009151650592684746, 0.007531757932156324, 0.010790284723043442, 0.008498968556523323, 0.007206672802567482, 0.008557996712625027, 0.007544690743088722, 0.007845037616789341, 0.009282615035772324, 0.010088754817843437, 0.009183898568153381, 0.019076386466622353, 0.00837066862732172, 0.009830554015934467, 0.008195135742425919, 0.00838188175112009, 0.007307854946702719, 0.014111757278442383, 0.007469085045158863, 0.007748806849122047, 0.00929341185837984, 0.00782256480306387, 0.007985838688910007, 0.00940068531781435, 0.009515353478491306, 0.008948772214353085, 0.007339162286370993, 0.016330529004335403, 0.007865199819207191, 0.009275837801396847, 0.007354925386607647, 0.008475414477288723, 0.007784431334584951, 0.009174291975796223, 0.012023229151964188, 0.009764162823557854, 0.007581090088933706, 0.0103811826556921, 0.015036682598292828, 0.009182877838611603, 0.0075163766741752625, 0.009136904962360859, 0.011318930424749851, 0.00867016427218914, 0.010520387440919876, 0.008518720045685768, 0.007680391892790794, 0.008478248491883278, 0.009365260601043701, 0.008905623108148575, 0.008393753319978714, 0.01479797251522541, 0.010406909510493279, 0.007829932495951653, 0.011944103986024857, 0.017039718106389046, 0.008898924104869366, 0.010066816583275795, 0.014769653789699078, 0.007708121556788683, 0.01303492859005928], "weapon_probs": [0.03231362625956535, 0.021488802507519722, 0.013518793508410454, 0.01333097368478775, 0.01246728003025055, 0.01503331121057272, 0.014634430408477783, 0.013926053419709206, 0.009980462491512299, 0.010038429871201515, 0.00909610465168953, 0.01882103458046913, 0.01007477194070816, 0.015690358355641365, 0.008113406598567963, 0.008940102532505989, 0.011640386655926704, 0.007900433614850044, 0.018581002950668335, 0.009335646405816078, 0.009644091129302979, 0.008434398099780083, 0.008578040637075901, 0.008635235019028187, 0.010179413482546806, 0.013992762193083763, 0.011730248108506203, 0.010602988302707672, 0.008277571760118008, 0.009031753987073898, 0.017240390181541443, 0.00836113654077053, 0.016855694353580475, 0.009293310344219208, 0.009126316756010056, 0.01118919812142849, 0.009268593043088913, 0.01063960138708353, 0.007842205464839935, 0.00862147193402052, 0.008050158619880676, 0.008064883761107922, 0.009340333752334118, 0.01605641469359398, 0.009249065071344376, 0.012999340891838074, 0.00965368002653122, 0.010037584230303764, 0.01280677504837513, 0.007511172443628311, 0.007346791215240955, 0.010615052655339241, 0.008683637715876102, 0.012675093486905098, 0.011453920975327492, 0.019164497032761574, 0.00848386250436306, 0.013693902641534805, 0.008182831108570099]}