{"loss": -0.48771005868911743, "character_probs": [0.015309262089431286, 0.012827672064304352, 0.023756343871355057, 0.015836788341403008, 0.015924504026770592, 0.010765892453491688, 0.012575015425682068, 0.011495351791381836, 0.007566955406218767, 0.01059507206082344, 0.014553111046552658, 0.010005185380578041, 0.008720358833670616, 0.008262695744633675, 0.008614781312644482, 0.009408578276634216, 0.008330282755196095, 0.008593853563070297, 0.011241346597671509, 0.009151961654424667, 0.008937261998653412, 0.008605980314314365, 0.00953944493085146, 0.012220460921525955, 0.008172028698027134, 0.009233633056282997, 0.013406243175268173, 0.01049808505922556, 0.00977599248290062, 0.01262619998306036, 0.00792386569082737, 0.007877080701291561, 0.008054163306951523, 0.007302203681319952, 0.011965487152338028, 0.012091968208551407, 0.009221715852618217, 0.008992224000394344, 0.009120387956500053, 0.008791983127593994, 0.011343427002429962, 0.007546527311205864, 0.007525003980845213, 0.007606677711009979, 0.009851803071796894, 0.010775959119200706, 0.008091671392321587, 0.008792960084974766, 0.009702780283987522, 0.009637996554374695, 0.009113035164773464, 0.0102848457172513, 0.008340955711901188, 0.010222332552075386, 0.00807423610240221, 0.009687486104667187, 0.007685808464884758, 0.008459685370326042, 0.009178508073091507, 0.015516589395701885, 0.008210434578359127, 0.008850457146763802, 0.007796190213412046, 0.009156465530395508, 0.00961071066558361, 0.013695995323359966, 0.012029998004436493, 0.013834046199917793, 0.011448586359620094, 0.00924847461283207, 0.009080146439373493, 0.015068155713379383, 0.011434618383646011, 0.011429481208324432, 0.009862039238214493, 0.017227917909622192, 0.017926067113876343, 0.011220245622098446, 0.010472064837813377], "weapon_probs": [0.01755891740322113, 0.02945028990507126, 0.01483546569943428, 0.02594578266143799, 0.02649794891476631, 0.009107088670134544, 0.01004369743168354, 0.008183781057596207, 0.012909803539514542, 0.007507398258894682, 0.007927660830318928, 0.008705217391252518, 0.012996045872569084, 0.012086965143680573, 0.009845823049545288, 0.008432069793343544, 0.01397657673805952, 0.008589858189225197, 0.009986512362957, 0.008462791331112385, 0.008480740711092949, 0.00908760167658329, 0.01642639935016632, 0.008390155620872974, 0.010151505470275879, 0.016006411984562874, 0.009233521297574043, 0.007460550405085087, 0.016066549345850945, 0.009957866743206978, 0.007390995509922504, 0.0083712013438344, 0.008273501880466938, 0.010328605771064758, 0.013575703836977482, 0.018132291734218597, 0.0074225799180567265, 0.00898944865912199, 0.00779691431671381, 0.010289641097187996, 0.010096470825374126, 0.010101408697664738, 0.010135715827345848, 0.01665710285305977, 0.010001069866120815, 0.016288023442029953, 0.018424872308969498, 0.008972744457423687, 0.015498658642172813, 0.011311856098473072, 0.007959422655403614, 0.013958211988210678, 0.009184443391859531, 0.010501914657652378, 0.011699318885803223, 0.017292121425271034, 0.011282398365437984, 0.007417917717248201, 0.00842995010316372]}