{"loss": -0.37536901235580444, "character_probs": [0.02348998934030533, 0.008959652855992317, 0.015911098569631577, 0.010172417387366295, 0.010989980772137642, 0.014648545533418655, 0.02568737044930458, 0.010214154608547688, 0.010095542296767235, 0.007974469102919102, 0.015757763758301735, 0.007892001420259476, 0.007473801262676716, 0.008564448915421963, 0.008101996034383774, 0.007490137591958046, 0.012311236001551151, 0.016848433762788773, 0.013902725651860237, 0.007274074014276266, 0.010306557640433311, 0.008097733370959759, 0.011156555265188217, 0.009095674380660057, 0.007450743578374386, 0.008182629011571407, 0.007681692484766245, 0.008895741775631905, 0.009421516209840775, 0.010087840259075165, 0.007981251925230026, 0.007852963171899319, 0.009083547629415989, 0.008035043254494667, 0.007867500185966492, 0.008367398753762245, 0.007885969243943691, 0.008260520175099373, 0.009174849838018417, 0.009819932281970978, 0.00834891851991415, 0.008995462208986282, 0.009170044213533401, 0.009739607572555542, 0.008564844727516174, 0.012023475021123886, 0.010850057005882263, 0.01443205401301384, 0.00777980824932456, 0.007458218839019537, 0.0074959201738238335, 0.012518798001110554, 0.009039971977472305, 0.008870667777955532, 0.008904228918254375, 0.007311053574085236, 0.011118074879050255, 0.007555164396762848, 0.018200252205133438, 0.00939861312508583, 0.020814841613173485, 0.008617395535111427, 0.009005674161016941, 0.009890405461192131, 0.007497698534280062, 0.007848294451832771, 0.008973708376288414, 0.015817929059267044, 0.0077466401271522045, 0.007995961233973503, 0.008678263984620571, 0.011190047487616539, 0.00885283574461937, 0.008473665453493595, 0.018186837434768677, 0.014864296652376652, 0.008746683597564697, 0.009729481302201748, 0.009532252326607704], "weapon_probs": [0.03894862160086632, 0.02976231276988983, 0.012341337278485298, 0.009808004833757877, 0.019063249230384827, 0.007633155211806297, 0.010798239149153233, 0.009837842546403408, 0.007505780551582575, 0.010112439282238483, 0.023043092340230942, 0.008487491868436337, 0.009369319304823875, 0.01207774505019188, 0.009676729328930378, 0.015929240733385086, 0.011386841535568237, 0.007596316281706095, 0.007527828682214022, 0.01451498456299305, 0.013259762898087502, 0.010393679141998291, 0.007291709538549185, 0.011976867914199829, 0.008026584051549435, 0.009099161252379417, 0.008631874807178974, 0.008930779993534088, 0.008845780976116657, 0.011694123037159443, 0.008418451063334942, 0.009793765842914581, 0.008402465842664242, 0.007941486313939095, 0.011451652273535728, 0.008656748570501804, 0.00816701352596283, 0.009739022701978683, 0.007245567627251148, 0.015542476437985897, 0.00887494720518589, 0.008703132160007954, 0.010215346701443195, 0.014657313004136086, 0.007349582388997078, 0.009373372420668602, 0.008627286180853844, 0.0076223574578762054, 0.020337488502264023, 0.0344698503613472, 0.009173478931188583, 0.008784560486674309, 0.013113092631101608, 0.009544247761368752, 0.007802745793014765, 0.010045753791928291, 0.009182733483612537, 0.008643093518912792, 0.013448186218738556]}