{"loss": -0.5475475192070007, "character_probs": [0.026365026831626892, 0.009347992017865181, 0.014916418120265007, 0.031508076936006546, 0.008212271146476269, 0.012708326801657677, 0.010970989242196083, 0.008212359622120857, 0.00909729115664959, 0.012487873435020447, 0.013210714794695377, 0.007317801471799612, 0.009367553517222404, 0.008526059798896313, 0.008723624981939793, 0.008545596152544022, 0.007365390658378601, 0.013820752501487732, 0.007265537977218628, 0.00813321489840746, 0.019212834537029266, 0.008652187883853912, 0.00913052074611187, 0.007470459211617708, 0.007571535650640726, 0.007267916575074196, 0.008036517538130283, 0.007791154086589813, 0.0075494092889130116, 0.011399880982935429, 0.007529129274189472, 0.009600312449038029, 0.007459234446287155, 0.00819028913974762, 0.00815317127853632, 0.008730614557862282, 0.008457583375275135, 0.007324818056076765, 0.010778216645121574, 0.008597723208367825, 0.007531343027949333, 0.008380790241062641, 0.008028357289731503, 0.01701973006129265, 0.008230896666646004, 0.018867062404751778, 0.007471973542124033, 0.007523796055465937, 0.01723439246416092, 0.00804576650261879, 0.008248141035437584, 0.00828902143985033, 0.010864573530852795, 0.007479019463062286, 0.00785601232200861, 0.010218560695648193, 0.009996520355343819, 0.007649202365428209, 0.009017093107104301, 0.008589757606387138, 0.01123138703405857, 0.012577603571116924, 0.01056627556681633, 0.008529668673872948, 0.012108754366636276, 0.007982426322996616, 0.008628097362816334, 0.011076797731220722, 0.009774708189070225, 0.008981377817690372, 0.013162577524781227, 0.008313041180372238, 0.00762096606194973, 0.01437818631529808, 0.008734066970646381, 0.010217472910881042, 0.008339024148881435, 0.011974846944212914, 0.011920579709112644], "weapon_probs": [0.01300047803670168, 0.016421426087617874, 0.016609586775302887, 0.029289066791534424, 0.011991363018751144, 0.021700825542211533, 0.010749896988272667, 0.016071230173110962, 0.013752872124314308, 0.013063648715615273, 0.007606229744851589, 0.015757659450173378, 0.009600184857845306, 0.009278139099478722, 0.008596708998084068, 0.008679387159645557, 0.01959049515426159, 0.009134432300925255, 0.008473275229334831, 0.022137010470032692, 0.008228117600083351, 0.007435350678861141, 0.012109002098441124, 0.01308522280305624, 0.010646281763911247, 0.008669840171933174, 0.009095919318497181, 0.011557367630302906, 0.008194931782782078, 0.014562900178134441, 0.013048948720097542, 0.009142412804067135, 0.007415293250232935, 0.007412580773234367, 0.010604474693536758, 0.009387476369738579, 0.009565568529069424, 0.008306176401674747, 0.013446180149912834, 0.009999752976000309, 0.007735619321465492, 0.012757211923599243, 0.009680384770035744, 0.007991579361259937, 0.0076062800362706184, 0.011139257811009884, 0.010105851106345654, 0.009006919339299202, 0.010539287701249123, 0.009263565763831139, 0.009539349004626274, 0.023713871836662292, 0.012749564833939075, 0.009142104536294937, 0.010363430716097355, 0.012663919478654861, 0.013546410948038101, 0.007874340750277042, 0.02541910856962204]}