{"loss": -0.9094527959823608, "character_probs": [0.028353694826364517, 0.01986154168844223, 0.00853363424539566, 0.01335172913968563, 0.008667424321174622, 0.011231483891606331, 0.014300806447863579, 0.013927184045314789, 0.007771396543830633, 0.009948240593075752, 0.014631656929850578, 0.008112589828670025, 0.012625424191355705, 0.009847983717918396, 0.021895766258239746, 0.008687094785273075, 0.00832362100481987, 0.007865999825298786, 0.008070788346230984, 0.008682283572852612, 0.011131780222058296, 0.007300626020878553, 0.008846372365951538, 0.011124273762106895, 0.008273612707853317, 0.008082665503025055, 0.007268522400408983, 0.009309886023402214, 0.007921128533780575, 0.007956324145197868, 0.008061280474066734, 0.00833069160580635, 0.007912817411124706, 0.01125231385231018, 0.007708501070737839, 0.009840497747063637, 0.007227668538689613, 0.007268184330314398, 0.0077643380500376225, 0.009412255138158798, 0.010121796280145645, 0.007781066000461578, 0.016463082283735275, 0.0073868087492883205, 0.007180029526352882, 0.009752833284437656, 0.00748981349170208, 0.008035629987716675, 0.008679816499352455, 0.008229169063270092, 0.018424086272716522, 0.009389955550432205, 0.008534171618521214, 0.013828004710376263, 0.008085761219263077, 0.010254647582769394, 0.010452436283230782, 0.009715157561004162, 0.008484762161970139, 0.008733944967389107, 0.010798870585858822, 0.008016248233616352, 0.00876542180776596, 0.010791733860969543, 0.007464020512998104, 0.007727912161499262, 0.011985871940851212, 0.011466361582279205, 0.020259976387023926, 0.007814683951437473, 0.008830257691442966, 0.011362042278051376, 0.008284172974526882, 0.011882442981004715, 0.010299844667315483, 0.007451154757291079, 0.00956946611404419, 0.008085020817816257, 0.010158670134842396], "weapon_probs": [0.016727503389120102, 0.03138503059744835, 0.02386358380317688, 0.009263618849217892, 0.016880623996257782, 0.014819967560470104, 0.008251039311289787, 0.009000460617244244, 0.012433212250471115, 0.008148988708853722, 0.021756857633590698, 0.011245809495449066, 0.00979011133313179, 0.010342473164200783, 0.01631399616599083, 0.007550165057182312, 0.01098867692053318, 0.01827532798051834, 0.010712475515902042, 0.00931649561971426, 0.012068758718669415, 0.007402856834232807, 0.007592585403472185, 0.008126389235258102, 0.014514723792672157, 0.012435009703040123, 0.008112382143735886, 0.008309027180075645, 0.00833258219063282, 0.00783825758844614, 0.00805858988314867, 0.009052086621522903, 0.0075797890312969685, 0.017128612846136093, 0.01020817644894123, 0.008261126466095448, 0.008406773209571838, 0.007846519351005554, 0.012080793268978596, 0.009727404452860355, 0.00888975802809, 0.007790659088641405, 0.00820908136665821, 0.04218142479658127, 0.009479506872594357, 0.008994532749056816, 0.00984403770416975, 0.008587690070271492, 0.008080968633294106, 0.008471938781440258, 0.01017769519239664, 0.010202199220657349, 0.02692345529794693, 0.008619831874966621, 0.010379728861153126, 0.011604029685258865, 0.007836755365133286, 0.011073345318436623, 0.008367965929210186]}