{"loss": -0.9724401831626892, "character_probs": [0.01614847406744957, 0.010007668286561966, 0.03183067962527275, 0.010580576956272125, 0.01216711662709713, 0.008448315784335136, 0.01498874370008707, 0.008747100830078125, 0.009330851957201958, 0.008625419810414314, 0.00862414576113224, 0.01009144727140665, 0.011020759120583534, 0.017313143238425255, 0.010882096365094185, 0.010326435789465904, 0.007542046252638102, 0.009447489865124226, 0.008296872489154339, 0.007527473382651806, 0.007320368196815252, 0.008357072249054909, 0.008994906209409237, 0.009084900841116905, 0.007690223399549723, 0.011004047468304634, 0.01127569004893303, 0.007305298000574112, 0.007267605047672987, 0.008692080155014992, 0.01001169253140688, 0.023391157388687134, 0.007368551567196846, 0.00902569480240345, 0.007551929913461208, 0.008840798400342464, 0.007466427981853485, 0.0090840645134449, 0.01372549869120121, 0.008517568930983543, 0.008687343448400497, 0.015438215807080269, 0.008773386478424072, 0.00880945660173893, 0.01158076710999012, 0.008577855303883553, 0.008653289638459682, 0.008080671541392803, 0.008114847354590893, 0.009596682153642178, 0.011386411264538765, 0.008568096905946732, 0.010916810482740402, 0.00830654613673687, 0.007360212039202452, 0.00875517912209034, 0.0072481101378798485, 0.013122599571943283, 0.008813299238681793, 0.023178476840257645, 0.010167146101593971, 0.0119132399559021, 0.007504525128751993, 0.0100895119830966, 0.008361805230379105, 0.013687200844287872, 0.008942849934101105, 0.012586791068315506, 0.008003098890185356, 0.01002020388841629, 0.008697673678398132, 0.009129121899604797, 0.012292025610804558, 0.013833940029144287, 0.016766708344221115, 0.010915273800492287, 0.012540997005999088, 0.008996213786303997, 0.00977339781820774], "weapon_probs": [0.01057642512023449, 0.03820562735199928, 0.008376016281545162, 0.010181985795497894, 0.011743463575839996, 0.017685964703559875, 0.015478870831429958, 0.024782802909612656, 0.007751477416604757, 0.011087900027632713, 0.008914203383028507, 0.01295788399875164, 0.011652985587716103, 0.035013776272535324, 0.0084857027977705, 0.010267393663525581, 0.008733339607715607, 0.007840692065656185, 0.008161962032318115, 0.010694433003664017, 0.01147637888789177, 0.008725689724087715, 0.01217977236956358, 0.011983556672930717, 0.007548376452177763, 0.01541207730770111, 0.009250429458916187, 0.009840594604611397, 0.011818727478384972, 0.009342944249510765, 0.008785026147961617, 0.008433286100625992, 0.009500289335846901, 0.007984988391399384, 0.009745778515934944, 0.00962152611464262, 0.009648103266954422, 0.00861369539052248, 0.010031916201114655, 0.008411655202507973, 0.008508812636137009, 0.007961990311741829, 0.011136023327708244, 0.008354545570909977, 0.01010846346616745, 0.008291006088256836, 0.010770393535494804, 0.008584988303482533, 0.01995737850666046, 0.008272998034954071, 0.00911511667072773, 0.009744386188685894, 0.023393165320158005, 0.010778537951409817, 0.016596468165516853, 0.011471182107925415, 0.00907832570374012, 0.0238177552819252, 0.014790471643209457]}