{"loss": -0.9752174019813538, "character_probs": [0.013270383700728416, 0.016220396384596825, 0.014907293021678925, 0.015388180501759052, 0.009521737694740295, 0.01686999946832657, 0.01081351563334465, 0.012571698054671288, 0.02146752178668976, 0.010812874883413315, 0.012153919786214828, 0.00890594907104969, 0.00816394668072462, 0.015278328210115433, 0.007497012615203857, 0.01457096729427576, 0.010426634922623634, 0.008158539421856403, 0.00941687636077404, 0.008074221201241016, 0.007767736911773682, 0.0071448395028710365, 0.007941246964037418, 0.009049750864505768, 0.007488688919693232, 0.007221176289021969, 0.007869788445532322, 0.012355366721749306, 0.00904746912419796, 0.009399338625371456, 0.00884862057864666, 0.00867612473666668, 0.00904042087495327, 0.007794239092618227, 0.008681205101311207, 0.016597868874669075, 0.008503682911396027, 0.009256371296942234, 0.009585220366716385, 0.00948202796280384, 0.009979411959648132, 0.007455263286828995, 0.00804898887872696, 0.00895825494080782, 0.008163238875567913, 0.0074380505830049515, 0.007762535475194454, 0.008633483201265335, 0.008700606413185596, 0.007747694384306669, 0.010924047790467739, 0.009767424315214157, 0.008979606442153454, 0.010381391271948814, 0.008315842598676682, 0.013999635353684425, 0.016394879668951035, 0.008301644586026669, 0.010335935279726982, 0.009794604033231735, 0.01989459991455078, 0.01052969042211771, 0.008254356682300568, 0.00780222425237298, 0.008102023974061012, 0.01068989746272564, 0.008424222469329834, 0.0085968729108572, 0.018880784511566162, 0.007860293611884117, 0.010924594476819038, 0.010226571001112461, 0.008892321027815342, 0.014156900346279144, 0.01166203711181879, 0.008462755009531975, 0.010297831147909164, 0.01004769466817379, 0.010257349349558353], "weapon_probs": [0.02396872639656067, 0.02125156670808792, 0.027419529855251312, 0.012461126782000065, 0.013304384425282478, 0.010211867280304432, 0.010184550657868385, 0.011189039796590805, 0.011729970574378967, 0.014895484782755375, 0.009434036910533905, 0.019333194941282272, 0.009870002046227455, 0.009669365361332893, 0.013698373921215534, 0.010389743372797966, 0.008368165232241154, 0.009357932023704052, 0.011299315840005875, 0.01616865023970604, 0.008043885231018066, 0.01697540655732155, 0.008230081759393215, 0.009069731459021568, 0.010141937993466854, 0.009292595088481903, 0.00749600725248456, 0.008888584561645985, 0.007218245882540941, 0.0110634695738554, 0.008777545765042305, 0.00872688740491867, 0.016192078590393066, 0.0071848914958536625, 0.009678487665951252, 0.0168173648416996, 0.010806226171553135, 0.012130144983530045, 0.00960664264857769, 0.009557997807860374, 0.012239301577210426, 0.009671696461737156, 0.007616776507347822, 0.01186632364988327, 0.007727344520390034, 0.013554607518017292, 0.016399864107370377, 0.009254570119082928, 0.014774425886571407, 0.014193468727171421, 0.013513102196156979, 0.014596248976886272, 0.00781097449362278, 0.009338718838989735, 0.01355099305510521, 0.010480966418981552, 0.00985135417431593, 0.008915279991924763, 0.009110964834690094]}