{"loss": -0.5246480107307434, "character_probs": [0.013695253059267998, 0.02430647611618042, 0.02035655453801155, 0.012505527585744858, 0.010684092529118061, 0.010802884586155415, 0.01597757823765278, 0.010411592200398445, 0.012364009395241737, 0.008505142293870449, 0.011452356353402138, 0.0088197011500597, 0.009999576956033707, 0.010334601625800133, 0.008066866546869278, 0.00984887219965458, 0.010292259976267815, 0.011210106313228607, 0.01023829448968172, 0.011158863082528114, 0.009933222085237503, 0.007866973988711834, 0.00721338065341115, 0.010141841135919094, 0.01204388402402401, 0.00747265387326479, 0.009548287838697433, 0.009246579371392727, 0.008714425377547741, 0.007451686076819897, 0.009197685867547989, 0.011173462495207787, 0.007665678393095732, 0.009932364337146282, 0.013501024805009365, 0.009611942805349827, 0.009216045960783958, 0.009000513702630997, 0.00788481067866087, 0.010470472276210785, 0.007594498340040445, 0.010691766627132893, 0.007706579752266407, 0.010602032765746117, 0.009202968329191208, 0.007802816107869148, 0.008813358843326569, 0.007910694926977158, 0.008620945736765862, 0.007826047949492931, 0.00861374381929636, 0.007632658816874027, 0.009679664857685566, 0.009568331763148308, 0.007815397344529629, 0.00987197458744049, 0.011530373245477676, 0.007835022173821926, 0.012323487550020218, 0.009485800750553608, 0.011134235188364983, 0.008485452271997929, 0.008605360053479671, 0.00831038597971201, 0.010196800343692303, 0.0130984578281641, 0.009044062346220016, 0.007966037839651108, 0.02056356519460678, 0.014617366716265678, 0.010653429664671421, 0.014002923853695393, 0.009007003158330917, 0.009294677525758743, 0.00756693072617054, 0.019051842391490936, 0.008386746048927307, 0.01000684592872858, 0.009048143401741982], "weapon_probs": [0.010140139609575272, 0.013158367946743965, 0.027762696146965027, 0.01777106150984764, 0.01387808471918106, 0.01768496073782444, 0.03562067076563835, 0.007761114276945591, 0.008720094338059425, 0.014882401563227177, 0.014312243089079857, 0.008991005830466747, 0.01423553004860878, 0.010789500549435616, 0.0105763990432024, 0.008606772869825363, 0.008372052572667599, 0.007596621755510569, 0.010812511667609215, 0.011575124226510525, 0.015613368712365627, 0.009970800019800663, 0.012629097327589989, 0.009775699116289616, 0.0077312905341386795, 0.008415947668254375, 0.007403045427054167, 0.008510276675224304, 0.014297365210950375, 0.007656741887331009, 0.007832139730453491, 0.009252874180674553, 0.007880149409174919, 0.009575583972036839, 0.008482711389660835, 0.012740911915898323, 0.00917643029242754, 0.010119594633579254, 0.008289485238492489, 0.00752060255035758, 0.02355543151497841, 0.010002000257372856, 0.00937214307487011, 0.008240931667387486, 0.010109505616128445, 0.015803290531039238, 0.011558321304619312, 0.013664498925209045, 0.016846533864736557, 0.010660710744559765, 0.00956964585930109, 0.010977234691381454, 0.009054143913090229, 0.02016620524227619, 0.01296633668243885, 0.010899084620177746, 0.0095963254570961, 0.008352959528565407, 0.0076166135258972645]}