{"loss": -0.8878391981124878, "character_probs": [0.01090124249458313, 0.021267235279083252, 0.028004303574562073, 0.009991765022277832, 0.008326481096446514, 0.013213319703936577, 0.02192460373044014, 0.010060688480734825, 0.008409113623201847, 0.009256205521523952, 0.01013433188199997, 0.013385776430368423, 0.007764564827084541, 0.008998604491353035, 0.012435831129550934, 0.008729951456189156, 0.009823781438171864, 0.007447828073054552, 0.00969177857041359, 0.01054298970848322, 0.010779481381177902, 0.00991435069590807, 0.00791848637163639, 0.007980280555784702, 0.012486981227993965, 0.009380355477333069, 0.00826491042971611, 0.00829893909394741, 0.01121347863227129, 0.008376948535442352, 0.00827776174992323, 0.007473858073353767, 0.007342464290559292, 0.007986944168806076, 0.011074122972786427, 0.010567056015133858, 0.00767766498029232, 0.007735600695014, 0.007772655691951513, 0.007378359325230122, 0.009237485937774181, 0.007587888278067112, 0.013368217274546623, 0.011723480187356472, 0.007557309232652187, 0.008216237649321556, 0.007707269862294197, 0.009597844444215298, 0.00870263110846281, 0.007755001541227102, 0.008222807198762894, 0.009697655215859413, 0.009149715304374695, 0.013092905282974243, 0.00856645405292511, 0.008247099816799164, 0.016723116859793663, 0.008883258327841759, 0.008080285973846912, 0.02152395248413086, 0.007534888572990894, 0.00788077898323536, 0.009724359028041363, 0.01722216233611107, 0.009158791974186897, 0.00791193637996912, 0.0085431644693017, 0.012044057250022888, 0.008074862882494926, 0.008480285294353962, 0.010105904191732407, 0.007289017550647259, 0.01159185916185379, 0.016193613409996033, 0.0074221002869307995, 0.010350525379180908, 0.011763237416744232, 0.00872171949595213, 0.011577763594686985], "weapon_probs": [0.028979580849409103, 0.0325605645775795, 0.01463301107287407, 0.008886495605111122, 0.009847300127148628, 0.01794842630624771, 0.011377452872693539, 0.008328907191753387, 0.016165845096111298, 0.010313084349036217, 0.008955350145697594, 0.008875398896634579, 0.00998664740473032, 0.008787086233496666, 0.01627408340573311, 0.010039628483355045, 0.009654038585722446, 0.007978376001119614, 0.03397773951292038, 0.010555246844887733, 0.007646178361028433, 0.007878788746893406, 0.007908920757472515, 0.013992205262184143, 0.0074907527305185795, 0.011213294230401516, 0.007445660885423422, 0.012303626164793968, 0.01118464581668377, 0.007486921269446611, 0.00748518668115139, 0.007292581722140312, 0.00961047038435936, 0.010760331526398659, 0.009938221424818039, 0.012763231992721558, 0.0073453206568956375, 0.01651468686759472, 0.01001768745481968, 0.007586797699332237, 0.0098955649882555, 0.00861987192183733, 0.01133682020008564, 0.008094902150332928, 0.007321830838918686, 0.010328495875000954, 0.013728433288633823, 0.0073945107869803905, 0.030554596334695816, 0.00800430215895176, 0.01447295118123293, 0.007964111864566803, 0.009334096685051918, 0.01288470160216093, 0.007518942933529615, 0.009476831182837486, 0.010027660056948662, 0.01053209975361824, 0.00879802368581295]}