{"loss": -0.7254481315612793, "character_probs": [0.019089994952082634, 0.015721825882792473, 0.021495509892702103, 0.019792305305600166, 0.009678161703050137, 0.011327462270855904, 0.007567874155938625, 0.016276966780424118, 0.008146940730512142, 0.00908229872584343, 0.010327935218811035, 0.01433897577226162, 0.007542888168245554, 0.010394725948572159, 0.011108564212918282, 0.009062683209776878, 0.009461683221161366, 0.0072143422439694405, 0.007351756561547518, 0.009066253900527954, 0.011344045400619507, 0.008372996933758259, 0.00766132352873683, 0.00811320822685957, 0.01436158549040556, 0.012096472084522247, 0.009693019092082977, 0.007699872832745314, 0.016559001058340073, 0.007703699171543121, 0.007433122489601374, 0.008845222182571888, 0.012515459209680557, 0.00715777650475502, 0.008303332142531872, 0.008627095259726048, 0.01059772539883852, 0.008190041407942772, 0.008879780769348145, 0.008890824392437935, 0.007866389118134975, 0.00794830359518528, 0.008380522020161152, 0.007855306379497051, 0.008058634586632252, 0.0074889943934977055, 0.00817340798676014, 0.009058134630322456, 0.013772949576377869, 0.007876614108681679, 0.01083917822688818, 0.009168587625026703, 0.013781111687421799, 0.008018025197088718, 0.009345527738332748, 0.00916142389178276, 0.007671615108847618, 0.010097581893205643, 0.0119877764955163, 0.008374903351068497, 0.00951905082911253, 0.008369356393814087, 0.009884700179100037, 0.00919888261705637, 0.012115911580622196, 0.020457493141293526, 0.01273688767105341, 0.007453950121998787, 0.008488921448588371, 0.007850224152207375, 0.0073250699788331985, 0.011501038447022438, 0.009334353730082512, 0.01170777715742588, 0.007863432168960571, 0.012524335645139217, 0.014506934210658073, 0.009138673543930054, 0.014241844415664673], "weapon_probs": [0.026821888983249664, 0.008697548881173134, 0.01400703378021717, 0.03298298269510269, 0.0076187849044799805, 0.012778833508491516, 0.02461094781756401, 0.007322581019252539, 0.02216513454914093, 0.007295739371329546, 0.01467051636427641, 0.007688752841204405, 0.008565890602767467, 0.008809467777609825, 0.009219283238053322, 0.012285629287362099, 0.013402237556874752, 0.015957344323396683, 0.009737668558955193, 0.012848682701587677, 0.009415220469236374, 0.00814826600253582, 0.014133471995592117, 0.008163907565176487, 0.008247936144471169, 0.00846379529684782, 0.009509921073913574, 0.010634733363986015, 0.01337328553199768, 0.009605150669813156, 0.007993994280695915, 0.0085538849234581, 0.008622432127594948, 0.01097625307738781, 0.009227270260453224, 0.008984863758087158, 0.009256899356842041, 0.009322192519903183, 0.013273727148771286, 0.008890428580343723, 0.01187017373740673, 0.008093670010566711, 0.008015446364879608, 0.020831212401390076, 0.01058326568454504, 0.010109493508934975, 0.016099337488412857, 0.00983729399740696, 0.007939748466014862, 0.021873265504837036, 0.00863635540008545, 0.00947742909193039, 0.010036632418632507, 0.01407293789088726, 0.008633801713585854, 0.018272947520017624, 0.01691177673637867, 0.021760109812021255, 0.00928204320371151]}