{"loss": -0.7041534781455994, "character_probs": [0.023131296038627625, 0.01947697065770626, 0.009547499008476734, 0.018960220739245415, 0.007551407441496849, 0.012964749708771706, 0.015167958103120327, 0.016137991100549698, 0.008225243538618088, 0.010543634183704853, 0.008327428251504898, 0.009933234192430973, 0.009812903590500355, 0.010366011410951614, 0.007529787719249725, 0.007656658999621868, 0.011535175144672394, 0.009464566595852375, 0.011905900202691555, 0.008129480294883251, 0.008543177507817745, 0.00963573157787323, 0.012525909580290318, 0.01348651759326458, 0.007354405242949724, 0.008164234459400177, 0.009536021389067173, 0.008624744601547718, 0.01019660010933876, 0.010793754830956459, 0.010196699760854244, 0.007911132648587227, 0.00903762225061655, 0.008972285315394402, 0.008090588264167309, 0.007389703765511513, 0.00786776002496481, 0.007524531800299883, 0.00763390539214015, 0.008855072781443596, 0.008151215501129627, 0.010039862245321274, 0.0089386235922575, 0.010380223393440247, 0.011590031906962395, 0.015954114496707916, 0.013200799003243446, 0.010586889460682869, 0.009003246203064919, 0.00862538069486618, 0.008218592964112759, 0.0074822609312832355, 0.00849301740527153, 0.008644613437354565, 0.008979990147054195, 0.010400401428341866, 0.008835326880216599, 0.007691009435802698, 0.00793260708451271, 0.007418767083436251, 0.012092586606740952, 0.009705080650746822, 0.009695004671812057, 0.010118785314261913, 0.01386610884219408, 0.009624006226658821, 0.012345919385552406, 0.010283919051289558, 0.009212737902998924, 0.008410919457674026, 0.013024594634771347, 0.008162287063896656, 0.013675418682396412, 0.009628412313759327, 0.012960454449057579, 0.0077791595831513405, 0.008954639546573162, 0.009189196862280369, 0.007836130447685719], "weapon_probs": [0.0284578837454319, 0.013642454519867897, 0.012927357107400894, 0.03509988635778427, 0.008975666016340256, 0.014945435337722301, 0.014238547533750534, 0.016053952276706696, 0.007824420928955078, 0.008599295280873775, 0.010514022782444954, 0.015426479279994965, 0.008886653929948807, 0.00858957041054964, 0.009076287038624287, 0.012849299237132072, 0.018546614795923233, 0.008055174723267555, 0.007489763665944338, 0.012419013306498528, 0.008656286634504795, 0.00915510393679142, 0.007666928227990866, 0.01252763718366623, 0.00952213816344738, 0.008050482720136642, 0.01291205920279026, 0.007901789620518684, 0.009022943675518036, 0.009433582425117493, 0.00923724565654993, 0.007863844744861126, 0.00889698788523674, 0.008448278531432152, 0.008243226446211338, 0.03104162961244583, 0.012627544812858105, 0.008260002359747887, 0.007567781955003738, 0.008422370068728924, 0.009344794787466526, 0.008308387361466885, 0.014232484623789787, 0.007544844411313534, 0.018682997673749924, 0.011515122838318348, 0.007848312146961689, 0.010837333276867867, 0.02240556851029396, 0.01317209005355835, 0.014258544892072678, 0.008919298648834229, 0.00849461741745472, 0.008173859678208828, 0.013124189339578152, 0.009609931148588657, 0.008869808167219162, 0.013613584451377392, 0.016169242560863495]}