{"loss": -0.18672215938568115, "character_probs": [0.021413713693618774, 0.027625087648630142, 0.01151048019528389, 0.008303085342049599, 0.01670602150261402, 0.008138300850987434, 0.010013404302299023, 0.015069251880049706, 0.009498301893472672, 0.007899406366050243, 0.008236641064286232, 0.007747095078229904, 0.007201808039098978, 0.016102779656648636, 0.014442422427237034, 0.014944515191018581, 0.007186347618699074, 0.01223495788872242, 0.00922621414065361, 0.007344219367951155, 0.012196021154522896, 0.009090355597436428, 0.00810210406780243, 0.010446266271173954, 0.007523982785642147, 0.007993870414793491, 0.007244633510708809, 0.007999278604984283, 0.00727573549374938, 0.007741921115666628, 0.009143917821347713, 0.011199423111975193, 0.007708515506237745, 0.012848865240812302, 0.016159038990736008, 0.008732863701879978, 0.008097391575574875, 0.008864839561283588, 0.00943991169333458, 0.008182881399989128, 0.009506506845355034, 0.0073220394551754, 0.007530733942985535, 0.00935015082359314, 0.010261342860758305, 0.008032016456127167, 0.011616461910307407, 0.008013897575438023, 0.00714155612513423, 0.00981103628873825, 0.007307422813028097, 0.007359697017818689, 0.01068420335650444, 0.01036832109093666, 0.008319070562720299, 0.01913934201002121, 0.00904279574751854, 0.008754026144742966, 0.008946551010012627, 0.010023427195847034, 0.007598381955176592, 0.011092319153249264, 0.013137763366103172, 0.00959571823477745, 0.0075601087883114815, 0.00892634131014347, 0.007445449009537697, 0.012810131534934044, 0.01058875396847725, 0.012587301433086395, 0.007552933879196644, 0.007869508117437363, 0.01671570912003517, 0.009890004992485046, 0.011174365878105164, 0.00779092637822032, 0.009172015823423862, 0.010792824439704418, 0.013191708363592625], "weapon_probs": [0.0326470248401165, 0.013435829430818558, 0.012064261361956596, 0.025199715048074722, 0.015741322189569473, 0.010038276202976704, 0.021733418107032776, 0.009364113211631775, 0.010438259690999985, 0.00899694673717022, 0.007750122807919979, 0.01257733441889286, 0.023479312658309937, 0.013499829918146133, 0.009142662398517132, 0.009066624566912651, 0.01786050945520401, 0.012149494141340256, 0.007569779641926289, 0.013751253485679626, 0.014024095609784126, 0.008751031942665577, 0.008974074386060238, 0.008595582097768784, 0.008738036267459393, 0.010767578147351742, 0.00719328410923481, 0.007369570899754763, 0.00735816964879632, 0.008354146033525467, 0.008300689049065113, 0.009026625193655491, 0.00915822945535183, 0.00830799899995327, 0.008916945196688175, 0.00837460346519947, 0.011238040402531624, 0.009453154169023037, 0.012441443279385567, 0.013595521450042725, 0.011471414938569069, 0.014133945107460022, 0.010825763456523418, 0.010400727391242981, 0.00845138169825077, 0.008258869871497154, 0.008194477297365665, 0.01103540975600481, 0.013785715214908123, 0.00944548286497593, 0.008782416582107544, 0.008060256950557232, 0.010643849149346352, 0.00827949307858944, 0.009626548737287521, 0.009119942784309387, 0.007865256629884243, 0.009732073172926903, 0.008088814094662666]}