{"loss": 0.9743729829788208, "character_probs": [0.02024649828672409, 0.021727390587329865, 0.012652314268052578, 0.013416576199233532, 0.013558566570281982, 0.00826933141797781, 0.009199189953505993, 0.010397571139037609, 0.009649195708334446, 0.009950079955160618, 0.014622648246586323, 0.0144152557477355, 0.012616644613444805, 0.011282015591859818, 0.007831480354070663, 0.007615654729306698, 0.007864238694310188, 0.007467472925782204, 0.0076815420761704445, 0.008649689145386219, 0.00784563273191452, 0.011812841519713402, 0.011760538443922997, 0.010696620680391788, 0.00883631594479084, 0.008653255179524422, 0.007699233945459127, 0.007972147315740585, 0.019850436598062515, 0.007503673899918795, 0.007367173675447702, 0.0082872798666358, 0.008904696442186832, 0.007323651574552059, 0.010922304354608059, 0.01022009365260601, 0.009020878002047539, 0.009518073871731758, 0.009107631631195545, 0.016642337664961815, 0.012567357160151005, 0.009233969263732433, 0.007528923451900482, 0.008133647963404655, 0.007831851951777935, 0.007579274475574493, 0.009252594783902168, 0.007261243648827076, 0.010693414136767387, 0.00830587837845087, 0.016042888164520264, 0.00882023572921753, 0.00743472296744585, 0.00966840423643589, 0.010830298997461796, 0.007326066493988037, 0.02650626003742218, 0.007903086952865124, 0.008657120168209076, 0.007596834562718868, 0.00821002759039402, 0.007892831228673458, 0.009426319040358067, 0.00788749847561121, 0.007538461126387119, 0.00959962047636509, 0.007350239437073469, 0.00822359323501587, 0.008233476430177689, 0.007176615763455629, 0.029140643775463104, 0.014314964413642883, 0.010203620418906212, 0.007922901771962643, 0.008172341622412205, 0.007285592146217823, 0.00824339222162962, 0.01070050522685051, 0.007587168365716934], "weapon_probs": [0.01743217371404171, 0.016722066327929497, 0.019133541733026505, 0.017848890274763107, 0.020189587026834488, 0.012976692989468575, 0.01106770895421505, 0.011910590343177319, 0.009752001613378525, 0.016883395612239838, 0.020520009100437164, 0.012196974828839302, 0.008084415458142757, 0.012222908437252045, 0.009240450337529182, 0.010816175490617752, 0.01088457740843296, 0.009068559855222702, 0.007644373457878828, 0.025591593235731125, 0.013100925832986832, 0.007066173944622278, 0.0077211507596075535, 0.00968611054122448, 0.013920148834586143, 0.007516706362366676, 0.008130214177072048, 0.009091510437428951, 0.007914694026112556, 0.008505804464221, 0.008043983019888401, 0.009662087075412273, 0.01801246404647827, 0.007374660577625036, 0.011291256174445152, 0.014812083914875984, 0.008453956805169582, 0.017787976190447807, 0.007739434950053692, 0.008410519920289516, 0.007841882295906544, 0.022197367623448372, 0.007611346431076527, 0.009100549854338169, 0.008110174909234047, 0.012152964249253273, 0.008635664358735085, 0.008022417314350605, 0.009604993276298046, 0.009042135439813137, 0.013407593593001366, 0.009696681052446365, 0.01436554454267025, 0.01244562491774559, 0.008751949295401573, 0.024949073791503906, 0.009200941771268845, 0.01673094742000103, 0.010778986848890781]}