{"loss": 0.4976508617401123, "character_probs": [0.0222494974732399, 0.022093262523412704, 0.012114595621824265, 0.011912478134036064, 0.017472395673394203, 0.00865290965884924, 0.019930891692638397, 0.008798101916909218, 0.008371680043637753, 0.010450296103954315, 0.008588066324591637, 0.020594079047441483, 0.009564841166138649, 0.00754041550680995, 0.008637127466499805, 0.009112276136875153, 0.007178889121860266, 0.008356813341379166, 0.01099883671849966, 0.010511213913559914, 0.007863981649279594, 0.009319277480244637, 0.013042701408267021, 0.008632195182144642, 0.00726129999384284, 0.009247707203030586, 0.0075075663626194, 0.00849440973252058, 0.007386608514934778, 0.012577111832797527, 0.009028446860611439, 0.008085859939455986, 0.007283075246959925, 0.00781701598316431, 0.009151589125394821, 0.008105731569230556, 0.0073615629225969315, 0.007644942030310631, 0.01078594010323286, 0.010997040197253227, 0.008265746757388115, 0.0071816942654550076, 0.00933729950338602, 0.008379573002457619, 0.007510964758694172, 0.013916430994868279, 0.008050818927586079, 0.011386405676603317, 0.008374739438295364, 0.009103493764996529, 0.0077427346259355545, 0.009455390274524689, 0.007478473708033562, 0.01056860014796257, 0.007814289070665836, 0.01708678901195526, 0.013682961463928223, 0.008725155144929886, 0.008143051527440548, 0.012253519147634506, 0.009714338928461075, 0.008715148083865643, 0.008135088719427586, 0.009078629314899445, 0.009617786854505539, 0.01685308665037155, 0.007702803239226341, 0.00926479697227478, 0.00997745618224144, 0.00732378801330924, 0.014234471134841442, 0.007253632880747318, 0.011566275730729103, 0.008477545343339443, 0.013621979393064976, 0.009612634778022766, 0.0125743942335248, 0.008008934557437897, 0.01525515504181385], "weapon_probs": [0.024399548768997192, 0.014224812388420105, 0.016168642789125443, 0.04230259731411934, 0.010886701755225658, 0.01644008979201317, 0.008704163134098053, 0.011292348615825176, 0.01171682309359312, 0.011910785920917988, 0.009899682365357876, 0.017856407910585403, 0.010273860767483711, 0.007622642442584038, 0.007866118103265762, 0.011028495617210865, 0.011487986892461777, 0.011898384429514408, 0.007475605234503746, 0.013199606910347939, 0.013967705890536308, 0.011458434164524078, 0.011766762472689152, 0.00737864850088954, 0.008820240385830402, 0.007900177501142025, 0.007640697527676821, 0.0075244843028485775, 0.007806708104908466, 0.011120245791971684, 0.00843956507742405, 0.008199253119528294, 0.016092224046587944, 0.009530148468911648, 0.010096671059727669, 0.012290522456169128, 0.009161768481135368, 0.013307876884937286, 0.00856509804725647, 0.009825716726481915, 0.009815148077905178, 0.009741958230733871, 0.007757692597806454, 0.007404556032270193, 0.007284102030098438, 0.012455184012651443, 0.01161215826869011, 0.01413609366863966, 0.008697300218045712, 0.009304210543632507, 0.011723007075488567, 0.010678552091121674, 0.009813239797949791, 0.012521984055638313, 0.01421302743256092, 0.00863327644765377, 0.00865243561565876, 0.019664106890559196, 0.02253801003098488]}