{"loss": 0.543717086315155, "character_probs": [0.011163173243403435, 0.0334862619638443, 0.028247710317373276, 0.009848163463175297, 0.010172391310334206, 0.009011364541947842, 0.008341864682734013, 0.009921104647219181, 0.009180644527077675, 0.018870629370212555, 0.008047062903642654, 0.007839709520339966, 0.012725782580673695, 0.009533213451504707, 0.008313445374369621, 0.01271824724972248, 0.009096970781683922, 0.008164762519299984, 0.011125173419713974, 0.00915610697120428, 0.00819720234721899, 0.0076557123102247715, 0.008385819382965565, 0.008878483437001705, 0.008105522021651268, 0.01362665742635727, 0.00940669048577547, 0.0077616022899746895, 0.0072900839149951935, 0.00717851473018527, 0.008366522379219532, 0.007680343929678202, 0.007388333790004253, 0.008198315277695656, 0.009951082989573479, 0.008223472163081169, 0.010100741870701313, 0.00848880223929882, 0.007735003717243671, 0.00934823788702488, 0.01188140083104372, 0.007426032796502113, 0.008128255605697632, 0.007563859689980745, 0.009274718351662159, 0.007901785895228386, 0.007435706444084644, 0.007454575505107641, 0.0071636587381362915, 0.007368566934019327, 0.014349651522934437, 0.01629478484392166, 0.007343069650232792, 0.008044754154980183, 0.009113272652029991, 0.009622808545827866, 0.008075038902461529, 0.023585423827171326, 0.008422586135566235, 0.009464569389820099, 0.013547956012189388, 0.013127164915204048, 0.007908604107797146, 0.012003269046545029, 0.00799938291311264, 0.009684236720204353, 0.01078952569514513, 0.007662344723939896, 0.008896902203559875, 0.010602538473904133, 0.00956219807267189, 0.009108301252126694, 0.0076773082837462425, 0.02177301235496998, 0.007893377915024757, 0.012273148633539677, 0.0079605458304286, 0.010500765405595303, 0.01143722329288721], "weapon_probs": [0.0589354932308197, 0.009670783765614033, 0.01784738525748253, 0.010174373164772987, 0.008474661968648434, 0.008203988894820213, 0.010490234941244125, 0.02458113059401512, 0.00956319272518158, 0.012827528640627861, 0.008241940289735794, 0.007653316482901573, 0.020040076225996017, 0.009344869293272495, 0.01164337806403637, 0.008739052340388298, 0.0074689495377242565, 0.007489517796784639, 0.014155561104416847, 0.007256766781210899, 0.012499803677201271, 0.007477220147848129, 0.011788181960582733, 0.007144824136048555, 0.007474580779671669, 0.008492233231663704, 0.007907986640930176, 0.008751653134822845, 0.00789937935769558, 0.011782597750425339, 0.009123501367866993, 0.010825497098267078, 0.008406806737184525, 0.012421773746609688, 0.008723572827875614, 0.02076396718621254, 0.013268476352095604, 0.008361211977899075, 0.008531184867024422, 0.00851177517324686, 0.00953721720725298, 0.007641002535820007, 0.009266387671232224, 0.008752911351621151, 0.010478279553353786, 0.013655371963977814, 0.01071573793888092, 0.008510963059961796, 0.008890046738088131, 0.01245708018541336, 0.008360983803868294, 0.011654851958155632, 0.030495338141918182, 0.009313950315117836, 0.007901034317910671, 0.011581819504499435, 0.010696901939809322, 0.010237517766654491, 0.010545928962528706]}