{"loss": -0.9308715462684631, "character_probs": [0.022060183808207512, 0.010536815039813519, 0.019502345472574234, 0.00915585644543171, 0.010046484880149364, 0.015408586710691452, 0.020199283957481384, 0.028345074504613876, 0.008782338351011276, 0.007730080746114254, 0.00904315896332264, 0.008791621774435043, 0.007256499957293272, 0.008837689645588398, 0.0138853769749403, 0.007441588211804628, 0.01355560403317213, 0.010416921228170395, 0.009707792662084103, 0.00817513931542635, 0.007210688199847937, 0.007355324923992157, 0.007795461919158697, 0.009906414896249771, 0.007378819864243269, 0.007413528393954039, 0.007599649950861931, 0.009564652107656002, 0.0143953338265419, 0.007518244441598654, 0.0071310121566057205, 0.008085943758487701, 0.009530602023005486, 0.008486957289278507, 0.01082902867347002, 0.008569041267037392, 0.008121408522129059, 0.007846142165362835, 0.007747332565486431, 0.007377095054835081, 0.009213818237185478, 0.007557482458651066, 0.01932438649237156, 0.009254924952983856, 0.007571643218398094, 0.00822284072637558, 0.007947889156639576, 0.008298936299979687, 0.007808919996023178, 0.013348609209060669, 0.008832690306007862, 0.009388255886733532, 0.007263196632266045, 0.016772478818893433, 0.009317837655544281, 0.008707460947334766, 0.010459298267960548, 0.007512330077588558, 0.008834369480609894, 0.009781129658222198, 0.0071582491509616375, 0.007899248972535133, 0.009685193188488483, 0.0076555125415325165, 0.0074768331833183765, 0.008554254658520222, 0.011875443160533905, 0.009081101045012474, 0.010632854886353016, 0.011680861935019493, 0.008653161115944386, 0.014503196813166142, 0.0077324314042925835, 0.00826498307287693, 0.01292792521417141, 0.009943857789039612, 0.0081644207239151, 0.009757818654179573, 0.009303065948188305], "weapon_probs": [0.024557314813137054, 0.03505568578839302, 0.015590175054967403, 0.014610445126891136, 0.008171266876161098, 0.009028385393321514, 0.015253027901053429, 0.007907119579613209, 0.010824423283338547, 0.011531192809343338, 0.011877374723553658, 0.014209074899554253, 0.012497400864958763, 0.010415935888886452, 0.0074411542154848576, 0.008802475407719612, 0.00835713092237711, 0.031037580221891403, 0.008624831214547157, 0.008339498192071915, 0.007383018732070923, 0.012435052543878555, 0.008238247595727444, 0.007756089325994253, 0.009416771121323109, 0.008447699248790741, 0.008831117302179337, 0.008646815083920956, 0.008909288793802261, 0.011283155530691147, 0.0153491897508502, 0.008042644709348679, 0.017320260405540466, 0.011002322658896446, 0.01843561977148056, 0.007751992903649807, 0.014089986681938171, 0.012015528045594692, 0.010824762284755707, 0.008484330959618092, 0.009602672420442104, 0.010463454760611057, 0.011529666371643543, 0.013788437470793724, 0.010054143145680428, 0.007505831774324179, 0.009830624796450138, 0.010144401341676712, 0.009709836915135384, 0.011585906147956848, 0.008483107201755047, 0.00943299662321806, 0.011008708737790585, 0.016827143728733063, 0.007682017516344786, 0.008998711593449116, 0.010686073452234268, 0.01139682624489069, 0.018860939890146255]}