{"loss": -0.915941059589386, "character_probs": [0.035502754151821136, 0.009853187017142773, 0.007759483996778727, 0.0154203986749053, 0.007939130067825317, 0.010438961908221245, 0.008539819158613682, 0.008885080926120281, 0.009591859765350819, 0.014773727394640446, 0.0096981730312109, 0.007639172952622175, 0.0255243219435215, 0.00790145993232727, 0.015059654600918293, 0.01716076023876667, 0.008309382013976574, 0.007566873449832201, 0.007546728476881981, 0.0091764060780406, 0.008533494547009468, 0.009219652973115444, 0.00721623795107007, 0.007214509882032871, 0.007752481382340193, 0.008427174761891365, 0.008522598072886467, 0.010938416235148907, 0.012944350950419903, 0.008913805708289146, 0.007658202666789293, 0.00793459452688694, 0.0073567344807088375, 0.01086810976266861, 0.007654685992747545, 0.009186815470457077, 0.008181390352547169, 0.007358931936323643, 0.009343411773443222, 0.010440846905112267, 0.013101136311888695, 0.007730427663773298, 0.00773513363674283, 0.009404509328305721, 0.009912356734275818, 0.007593890186399221, 0.007881926372647285, 0.011768176220357418, 0.011038534343242645, 0.015043455176055431, 0.007745398674160242, 0.00810063723474741, 0.010533403605222702, 0.012052593752741814, 0.00895760115236044, 0.007905478589236736, 0.015265845693647861, 0.007916807197034359, 0.007256840821355581, 0.007477962411940098, 0.009681228548288345, 0.01640559732913971, 0.007739441469311714, 0.009325920604169369, 0.00875229574739933, 0.008840210735797882, 0.009655256755650043, 0.009857533499598503, 0.01306205801665783, 0.009257555939257145, 0.007697576656937599, 0.007469950709491968, 0.010105656459927559, 0.015859339386224747, 0.01669522561132908, 0.009799572639167309, 0.022046158090233803, 0.009680615738034248, 0.01388700120151043], "weapon_probs": [0.025540880858898163, 0.033430781215429306, 0.008753546513617039, 0.014089573174715042, 0.012084400281310081, 0.012110398150980473, 0.009849857538938522, 0.009812264703214169, 0.014106526039540768, 0.021660026162862778, 0.009242905303835869, 0.008896131068468094, 0.010682182386517525, 0.010579275898635387, 0.008725865744054317, 0.007516993209719658, 0.010997575707733631, 0.01416359469294548, 0.009208322502672672, 0.007514235097914934, 0.00814397819340229, 0.013724209740757942, 0.013827855698764324, 0.0075190686620771885, 0.017656121402978897, 0.008805712684988976, 0.018416689708828926, 0.00728245684877038, 0.009033497422933578, 0.01366313174366951, 0.00963080395013094, 0.01728149503469467, 0.010560358874499798, 0.01080277282744646, 0.016523439437150955, 0.008040801621973515, 0.008116710931062698, 0.007339357398450375, 0.007368791848421097, 0.008944652043282986, 0.008269655518233776, 0.009033228270709515, 0.014405295252799988, 0.010941325686872005, 0.014830971136689186, 0.008538643829524517, 0.008221849799156189, 0.020150236785411835, 0.009760929271578789, 0.009195409715175629, 0.01605277881026268, 0.011502268724143505, 0.015169858932495117, 0.016364453360438347, 0.0080924266949296, 0.00815350841730833, 0.009270304813981056, 0.010909050703048706, 0.008490238338708878]}