{"loss": -0.312343955039978, "character_probs": [0.026812531054019928, 0.017199479043483734, 0.01211058720946312, 0.009221658110618591, 0.021050050854682922, 0.01324504055082798, 0.013304446823894978, 0.0119068194180727, 0.009174061939120293, 0.00895927008241415, 0.007538715377449989, 0.0086955102160573, 0.010577169246971607, 0.01142188161611557, 0.01011686585843563, 0.009304944425821304, 0.009891066700220108, 0.00761500233784318, 0.011247694492340088, 0.007433878257870674, 0.00956916343420744, 0.007576292380690575, 0.007583809085190296, 0.007569582667201757, 0.009002149105072021, 0.007537891622632742, 0.00882095005363226, 0.007570824585855007, 0.008231347426772118, 0.010565337724983692, 0.007842316292226315, 0.008164660073816776, 0.007214760407805443, 0.021018724888563156, 0.008198143914341927, 0.00857892818748951, 0.012422353029251099, 0.01031398493796587, 0.010420131497085094, 0.009429979138076305, 0.013893713243305683, 0.00788526888936758, 0.008560514077544212, 0.012237302958965302, 0.00899552647024393, 0.015787744894623756, 0.007709136698395014, 0.00864238291978836, 0.007888496853411198, 0.007646522484719753, 0.007459164597094059, 0.01045479066669941, 0.00850606057792902, 0.009307460859417915, 0.011925583705306053, 0.008000833913683891, 0.010167991742491722, 0.007893132977187634, 0.00943855382502079, 0.007370492909103632, 0.008222508244216442, 0.01099606417119503, 0.009575881063938141, 0.007665035780519247, 0.013367143459618092, 0.009130800142884254, 0.009752609767019749, 0.008539149537682533, 0.007551966700702906, 0.016191817820072174, 0.008460638113319874, 0.009991563856601715, 0.009591362439095974, 0.010340802371501923, 0.016410645097494125, 0.009939081966876984, 0.01899821124970913, 0.009033679030835629, 0.025496724992990494], "weapon_probs": [0.05951067432761192, 0.016034772619605064, 0.010536574758589268, 0.015741106122732162, 0.009394142776727676, 0.010463300161063671, 0.008981499820947647, 0.007923578843474388, 0.013230724260210991, 0.015602857805788517, 0.009491093456745148, 0.0099872387945652, 0.013463364914059639, 0.015023385174572468, 0.010807009413838387, 0.010270251892507076, 0.007808614522218704, 0.010893264785408974, 0.008466614410281181, 0.007781526073813438, 0.008921006694436073, 0.007331376429647207, 0.007815256714820862, 0.007562233135104179, 0.007756301201879978, 0.012640144675970078, 0.009047147817909718, 0.012858474627137184, 0.016574423760175705, 0.011391088366508484, 0.008408713154494762, 0.00984665285795927, 0.00850614719092846, 0.008530509658157825, 0.007343819830566645, 0.010054076090455055, 0.011321069672703743, 0.007503393106162548, 0.00965863186866045, 0.010920095257461071, 0.00846359133720398, 0.008160164579749107, 0.011636510491371155, 0.00958411768078804, 0.015000912360846996, 0.012476053088903427, 0.010333342477679253, 0.014044078066945076, 0.007741103880107403, 0.012619929388165474, 0.007993454113602638, 0.008160199970006943, 0.010232890956103802, 0.04512220621109009, 0.00791958812624216, 0.015005785040557384, 0.01062186062335968, 0.007495037745684385, 0.009197739884257317]}