{"loss": 0.41153842210769653, "character_probs": [0.016592906787991524, 0.01464071124792099, 0.019551893696188927, 0.01339989434927702, 0.016933880746364594, 0.009050476364791393, 0.012636920437216759, 0.011846999637782574, 0.010766496881842613, 0.009715876542031765, 0.013814824633300304, 0.010118252597749233, 0.009653765708208084, 0.007714538834989071, 0.008170463144779205, 0.010315659455955029, 0.00849938578903675, 0.010477831587195396, 0.009492079727351665, 0.007846633903682232, 0.008740732446312904, 0.010207103565335274, 0.01024746336042881, 0.007539859041571617, 0.010442735627293587, 0.00837653037160635, 0.014576468616724014, 0.011306582018733025, 0.008351273834705353, 0.007660536095499992, 0.007260283920913935, 0.008140383288264275, 0.007946765050292015, 0.017861410975456238, 0.007548758760094643, 0.0075162299908697605, 0.011931316927075386, 0.019858364015817642, 0.007656017318367958, 0.011395178735256195, 0.010111816227436066, 0.011184055358171463, 0.008395685814321041, 0.007469710893929005, 0.008729636669158936, 0.007680903188884258, 0.00740019278600812, 0.00805771816521883, 0.008428906090557575, 0.009513096883893013, 0.0075429892167449, 0.008402550593018532, 0.010721974074840546, 0.00795655231922865, 0.009407969191670418, 0.007448173593729734, 0.007195720914751291, 0.010365295223891735, 0.007480009458959103, 0.007752614561468363, 0.007364681921899319, 0.01920940726995468, 0.00834278017282486, 0.00892587285488844, 0.022450217977166176, 0.012890889309346676, 0.007681144867092371, 0.008190703578293324, 0.010101807303726673, 0.013993162661790848, 0.00824379175901413, 0.011233814060688019, 0.012900044210255146, 0.007517522666603327, 0.013502676039934158, 0.008899508975446224, 0.010228500701487064, 0.00822359137237072, 0.018216371536254883], "weapon_probs": [0.03555736318230629, 0.014885866083204746, 0.017871810123324394, 0.016276277601718903, 0.012349582277238369, 0.012256834656000137, 0.01996772736310959, 0.00938788428902626, 0.008510424755513668, 0.014037697575986385, 0.01334853284060955, 0.009144660085439682, 0.009207217022776604, 0.010010524652898312, 0.014934566803276539, 0.012973289005458355, 0.018403828144073486, 0.009635284543037415, 0.009328104555606842, 0.011693766340613365, 0.01007987279444933, 0.009239321574568748, 0.007970733568072319, 0.008504130877554417, 0.009367545135319233, 0.008263913914561272, 0.01451387070119381, 0.009887308813631535, 0.009604708291590214, 0.009720943868160248, 0.012368135154247284, 0.012026909738779068, 0.007905188016593456, 0.010377347469329834, 0.007430365774780512, 0.008173865266144276, 0.01084739901125431, 0.011278476566076279, 0.00968092493712902, 0.009039841592311859, 0.007864300161600113, 0.008927440270781517, 0.00851843599230051, 0.01022250670939684, 0.014524994418025017, 0.008604398928582668, 0.018064310774207115, 0.013503307476639748, 0.008381742984056473, 0.008198074996471405, 0.012060963548719883, 0.010220246389508247, 0.009461706504225731, 0.009595430456101894, 0.011531087569892406, 0.02260664850473404, 0.007845595479011536, 0.008840677328407764, 0.008902264758944511]}