{"loss": -0.15152618288993835, "character_probs": [0.01595745049417019, 0.0209059938788414, 0.010179047472774982, 0.01453500334173441, 0.02210422232747078, 0.015320826321840286, 0.0087043521925807, 0.009512947872281075, 0.011069698259234428, 0.012946179136633873, 0.009370921179652214, 0.010087547823786736, 0.010549606755375862, 0.009804424829781055, 0.008171238005161285, 0.00943833403289318, 0.007565890438854694, 0.012947202660143375, 0.012571915052831173, 0.009710842743515968, 0.007690916769206524, 0.007852915674448013, 0.008263783529400826, 0.00765935517847538, 0.008480869233608246, 0.008717124350368977, 0.01194189302623272, 0.010438673198223114, 0.00988043937832117, 0.009019685909152031, 0.00750376284122467, 0.009122444316744804, 0.008049518801271915, 0.010374992154538631, 0.008126402273774147, 0.008948269300162792, 0.01059158705174923, 0.008615904487669468, 0.008202051743865013, 0.010047978721559048, 0.008221795782446861, 0.00876003596931696, 0.011448197066783905, 0.008703891187906265, 0.012927589938044548, 0.012036709114909172, 0.012552970089018345, 0.009145042859017849, 0.014209426939487457, 0.008621999062597752, 0.007394478656351566, 0.0072486125864088535, 0.008731672540307045, 0.008890618570148945, 0.00916006788611412, 0.007485667709261179, 0.010157608427107334, 0.008628953248262405, 0.007916265167295933, 0.020213332027196884, 0.007913080044090748, 0.008154766634106636, 0.011136430315673351, 0.010295395739376545, 0.008166694082319736, 0.00823162030428648, 0.008910325355827808, 0.007503553759306669, 0.010054533369839191, 0.012201463803648949, 0.010158108547329903, 0.00857747532427311, 0.008394589647650719, 0.01686035841703415, 0.012053566984832287, 0.008580407127737999, 0.009209027513861656, 0.0096903620287776, 0.010068371891975403], "weapon_probs": [0.026173315942287445, 0.030230075120925903, 0.03064708784222603, 0.011129558086395264, 0.02030663937330246, 0.007558570243418217, 0.0101117342710495, 0.008738311938941479, 0.01649123802781105, 0.010232589207589626, 0.012099873274564743, 0.010010387748479843, 0.008593786507844925, 0.012642166577279568, 0.013099214062094688, 0.009485352784395218, 0.00794893130660057, 0.008358505554497242, 0.009451448917388916, 0.008713437244296074, 0.007976041175425053, 0.00830966979265213, 0.0093771331012249, 0.008603881113231182, 0.010631514713168144, 0.01082336250692606, 0.01400023140013218, 0.007670859806239605, 0.012041316367685795, 0.01576378010213375, 0.010633297264575958, 0.009149240329861641, 0.01117771491408348, 0.009062625467777252, 0.009044593200087547, 0.007885310798883438, 0.009054232388734818, 0.007474453654140234, 0.008999151177704334, 0.008662156760692596, 0.007705999072641134, 0.007714380510151386, 0.010723661631345749, 0.016978144645690918, 0.008270323276519775, 0.007580101024359465, 0.00772949168458581, 0.009713888168334961, 0.00914803333580494, 0.020391695201396942, 0.010535167530179024, 0.020858462899923325, 0.010297547094523907, 0.014787537977099419, 0.008634118363261223, 0.013209383934736252, 0.009028524160385132, 0.016157368198037148, 0.020436733961105347]}