{"loss": 0.9535761475563049, "character_probs": [0.02441880851984024, 0.017834316939115524, 0.01689230650663376, 0.012960463762283325, 0.014954371377825737, 0.011705303564667702, 0.008258364163339138, 0.009439589455723763, 0.011328821070492268, 0.011086762882769108, 0.01228291168808937, 0.008672496303915977, 0.012365996837615967, 0.008457665331661701, 0.008152554742991924, 0.0112858135253191, 0.013322694227099419, 0.009946130216121674, 0.0073357876390218735, 0.00882213469594717, 0.008408007211983204, 0.008926035836338997, 0.007758222054690123, 0.011361521668732166, 0.009238087572157383, 0.00747136864811182, 0.00797455944120884, 0.009251984767615795, 0.00832955352962017, 0.009758721105754375, 0.007781339809298515, 0.008835534565150738, 0.009474297985434532, 0.008996120654046535, 0.008576351217925549, 0.008446604013442993, 0.008301070891320705, 0.010971827432513237, 0.009199602529406548, 0.009354355745017529, 0.014216145500540733, 0.007409918587654829, 0.014012498781085014, 0.010153082199394703, 0.010818995535373688, 0.00883985124528408, 0.007791419047862291, 0.009149089455604553, 0.010575644671916962, 0.007593623828142881, 0.010848427191376686, 0.009584818035364151, 0.00924064964056015, 0.00942312739789486, 0.007596828043460846, 0.010611203499138355, 0.009021434932947159, 0.0115210497751832, 0.012129906564950943, 0.009853980503976345, 0.009878335520625114, 0.00754167977720499, 0.007620483636856079, 0.01386060006916523, 0.008363909088075161, 0.012558402493596077, 0.009934505447745323, 0.01368520874530077, 0.011511120945215225, 0.008511573076248169, 0.007496354170143604, 0.010175880044698715, 0.011822083964943886, 0.007384402211755514, 0.007504952140152454, 0.012479797005653381, 0.010580986738204956, 0.01228821650147438, 0.014113308861851692], "weapon_probs": [0.033937614411115646, 0.014167947694659233, 0.018199892714619637, 0.0241522416472435, 0.011113960295915604, 0.010569097474217415, 0.013576168566942215, 0.01419110968708992, 0.011053971946239471, 0.011837280355393887, 0.01049954816699028, 0.01019701175391674, 0.009949215687811375, 0.010134723968803883, 0.00799395702779293, 0.018696870654821396, 0.010917849838733673, 0.011105537414550781, 0.010117078199982643, 0.01642799749970436, 0.010620824992656708, 0.0075276740826666355, 0.009104165248572826, 0.009178386069834232, 0.01153540425002575, 0.007839486002922058, 0.008165599778294563, 0.00887581892311573, 0.008081885054707527, 0.009088302962481976, 0.010702828876674175, 0.008087961934506893, 0.010786873288452625, 0.009117644280195236, 0.007310507353395224, 0.01591082103550434, 0.012522473931312561, 0.018210092559456825, 0.014716636389493942, 0.008667346090078354, 0.011320204474031925, 0.009512637741863728, 0.012901252135634422, 0.007580840494483709, 0.012218857184052467, 0.009375331923365593, 0.008263432420790195, 0.010604958981275558, 0.007804414723068476, 0.011213729158043861, 0.011678090319037437, 0.00891032349318266, 0.010968515649437904, 0.008321176283061504, 0.008529464714229107, 0.023922089487314224, 0.014999383129179478, 0.009205089882016182, 0.01153376791626215]}