{"loss": 0.11370402574539185, "character_probs": [0.02133411541581154, 0.017480861395597458, 0.015229079872369766, 0.016732914373278618, 0.01560675073415041, 0.008502660319209099, 0.01113048754632473, 0.010983919724822044, 0.009038476273417473, 0.009225815534591675, 0.007552130147814751, 0.01787811890244484, 0.007862218655645847, 0.012190183624625206, 0.008294345811009407, 0.014986570924520493, 0.013114359229803085, 0.007805852219462395, 0.009115426801145077, 0.007220902945846319, 0.008402290754020214, 0.008600790984928608, 0.008179173804819584, 0.007748727686703205, 0.008333303965628147, 0.0083419568836689, 0.015530889853835106, 0.010322695598006248, 0.008218502625823021, 0.010280686430633068, 0.010242115706205368, 0.007816760800778866, 0.008836750872433186, 0.008322576060891151, 0.00811205804347992, 0.01164421159774065, 0.008216620422899723, 0.007420189678668976, 0.007623193319886923, 0.009348228573799133, 0.009376514703035355, 0.007600216194987297, 0.0073408205062150955, 0.009082059375941753, 0.007424490060657263, 0.008734445087611675, 0.009667913429439068, 0.009238556027412415, 0.010468907654285431, 0.013837750069797039, 0.007356854155659676, 0.01235785149037838, 0.010163161903619766, 0.008205702528357506, 0.01028655469417572, 0.00886191613972187, 0.009285323321819305, 0.016780342906713486, 0.012752975337207317, 0.008434777148067951, 0.007502993568778038, 0.008393712341785431, 0.011085346341133118, 0.01159809622913599, 0.010429354384541512, 0.010137736797332764, 0.007743715774267912, 0.009730052202939987, 0.010904904454946518, 0.008294977247714996, 0.008417991921305656, 0.009592177346348763, 0.016508936882019043, 0.009200504049658775, 0.00761438300833106, 0.01164160668849945, 0.012622426263988018, 0.00881352648139, 0.008426858112215996], "weapon_probs": [0.0422108918428421, 0.01123923808336258, 0.012905485928058624, 0.01477852463722229, 0.008554158732295036, 0.017472563311457634, 0.007985623553395271, 0.029688004404306412, 0.008903151378035545, 0.011366823688149452, 0.00825565680861473, 0.010687570087611675, 0.016711628064513206, 0.007204992696642876, 0.011602288112044334, 0.008487418293952942, 0.008433234877884388, 0.00972540769726038, 0.012059398926794529, 0.01483297161757946, 0.008892552927136421, 0.012815814465284348, 0.007982590235769749, 0.008677779696881771, 0.008382116444408894, 0.011270899325609207, 0.008678479120135307, 0.0096835196018219, 0.008161862380802631, 0.00757351890206337, 0.011209646239876747, 0.015203161165118217, 0.007702477276325226, 0.007799606770277023, 0.00765431160107255, 0.00984145700931549, 0.007247477304190397, 0.016184110194444656, 0.016400938853621483, 0.014646591618657112, 0.008077826350927353, 0.009534827433526516, 0.012146791443228722, 0.011843511834740639, 0.007486617658287287, 0.010014441795647144, 0.013150067999958992, 0.008562455885112286, 0.02447354421019554, 0.011013530194759369, 0.008060464635491371, 0.019829608500003815, 0.010440063662827015, 0.010361036285758018, 0.01507168635725975, 0.020064830780029297, 0.010532444342970848, 0.007391900289803743, 0.008983643725514412]}