{"loss": 0.5882664918899536, "character_probs": [0.022016029804944992, 0.013515196740627289, 0.01594141125679016, 0.012739161029458046, 0.016479477286338806, 0.01217205822467804, 0.00871275458484888, 0.0189533494412899, 0.012705037370324135, 0.011075431481003761, 0.009003178216516972, 0.00886370986700058, 0.01577790081501007, 0.009286187589168549, 0.009000295773148537, 0.009967639110982418, 0.009941359981894493, 0.009523464366793633, 0.009056656621396542, 0.007502356544137001, 0.008640380576252937, 0.007762015797197819, 0.007471112068742514, 0.007671356201171875, 0.009025583043694496, 0.007888172753155231, 0.0073213293217122555, 0.008100883103907108, 0.013027872890233994, 0.009218515828251839, 0.007139821071177721, 0.010014631785452366, 0.010434766300022602, 0.007342234253883362, 0.0123317651450634, 0.01022356003522873, 0.0101589011028409, 0.007250617723912001, 0.00775565393269062, 0.010769573971629143, 0.01075158454477787, 0.009198975749313831, 0.008543090894818306, 0.010071586817502975, 0.008208916522562504, 0.007742602378129959, 0.01372926589101553, 0.009572578594088554, 0.012254904955625534, 0.010372062213718891, 0.007801225874572992, 0.011179071851074696, 0.008940139785408974, 0.01260773278772831, 0.008092043921351433, 0.007279705256223679, 0.008554060012102127, 0.00812454242259264, 0.00797752384096384, 0.011383555829524994, 0.00832644384354353, 0.010190622881054878, 0.010286040604114532, 0.011103128083050251, 0.013606833294034004, 0.012179413810372353, 0.00783370528370142, 0.014555927366018295, 0.008923133835196495, 0.008547436445951462, 0.00795851368457079, 0.008739227429032326, 0.007547418121248484, 0.011260079219937325, 0.007294904440641403, 0.009583760052919388, 0.013854887336492538, 0.009730570949614048, 0.011363603174686432], "weapon_probs": [0.022227946668863297, 0.03718966245651245, 0.01601552776992321, 0.012261476367712021, 0.01129448227584362, 0.01519806869328022, 0.009978828951716423, 0.011358838528394699, 0.014357183128595352, 0.012837506830692291, 0.010197675786912441, 0.011345301754772663, 0.008833019994199276, 0.01290721632540226, 0.022817276418209076, 0.009773360565304756, 0.01677938923239708, 0.008422505110502243, 0.007700968999415636, 0.009263950400054455, 0.00875405129045248, 0.008358757011592388, 0.00791317317634821, 0.009378409013152122, 0.010984668508172035, 0.009549104608595371, 0.0086370799690485, 0.011339922435581684, 0.00769107835367322, 0.012055243365466595, 0.00932321883738041, 0.008541676215827465, 0.011540618725121021, 0.01010349951684475, 0.007806618697941303, 0.014072593301534653, 0.010513829067349434, 0.00855663325637579, 0.008143766783177853, 0.009722964838147163, 0.014871793799102306, 0.008213765919208527, 0.011904379352927208, 0.0079047167673707, 0.010801006108522415, 0.009797540493309498, 0.013058604672551155, 0.010235235095024109, 0.010338242165744305, 0.010261660441756248, 0.011887336149811745, 0.009328608401119709, 0.010540839284658432, 0.00865304283797741, 0.015108759514987469, 0.008859306573867798, 0.01251765713095665, 0.01054370030760765, 0.01325695775449276]}