{"loss": -0.32328569889068604, "character_probs": [0.015423551201820374, 0.019133124500513077, 0.011908070184290409, 0.011429909616708755, 0.01576606184244156, 0.013215303421020508, 0.01307450421154499, 0.018222492188215256, 0.007754717953503132, 0.015442980453372002, 0.011036179959774017, 0.011688906699419022, 0.0084817074239254, 0.008607103489339352, 0.011186785995960236, 0.017569661140441895, 0.009338810108602047, 0.0074485670775175095, 0.009405764751136303, 0.0089162802323699, 0.009303199127316475, 0.009566421620547771, 0.007455441169440746, 0.011533668264746666, 0.009949717670679092, 0.007686831522732973, 0.008752401918172836, 0.008875159546732903, 0.007432529237121344, 0.007604668848216534, 0.007893707603216171, 0.007893955335021019, 0.010059142485260963, 0.007293046917766333, 0.010032737627625465, 0.010015739127993584, 0.009272212162613869, 0.007896464318037033, 0.00749661959707737, 0.008470042608678341, 0.010590090416371822, 0.007844211533665657, 0.01125345565378666, 0.009688816964626312, 0.0075535643845796585, 0.007446951698511839, 0.007256276439875364, 0.010736804455518723, 0.0078041646629571915, 0.008282019756734371, 0.01324567198753357, 0.007730969227850437, 0.025539472699165344, 0.010267417877912521, 0.012309891171753407, 0.008501538075506687, 0.008488697931170464, 0.007471086923032999, 0.00769410002976656, 0.008109703660011292, 0.008915268816053867, 0.007207248825579882, 0.007974494248628616, 0.009914862923324108, 0.018658366054296494, 0.00953007023781538, 0.008223083801567554, 0.007262834347784519, 0.013611499220132828, 0.00746323773637414, 0.00785636156797409, 0.010125448927283287, 0.00793306902050972, 0.007949833758175373, 0.013177378103137016, 0.016107697039842606, 0.009361550211906433, 0.012039890512824059, 0.009371837601065636], "weapon_probs": [0.021552186459302902, 0.028643663972616196, 0.01161086093634367, 0.025227073580026627, 0.0119203832000494, 0.01083571370691061, 0.018514707684516907, 0.013572636991739273, 0.011053063906729221, 0.012640891596674919, 0.013724040240049362, 0.007902896031737328, 0.007747597526758909, 0.01371306274086237, 0.016583895310759544, 0.008207250386476517, 0.008576074615120888, 0.011826478876173496, 0.010051870718598366, 0.008573230355978012, 0.009803173132240772, 0.009135833941400051, 0.010376428253948689, 0.010228157043457031, 0.009197266772389412, 0.009386779740452766, 0.008642352186143398, 0.012892640195786953, 0.008116735145449638, 0.007978992536664009, 0.011998048052191734, 0.007521109655499458, 0.007609980180859566, 0.010029376484453678, 0.012126792222261429, 0.008940232917666435, 0.007611487526446581, 0.017944378778338432, 0.012393973767757416, 0.009872905910015106, 0.014406567439436913, 0.0208563394844532, 0.00893703568726778, 0.00977072399109602, 0.015168669633567333, 0.010399116203188896, 0.007990049198269844, 0.008773294277489185, 0.007676854729652405, 0.009306526742875576, 0.008020949549973011, 0.012797758914530277, 0.011220913380384445, 0.011622725985944271, 0.012655750848352909, 0.022944442927837372, 0.00762382335960865, 0.008362345397472382, 0.024998445063829422]}