{"loss": -0.9834958910942078, "character_probs": [0.0178721584379673, 0.014266842976212502, 0.02037905529141426, 0.008809808641672134, 0.014845538884401321, 0.011480946093797684, 0.020240265876054764, 0.008213185705244541, 0.009476864710450172, 0.010039735585451126, 0.009383328258991241, 0.013087905943393707, 0.013813724741339684, 0.00802952516824007, 0.013003351166844368, 0.007872121408581734, 0.00788804516196251, 0.011309875175356865, 0.012815318070352077, 0.010204046964645386, 0.007404305972158909, 0.008346027694642544, 0.013989461585879326, 0.007667504251003265, 0.007394033949822187, 0.00981833040714264, 0.009441521018743515, 0.012119727209210396, 0.008140402846038342, 0.011875484138727188, 0.00816251989454031, 0.007259196601808071, 0.007635923568159342, 0.013865290209650993, 0.007578414399176836, 0.008880166336894035, 0.009024635888636112, 0.007913659326732159, 0.008931923657655716, 0.008797897025942802, 0.007445243187248707, 0.007865375839173794, 0.009494876489043236, 0.0080255763605237, 0.009635687805712223, 0.0075284275226294994, 0.009200341999530792, 0.007937555201351643, 0.009361814707517624, 0.0093502476811409, 0.010324805043637753, 0.007301101461052895, 0.008452310226857662, 0.008898257277905941, 0.012942247092723846, 0.00972730666399002, 0.009960571303963661, 0.00965788122266531, 0.01132782269269228, 0.007962056435644627, 0.014670675620436668, 0.012748626992106438, 0.008103365078568459, 0.009642515331506729, 0.007560215424746275, 0.009561481885612011, 0.007925422862172127, 0.01344398781657219, 0.015866253525018692, 0.015854980796575546, 0.00775444321334362, 0.00739449355751276, 0.01446516439318657, 0.0074128517881035805, 0.008603164926171303, 0.01618974655866623, 0.008045496419072151, 0.013307822868227959, 0.009305301122367382], "weapon_probs": [0.0362730473279953, 0.02208733558654785, 0.016146615147590637, 0.008196826092898846, 0.010858727619051933, 0.008048035204410553, 0.007837116718292236, 0.030414476990699768, 0.01135067269206047, 0.008968202397227287, 0.011214290745556355, 0.007489504758268595, 0.007761043030768633, 0.014278799295425415, 0.014695561490952969, 0.007687113713473082, 0.007860459387302399, 0.00879969634115696, 0.007300491910427809, 0.008196265436708927, 0.02455468848347664, 0.00818626768887043, 0.01162954792380333, 0.008066895417869091, 0.012021073140203953, 0.010346471332013607, 0.015384845435619354, 0.013984319753944874, 0.009472982957959175, 0.010565337724983692, 0.008089878596365452, 0.009765454567968845, 0.0078075905330479145, 0.010112881660461426, 0.007756945211440325, 0.008598566986620426, 0.008616140112280846, 0.00820864923298359, 0.030796337872743607, 0.008103369735181332, 0.010284699499607086, 0.010391447693109512, 0.014639563858509064, 0.008645690977573395, 0.010230105370283127, 0.010265767574310303, 0.007837403565645218, 0.012645842507481575, 0.01180913858115673, 0.013021628372371197, 0.014013910666108131, 0.008316585794091225, 0.010619600303471088, 0.011936256662011147, 0.008721272461116314, 0.008640392683446407, 0.009801826439797878, 0.007734467275440693, 0.008051500655710697]}