{"loss": -0.986985445022583, "character_probs": [0.02528155967593193, 0.012568729929625988, 0.014434241689741611, 0.013560663908720016, 0.010143550112843513, 0.010561700910329819, 0.016499310731887817, 0.011773580685257912, 0.009146543219685555, 0.008520634844899178, 0.008161830715835094, 0.01860937848687172, 0.009764078073203564, 0.007945606485009193, 0.008547225967049599, 0.008906615898013115, 0.0078105321153998375, 0.01031793374568224, 0.007294896524399519, 0.009601016528904438, 0.016596945002675056, 0.007560720667243004, 0.012230284512043, 0.008484603837132454, 0.007902475073933601, 0.00960620492696762, 0.010072501376271248, 0.007380700670182705, 0.007598604541271925, 0.012205163948237896, 0.008883560076355934, 0.01081591285765171, 0.0074952272698283195, 0.007410604506731033, 0.021255746483802795, 0.009422383271157742, 0.012560133822262287, 0.007954804226756096, 0.008685392327606678, 0.007384987082332373, 0.007392023224383593, 0.007272347342222929, 0.0072574676014482975, 0.008129862137138844, 0.00836230255663395, 0.012722454965114594, 0.010897194035351276, 0.009351219981908798, 0.008944110944867134, 0.007857763208448887, 0.008388103917241096, 0.007880931720137596, 0.008530725724995136, 0.007868839427828789, 0.013264857232570648, 0.016308385878801346, 0.011656004935503006, 0.008459249511361122, 0.011539233848452568, 0.008059006184339523, 0.011346354149281979, 0.008823094889521599, 0.011290832422673702, 0.009839451871812344, 0.010678847320377827, 0.009313242509961128, 0.008948763832449913, 0.010307683609426022, 0.009787097573280334, 0.011640516109764576, 0.008007911033928394, 0.013509342446923256, 0.008155565708875656, 0.008246192708611488, 0.014712183736264706, 0.007894055917859077, 0.008819102309644222, 0.012358914129436016, 0.015967905521392822], "weapon_probs": [0.03612229600548744, 0.01588037796318531, 0.03430263698101044, 0.00894412025809288, 0.009160585701465607, 0.007918358780443668, 0.01150931604206562, 0.016343019902706146, 0.011108273640275002, 0.018705006688833237, 0.009180664084851742, 0.010745691135525703, 0.009971130639314651, 0.007872951216995716, 0.010504419915378094, 0.009777316823601723, 0.013163654133677483, 0.010199138894677162, 0.00847973395138979, 0.007363070268183947, 0.009555569849908352, 0.008434798568487167, 0.015168691985309124, 0.009614447131752968, 0.009192354045808315, 0.0072971610352396965, 0.010922172106802464, 0.008045211434364319, 0.011522658169269562, 0.009971763007342815, 0.019804708659648895, 0.008676297962665558, 0.009681617841124535, 0.009659567847847939, 0.007566147018224001, 0.008500132709741592, 0.00903022289276123, 0.009875129908323288, 0.009287831373512745, 0.012317529879510403, 0.0101704653352499, 0.019107764586806297, 0.007950322702527046, 0.008590489625930786, 0.008571161888539791, 0.008094586431980133, 0.007499075960367918, 0.016367368400096893, 0.023053374141454697, 0.008286050520837307, 0.0096291434019804, 0.008131278678774834, 0.024342872202396393, 0.017411809414625168, 0.00862102396786213, 0.011419671587646008, 0.008501647971570492, 0.009033041074872017, 0.009054860100150108]}