{"loss": -0.9368526935577393, "character_probs": [0.024803441017866135, 0.012621210888028145, 0.01995082013309002, 0.013415448367595673, 0.013467579148709774, 0.00859775859862566, 0.007952372543513775, 0.010468624532222748, 0.01780731976032257, 0.007950738072395325, 0.011349644511938095, 0.0075188917107880116, 0.008295999839901924, 0.008156510069966316, 0.010118299163877964, 0.018490582704544067, 0.007820596918463707, 0.009181078523397446, 0.011659752577543259, 0.008529245853424072, 0.0125789949670434, 0.007517204619944096, 0.0073796226643025875, 0.01064718421548605, 0.007226766552776098, 0.016252903267741203, 0.00963494461029768, 0.008743931539356709, 0.009553184732794762, 0.00841313973069191, 0.0072790468111634254, 0.012642811052501202, 0.00717852171510458, 0.007214518263936043, 0.008942163549363613, 0.007768758572638035, 0.010653356090188026, 0.007697694934904575, 0.00940491072833538, 0.007123824208974838, 0.008707447908818722, 0.007866092026233673, 0.009496903978288174, 0.008947736583650112, 0.015872180461883545, 0.007443658076226711, 0.008179927244782448, 0.009274357929825783, 0.009791204705834389, 0.018833104521036148, 0.008664743974804878, 0.007458413951098919, 0.008275232277810574, 0.007708342745900154, 0.00786349456757307, 0.007943939417600632, 0.00799116026610136, 0.007732968311756849, 0.009140932001173496, 0.015756629407405853, 0.007489239796996117, 0.007585520856082439, 0.012503264471888542, 0.020707277581095695, 0.007280733902007341, 0.008068012073636055, 0.00816747173666954, 0.009942574426531792, 0.012458045966923237, 0.008169558830559254, 0.007820649072527885, 0.0077713546343147755, 0.01729096658527851, 0.007509343326091766, 0.010318869724869728, 0.011792315170168877, 0.010339047759771347, 0.012761269696056843, 0.007984763011336327], "weapon_probs": [0.02650478482246399, 0.023059483617544174, 0.018262870609760284, 0.015096153132617474, 0.02897930145263672, 0.008177991956472397, 0.010711832903325558, 0.01339336670935154, 0.011091506108641624, 0.018331918865442276, 0.007853668183088303, 0.014689421281218529, 0.007621733471751213, 0.008048808202147484, 0.00926378183066845, 0.008354570716619492, 0.011766692623496056, 0.008919079788029194, 0.007933004759252071, 0.008320108987390995, 0.015346727333962917, 0.008115479722619057, 0.007042007055133581, 0.01236744225025177, 0.007541300728917122, 0.007657784968614578, 0.012615888379514217, 0.008759013377130032, 0.007447232957929373, 0.013800552114844322, 0.013847941532731056, 0.0102074034512043, 0.011277255602180958, 0.00854827556759119, 0.008586613461375237, 0.010717952623963356, 0.007356909569352865, 0.007690798956900835, 0.010227097198367119, 0.008758530020713806, 0.014340303838253021, 0.009167693555355072, 0.008507943712174892, 0.01446160115301609, 0.011173399165272713, 0.009353511966764927, 0.022654294967651367, 0.010305388830602169, 0.009498609229922295, 0.026018530130386353, 0.008202873170375824, 0.010153917595744133, 0.009221390821039677, 0.007831641472876072, 0.010671531781554222, 0.041331980377435684, 0.01223774440586567, 0.012701809406280518, 0.007646570913493633]}