{"loss": -0.837319016456604, "character_probs": [0.025061864405870438, 0.008879628032445908, 0.011671504005789757, 0.016570640727877617, 0.014376465231180191, 0.01233389787375927, 0.011726130731403828, 0.007841774262487888, 0.008915035054087639, 0.011303199455142021, 0.01819540001451969, 0.01084296964108944, 0.009287634864449501, 0.007892725057899952, 0.007518502417951822, 0.008915865793824196, 0.024506226181983948, 0.007841655053198338, 0.014556042850017548, 0.008228450082242489, 0.008346189744770527, 0.008317911066114902, 0.007520646788179874, 0.00959547609090805, 0.008202450349926949, 0.008814336732029915, 0.007387836463749409, 0.01027302723377943, 0.007788339629769325, 0.010650498792529106, 0.007728056516498327, 0.008769199252128601, 0.010537443682551384, 0.008929794654250145, 0.008156055584549904, 0.007840905338525772, 0.008480984717607498, 0.007851256057620049, 0.009188798256218433, 0.007666845805943012, 0.0072847455739974976, 0.00728199165314436, 0.007824322208762169, 0.007950637489557266, 0.021620269864797592, 0.020075002685189247, 0.007927625440061092, 0.007462963927537203, 0.009012570604681969, 0.0073425606824457645, 0.008503919467329979, 0.008335121907293797, 0.00740050757303834, 0.009998852387070656, 0.008571143262088299, 0.008214030414819717, 0.008144189603626728, 0.009878454729914665, 0.012067392468452454, 0.007187794893980026, 0.0076968250796198845, 0.00775726605206728, 0.023953989148139954, 0.009068594314157963, 0.020653866231441498, 0.01612677052617073, 0.008029896765947342, 0.007496690843254328, 0.008081785403192043, 0.007781140971928835, 0.00801951065659523, 0.009828506037592888, 0.010307964868843555, 0.007508845534175634, 0.007741735316812992, 0.009948072023689747, 0.01136883907020092, 0.008554650470614433, 0.010321302339434624], "weapon_probs": [0.015819715335965157, 0.0294535830616951, 0.015315905213356018, 0.020357396453619003, 0.013588758185505867, 0.011356493458151817, 0.02788621559739113, 0.00756555050611496, 0.009442542679607868, 0.01224533747881651, 0.008834665641188622, 0.013524811714887619, 0.01448504626750946, 0.017040647566318512, 0.007723353803157806, 0.00790828000754118, 0.009224066510796547, 0.010610121302306652, 0.022146154195070267, 0.007628209423273802, 0.01326582208275795, 0.010701403953135014, 0.008416770957410336, 0.007798433769494295, 0.007439213339239359, 0.00800294429063797, 0.012042758986353874, 0.009295412339270115, 0.010599100962281227, 0.008350539952516556, 0.0072910599410533905, 0.008259997703135014, 0.011613793671131134, 0.010128671303391457, 0.010325279086828232, 0.007554700132459402, 0.007934517227113247, 0.009051421657204628, 0.007664818316698074, 0.008519614115357399, 0.011839240789413452, 0.011005829088389874, 0.010822133161127567, 0.007614916190505028, 0.011947138234972954, 0.01367106381803751, 0.008691486902534962, 0.009997280314564705, 0.011412980034947395, 0.011003218591213226, 0.03169643133878708, 0.01270461268723011, 0.014070607721805573, 0.007524264045059681, 0.010792451910674572, 0.008683295920491219, 0.011563863605260849, 0.012278135865926743, 0.014308834448456764]}