{"loss": -0.9678685665130615, "character_probs": [0.023502439260482788, 0.011478311382234097, 0.0220678448677063, 0.01261876244097948, 0.010764962062239647, 0.009498730301856995, 0.012314004823565483, 0.010081144981086254, 0.012800423428416252, 0.019769402220845222, 0.010024460963904858, 0.009494318626821041, 0.007574154995381832, 0.008297506719827652, 0.00862718652933836, 0.008220492862164974, 0.007843205705285072, 0.009622419252991676, 0.010585087351500988, 0.008922340348362923, 0.007215999998152256, 0.014903934672474861, 0.00886957161128521, 0.008362078107893467, 0.0087728351354599, 0.010398294776678085, 0.010703996755182743, 0.007705538999289274, 0.007626572623848915, 0.01308755949139595, 0.007936034351587296, 0.008481519296765327, 0.008523096330463886, 0.007694129832088947, 0.00782141461968422, 0.010806583799421787, 0.009507379494607449, 0.010368971154093742, 0.008266733027994633, 0.00872985552996397, 0.007343342527747154, 0.015051105991005898, 0.009735592640936375, 0.010556883178651333, 0.009174637496471405, 0.00997863058000803, 0.007802245207130909, 0.01387613732367754, 0.010789141058921814, 0.010303495451807976, 0.011525936424732208, 0.011189106851816177, 0.008166392333805561, 0.007565661799162626, 0.012041975744068623, 0.007702971342951059, 0.00892418809235096, 0.008997980505228043, 0.009374964982271194, 0.008713388815522194, 0.008590922690927982, 0.010013669729232788, 0.011187855154275894, 0.012279197573661804, 0.007941368035972118, 0.014206696301698685, 0.009838509373366833, 0.010416041128337383, 0.007895899005234241, 0.007491322234272957, 0.010935037396848202, 0.007970751263201237, 0.008130067959427834, 0.013082570396363735, 0.009271710179746151, 0.009170560166239738, 0.00786015298217535, 0.012012338265776634, 0.015563080087304115], "weapon_probs": [0.024242915213108063, 0.028416261076927185, 0.017281848937273026, 0.016882378607988358, 0.02292710915207863, 0.009728861041367054, 0.007520813960582018, 0.014482276514172554, 0.012027177028357983, 0.009149386547505856, 0.009390558116137981, 0.007826007902622223, 0.0105089470744133, 0.00881900917738676, 0.012057412415742874, 0.008717421442270279, 0.008677832782268524, 0.018102329224348068, 0.013571410439908504, 0.011461214162409306, 0.007999016903340816, 0.00962568074464798, 0.007454960606992245, 0.022696159780025482, 0.008959148079156876, 0.009380355477333069, 0.007411795202642679, 0.013807889074087143, 0.0112919881939888, 0.012014612555503845, 0.00782290380448103, 0.007643168792128563, 0.008764236234128475, 0.008175371214747429, 0.00810993928462267, 0.008528871461749077, 0.017014622688293457, 0.00878302101045847, 0.009226618334650993, 0.008968486450612545, 0.008840220049023628, 0.010168220847845078, 0.010857176966965199, 0.015172559767961502, 0.010429611429572105, 0.011276445351541042, 0.011467444710433483, 0.014088166877627373, 0.00837832409888506, 0.00870206207036972, 0.011010742746293545, 0.009153565391898155, 0.013895838521420956, 0.008318157866597176, 0.0329800546169281, 0.012166435830295086, 0.007536187302321196, 0.00931710284203291, 0.008390277624130249]}