{"loss": -0.7858774065971375, "character_probs": [0.025804102420806885, 0.011234147474169731, 0.016489211469888687, 0.011103646829724312, 0.012509329244494438, 0.016903094947338104, 0.013239992782473564, 0.012088915333151817, 0.013510998338460922, 0.011291934177279472, 0.009006327949464321, 0.008932449854910374, 0.011141221970319748, 0.008836337365210056, 0.00792741309851408, 0.009405865333974361, 0.01094140950590372, 0.012378279119729996, 0.008175347000360489, 0.010258287191390991, 0.01227419450879097, 0.010647435672581196, 0.007631782442331314, 0.008733004331588745, 0.00811194721609354, 0.007903866469860077, 0.008462180383503437, 0.008803428150713444, 0.008201736025512218, 0.008920121937990189, 0.0076141334138810635, 0.01039600744843483, 0.011904953047633171, 0.01076293084770441, 0.009257057681679726, 0.010091572999954224, 0.008777710609138012, 0.009195844642817974, 0.007466320879757404, 0.007711504120379686, 0.00895067397505045, 0.007768752984702587, 0.009420419111847878, 0.008951804600656033, 0.00721708545461297, 0.009611818939447403, 0.007340081501752138, 0.017706863582134247, 0.00794636458158493, 0.008342677727341652, 0.008381561376154423, 0.008182595483958721, 0.007443530485033989, 0.010911552235484123, 0.007572812028229237, 0.008588581345975399, 0.00916348397731781, 0.010762491263449192, 0.007364059332758188, 0.01339658722281456, 0.016075778752565384, 0.008151208981871605, 0.013825509697198868, 0.008445794694125652, 0.009041186422109604, 0.009603488259017467, 0.008905567228794098, 0.011117488145828247, 0.009784042835235596, 0.012671989388763905, 0.007760163396596909, 0.010483989492058754, 0.013458916917443275, 0.009531542658805847, 0.01436581276357174, 0.012498720549046993, 0.008296743035316467, 0.008134604431688786, 0.009236417710781097], "weapon_probs": [0.016254346817731857, 0.013864828273653984, 0.01919834315776825, 0.01612640544772148, 0.030519496649503708, 0.0180713701993227, 0.019106704741716385, 0.009608172811567783, 0.011028802022337914, 0.007657174486666918, 0.014604242518544197, 0.009555206634104252, 0.010846497491002083, 0.01217435672879219, 0.009077995084226131, 0.010778266936540604, 0.010532164946198463, 0.00989109929651022, 0.008197952061891556, 0.013094218447804451, 0.009673086926341057, 0.007872102782130241, 0.013739986345171928, 0.00855434499680996, 0.00829840637743473, 0.008013776503503323, 0.010470896027982235, 0.014331849291920662, 0.010097015649080276, 0.012114761397242546, 0.008357941173017025, 0.009229721501469612, 0.008161108940839767, 0.008142508566379547, 0.021766968071460724, 0.0077355653047561646, 0.012142691761255264, 0.00877088401466608, 0.00934971496462822, 0.007493406534194946, 0.011661702767014503, 0.007833856157958508, 0.008570440113544464, 0.010316452011466026, 0.015557896345853806, 0.01889895647764206, 0.016031596809625626, 0.012414852157235146, 0.012495677918195724, 0.012911650352180004, 0.019576098769903183, 0.009499753825366497, 0.008433493785560131, 0.010452032089233398, 0.020030636340379715, 0.014316311106085777, 0.008673734031617641, 0.00980257336050272, 0.007990437559783459]}