{"loss": 0.714594304561615, "character_probs": [0.020514914765954018, 0.019556190818548203, 0.012976902537047863, 0.010285659693181515, 0.011774657294154167, 0.0134646687656641, 0.010526929050683975, 0.012061960063874722, 0.014849623665213585, 0.01916605234146118, 0.00776942353695631, 0.008236397989094257, 0.01035957783460617, 0.008329744450747967, 0.007655192166566849, 0.010816399939358234, 0.010941851884126663, 0.008784428238868713, 0.008078785613179207, 0.008630651980638504, 0.00851542316377163, 0.01193719170987606, 0.007390725426375866, 0.011137492954730988, 0.00992569886147976, 0.008304289542138577, 0.009577637538313866, 0.008462527766823769, 0.00727781280875206, 0.014694149605929852, 0.01284049078822136, 0.007163170259445906, 0.007179258391261101, 0.008279938250780106, 0.009691476821899414, 0.007419101428240538, 0.016228623688220978, 0.007373965810984373, 0.007503545377403498, 0.008291047997772694, 0.008007298223674297, 0.010499224998056889, 0.009052576497197151, 0.01022197213023901, 0.008536896668374538, 0.012623682618141174, 0.009924829937517643, 0.008660366758704185, 0.007812364026904106, 0.011552037671208382, 0.008245723322033882, 0.008251314051449299, 0.009226582944393158, 0.007798843551427126, 0.010045603848993778, 0.008619465865194798, 0.008248350583016872, 0.017517350614070892, 0.008122522383928299, 0.014086408540606499, 0.008056717924773693, 0.01342962495982647, 0.007753189653158188, 0.009801255539059639, 0.01020735315978527, 0.00900326855480671, 0.008485537953674793, 0.008279277011752129, 0.00886665191501379, 0.021162409335374832, 0.008962717838585377, 0.008778167888522148, 0.010648679919540882, 0.011262796819210052, 0.00910676084458828, 0.009580456651747227, 0.008074181154370308, 0.011059058830142021, 0.011104615405201912], "weapon_probs": [0.029701534658670425, 0.011663143523037434, 0.018304040655493736, 0.008728367276489735, 0.017975477501749992, 0.012631673365831375, 0.02397162839770317, 0.019506584852933884, 0.013980038464069366, 0.010998187586665154, 0.013656236231327057, 0.008116764947772026, 0.010807708837091923, 0.009785689413547516, 0.011184862814843655, 0.010294838808476925, 0.013911169953644276, 0.010717074386775494, 0.013981199823319912, 0.00784742459654808, 0.007602193858474493, 0.008232805877923965, 0.010423615574836731, 0.007862278260290623, 0.00777408154681325, 0.00897132232785225, 0.010227832943201065, 0.011732785031199455, 0.007301715202629566, 0.009359724819660187, 0.014637382701039314, 0.007668239064514637, 0.008246245793998241, 0.015106466598808765, 0.014203617349267006, 0.01926003396511078, 0.01001606322824955, 0.012806510552763939, 0.008153327740728855, 0.007404704578220844, 0.010185828432440758, 0.009250829927623272, 0.011252151802182198, 0.008580015040934086, 0.009351439774036407, 0.008460777811706066, 0.011492197401821613, 0.012483120895922184, 0.0072159734554588795, 0.011454744264483452, 0.009678509086370468, 0.008425064384937286, 0.010351154021918774, 0.014939511194825172, 0.02774035930633545, 0.010692266747355461, 0.011396452784538269, 0.007399859372526407, 0.007978121750056744]}