{"loss": -0.13876155018806458, "character_probs": [0.01840909942984581, 0.008244086056947708, 0.040013816207647324, 0.011251401156187057, 0.009884631261229515, 0.009686017408967018, 0.009774312376976013, 0.009694322012364864, 0.008207066915929317, 0.015458655543625355, 0.009070370346307755, 0.007179501466453075, 0.007213536649942398, 0.008086810819804668, 0.008538752794265747, 0.01185489259660244, 0.00859559141099453, 0.008437976241111755, 0.007382498588413, 0.014116687700152397, 0.008050888776779175, 0.012489963322877884, 0.007512120064347982, 0.007781251333653927, 0.0087882773950696, 0.007376969791948795, 0.007826090790331364, 0.011644205078482628, 0.012193715199828148, 0.008555863983929157, 0.008553908206522465, 0.007975219748914242, 0.011656159535050392, 0.010204475373029709, 0.007896159775555134, 0.012125549837946892, 0.007432183716446161, 0.010374384932219982, 0.007959084585309029, 0.007514714263379574, 0.014789553359150887, 0.009668547660112381, 0.007283136248588562, 0.008251529186964035, 0.010472399182617664, 0.009113823063671589, 0.00898412149399519, 0.009422621689736843, 0.007297673728317022, 0.011420752853155136, 0.0301792211830616, 0.010450528934597969, 0.011419317685067654, 0.014207597821950912, 0.0102786123752594, 0.007688954472541809, 0.007830384187400341, 0.010862637311220169, 0.007839919067919254, 0.0076830522157251835, 0.00851057842373848, 0.010944459587335587, 0.007391549181193113, 0.010168147273361683, 0.007958805188536644, 0.007894143462181091, 0.011396604590117931, 0.00908199418336153, 0.009912203997373581, 0.007479929365217686, 0.00920524075627327, 0.0071632517501711845, 0.010269691236317158, 0.024179823696613312, 0.008066999725997448, 0.008393351919949055, 0.01295621506869793, 0.007556415628641844, 0.01409524492919445], "weapon_probs": [0.024280846118927002, 0.012578979134559631, 0.02084963768720627, 0.014229774475097656, 0.025671012699604034, 0.016521111130714417, 0.013650447130203247, 0.008288811892271042, 0.013674179092049599, 0.012080879881978035, 0.010602661408483982, 0.010948346927762032, 0.009124964475631714, 0.0075522297993302345, 0.010445402935147285, 0.0073172664269804955, 0.010600415989756584, 0.00765383243560791, 0.026317086070775986, 0.011658299714326859, 0.008014986291527748, 0.011601457372307777, 0.008404633030295372, 0.008943851105868816, 0.009246373549103737, 0.007533514406532049, 0.008975505828857422, 0.014666717499494553, 0.007776640821248293, 0.029658310115337372, 0.0079266969114542, 0.007703234441578388, 0.010639410465955734, 0.00743144191801548, 0.00813350547105074, 0.020236529409885406, 0.007881158031523228, 0.011155597865581512, 0.008439196273684502, 0.008196324110031128, 0.009079732932150364, 0.007728381082415581, 0.016851581633090973, 0.014225268736481667, 0.009697193279862404, 0.010145161300897598, 0.008412616327404976, 0.008520767092704773, 0.007942006923258305, 0.008149323053658009, 0.007678135298192501, 0.012259467504918575, 0.0074821156449615955, 0.009765795432031155, 0.015025879256427288, 0.01863775961101055, 0.007319833617657423, 0.012023279443383217, 0.008951680734753609]}