{"loss": 0.17587608098983765, "character_probs": [0.016127293929457664, 0.016259247437119484, 0.01576182432472706, 0.023047149181365967, 0.0167351346462965, 0.007330344989895821, 0.009879187680780888, 0.00947167631238699, 0.01659003645181656, 0.00784389115869999, 0.017148664221167564, 0.007742004469037056, 0.013973357155919075, 0.007376779802143574, 0.009974291548132896, 0.007435390260070562, 0.0074226283468306065, 0.008044056594371796, 0.012094843201339245, 0.0104487594217062, 0.007077230606228113, 0.008143027313053608, 0.012292291969060898, 0.007534411735832691, 0.009215805679559708, 0.012983858585357666, 0.009249493479728699, 0.00742888730019331, 0.008674656972289085, 0.011163990944623947, 0.00821228139102459, 0.007904302328824997, 0.007436497136950493, 0.008781489916145802, 0.008706804364919662, 0.007507948204874992, 0.007340910844504833, 0.007815140299499035, 0.008960283361375332, 0.00847926177084446, 0.007511943578720093, 0.009205413050949574, 0.012634152546525002, 0.007623658515512943, 0.0074760871939361095, 0.008582799695432186, 0.02318308874964714, 0.01209350861608982, 0.00726956594735384, 0.010969230905175209, 0.009920736774802208, 0.0074226330034434795, 0.007441750727593899, 0.00791278388351202, 0.01616307720541954, 0.007679625879973173, 0.011129684746265411, 0.008156150579452515, 0.009508072398602962, 0.011176228523254395, 0.008264349773526192, 0.00854554958641529, 0.007430900353938341, 0.008082577958703041, 0.007711312267929316, 0.014754287898540497, 0.011906949803233147, 0.0081352349370718, 0.01174306683242321, 0.008758577518165112, 0.009323064237833023, 0.023547466844320297, 0.007528228685259819, 0.007805867586284876, 0.014252262189984322, 0.008754502981901169, 0.008954152464866638, 0.01055875699967146, 0.00863933376967907], "weapon_probs": [0.03974498435854912, 0.016349509358406067, 0.01197346393018961, 0.011295008473098278, 0.03468795865774155, 0.008457619696855545, 0.011210190132260323, 0.008600750006735325, 0.008311782032251358, 0.010486479848623276, 0.007749504409730434, 0.019889896735548973, 0.01161166187375784, 0.008366763591766357, 0.014634357765316963, 0.011717539280653, 0.01064615324139595, 0.007883279584348202, 0.0099186347797513, 0.00899791531264782, 0.009049362502992153, 0.009976072236895561, 0.00888376496732235, 0.007560312282294035, 0.008892799727618694, 0.008040870539844036, 0.008894966915249825, 0.014799786731600761, 0.007825586013495922, 0.00913010723888874, 0.016613278537988663, 0.00841796025633812, 0.010246746242046356, 0.012927857227623463, 0.01111968420445919, 0.008710444904863834, 0.009918433614075184, 0.01076743844896555, 0.00982041284441948, 0.010638980194926262, 0.012672726064920425, 0.01354902982711792, 0.007773288991302252, 0.009985744953155518, 0.008917328901588917, 0.012100470252335072, 0.011742869392037392, 0.010745174251496792, 0.011890977621078491, 0.008633475750684738, 0.013693021610379219, 0.011277629062533379, 0.00953873060643673, 0.009293213486671448, 0.02375631406903267, 0.008825290016829967, 0.00787439662963152, 0.009288996458053589, 0.020389659330248833]}