{"loss": 0.9507401585578918, "character_probs": [0.022477589547634125, 0.007885973900556564, 0.022567566484212875, 0.009882031008601189, 0.029470674693584442, 0.012113404460251331, 0.010212723165750504, 0.008353805169463158, 0.009772899560630322, 0.01001986488699913, 0.009992687962949276, 0.009328813292086124, 0.008627617731690407, 0.007613625843077898, 0.008501007221639156, 0.007761419750750065, 0.008722511120140553, 0.011142861098051071, 0.00875868834555149, 0.014980612322688103, 0.010146415792405605, 0.009805889800190926, 0.008035119622945786, 0.008243246003985405, 0.008759818971157074, 0.008222660981118679, 0.0076535590924322605, 0.009083818644285202, 0.009071975946426392, 0.011447520926594734, 0.008042652159929276, 0.007263571955263615, 0.013411428779363632, 0.007139372639358044, 0.009057188406586647, 0.010927467606961727, 0.007315478753298521, 0.008735726587474346, 0.007414826191961765, 0.00818594079464674, 0.010345791466534138, 0.015858624130487442, 0.007896731607615948, 0.01165800355374813, 0.008150946348905563, 0.008293713442981243, 0.00833472516387701, 0.008202260360121727, 0.012067655101418495, 0.008976224809885025, 0.009509032592177391, 0.007928384467959404, 0.01227904949337244, 0.009248887188732624, 0.011098010465502739, 0.008843280375003815, 0.015722505748271942, 0.009133407846093178, 0.01016446202993393, 0.010555436834692955, 0.007743262220174074, 0.008056076243519783, 0.012914713472127914, 0.008494571782648563, 0.015694361180067062, 0.009345490485429764, 0.013522990979254246, 0.009471905417740345, 0.01304696500301361, 0.00826226081699133, 0.0073722731322050095, 0.008783716708421707, 0.010411306284368038, 0.0087072579190135, 0.007844597101211548, 0.012922992929816246, 0.008901109918951988, 0.013512443751096725, 0.010064520873129368], "weapon_probs": [0.012903530150651932, 0.03164157271385193, 0.011165204457938671, 0.017526432871818542, 0.021157078444957733, 0.010532822459936142, 0.010913357138633728, 0.01552585419267416, 0.013172175735235214, 0.028081130236387253, 0.010862847790122032, 0.010804882273077965, 0.008001623675227165, 0.010667416267096996, 0.00773023534566164, 0.010177199728786945, 0.008801514282822609, 0.007898461073637009, 0.010897569358348846, 0.008361117914319038, 0.015282905660569668, 0.012332385405898094, 0.0074126943945884705, 0.009525204077363014, 0.007458958309143782, 0.011468988843262196, 0.009761265479028225, 0.011160854250192642, 0.007666429970413446, 0.0100326556712389, 0.009168817661702633, 0.014745987951755524, 0.013196499086916447, 0.01638069562613964, 0.010423584841191769, 0.008203624747693539, 0.011193498969078064, 0.00983373448252678, 0.010005904361605644, 0.007727077696472406, 0.01887425407767296, 0.010345220565795898, 0.007950790226459503, 0.007843656465411186, 0.011663505807518959, 0.009368866682052612, 0.008566518314182758, 0.009935886599123478, 0.009767076931893826, 0.014096413739025593, 0.008924207650125027, 0.015813540667295456, 0.008241653442382812, 0.019273389130830765, 0.009721030481159687, 0.007889928296208382, 0.01897915080189705, 0.023829881101846695, 0.013102857396006584]}