{"loss": -0.27272796630859375, "character_probs": [0.021893378347158432, 0.013322172686457634, 0.027462832629680634, 0.009843513369560242, 0.012829017825424671, 0.007594822905957699, 0.0075576514936983585, 0.012961767613887787, 0.028730131685733795, 0.010246239602565765, 0.007411649450659752, 0.007802481297403574, 0.007618772331625223, 0.00759349949657917, 0.010904151014983654, 0.007183552719652653, 0.008594437502324581, 0.007803553715348244, 0.012885254807770252, 0.007454343140125275, 0.02094515785574913, 0.008086132816970348, 0.007541172206401825, 0.009528533555567265, 0.0075645302422344685, 0.009362826123833656, 0.007196433842182159, 0.009814510121941566, 0.0076270801946520805, 0.008686942048370838, 0.007081381045281887, 0.009027577936649323, 0.009076559916138649, 0.007596760056912899, 0.008484889753162861, 0.007519339676946402, 0.009920928627252579, 0.009911487810313702, 0.007720189169049263, 0.008889112621545792, 0.008067128248512745, 0.007918942719697952, 0.007838129997253418, 0.009152518585324287, 0.007680326234549284, 0.009277990087866783, 0.010886888019740582, 0.007570982910692692, 0.010756677947938442, 0.010489759035408497, 0.009789634495973587, 0.009645245037972927, 0.017457202076911926, 0.00795700866729021, 0.00862092711031437, 0.008309902623295784, 0.008584626950323582, 0.010810520499944687, 0.012245848774909973, 0.008334745652973652, 0.013613007962703705, 0.007503053639084101, 0.009383447468280792, 0.009822117164731026, 0.008246632292866707, 0.013069793581962585, 0.010367510840296745, 0.010396813973784447, 0.00965721532702446, 0.010865608230233192, 0.008086240850389004, 0.012253397144377232, 0.010259652510285378, 0.01920337602496147, 0.012173066847026348, 0.007598914671689272, 0.012255024164915085, 0.010456306859850883, 0.014149457216262817], "weapon_probs": [0.027837485074996948, 0.012211908586323261, 0.017352696508169174, 0.027325250208377838, 0.0124351866543293, 0.014319480396807194, 0.010256624780595303, 0.018191546201705933, 0.0127741489559412, 0.008643063716590405, 0.011595961637794971, 0.010105902329087257, 0.008314887061715126, 0.0161978118121624, 0.014304103329777718, 0.011196872219443321, 0.010842407122254372, 0.010120377875864506, 0.008591328747570515, 0.010151717811822891, 0.007507741916924715, 0.013461453840136528, 0.009283564053475857, 0.010493780486285686, 0.008904090151190758, 0.007997674867510796, 0.0134001849219203, 0.008976075798273087, 0.008052585646510124, 0.012748593464493752, 0.011692877858877182, 0.007417849265038967, 0.008229226805269718, 0.009485399350523949, 0.01969766803085804, 0.007637599483132362, 0.009336421266198158, 0.007525543682277203, 0.013816014863550663, 0.015658114105463028, 0.010193102061748505, 0.009904594160616398, 0.008202646858990192, 0.02040739730000496, 0.008768634870648384, 0.009721857495605946, 0.007398785091936588, 0.009560680016875267, 0.011053462512791157, 0.008603514172136784, 0.009863653220236301, 0.01014470960944891, 0.00865115225315094, 0.012044927105307579, 0.010053303092718124, 0.014416392892599106, 0.018051311373710632, 0.012721026316285133, 0.01678531803190708]}