{"loss": 0.9066343903541565, "character_probs": [0.023929722607135773, 0.016093701124191284, 0.013712719082832336, 0.019893864169716835, 0.018904956057667732, 0.008956115692853928, 0.007934198714792728, 0.010820784606039524, 0.008527916856110096, 0.010253320448100567, 0.009581556543707848, 0.011447591707110405, 0.009660870768129826, 0.01494784839451313, 0.011107983067631721, 0.007702904287725687, 0.011711200699210167, 0.009089160710573196, 0.008633751422166824, 0.008987701497972012, 0.007546462118625641, 0.010013377293944359, 0.00788172334432602, 0.00798015482723713, 0.011048238724470139, 0.00835885014384985, 0.007893126457929611, 0.008341626264154911, 0.0076772733591496944, 0.009168482385575771, 0.01090972125530243, 0.008071208372712135, 0.009194296784698963, 0.008225202560424805, 0.007386343088001013, 0.0110419150441885, 0.012023317627608776, 0.0075884368270635605, 0.008934497833251953, 0.009881965816020966, 0.007703785784542561, 0.012228419072926044, 0.008744636550545692, 0.008479909971356392, 0.011879928410053253, 0.007972430437803268, 0.012394363060593605, 0.0071843513287603855, 0.011499362997710705, 0.011228512972593307, 0.007969044148921967, 0.01060434989631176, 0.007476901635527611, 0.010164228267967701, 0.008369910530745983, 0.010298151522874832, 0.014333445578813553, 0.0071526383981108665, 0.007375190034508705, 0.007792079355567694, 0.009591563604772091, 0.008339245803654194, 0.0098895113915205, 0.008640337735414505, 0.00768704991787672, 0.009649289771914482, 0.00866743829101324, 0.011595822870731354, 0.014981582760810852, 0.011061804369091988, 0.013704368844628334, 0.010978396981954575, 0.01656954549252987, 0.012853378430008888, 0.009062555618584156, 0.008255347609519958, 0.01462419144809246, 0.012138204649090767, 0.015521889552474022], "weapon_probs": [0.036394692957401276, 0.018250558525323868, 0.009075954556465149, 0.024574551731348038, 0.011538660153746605, 0.014098213985562325, 0.024259187281131744, 0.01068523433059454, 0.009469899348914623, 0.009242858737707138, 0.011663908138871193, 0.0072311172261834145, 0.011933685280382633, 0.007524426095187664, 0.030685171484947205, 0.009831883013248444, 0.008842318318784237, 0.00747672701254487, 0.01017359085381031, 0.009121350944042206, 0.008977336809039116, 0.011832175776362419, 0.007645840290933847, 0.013990371488034725, 0.007643860764801502, 0.008690745569765568, 0.007832299917936325, 0.009546760469675064, 0.007426966913044453, 0.00808779802173376, 0.008190331980586052, 0.008114151656627655, 0.011134831234812737, 0.007812900468707085, 0.009198221378028393, 0.008857917040586472, 0.010526886209845543, 0.00896304752677679, 0.01056792214512825, 0.010462768375873566, 0.011559659615159035, 0.007773056160658598, 0.00822553038597107, 0.011188464239239693, 0.014558259397745132, 0.019584503024816513, 0.010406563058495522, 0.009042874909937382, 0.011346705257892609, 0.008275128901004791, 0.009651953354477882, 0.008810005150735378, 0.008598428219556808, 0.011061778292059898, 0.011546367779374123, 0.011272195726633072, 0.013732880353927612, 0.01303379237651825, 0.010031754150986671]}