{"loss": -0.9273290038108826, "character_probs": [0.01073380932211876, 0.018630653619766235, 0.01418056059628725, 0.02456812560558319, 0.009615646675229073, 0.008471036329865456, 0.00836567860096693, 0.022870291024446487, 0.009810509160161018, 0.008843128569424152, 0.00982518121600151, 0.009279442019760609, 0.01765957847237587, 0.00999371986836195, 0.011179201304912567, 0.011594654992222786, 0.007653135806322098, 0.007952084764838219, 0.0077453553676605225, 0.009039993397891521, 0.008510101586580276, 0.010449526831507683, 0.008053028956055641, 0.011153023689985275, 0.009429378435015678, 0.009987009689211845, 0.007098207250237465, 0.009077467955648899, 0.008437343873083591, 0.007310506887733936, 0.010578792542219162, 0.009748464450240135, 0.0074677844531834126, 0.00930859986692667, 0.00718318298459053, 0.00928039476275444, 0.010113253258168697, 0.01163943950086832, 0.008427837863564491, 0.008694039657711983, 0.013799676671624184, 0.008526035584509373, 0.013896459713578224, 0.01434856653213501, 0.010353922843933105, 0.009092847816646099, 0.008134102448821068, 0.013054301962256432, 0.007857188582420349, 0.008394933305680752, 0.009629004634916782, 0.007564336061477661, 0.01103714108467102, 0.008842977695167065, 0.007888797670602798, 0.009529300965368748, 0.008326773531734943, 0.00719067407771945, 0.008835054002702236, 0.008826499804854393, 0.009145366959273815, 0.00938043650239706, 0.014214840717613697, 0.008483425714075565, 0.009060225449502468, 0.012231038883328438, 0.00935469102114439, 0.008677508682012558, 0.00782612431794405, 0.01380029134452343, 0.009054645895957947, 0.009266898036003113, 0.014908763580024242, 0.011885182932019234, 0.007237271871417761, 0.008720440790057182, 0.018683355301618576, 0.011747638694941998, 0.00791823398321867], "weapon_probs": [0.016108550131320953, 0.019969183951616287, 0.007572718895971775, 0.019697751849889755, 0.02499871701002121, 0.018027320504188538, 0.01763067953288555, 0.01350305788218975, 0.012638229876756668, 0.008708854205906391, 0.01149585098028183, 0.007582038640975952, 0.023730166256427765, 0.010038942098617554, 0.012912297621369362, 0.011856268160045147, 0.007478224113583565, 0.008896979503333569, 0.008357582613825798, 0.00985904224216938, 0.011056271381676197, 0.012983148917555809, 0.009742192924022675, 0.008203823119401932, 0.013984442688524723, 0.012339306063950062, 0.009096929803490639, 0.008122437633574009, 0.010170798748731613, 0.012010469101369381, 0.008299138396978378, 0.009949566796422005, 0.010040812194347382, 0.008712138049304485, 0.009831328876316547, 0.008280085399746895, 0.010292083024978638, 0.013996264897286892, 0.01087002269923687, 0.009917642921209335, 0.011061635799705982, 0.012046858668327332, 0.011789645999670029, 0.009751126170158386, 0.007892204448580742, 0.009988146834075451, 0.008335687220096588, 0.00989809725433588, 0.011149413883686066, 0.009647647850215435, 0.03439546748995781, 0.013624755665659904, 0.007907429710030556, 0.012865647673606873, 0.009576156735420227, 0.009973913431167603, 0.008849668316543102, 0.01799645461142063, 0.018215855583548546]}