{"loss": 0.8930763602256775, "character_probs": [0.018758241087198257, 0.025318339467048645, 0.009125886484980583, 0.01533478032797575, 0.00900132954120636, 0.018166374415159225, 0.02146449312567711, 0.010029047727584839, 0.010096805170178413, 0.007678765803575516, 0.007825815118849277, 0.008920128457248211, 0.010324353352189064, 0.01302066445350647, 0.008793952874839306, 0.011176501400768757, 0.009061982855200768, 0.009048623964190483, 0.009184299036860466, 0.007429678924381733, 0.007301874924451113, 0.009149364195764065, 0.007722028065472841, 0.007970720529556274, 0.007420674432069063, 0.0077383737079799175, 0.01007822435349226, 0.007756397128105164, 0.00823238492012024, 0.00999599602073431, 0.017528198659420013, 0.007707979995757341, 0.009826663881540298, 0.008874683640897274, 0.01757134310901165, 0.008617759682238102, 0.008200629614293575, 0.0078659038990736, 0.007545683532953262, 0.008877716027200222, 0.0107622304931283, 0.009240122511982918, 0.010384920984506607, 0.007840466685593128, 0.011142568662762642, 0.007801828905940056, 0.007422184571623802, 0.007871098816394806, 0.00812475010752678, 0.011487312614917755, 0.00791636761277914, 0.009923741221427917, 0.008807188831269741, 0.007331270258873701, 0.01025732047855854, 0.0076074604876339436, 0.009756832383573055, 0.009224402718245983, 0.008711449801921844, 0.013479901477694511, 0.008627393282949924, 0.00830241572111845, 0.008597048930823803, 0.015611344948410988, 0.011366762220859528, 0.007809842005372047, 0.01458675041794777, 0.010021439753472805, 0.00877170916646719, 0.019325345754623413, 0.007321476470679045, 0.007995775900781155, 0.011960171163082123, 0.008025504648685455, 0.008015491999685764, 0.008747859857976437, 0.009015717543661594, 0.014756948687136173, 0.012260330840945244], "weapon_probs": [0.015125193633139133, 0.039102133363485336, 0.014777817763388157, 0.019787665456533432, 0.009227244183421135, 0.02412545680999756, 0.008223291486501694, 0.019162898883223534, 0.009768986143171787, 0.014121521264314651, 0.008985772728919983, 0.007716665975749493, 0.008873023092746735, 0.010865447111427784, 0.007506642024964094, 0.007563550025224686, 0.00735058356076479, 0.010313265025615692, 0.011839847080409527, 0.021272405982017517, 0.00860313605517149, 0.00828626099973917, 0.007422288414090872, 0.007540617138147354, 0.008001851849257946, 0.00878923013806343, 0.008452016860246658, 0.013357527554035187, 0.0077064684592187405, 0.009504836983978748, 0.00954920332878828, 0.01341814175248146, 0.010229097679257393, 0.007838450372219086, 0.008246991783380508, 0.010063974186778069, 0.009016906842589378, 0.011976726353168488, 0.017512742429971695, 0.008565273135900497, 0.026099760085344315, 0.007638384122401476, 0.009007517248392105, 0.00768781965598464, 0.009006986394524574, 0.007503032218664885, 0.020069681107997894, 0.012795481830835342, 0.019238237291574478, 0.014608544297516346, 0.01061810739338398, 0.014476418495178223, 0.009476409293711185, 0.01074635237455368, 0.011548597365617752, 0.008841551840305328, 0.009940540418028831, 0.00919147115200758, 0.009435576386749744]}