{"loss": -0.9623836278915405, "character_probs": [0.012540917843580246, 0.021609162911772728, 0.026364844292402267, 0.019668441265821457, 0.010254091583192348, 0.00817363802343607, 0.00916963443160057, 0.007758286781609058, 0.010928538627922535, 0.0190616212785244, 0.008249722421169281, 0.008735861629247665, 0.012507041916251183, 0.007751100230962038, 0.009271074086427689, 0.0081722941249609, 0.007201960310339928, 0.008223257958889008, 0.00834687426686287, 0.008669240400195122, 0.007705581374466419, 0.019452830776572227, 0.007145719137042761, 0.007752194069325924, 0.00894603505730629, 0.009184667840600014, 0.007560846395790577, 0.0072710406966507435, 0.010268272832036018, 0.0075110686011612415, 0.00817535538226366, 0.007190295495092869, 0.010059084743261337, 0.009483113884925842, 0.007693574298173189, 0.007714713923633099, 0.015535500831902027, 0.010979726910591125, 0.009183138608932495, 0.008106641471385956, 0.0074354615062475204, 0.007607348263263702, 0.017446670681238174, 0.008763927035033703, 0.011469465680420399, 0.007954133674502373, 0.007516156882047653, 0.01089329645037651, 0.015839386731386185, 0.007494005840271711, 0.008492523804306984, 0.011965126730501652, 0.008939865976572037, 0.009365014731884003, 0.008482417091727257, 0.007566164247691631, 0.008274617604911327, 0.009594462811946869, 0.014231855049729347, 0.009038425981998444, 0.010412290692329407, 0.008433702401816845, 0.008492648601531982, 0.010600384324789047, 0.009286807850003242, 0.009263623505830765, 0.012943082489073277, 0.007822833023965359, 0.011746201664209366, 0.011946755461394787, 0.010506229475140572, 0.009102648124098778, 0.007957013323903084, 0.021597012877464294, 0.009301668033003807, 0.018229447305202484, 0.008094185031950474, 0.012239715084433556, 0.011357391253113747], "weapon_probs": [0.027011040598154068, 0.016086000949144363, 0.022167526185512543, 0.017266716808080673, 0.009847058914601803, 0.017689861357212067, 0.010931093245744705, 0.011362195014953613, 0.008744167163968086, 0.01039203628897667, 0.008860311470925808, 0.018508419394493103, 0.014592144638299942, 0.008751831948757172, 0.017876116558909416, 0.009383351542055607, 0.009354868903756142, 0.00988089945167303, 0.00968274287879467, 0.009690453298389912, 0.012054669670760632, 0.00859724823385477, 0.007175777573138475, 0.01755576953291893, 0.008579209446907043, 0.008179728873074055, 0.009207422845065594, 0.010215097106993198, 0.009809642098844051, 0.007913004606962204, 0.009855613112449646, 0.007590385619550943, 0.010108498856425285, 0.007601841352880001, 0.012574450112879276, 0.028907358646392822, 0.008137017488479614, 0.01026765163987875, 0.007315675728023052, 0.011809094808995724, 0.008608795702457428, 0.010014383122324944, 0.008785217069089413, 0.01899746060371399, 0.022031312808394432, 0.010335689410567284, 0.009403310716152191, 0.01942739635705948, 0.009851431474089622, 0.008611178025603294, 0.008297812193632126, 0.008496508002281189, 0.011672940105199814, 0.010504092089831829, 0.00825425423681736, 0.009561421349644661, 0.008750872686505318, 0.02183731086552143, 0.02262779325246811]}