{"loss": -0.9404707551002502, "character_probs": [0.016778752207756042, 0.015889732167124748, 0.01484878733754158, 0.018041320145130157, 0.009652635082602501, 0.009169051423668861, 0.02198914997279644, 0.011317849159240723, 0.007152313832193613, 0.010879160836338997, 0.007265620399266481, 0.00838674046099186, 0.018189124763011932, 0.007817564532160759, 0.010337389074265957, 0.013571362942457199, 0.008567160926759243, 0.009083949960768223, 0.008941398933529854, 0.008819075301289558, 0.011646023951470852, 0.008036389946937561, 0.008216357789933681, 0.00808493047952652, 0.009375632740557194, 0.007757736369967461, 0.010049904696643353, 0.008300527930259705, 0.007548918016254902, 0.008166486397385597, 0.010804570280015469, 0.008004067465662956, 0.00741452444344759, 0.016400814056396484, 0.008769973181188107, 0.011921487748622894, 0.007908754050731659, 0.010123291052877903, 0.012213723734021187, 0.00965585932135582, 0.00984986312687397, 0.0074269636534154415, 0.00785594992339611, 0.008072128519415855, 0.008982300758361816, 0.007580481003969908, 0.011343808844685555, 0.0077760363928973675, 0.008863451890647411, 0.01834065467119217, 0.00908137857913971, 0.007872696965932846, 0.00793352909386158, 0.013007882982492447, 0.00832199864089489, 0.011663338169455528, 0.02229049801826477, 0.008461415767669678, 0.009672505781054497, 0.008153816685080528, 0.008485210128128529, 0.0075580524280667305, 0.007407308090478182, 0.007770739030092955, 0.007693701423704624, 0.008740518242120743, 0.007813956588506699, 0.017154380679130554, 0.015487990342080593, 0.008843859657645226, 0.012969866394996643, 0.008638530038297176, 0.011764917522668839, 0.00892525352537632, 0.007752721197903156, 0.00889347679913044, 0.008543859235942364, 0.008043377660214901, 0.008147131651639938], "weapon_probs": [0.01338041853159666, 0.030459139496088028, 0.010565510019659996, 0.02068288065493107, 0.011881857179105282, 0.014119868166744709, 0.012398779392242432, 0.009939825162291527, 0.010383149608969688, 0.00802330020815134, 0.025331072509288788, 0.009816036559641361, 0.031193848699331284, 0.007375772576779127, 0.01242142729461193, 0.007702155038714409, 0.0074096922762691975, 0.007943429052829742, 0.007862513884902, 0.014408381655812263, 0.01076043862849474, 0.01897883042693138, 0.00726911099627614, 0.008745411410927773, 0.00921226479113102, 0.008684327825903893, 0.007363151293247938, 0.01465325616300106, 0.010824710130691528, 0.008181745186448097, 0.008021433837711811, 0.00806310772895813, 0.010856621898710728, 0.014115700498223305, 0.008993735536932945, 0.013196204788982868, 0.007865892723202705, 0.008055713027715683, 0.012002868577837944, 0.010170746594667435, 0.008144561201334, 0.008351955562829971, 0.008103995583951473, 0.009128454141318798, 0.018517840653657913, 0.01161395013332367, 0.008122596889734268, 0.01707085780799389, 0.015837857499718666, 0.011242346838116646, 0.014349627308547497, 0.008789816871285439, 0.009099915623664856, 0.017002247273921967, 0.019903244450688362, 0.009811434894800186, 0.01046636700630188, 0.010902661830186844, 0.01042965054512024]}