{"loss": 0.6956585645675659, "character_probs": [0.012525955215096474, 0.024203501641750336, 0.010427585802972317, 0.010370776988565922, 0.013747870922088623, 0.015309160575270653, 0.013408416882157326, 0.013057844713330269, 0.012088739313185215, 0.011467671021819115, 0.009230947121977806, 0.010717030614614487, 0.012000715360045433, 0.00852752011269331, 0.012554462999105453, 0.008502351120114326, 0.009639409370720387, 0.012558425776660442, 0.007220796309411526, 0.008614132180809975, 0.007716680411249399, 0.0073110489174723625, 0.00946893636137247, 0.012587747536599636, 0.00820438377559185, 0.014498600736260414, 0.00877453200519085, 0.009685168042778969, 0.00795553345233202, 0.007622049190104008, 0.009922182187438011, 0.008376145735383034, 0.007722426205873489, 0.00876082293689251, 0.008971061557531357, 0.007802823558449745, 0.0186716690659523, 0.010845218785107136, 0.00815478153526783, 0.010803857818245888, 0.009277104400098324, 0.007715867832303047, 0.008931518532335758, 0.00878550298511982, 0.010635641403496265, 0.008696850389242172, 0.008931641466915607, 0.007670714985579252, 0.009035356342792511, 0.01449018344283104, 0.007373739033937454, 0.009190896525979042, 0.007455345708876848, 0.013337927870452404, 0.014796016737818718, 0.007588990498334169, 0.007897457107901573, 0.011739546433091164, 0.010749519802629948, 0.008201509714126587, 0.008224074728786945, 0.008103050291538239, 0.009742766618728638, 0.01230018399655819, 0.008291116915643215, 0.0077368756756186485, 0.008359603583812714, 0.009273774921894073, 0.012892358005046844, 0.01117773912847042, 0.013173672370612621, 0.007775851991027594, 0.008490046486258507, 0.014298840425908566, 0.012828173115849495, 0.0077429963275790215, 0.009565982036292553, 0.02220200002193451, 0.013095459900796413], "weapon_probs": [0.032595906406641006, 0.013930393382906914, 0.00994062889367342, 0.016028258949518204, 0.038057051599025726, 0.013256698846817017, 0.010296100750565529, 0.010862009599804878, 0.01025428343564272, 0.007208554539829493, 0.017809251323342323, 0.008054817095398903, 0.011072061024606228, 0.00822572223842144, 0.008977444842457771, 0.00746937096118927, 0.008257201872766018, 0.011439007706940174, 0.008237836882472038, 0.0210611242800951, 0.01174083910882473, 0.0077330865897238255, 0.010586352087557316, 0.007323150523006916, 0.007837529294192791, 0.009237190708518028, 0.007897316478192806, 0.010285874828696251, 0.009220387786626816, 0.01463664136826992, 0.010691585950553417, 0.010500945150852203, 0.008443787693977356, 0.009707275778055191, 0.02155335620045662, 0.008792893029749393, 0.0078022172674536705, 0.008776557631790638, 0.011169569566845894, 0.015350223518908024, 0.008504820987582207, 0.008254208602011204, 0.008692589588463306, 0.007795320823788643, 0.014688493683934212, 0.00946014653891325, 0.015614570118486881, 0.00780950952321291, 0.017848167568445206, 0.0073350900784134865, 0.01140657626092434, 0.011866683140397072, 0.009567022323608398, 0.008714827708899975, 0.027888033539056778, 0.009067917242646217, 0.009104856289923191, 0.02052862010896206, 0.012576976791024208]}