{"loss": 0.9345768094062805, "character_probs": [0.015028653666377068, 0.031005065888166428, 0.014670997858047485, 0.01052904687821865, 0.012289879843592644, 0.012830507010221481, 0.017265209928154945, 0.008520318195223808, 0.008535271510481834, 0.008347446098923683, 0.0077826580964028835, 0.01874903216958046, 0.01315058022737503, 0.01097998209297657, 0.011933456175029278, 0.008553261868655682, 0.00748644070699811, 0.008791116997599602, 0.00915909931063652, 0.009185750968754292, 0.010507686994969845, 0.007788330782204866, 0.00801734160631895, 0.008683000691235065, 0.009427923709154129, 0.008086850866675377, 0.009222805500030518, 0.007551107555627823, 0.00760116521269083, 0.00844243261963129, 0.0072653889656066895, 0.00785069353878498, 0.00790645182132721, 0.007442505098879337, 0.00786738470196724, 0.009085544385015965, 0.009911198168992996, 0.017471376806497574, 0.008720729500055313, 0.00830800086259842, 0.010488314554095268, 0.009029079228639603, 0.008616972714662552, 0.007348097860813141, 0.00888882577419281, 0.008613728918135166, 0.014529009349644184, 0.009159685112535954, 0.007596833631396294, 0.007629212457686663, 0.007380053400993347, 0.008216015063226223, 0.007471350021660328, 0.018512077629566193, 0.007711874786764383, 0.008349531330168247, 0.007879608310759068, 0.013375181704759598, 0.013806913048028946, 0.007819737307727337, 0.007894531823694706, 0.008029871620237827, 0.014386959373950958, 0.013913309201598167, 0.012033224105834961, 0.0073778340592980385, 0.009441926144063473, 0.0094678970053792, 0.009597498923540115, 0.0084461010992527, 0.0078587606549263, 0.011928842402994633, 0.007597274146974087, 0.00912967324256897, 0.008375021629035473, 0.008563661947846413, 0.012777072377502918, 0.009327818639576435, 0.012612100690603256], "weapon_probs": [0.01604318991303444, 0.024233940988779068, 0.027741998434066772, 0.012644630856812, 0.012440580874681473, 0.020417626947164536, 0.0158100388944149, 0.01340884156525135, 0.011943114921450615, 0.008962459862232208, 0.010034790262579918, 0.008166664279997349, 0.01891762763261795, 0.0130971884354949, 0.012503089383244514, 0.009262606501579285, 0.00755992392078042, 0.008540949784219265, 0.010018742643296719, 0.00753231905400753, 0.01167564932256937, 0.007888134568929672, 0.009766979143023491, 0.010923665948212147, 0.01076923031359911, 0.008237309753894806, 0.012150095775723457, 0.012360617518424988, 0.008950590156018734, 0.010736927390098572, 0.008304724469780922, 0.0073558371514081955, 0.013202650472521782, 0.010567940771579742, 0.008171836845576763, 0.00984138622879982, 0.01294180192053318, 0.030710462480783463, 0.009815571829676628, 0.007399118971079588, 0.008463749662041664, 0.008457623422145844, 0.007392495404928923, 0.007515554316341877, 0.008400965481996536, 0.011918701231479645, 0.012131443247199059, 0.009919325821101665, 0.009277952834963799, 0.0077180201187729836, 0.009141357615590096, 0.025797665119171143, 0.007633379194885492, 0.008382316678762436, 0.012792717665433884, 0.007765189744532108, 0.020791929215192795, 0.012926634401082993, 0.009392795152962208]}