{"loss": 0.8989650011062622, "character_probs": [0.012550988234579563, 0.02071393094956875, 0.017043225467205048, 0.02208845689892769, 0.008110745809972286, 0.02081063762307167, 0.013822218403220177, 0.0075858039781451225, 0.008906437084078789, 0.0103909308090806, 0.01267252117395401, 0.008953006938099861, 0.008232015185058117, 0.009390435181558132, 0.010026706382632256, 0.00783910695463419, 0.007251169066876173, 0.007314357906579971, 0.008071851916611195, 0.007564311847090721, 0.0075100986286997795, 0.013813024386763573, 0.007233487907797098, 0.01633048616349697, 0.009266301058232784, 0.007325941696763039, 0.007445807568728924, 0.009398864582180977, 0.00978481862694025, 0.008987209759652615, 0.0073020183481276035, 0.010257195681333542, 0.007398705463856459, 0.013561232946813107, 0.007926899939775467, 0.007633500266820192, 0.010396495461463928, 0.007672067265957594, 0.01350949052721262, 0.008262485265731812, 0.008298107422888279, 0.008106162771582603, 0.007812884636223316, 0.016256624832749367, 0.01130254939198494, 0.008421214297413826, 0.007302503567188978, 0.009880599565804005, 0.009715242311358452, 0.008841709233820438, 0.02197471261024475, 0.009147514589130878, 0.008917266502976418, 0.008866063319146633, 0.007407674100250006, 0.00748848170042038, 0.01126042939722538, 0.00898689217865467, 0.008068766444921494, 0.008166374638676643, 0.008597511798143387, 0.01129814051091671, 0.013210870325565338, 0.007244389038532972, 0.01196087896823883, 0.010479982942342758, 0.024065371602773666, 0.008158184587955475, 0.009791448712348938, 0.009639827534556389, 0.00811860617250204, 0.008034204132854939, 0.009364154189825058, 0.008534467779099941, 0.009533330798149109, 0.009482595138251781, 0.007439414970576763, 0.009176945313811302, 0.008467612788081169], "weapon_probs": [0.01977718248963356, 0.022160392254590988, 0.011043788865208626, 0.03274760767817497, 0.013312026858329773, 0.01178017444908619, 0.008105468936264515, 0.01009216159582138, 0.009081719443202019, 0.020553406327962875, 0.011414834298193455, 0.009937858209013939, 0.014649193733930588, 0.01586383581161499, 0.007805440574884415, 0.00783806573599577, 0.008665698580443859, 0.009526798501610756, 0.009284522384405136, 0.012448066845536232, 0.012046122923493385, 0.007173299789428711, 0.017886241897940636, 0.00949499849230051, 0.00749939726665616, 0.010601725429296494, 0.007651653606444597, 0.007474088575690985, 0.009555786848068237, 0.018143843859434128, 0.010224939323961735, 0.021285921335220337, 0.008655773475766182, 0.012542521581053734, 0.009254459291696548, 0.008143745362758636, 0.013914884999394417, 0.007883718237280846, 0.007985641248524189, 0.007359634153544903, 0.013696594163775444, 0.010759692639112473, 0.012988056987524033, 0.010477636940777302, 0.009812925942242146, 0.012125569395720959, 0.021103091537952423, 0.011023128405213356, 0.008472846820950508, 0.008095231838524342, 0.008229456841945648, 0.010756496340036392, 0.008576999418437481, 0.007886895909905434, 0.010242477059364319, 0.009952479042112827, 0.01162807084619999, 0.014107512310147285, 0.01852935552597046]}