{"loss": 0.9339005947113037, "character_probs": [0.011141186580061913, 0.017446408048272133, 0.015412666834890842, 0.01146093662828207, 0.01521556917577982, 0.00904669240117073, 0.02707916498184204, 0.008193133398890495, 0.009661201387643814, 0.01905713975429535, 0.01037684641778469, 0.009437907487154007, 0.008105261251330376, 0.010776291601359844, 0.007989677600562572, 0.010236268863081932, 0.010001550428569317, 0.009456128813326359, 0.007975390180945396, 0.010311604477465153, 0.008015191182494164, 0.010592805221676826, 0.008217249065637589, 0.011766312643885612, 0.007727757561951876, 0.009383877739310265, 0.01197342574596405, 0.007412381004542112, 0.007299002259969711, 0.007892186753451824, 0.00726283248513937, 0.007359647192060947, 0.008382758125662804, 0.00868377648293972, 0.012212848290801048, 0.009404782205820084, 0.007823096588253975, 0.01089836098253727, 0.010072389617562294, 0.01066567562520504, 0.010707891546189785, 0.010678259655833244, 0.01130049116909504, 0.007289882283657789, 0.012203849852085114, 0.011852750554680824, 0.007954676635563374, 0.008405218832194805, 0.007627911400049925, 0.009020006284117699, 0.00778192188590765, 0.011154074221849442, 0.01083268690854311, 0.008040936663746834, 0.007463511545211077, 0.011867696419358253, 0.008533558808267117, 0.00802058819681406, 0.020886868238449097, 0.008663954213261604, 0.013316251337528229, 0.007421056739985943, 0.007871461100876331, 0.008247422985732555, 0.018810369074344635, 0.011432421393692493, 0.011248603463172913, 0.009822768159210682, 0.008998962119221687, 0.008117166347801685, 0.007856807671487331, 0.011446630582213402, 0.013514552265405655, 0.009218024089932442, 0.00867574755102396, 0.008666923269629478, 0.014208133332431316, 0.010292435064911842, 0.007482844404876232], "weapon_probs": [0.021132823079824448, 0.010888483375310898, 0.020097237080335617, 0.009592419490218163, 0.02518436685204506, 0.010343371890485287, 0.025766074657440186, 0.011131995357573032, 0.014841709285974503, 0.01808736100792885, 0.008724523708224297, 0.013137400150299072, 0.009861237369477749, 0.011209594085812569, 0.011114546097815037, 0.009462633170187473, 0.010928977280855179, 0.0080976951867342, 0.010634921491146088, 0.01203168649226427, 0.010339473374187946, 0.013731500133872032, 0.013611968606710434, 0.009346901439130306, 0.007753439247608185, 0.007344979327172041, 0.009342025965452194, 0.008399047888815403, 0.008807444013655186, 0.007871071808040142, 0.007570880465209484, 0.010485748760402203, 0.009517267346382141, 0.011807886883616447, 0.008190224878489971, 0.010483848862349987, 0.015506959520280361, 0.007888305000960827, 0.01846594735980034, 0.008266614750027657, 0.030422735959291458, 0.008625006303191185, 0.010236505419015884, 0.008743184618651867, 0.00902953464537859, 0.007296322844922543, 0.010463247075676918, 0.010414659045636654, 0.009033773094415665, 0.013563433662056923, 0.007396135479211807, 0.014211064204573631, 0.012013362720608711, 0.008628422394394875, 0.03129495680332184, 0.007403634954243898, 0.008371890522539616, 0.009865176863968372, 0.009219322353601456]}