{"loss": 0.507942795753479, "character_probs": [0.01983468607068062, 0.020888861268758774, 0.01080397516489029, 0.013590783812105656, 0.015518071129918098, 0.018129630014300346, 0.012583576142787933, 0.008644036948680878, 0.00847501028329134, 0.00904910545796156, 0.015317092649638653, 0.009033750742673874, 0.00932188332080841, 0.0087259067222476, 0.012058843858540058, 0.008129182271659374, 0.009685550816357136, 0.009607541374862194, 0.008923733606934547, 0.00899487640708685, 0.007997298613190651, 0.008342672139406204, 0.009267168119549751, 0.007500944659113884, 0.010019496083259583, 0.008778185583651066, 0.01077328622341156, 0.007566925138235092, 0.007804970256984234, 0.008342161774635315, 0.010278722271323204, 0.013839710503816605, 0.009876945056021214, 0.007269756868481636, 0.007936295121908188, 0.00905442051589489, 0.018521353602409363, 0.007256317883729935, 0.007593337446451187, 0.00988722126930952, 0.009445251896977425, 0.00997819285839796, 0.008961422368884087, 0.008944770321249962, 0.008860087022185326, 0.011808399111032486, 0.014142727479338646, 0.007811451330780983, 0.00749207241460681, 0.010200186632573605, 0.009595592506229877, 0.008257168345153332, 0.00887389201670885, 0.010867057368159294, 0.008549761027097702, 0.007760173175483942, 0.007743192370980978, 0.007863769307732582, 0.007553949486464262, 0.007766823284327984, 0.01168801262974739, 0.007644040510058403, 0.01340734213590622, 0.008684022352099419, 0.008886576630175114, 0.008111380971968174, 0.007956349290907383, 0.02595328912138939, 0.00974913127720356, 0.018117830157279968, 0.008091296069324017, 0.011292248032987118, 0.009123807772994041, 0.009982521645724773, 0.010686366818845272, 0.015623858198523521, 0.008405473083257675, 0.008873388171195984, 0.007748608011752367], "weapon_probs": [0.022485431283712387, 0.02368760108947754, 0.016865083947777748, 0.016046198084950447, 0.02672342211008072, 0.011156858876347542, 0.008943048305809498, 0.010926561430096626, 0.01185942068696022, 0.014128783717751503, 0.01824175752699375, 0.007941908203065395, 0.009565331973135471, 0.010135360062122345, 0.011649161577224731, 0.016973327845335007, 0.008984899148344994, 0.00823261309415102, 0.007978921756148338, 0.007683249190449715, 0.01574699580669403, 0.007890766486525536, 0.009515877813100815, 0.008208587765693665, 0.009538603946566582, 0.007228665053844452, 0.007750904653221369, 0.014862916432321072, 0.012906353920698166, 0.0099631417542696, 0.009013980627059937, 0.013107200153172016, 0.008626262657344341, 0.010302754119038582, 0.009670770727097988, 0.012672822922468185, 0.009105310775339603, 0.014356580562889576, 0.007488423492759466, 0.007835633121430874, 0.009994867257773876, 0.008230007253587246, 0.012492155656218529, 0.007790794596076012, 0.008737712167203426, 0.012412235140800476, 0.010490438900887966, 0.011540732346475124, 0.008595285937190056, 0.009228373877704144, 0.02757939323782921, 0.014410169795155525, 0.010617291554808617, 0.008939945138990879, 0.008178986608982086, 0.00990775041282177, 0.016017451882362366, 0.0361790806055069, 0.013553241267800331]}