{"loss": -0.9037210941314697, "character_probs": [0.02874487265944481, 0.015808701515197754, 0.010146482847630978, 0.011057071387767792, 0.010909929871559143, 0.022123519331216812, 0.008557192981243134, 0.011748762801289558, 0.007871708832681179, 0.008562167175114155, 0.01868787221610546, 0.009559521451592445, 0.009365323930978775, 0.008754602633416653, 0.007644027937203646, 0.008227182552218437, 0.007287588436156511, 0.016153179109096527, 0.009315067902207375, 0.009909865446388721, 0.007857819087803364, 0.008573406375944614, 0.009412607178092003, 0.0073199220933020115, 0.007596151903271675, 0.0073129525408148766, 0.012089002877473831, 0.008189920336008072, 0.007376717869192362, 0.008499099873006344, 0.008817452937364578, 0.010447537526488304, 0.007795693352818489, 0.013304145075380802, 0.007893058471381664, 0.011338888667523861, 0.008271247148513794, 0.00815495289862156, 0.008376975543797016, 0.007478313520550728, 0.00977343413978815, 0.01583002880215645, 0.007162222173064947, 0.017611810937523842, 0.008374074473977089, 0.00942176766693592, 0.008775260299444199, 0.008581465110182762, 0.007591297850012779, 0.009965663775801659, 0.00796560849994421, 0.01681576482951641, 0.011244777590036392, 0.0076622264459729195, 0.012494232505559921, 0.010955849662423134, 0.00804279837757349, 0.007420308887958527, 0.011492789722979069, 0.007751830387860537, 0.007615582551807165, 0.012789634987711906, 0.00729790423065424, 0.007656654808670282, 0.007387563120573759, 0.009960797615349293, 0.009859314188361168, 0.008285384625196457, 0.01170840673148632, 0.00927804782986641, 0.016290446743369102, 0.007643979974091053, 0.009776066988706589, 0.009779153391718864, 0.010720566846430302, 0.008805904537439346, 0.009812697768211365, 0.011508460156619549, 0.01010183896869421], "weapon_probs": [0.009112944826483727, 0.03360621631145477, 0.010836292058229446, 0.0216489490121603, 0.023870103061199188, 0.016584625467658043, 0.012182834558188915, 0.00929439440369606, 0.008187992498278618, 0.011029546149075031, 0.013703949749469757, 0.008821077644824982, 0.009509888477623463, 0.020312093198299408, 0.009632166475057602, 0.011792173609137535, 0.016712911427021027, 0.010158856399357319, 0.007555337622761726, 0.008976126089692116, 0.011216426268219948, 0.01647811196744442, 0.008379105478525162, 0.008404973894357681, 0.008941730484366417, 0.012013553641736507, 0.0077989837154746056, 0.00918496586382389, 0.01071031391620636, 0.010456780903041363, 0.007221197243779898, 0.008728436194360256, 0.018281007185578346, 0.01151910237967968, 0.008296476677060127, 0.00733838090673089, 0.008602562360465527, 0.008343682624399662, 0.008260590024292469, 0.012817542999982834, 0.01366568822413683, 0.010030053555965424, 0.014033300802111626, 0.009056703187525272, 0.00877564400434494, 0.009969403967261314, 0.011041847988963127, 0.010590744204819202, 0.011032694950699806, 0.015718134120106697, 0.010103460401296616, 0.010070032440125942, 0.014127963222563267, 0.013394331559538841, 0.014138486236333847, 0.007723619695752859, 0.013246760703623295, 0.01095556654036045, 0.009512016549706459]}