{"loss": -0.22107362747192383, "character_probs": [0.02412913367152214, 0.010727528482675552, 0.023643728345632553, 0.010841409675776958, 0.011359205469489098, 0.009424606338143349, 0.009193655103445053, 0.01676357537508011, 0.008062399923801422, 0.007866516709327698, 0.01432933658361435, 0.01225790660828352, 0.007867077365517616, 0.007314609829336405, 0.01202026754617691, 0.009493585675954819, 0.007450863253325224, 0.017387501895427704, 0.007349122315645218, 0.011516050435602665, 0.008765893056988716, 0.011290760710835457, 0.026140246540308, 0.007744350004941225, 0.007750923745334148, 0.007842931896448135, 0.007955417968332767, 0.008078758604824543, 0.007260395213961601, 0.007733162492513657, 0.00729523878544569, 0.009847404435276985, 0.009439356625080109, 0.007439018692821264, 0.0077012935653328896, 0.007839065045118332, 0.008087392896413803, 0.008309620432555676, 0.00830961111932993, 0.008718807250261307, 0.007892279885709286, 0.008891877718269825, 0.009633369743824005, 0.007868058048188686, 0.009914375841617584, 0.009948765859007835, 0.007153768092393875, 0.008076539263129234, 0.009533204138278961, 0.009367131628096104, 0.008354805409908295, 0.008048047311604023, 0.013474151492118835, 0.008453882299363613, 0.008060531690716743, 0.008554916828870773, 0.009227550588548183, 0.008528435602784157, 0.008831147104501724, 0.01763097196817398, 0.008599111810326576, 0.011534275487065315, 0.012616325169801712, 0.007468805182725191, 0.008561880327761173, 0.01617661491036415, 0.008992217481136322, 0.01332884095609188, 0.010883172042667866, 0.011959780007600784, 0.011199639178812504, 0.013784989714622498, 0.0075307805091142654, 0.01060504000633955, 0.012471361085772514, 0.008643950335681438, 0.016845891252160072, 0.009652893990278244, 0.00963914580643177], "weapon_probs": [0.019621070474386215, 0.028526920825242996, 0.020354200154542923, 0.014174940064549446, 0.009199507534503937, 0.01189046073704958, 0.01210799627006054, 0.04012998566031456, 0.012579603120684624, 0.008947101421654224, 0.007535508368164301, 0.011143873445689678, 0.008602829650044441, 0.011922864243388176, 0.009961821138858795, 0.012780463322997093, 0.008549296297132969, 0.009601264260709286, 0.007621637545526028, 0.00851468462496996, 0.019350528717041016, 0.00834506656974554, 0.013857219368219376, 0.007571914233267307, 0.007982699200510979, 0.008967136032879353, 0.013296008110046387, 0.007967216894030571, 0.010746370069682598, 0.007913286797702312, 0.009164443239569664, 0.008117908611893654, 0.00856054201722145, 0.007851042784750462, 0.007773783523589373, 0.009352830238640308, 0.008708352223038673, 0.008107502944767475, 0.009623459540307522, 0.008244523778557777, 0.007828953675925732, 0.009010449051856995, 0.008798924274742603, 0.015510044991970062, 0.01036856696009636, 0.008355961181223392, 0.007983456365764141, 0.00724007235839963, 0.013749837875366211, 0.019048873335123062, 0.010387685149908066, 0.01808794215321541, 0.024625264108181, 0.009537018835544586, 0.009441970847547054, 0.008657120168209076, 0.009171726182103157, 0.018214818090200424, 0.020032567903399467]}