{"loss": 0.9168099761009216, "character_probs": [0.022127803415060043, 0.012652086094021797, 0.034935902804136276, 0.01457957737147808, 0.009969877079129219, 0.009220699779689312, 0.010475549846887589, 0.010463139042258263, 0.009415647014975548, 0.008417032659053802, 0.010039363987743855, 0.009567729197442532, 0.007754992228001356, 0.01045758742839098, 0.011576118879020214, 0.009857706725597382, 0.008379939943552017, 0.010180439800024033, 0.013482929207384586, 0.0091001121327281, 0.00982034020125866, 0.007476772181689739, 0.007685882970690727, 0.008966854773461819, 0.010744670405983925, 0.008820404298603535, 0.007557159289717674, 0.007543033920228481, 0.007460577879101038, 0.007209455594420433, 0.007425594609230757, 0.009130647405982018, 0.010045863687992096, 0.00768040306866169, 0.014155578799545765, 0.009993858635425568, 0.008674283511936665, 0.007789699826389551, 0.009775879792869091, 0.008635136298835278, 0.011433122679591179, 0.012694107368588448, 0.007535439450293779, 0.00940324179828167, 0.010498549789190292, 0.00822084303945303, 0.007811428047716618, 0.010152248665690422, 0.011005248874425888, 0.008062836714088917, 0.00787647720426321, 0.008387129753828049, 0.011819885112345219, 0.007729326840490103, 0.00877364631742239, 0.011536000296473503, 0.007737000472843647, 0.0088844895362854, 0.008448561653494835, 0.008794541470706463, 0.007852356880903244, 0.007714089471846819, 0.01914532110095024, 0.007546138949692249, 0.011560952290892601, 0.007987619377672672, 0.01194733940064907, 0.012731347233057022, 0.009133797138929367, 0.013897258788347244, 0.007830021902918816, 0.0120914988219738, 0.013124189339578152, 0.013357395306229591, 0.01553687360137701, 0.008707726374268532, 0.011217215098440647, 0.016709400340914726, 0.015831414610147476], "weapon_probs": [0.010769907385110855, 0.0238601453602314, 0.016566216945648193, 0.03260168060660362, 0.015883566811680794, 0.008844622410833836, 0.01747588999569416, 0.008891463279724121, 0.015054239891469479, 0.012045163661241531, 0.008056249469518661, 0.014444536529481411, 0.020211443305015564, 0.008040370419621468, 0.007497822400182486, 0.009265150874853134, 0.007673679850995541, 0.013665780425071716, 0.012525904923677444, 0.01368393562734127, 0.009335901588201523, 0.012853839434683323, 0.009614866226911545, 0.008236560970544815, 0.00831638090312481, 0.009628638625144958, 0.011944925412535667, 0.007945316843688488, 0.007978202775120735, 0.011104319244623184, 0.009370110929012299, 0.008113712072372437, 0.014978056773543358, 0.011255779303610325, 0.016889486461877823, 0.00869222916662693, 0.011227146722376347, 0.00849958136677742, 0.010010121390223503, 0.00800104346126318, 0.009202282875776291, 0.009111176244914532, 0.013162363320589066, 0.010166261345148087, 0.010984569787979126, 0.010185400024056435, 0.008497361093759537, 0.011402582749724388, 0.01221475750207901, 0.012524773366749287, 0.008718092925846577, 0.02113315463066101, 0.008367651142179966, 0.009360029362142086, 0.007714772131294012, 0.009285259991884232, 0.01751163974404335, 0.00852047186344862, 0.010138964280486107]}