{"loss": -0.9183362722396851, "character_probs": [0.016440121456980705, 0.00942358560860157, 0.02025088295340538, 0.018505530431866646, 0.011248900555074215, 0.01036047376692295, 0.012522929348051548, 0.008882066234946251, 0.011221983470022678, 0.010012496262788773, 0.018108531832695007, 0.01526026614010334, 0.007881907746195793, 0.00998029112815857, 0.01948273554444313, 0.008715249598026276, 0.010440805926918983, 0.008955308236181736, 0.008392097428441048, 0.007395223248749971, 0.00787840224802494, 0.008011812344193459, 0.007330748252570629, 0.00743506895378232, 0.008217118680477142, 0.008478263393044472, 0.009187331423163414, 0.008023601956665516, 0.008727005682885647, 0.007458911743015051, 0.007813865318894386, 0.017752017825841904, 0.007816549390554428, 0.009776473045349121, 0.010038244538009167, 0.0074523198418319225, 0.0089779207482934, 0.012194614857435226, 0.00773533433675766, 0.00729709304869175, 0.00732800317928195, 0.012117777951061726, 0.01343418937176466, 0.010061679407954216, 0.011765291914343834, 0.007270067930221558, 0.007166472729295492, 0.008118687197566032, 0.008343148976564407, 0.008921257220208645, 0.016876090317964554, 0.009103652089834213, 0.012954041361808777, 0.008417155593633652, 0.011914953589439392, 0.008838149718940258, 0.007644473575055599, 0.008559499867260456, 0.007237075828015804, 0.008319161832332611, 0.009833743795752525, 0.014967592433094978, 0.011897165328264236, 0.008952315896749496, 0.015339378267526627, 0.007948162965476513, 0.008772068656980991, 0.008624352514743805, 0.009510903619229794, 0.008179020136594772, 0.013867780566215515, 0.011324655264616013, 0.008768836036324501, 0.01170397363603115, 0.007940664887428284, 0.008517401292920113, 0.007614797912538052, 0.011254922486841679, 0.013518286868929863], "weapon_probs": [0.02612932398915291, 0.015259625390172005, 0.0247216634452343, 0.011620333418250084, 0.012657145969569683, 0.012155766598880291, 0.014307668432593346, 0.019828863441944122, 0.01379598118364811, 0.01133573055267334, 0.012255094014108181, 0.007745563518255949, 0.012605184689164162, 0.019720058888196945, 0.009656445123255253, 0.00805644877254963, 0.009907466359436512, 0.009157100692391396, 0.008912540972232819, 0.012343185022473335, 0.018022801727056503, 0.00786607339978218, 0.009691060520708561, 0.008248631842434406, 0.009084013290703297, 0.014999713748693466, 0.014579115435481071, 0.010718589648604393, 0.007565242704004049, 0.01386643759906292, 0.008118403144180775, 0.008655514568090439, 0.008213859051465988, 0.010392844676971436, 0.011054418981075287, 0.009331815876066685, 0.008408709429204464, 0.009279144927859306, 0.00858563557267189, 0.008699995465576649, 0.00895246583968401, 0.009215175174176693, 0.009018884971737862, 0.011518437415361404, 0.014000407420098782, 0.011184167116880417, 0.010988174006342888, 0.01028395164757967, 0.015695389360189438, 0.008478531613945961, 0.008279412053525448, 0.008846011944115162, 0.00965113751590252, 0.013305659405887127, 0.009837038815021515, 0.01855306327342987, 0.008593213744461536, 0.013088904321193695, 0.008325789123773575]}