{"loss": 0.9178920984268188, "character_probs": [0.009559721685945988, 0.017014646902680397, 0.017369087785482407, 0.013784381560981274, 0.008251836523413658, 0.008554977364838123, 0.01468601729720831, 0.031001891940832138, 0.0153533685952425, 0.00819401629269123, 0.007981876842677593, 0.009507404640316963, 0.008980957791209221, 0.007530636619776487, 0.00784711167216301, 0.010775197297334671, 0.01043972559273243, 0.010574527084827423, 0.009204274043440819, 0.010683726519346237, 0.008832629770040512, 0.011077571660280228, 0.010331884026527405, 0.015129636973142624, 0.008282072842121124, 0.007126708514988422, 0.008238228037953377, 0.008723864331841469, 0.008406927809119225, 0.008881455287337303, 0.008662261068820953, 0.008518918417394161, 0.007132390514016151, 0.008738254196941853, 0.007761242799460888, 0.014726858586072922, 0.011235319077968597, 0.008883598260581493, 0.00798197090625763, 0.007848693057894707, 0.008369718678295612, 0.008433961309492588, 0.0077110957354307175, 0.01019374094903469, 0.008078948594629765, 0.010856403969228268, 0.007652184925973415, 0.008864312432706356, 0.012418249621987343, 0.009320083074271679, 0.008875779807567596, 0.007137680426239967, 0.013722455129027367, 0.013248664326965809, 0.007286833133548498, 0.009546227753162384, 0.012591786682605743, 0.02070813998579979, 0.007414718624204397, 0.008365008048713207, 0.008063193410634995, 0.011280934326350689, 0.013037948869168758, 0.01390019990503788, 0.00969228520989418, 0.0105171212926507, 0.007433459162712097, 0.007575226482003927, 0.009745401330292225, 0.009444300085306168, 0.008178520016372204, 0.009503243491053581, 0.012383516877889633, 0.00807011965662241, 0.0075397067703306675, 0.00998637918382883, 0.019813276827335358, 0.007323086727410555, 0.014162139967083931], "weapon_probs": [0.03128092736005783, 0.010728449560701847, 0.05463996157050133, 0.012257270514965057, 0.007987838238477707, 0.013857271522283554, 0.011078983545303345, 0.010958163067698479, 0.007579314522445202, 0.007350601721554995, 0.009044384583830833, 0.021115394309163094, 0.008568733930587769, 0.0079187685623765, 0.01113901473581791, 0.007630976382642984, 0.007435494102537632, 0.008312880992889404, 0.013528140261769295, 0.008992411196231842, 0.008568624965846539, 0.007641585543751717, 0.009311068803071976, 0.0077061839401721954, 0.007588455453515053, 0.01713893562555313, 0.01300903968513012, 0.00798195879906416, 0.009702298790216446, 0.010177607648074627, 0.007419247645884752, 0.009304305538535118, 0.013326889835298061, 0.01325463131070137, 0.011393697932362556, 0.0078243687748909, 0.012950321659445763, 0.009165839292109013, 0.008990002796053886, 0.010546619072556496, 0.008822290226817131, 0.008535395376384258, 0.010048155672848225, 0.010350207798182964, 0.008388722315430641, 0.012468651868402958, 0.00992961972951889, 0.008809284307062626, 0.010610878467559814, 0.008890492841601372, 0.008625301532447338, 0.00818769820034504, 0.00965014286339283, 0.022770080715417862, 0.012998925521969795, 0.011925415135920048, 0.025777101516723633, 0.009946499019861221, 0.008165322244167328]}