{"loss": 0.47554606199264526, "character_probs": [0.02048632502555847, 0.020200207829475403, 0.02397630736231804, 0.01413789764046669, 0.009987413883209229, 0.007546733133494854, 0.0077384705655276775, 0.01343030110001564, 0.008223406039178371, 0.014917952939867973, 0.01242963969707489, 0.007847899571061134, 0.0075397975742816925, 0.007906218990683556, 0.0096737090498209, 0.008110272698104382, 0.007917714305222034, 0.012274926528334618, 0.010057494044303894, 0.007331631146371365, 0.011456005275249481, 0.013519426807761192, 0.007697450928390026, 0.013039210811257362, 0.0075316037982702255, 0.007512282580137253, 0.008285737596452236, 0.008717144839465618, 0.007501307409256697, 0.008901257067918777, 0.0073871007189154625, 0.013395341113209724, 0.014124022796750069, 0.007387498393654823, 0.008571917191147804, 0.007408254314213991, 0.008271952159702778, 0.011900525540113449, 0.00811825506389141, 0.01130416989326477, 0.008689810521900654, 0.007616391871124506, 0.007573698181658983, 0.007573717273771763, 0.014264270663261414, 0.007937836460769176, 0.009078511036932468, 0.008923880755901337, 0.00928610097616911, 0.00869880709797144, 0.026133276522159576, 0.009049026295542717, 0.008054046891629696, 0.007155085913836956, 0.007390710990875959, 0.00942748412489891, 0.010751890018582344, 0.0075127906166017056, 0.008702127262949944, 0.009813753888010979, 0.009850122965872288, 0.013315445743501186, 0.010751355439424515, 0.01055856142193079, 0.008075281046330929, 0.008277954533696175, 0.010947631672024727, 0.007563118357211351, 0.009242108091711998, 0.00908722449094057, 0.010772373527288437, 0.011908740736544132, 0.009386695921421051, 0.008023353293538094, 0.01058176439255476, 0.01084081269800663, 0.009634836576879025, 0.017850343137979507, 0.023606736212968826], "weapon_probs": [0.03572961688041687, 0.012654734775424004, 0.018416011705994606, 0.018598590046167374, 0.012325545772910118, 0.008897364139556885, 0.015360875986516476, 0.016382604837417603, 0.009556243196129799, 0.01061534509062767, 0.011193981394171715, 0.010427172295749187, 0.011007520370185375, 0.007790161296725273, 0.01590639352798462, 0.01681508496403694, 0.008511967025697231, 0.009258894249796867, 0.007450142875313759, 0.02138076350092888, 0.008613934740424156, 0.007677984423935413, 0.008390096947550774, 0.014385495334863663, 0.008270489051938057, 0.008149536326527596, 0.00797154102474451, 0.007657286711037159, 0.013583030551671982, 0.008136920630931854, 0.009797521866858006, 0.01006658747792244, 0.009393768385052681, 0.00906569603830576, 0.010499881580471992, 0.009089295752346516, 0.008990687318146229, 0.007543625310063362, 0.01253549288958311, 0.02060593105852604, 0.010159832425415516, 0.012024382129311562, 0.009908145293593407, 0.012250334955751896, 0.010665426962077618, 0.009855570271611214, 0.023648623377084732, 0.0074849422089755535, 0.010238861665129662, 0.011562081053853035, 0.010995637625455856, 0.00784522294998169, 0.015106631442904472, 0.010186069644987583, 0.009430091828107834, 0.012978806160390377, 0.009252614341676235, 0.0245550274848938, 0.008842280134558678]}