{"loss": -0.9799299240112305, "character_probs": [0.02173975296318531, 0.019167844206094742, 0.01294176746159792, 0.010166479274630547, 0.029281016439199448, 0.013842577114701271, 0.012027367949485779, 0.011606775224208832, 0.008980002254247665, 0.00920882634818554, 0.007465425878763199, 0.008543001487851143, 0.007844758220016956, 0.00945831649005413, 0.015654530376195908, 0.009786415845155716, 0.009184864349663258, 0.00797573197633028, 0.013094484806060791, 0.008181063458323479, 0.011637749150395393, 0.007834197022020817, 0.009418530389666557, 0.008310654200613499, 0.007675489876419306, 0.0084838280454278, 0.007487269584089518, 0.007592909038066864, 0.009935702197253704, 0.00819289032369852, 0.008849887177348137, 0.00771981431171298, 0.008580517023801804, 0.007836990058422089, 0.009649459272623062, 0.00813540630042553, 0.008091582916676998, 0.011319736950099468, 0.008920308202505112, 0.008985723368823528, 0.0074858576990664005, 0.007243682164698839, 0.008383477106690407, 0.008087865076959133, 0.010554926469922066, 0.008985727094113827, 0.00920732319355011, 0.009481020271778107, 0.010601275600492954, 0.010546475648880005, 0.00936814397573471, 0.015313282608985901, 0.007358483970165253, 0.008084883913397789, 0.01054268516600132, 0.010218999348580837, 0.008118152618408203, 0.007794226985424757, 0.009134465828537941, 0.009523721411824226, 0.009447518736124039, 0.007898238487541676, 0.009413775987923145, 0.009425478056073189, 0.01281609758734703, 0.007749740034341812, 0.014061959460377693, 0.010064149275422096, 0.007967134937644005, 0.01295451633632183, 0.010773531161248684, 0.011687010526657104, 0.012759450823068619, 0.011058075353503227, 0.010731162503361702, 0.011824999004602432, 0.013961564749479294, 0.018321309238672256, 0.01392744667828083], "weapon_probs": [0.041123490780591965, 0.013319604098796844, 0.009351496584713459, 0.012086285278201103, 0.013089057058095932, 0.01322096399962902, 0.010285825468599796, 0.036549557000398636, 0.00794386025518179, 0.011538602411746979, 0.008412261493504047, 0.015017596073448658, 0.02039949595928192, 0.008223888464272022, 0.00788117852061987, 0.008366568014025688, 0.009492041543126106, 0.007319697644561529, 0.011924964375793934, 0.0073529495857656, 0.011541099287569523, 0.01106819324195385, 0.009975378401577473, 0.007483300287276506, 0.010767504572868347, 0.0158509723842144, 0.00853816419839859, 0.007984807714819908, 0.009879828430712223, 0.012291901744902134, 0.008540917187929153, 0.009098369628190994, 0.00812413077801466, 0.008547874167561531, 0.008782526478171349, 0.007469961419701576, 0.012026602402329445, 0.007288115099072456, 0.007977585308253765, 0.013637714087963104, 0.012028785422444344, 0.008894987404346466, 0.013594703748822212, 0.008997639641165733, 0.01001704204827547, 0.011081039905548096, 0.008198228664696217, 0.014366078190505505, 0.012105941772460938, 0.007937553338706493, 0.013824399560689926, 0.024616237729787827, 0.007730195764452219, 0.010963314212858677, 0.009282363578677177, 0.008995193056762218, 0.008036727085709572, 0.027082040905952454, 0.015471605584025383]}