{"loss": -0.7426521182060242, "character_probs": [0.011020643636584282, 0.021018922328948975, 0.017989128828048706, 0.01559108030050993, 0.011392738670110703, 0.016719426959753036, 0.024639520794153214, 0.013827569782733917, 0.008157975040376186, 0.007436417508870363, 0.007556862197816372, 0.008547909557819366, 0.009266733191907406, 0.012899111956357956, 0.012573737651109695, 0.009314741007983685, 0.008651499636471272, 0.009349343366920948, 0.009208519011735916, 0.008277812972664833, 0.007855381816625595, 0.007260428275913, 0.009527847170829773, 0.008685779757797718, 0.009215619415044785, 0.010473264381289482, 0.008155807852745056, 0.007422583177685738, 0.007659760303795338, 0.00998762622475624, 0.009230591356754303, 0.008723186329007149, 0.007544001564383507, 0.008407033048570156, 0.010750832967460155, 0.007490288466215134, 0.007795924320816994, 0.009764707647264004, 0.009635464288294315, 0.00785921048372984, 0.008396610617637634, 0.007975295186042786, 0.007635235786437988, 0.00857482198625803, 0.008243294432759285, 0.009157054126262665, 0.01950150355696678, 0.010406745597720146, 0.008556602522730827, 0.00975126400589943, 0.012007541954517365, 0.011919856071472168, 0.01450558751821518, 0.008135141804814339, 0.007567570544779301, 0.009274458512663841, 0.012019115500152111, 0.012118740007281303, 0.0075926873832941055, 0.00827490258961916, 0.008124333806335926, 0.0078563392162323, 0.017734576016664505, 0.007450527977198362, 0.007639134302735329, 0.008602015674114227, 0.007907235063612461, 0.008196777664124966, 0.0078183114528656, 0.008919849991798401, 0.008974410593509674, 0.018560122698545456, 0.00905044935643673, 0.011264652945101261, 0.011664876714348793, 0.007944637909531593, 0.009474851191043854, 0.025169122964143753, 0.0077724335715174675], "weapon_probs": [0.03579028695821762, 0.024748913943767548, 0.009496095590293407, 0.01271512359380722, 0.015804395079612732, 0.014734634198248386, 0.012403069995343685, 0.008923598565161228, 0.011436065658926964, 0.011657596565783024, 0.008859624154865742, 0.016891349107027054, 0.009087489917874336, 0.012671217322349548, 0.01901225931942463, 0.00814404059201479, 0.01372017152607441, 0.008311031386256218, 0.009586380794644356, 0.011590744368731976, 0.007603891659528017, 0.008129293099045753, 0.009287967346608639, 0.01131536066532135, 0.010845009237527847, 0.008216642774641514, 0.007589308079332113, 0.013130330480635166, 0.01384629774838686, 0.008117567747831345, 0.007508083712309599, 0.008368037641048431, 0.008145890198647976, 0.007718963548541069, 0.00762372650206089, 0.010925783775746822, 0.008342326618731022, 0.008824676275253296, 0.034463781863451004, 0.007205204572528601, 0.011961652897298336, 0.01210213266313076, 0.012346796691417694, 0.009277047589421272, 0.008942904882133007, 0.00811244361102581, 0.008201824501156807, 0.007641527336090803, 0.00926189124584198, 0.013775195926427841, 0.015514475293457508, 0.008638639934360981, 0.01760789193212986, 0.012149943970143795, 0.018195895478129387, 0.009268645197153091, 0.012191306799650192, 0.009065325371921062, 0.010169352404773235]}