{"loss": 0.7601885795593262, "character_probs": [0.020657995715737343, 0.017681710422039032, 0.010144134052097797, 0.009511178359389305, 0.014260852709412575, 0.014391271397471428, 0.008763527497649193, 0.013587569817900658, 0.008203482255339622, 0.017371995374560356, 0.018388928845524788, 0.009113507345318794, 0.025643110275268555, 0.00788333173841238, 0.007730416487902403, 0.00785677507519722, 0.009733378887176514, 0.007577822543680668, 0.008957980200648308, 0.007440642919391394, 0.00945134088397026, 0.007429813034832478, 0.008187330327928066, 0.00738529022783041, 0.007566635496914387, 0.009991533122956753, 0.007720009423792362, 0.008576290681958199, 0.007551748305559158, 0.01191476359963417, 0.00871206633746624, 0.008059490472078323, 0.008203058503568172, 0.009859878569841385, 0.007472538854926825, 0.008622473105788231, 0.007810627575963736, 0.01964334025979042, 0.010583750903606415, 0.007313234265893698, 0.011525483801960945, 0.0073680579662323, 0.008149532601237297, 0.009275516495108604, 0.008966497145593166, 0.007390208542346954, 0.008014034479856491, 0.011104194447398186, 0.008031755685806274, 0.014562266878783703, 0.007883583195507526, 0.007691928651183844, 0.010418946854770184, 0.007198060397058725, 0.007663952186703682, 0.008473340421915054, 0.0072237527929246426, 0.011184914037585258, 0.009046011604368687, 0.009087515994906425, 0.011645235121250153, 0.008119592443108559, 0.008956549689173698, 0.02684083580970764, 0.0072135538794100285, 0.008229412138462067, 0.00803506001830101, 0.007829159498214722, 0.015290961600840092, 0.008939001709222794, 0.010150890797376633, 0.00881651695817709, 0.007599479518830776, 0.00927211157977581, 0.013163491152226925, 0.014771439135074615, 0.011861849576234818, 0.0123263169080019, 0.007978618144989014], "weapon_probs": [0.039604201912879944, 0.01607997715473175, 0.01241406612098217, 0.0290326289832592, 0.008697660639882088, 0.009808010421693325, 0.010348748415708542, 0.01476452685892582, 0.010204805061221123, 0.012226933613419533, 0.010645842179656029, 0.009086701087653637, 0.00766410818323493, 0.01648586057126522, 0.009938463568687439, 0.007956168614327908, 0.007953680120408535, 0.013516131788492203, 0.007983526214957237, 0.008984686806797981, 0.017197906970977783, 0.0076257456094026566, 0.007437276188284159, 0.012346629053354263, 0.015795107930898666, 0.011961689218878746, 0.008202715776860714, 0.007495009806007147, 0.007439516019076109, 0.014421895146369934, 0.015518300235271454, 0.01056162640452385, 0.009880035184323788, 0.009105985052883625, 0.009366258047521114, 0.007612308021634817, 0.012991322204470634, 0.008919540792703629, 0.009064164012670517, 0.008581191301345825, 0.010646350681781769, 0.007965782657265663, 0.022606274113059044, 0.00881722941994667, 0.011928512714803219, 0.007436464540660381, 0.01140114851295948, 0.008554157800972462, 0.010356668382883072, 0.007873114198446274, 0.010932931676506996, 0.013437259942293167, 0.008681919425725937, 0.012425923720002174, 0.017670486122369766, 0.012405912391841412, 0.0100398613139987, 0.013046990148723125, 0.02124246582388878]}