{"loss": -0.2891046702861786, "character_probs": [0.028891105204820633, 0.015287923626601696, 0.00976017490029335, 0.02128547802567482, 0.010117858648300171, 0.013878481462597847, 0.008715128526091576, 0.011421609669923782, 0.00911124050617218, 0.008751461282372475, 0.007875282317399979, 0.00895747635513544, 0.010344368405640125, 0.01025438867509365, 0.007196053862571716, 0.011859241873025894, 0.010379272513091564, 0.008878680877387524, 0.007360977120697498, 0.007465996779501438, 0.011281105689704418, 0.008060506545007229, 0.007687990553677082, 0.00850617978721857, 0.009119599126279354, 0.03444360941648483, 0.007301107048988342, 0.007484006229788065, 0.007461286149919033, 0.0074188681319355965, 0.009163986891508102, 0.009898568503558636, 0.00800604559481144, 0.009455837309360504, 0.008753661997616291, 0.008083991706371307, 0.008273215964436531, 0.0073687843978405, 0.008840436115860939, 0.013322712853550911, 0.008936925791203976, 0.007511434145271778, 0.00852147489786148, 0.007673278450965881, 0.007672479841858149, 0.012153876014053822, 0.007822991348803043, 0.007464244496077299, 0.013388561084866524, 0.009739115834236145, 0.007761091459542513, 0.007597696501761675, 0.008194653317332268, 0.007442397531121969, 0.014743125066161156, 0.007803850341588259, 0.00981880072504282, 0.0076364148408174515, 0.012820610776543617, 0.01654883846640587, 0.008681711740791798, 0.01140301488339901, 0.011915773153305054, 0.007261039689183235, 0.01014747004956007, 0.017229575663805008, 0.007796782068908215, 0.008801953867077827, 0.008486076258122921, 0.00915250089019537, 0.00808032602071762, 0.008701831102371216, 0.012986976653337479, 0.007712945342063904, 0.007893581874668598, 0.008436006493866444, 0.014561024494469166, 0.014345593750476837, 0.011060032062232494], "weapon_probs": [0.04936496913433075, 0.019699718803167343, 0.008284922689199448, 0.01396036334335804, 0.011376690119504929, 0.02729286625981331, 0.008612924255430698, 0.009863283485174179, 0.009127543307840824, 0.008956489153206348, 0.007941821590065956, 0.012142360210418701, 0.016615435481071472, 0.00855809636414051, 0.014516168273985386, 0.009100870229303837, 0.01281481608748436, 0.00935111753642559, 0.008739348500967026, 0.007737211417406797, 0.010138235986232758, 0.010597053915262222, 0.009683407843112946, 0.007843825034797192, 0.009116113185882568, 0.007780810818076134, 0.0097552090883255, 0.008779285475611687, 0.00805370882153511, 0.00814076792448759, 0.008388197980821133, 0.007470070384442806, 0.015250639989972115, 0.008627423085272312, 0.007404006086289883, 0.009769923985004425, 0.00840744748711586, 0.009802010841667652, 0.007566779851913452, 0.009984398260712624, 0.012879759073257446, 0.009846341796219349, 0.007830406539142132, 0.008956149220466614, 0.02999163046479225, 0.015437294729053974, 0.013299794867634773, 0.015689244493842125, 0.008473272435367107, 0.008639536798000336, 0.014187338761985302, 0.008519116789102554, 0.009754050523042679, 0.010200181044638157, 0.016824787482619286, 0.012330513447523117, 0.015429703518748283, 0.011778444051742554, 0.011647554114460945]}