{"loss": -0.990314245223999, "character_probs": [0.019173771142959595, 0.036257803440093994, 0.007498028222471476, 0.009017433039844036, 0.00920979306101799, 0.015996497124433517, 0.007944841869175434, 0.011879682540893555, 0.015875589102506638, 0.014111914671957493, 0.009077781811356544, 0.008721536956727505, 0.010478630661964417, 0.008123724721372128, 0.011446917429566383, 0.009349735453724861, 0.007327293045818806, 0.00809337105602026, 0.00829060934484005, 0.008106258697807789, 0.007510843686759472, 0.007872430607676506, 0.00756020937114954, 0.010314786806702614, 0.007657632231712341, 0.007487114518880844, 0.009694826789200306, 0.007387027144432068, 0.009228997863829136, 0.010990919545292854, 0.007258993107825518, 0.007467763964086771, 0.015934426337480545, 0.007990056648850441, 0.00829318817704916, 0.007350151427090168, 0.010685526765882969, 0.010935787111520767, 0.016709504649043083, 0.00947417039424181, 0.007323233876377344, 0.010076822713017464, 0.00769844138994813, 0.00777406245470047, 0.013832963071763515, 0.01023843139410019, 0.00838304590433836, 0.008701832965016365, 0.007902707904577255, 0.008478029631078243, 0.012067589908838272, 0.007539243903011084, 0.00961908046156168, 0.015011738985776901, 0.008875244297087193, 0.008810879662632942, 0.008434527553617954, 0.007603327743709087, 0.018590480089187622, 0.016360171139240265, 0.008885161951184273, 0.009822631254792213, 0.013866414315998554, 0.007379068527370691, 0.011847429908812046, 0.00876363180577755, 0.00820058025419712, 0.00759580172598362, 0.011230653151869774, 0.009397802874445915, 0.008230580016970634, 0.0078909732401371, 0.009732924401760101, 0.010610793717205524, 0.011425504460930824, 0.008365464396774769, 0.011236375197768211, 0.007984139956533909, 0.015207266435027122], "weapon_probs": [0.008890628814697266, 0.020102044567465782, 0.019062712788581848, 0.021968118846416473, 0.017515558749437332, 0.011688608676195145, 0.009388563223183155, 0.015292835421860218, 0.01005473081022501, 0.026170872151851654, 0.01482474897056818, 0.00875041913241148, 0.015782343223690987, 0.010564588941633701, 0.008618117310106754, 0.009173447266221046, 0.015567416325211525, 0.008955810219049454, 0.010170398280024529, 0.007243872620165348, 0.007806968875229359, 0.012417707592248917, 0.008948293514549732, 0.01315237395465374, 0.011081760749220848, 0.011270476505160332, 0.008500387892127037, 0.010375749319791794, 0.008165949024260044, 0.010269653052091599, 0.007613098714500666, 0.009140485897660255, 0.01261282991617918, 0.01200961135327816, 0.014566797763109207, 0.017066409811377525, 0.012247800827026367, 0.007378117181360722, 0.011193929240107536, 0.010075079277157784, 0.007734434213489294, 0.013546014204621315, 0.008243678137660027, 0.01608365774154663, 0.015337367542088032, 0.009978968650102615, 0.016093404963612556, 0.010488388128578663, 0.008056426420807838, 0.012313317507505417, 0.012687629088759422, 0.008362697437405586, 0.007183026988059282, 0.012074549682438374, 0.02284541353583336, 0.011671924963593483, 0.00888095609843731, 0.007519290316849947, 0.010764073580503464]}