{"loss": -0.8721661567687988, "character_probs": [0.023358475416898727, 0.01586265116930008, 0.0246901698410511, 0.010080888867378235, 0.013194393366575241, 0.007637488655745983, 0.016417888924479485, 0.009846486151218414, 0.008295126259326935, 0.007918736897408962, 0.009501606225967407, 0.008053365163505077, 0.01575305685400963, 0.009201728738844395, 0.007868951186537743, 0.011120050214231014, 0.007743880618363619, 0.012335458770394325, 0.009115892462432384, 0.007638930343091488, 0.007309973239898682, 0.007593715563416481, 0.007267612498253584, 0.007690751925110817, 0.007215238641947508, 0.009661903604865074, 0.013391368091106415, 0.011030935682356358, 0.008944224566221237, 0.0075218589045107365, 0.008200065232813358, 0.008140770718455315, 0.008422189392149448, 0.012825919315218925, 0.009998117573559284, 0.00872559193521738, 0.00864382553845644, 0.013310134410858154, 0.00991958286613226, 0.011433281935751438, 0.01086121890693903, 0.011798078194260597, 0.01071852445602417, 0.010544758290052414, 0.009189589880406857, 0.008262299932539463, 0.007723495364189148, 0.010555858723819256, 0.017134811729192734, 0.0077886441722512245, 0.007902346551418304, 0.008443858474493027, 0.009780514054000378, 0.009392807260155678, 0.009159975685179234, 0.008272011764347553, 0.008416070602834225, 0.01180415041744709, 0.01463269628584385, 0.010197540745139122, 0.007235673256218433, 0.009663185104727745, 0.008562123402953148, 0.007432133425027132, 0.00794981885701418, 0.00769086042419076, 0.009428584948182106, 0.01674262061715126, 0.011517133563756943, 0.015173112973570824, 0.007227170281112194, 0.007775628939270973, 0.00848812609910965, 0.012036098167300224, 0.008753219619393349, 0.012199616059660912, 0.009611028246581554, 0.00831859651952982, 0.013079607859253883], "weapon_probs": [0.019699491560459137, 0.018111806362867355, 0.010846578516066074, 0.02790280058979988, 0.023180335760116577, 0.013325219973921776, 0.013552713207900524, 0.010685132816433907, 0.007974355481564999, 0.011090720072388649, 0.008901864290237427, 0.023159030824899673, 0.00867160689085722, 0.016513293609023094, 0.007501871790736914, 0.013420578092336655, 0.008198735304176807, 0.012371598742902279, 0.009857171215116978, 0.00872255302965641, 0.009080885909497738, 0.01449853926897049, 0.008045252412557602, 0.010927129536867142, 0.009057903662323952, 0.008568130433559418, 0.007497680839151144, 0.007871673442423344, 0.010976670309901237, 0.007516957353800535, 0.017944153398275375, 0.011386964470148087, 0.00819981750100851, 0.019361020997166634, 0.008070265874266624, 0.010402526706457138, 0.007604013197124004, 0.007974892854690552, 0.010018300265073776, 0.007749510463327169, 0.010979507118463516, 0.009082718752324581, 0.016807574778795242, 0.0096964742988348, 0.01102667860686779, 0.010896701365709305, 0.008167985826730728, 0.008029185235500336, 0.009833532385528088, 0.009363191202282906, 0.011185618117451668, 0.00777181051671505, 0.011695217341184616, 0.029585305601358414, 0.013305829837918282, 0.018227213993668556, 0.012442857027053833, 0.02176576852798462, 0.011492932215332985]}