{"loss": -0.26557981967926025, "character_probs": [0.00851517915725708, 0.030017107725143433, 0.013130363076925278, 0.013408252038061619, 0.009092154912650585, 0.01288191881030798, 0.011117933318018913, 0.008780930191278458, 0.030664954334497452, 0.011568904854357243, 0.01021510548889637, 0.007805728819221258, 0.009345371276140213, 0.011083162389695644, 0.009701996110379696, 0.008463715203106403, 0.008620468899607658, 0.010738024488091469, 0.009038629941642284, 0.007392360363155603, 0.008132577873766422, 0.008738270029425621, 0.008160604164004326, 0.008980991318821907, 0.007948939688503742, 0.009229559451341629, 0.00807970017194748, 0.009123183786869049, 0.014159400016069412, 0.008236946538090706, 0.008130094967782497, 0.010222488082945347, 0.008297309279441833, 0.007596231531351805, 0.011774205602705479, 0.007996992208063602, 0.008945739828050137, 0.010143451392650604, 0.010372228920459747, 0.00998053140938282, 0.009563603438436985, 0.00777351064607501, 0.008553245104849339, 0.00803928729146719, 0.008020938374102116, 0.01069553755223751, 0.009408602491021156, 0.008395862765610218, 0.008422249928116798, 0.010430600494146347, 0.009153004735708237, 0.008429499343037605, 0.008759118616580963, 0.017792876809835434, 0.009004906751215458, 0.00808711163699627, 0.008057508617639542, 0.007660219445824623, 0.010958640836179256, 0.011022275313735008, 0.015481279231607914, 0.010108762420713902, 0.00803589727729559, 0.009470736607909203, 0.008195591159164906, 0.00981614924967289, 0.008474479429423809, 0.0072793131694197655, 0.008830003440380096, 0.008279151283204556, 0.019744127988815308, 0.008037222549319267, 0.010372793301939964, 0.014190694317221642, 0.00883953832089901, 0.008505191653966904, 0.009413288906216621, 0.008239472284913063, 0.014764368534088135], "weapon_probs": [0.03998894989490509, 0.016473446041345596, 0.012213680893182755, 0.016236793249845505, 0.010321595706045628, 0.030364427715539932, 0.011543716304004192, 0.010258081369102001, 0.008834687061607838, 0.012306424789130688, 0.012705313041806221, 0.014879598282277584, 0.010690158233046532, 0.011218875646591187, 0.007640814874321222, 0.012914960272610188, 0.01146278902888298, 0.008414261043071747, 0.008005849085748196, 0.007721673231571913, 0.007927604019641876, 0.01642969809472561, 0.01796046830713749, 0.007948435842990875, 0.008808780461549759, 0.009487519040703773, 0.007401443086564541, 0.00853472575545311, 0.007505329325795174, 0.008436774834990501, 0.012870993465185165, 0.012360095977783203, 0.007315376307815313, 0.01108013279736042, 0.007274823263287544, 0.0077209677547216415, 0.007601409684866667, 0.0085802236571908, 0.008766147308051586, 0.0076942648738622665, 0.00797920860350132, 0.01441989652812481, 0.011096838861703873, 0.007332833483815193, 0.007557602133601904, 0.009925289079546928, 0.011835088953375816, 0.007360605988651514, 0.016467325389385223, 0.008728831075131893, 0.016699012368917465, 0.009518406353890896, 0.014084060676395893, 0.01605439931154251, 0.010805189609527588, 0.008509485051035881, 0.009151346981525421, 0.008718415163457394, 0.0103373471647501]}