{"loss": 0.3815913796424866, "character_probs": [0.012171573005616665, 0.02392522245645523, 0.017171528190374374, 0.011043800972402096, 0.01596098020672798, 0.007528830319643021, 0.00732940761372447, 0.01805705949664116, 0.013443825766444206, 0.009273732081055641, 0.007600503973662853, 0.008077421225607395, 0.008017676882445812, 0.021424507722258568, 0.007576164789497852, 0.009512434713542461, 0.008230267092585564, 0.007974410429596901, 0.009026211686432362, 0.009395449422299862, 0.008221067488193512, 0.008162270300090313, 0.007854914292693138, 0.009112749248743057, 0.007489525713026524, 0.027576513588428497, 0.007719399407505989, 0.007853209041059017, 0.007720363792032003, 0.008126040920615196, 0.007355760782957077, 0.01000140979886055, 0.011983128264546394, 0.007677154615521431, 0.010225346311926842, 0.007797385100275278, 0.011280304752290249, 0.009887093678116798, 0.008852837607264519, 0.0075700427405536175, 0.010377967730164528, 0.008391441777348518, 0.008626668713986874, 0.009708693251013756, 0.010211929678916931, 0.009717665612697601, 0.009810124523937702, 0.010372071526944637, 0.009318714961409569, 0.008096004836261272, 0.010119183920323849, 0.01249098964035511, 0.008463932201266289, 0.009146951138973236, 0.010154342278838158, 0.007561797741800547, 0.00972362607717514, 0.012251468375325203, 0.011257948353886604, 0.01716776378452778, 0.008801363408565521, 0.011789565905928612, 0.00846274383366108, 0.007645034696906805, 0.007145840674638748, 0.007502350490540266, 0.008435895666480064, 0.008705240674316883, 0.01160430908203125, 0.008125657215714455, 0.009144843555986881, 0.011875538155436516, 0.020548366010189056, 0.008820857852697372, 0.008750559762120247, 0.009388819336891174, 0.00862733181566, 0.008681824430823326, 0.012118477374315262], "weapon_probs": [0.041617561131715775, 0.01994536630809307, 0.012319071218371391, 0.010160204954445362, 0.011348940432071686, 0.011682070791721344, 0.01248767040669918, 0.012087337672710419, 0.010537519119679928, 0.018281830474734306, 0.01634645089507103, 0.008468586951494217, 0.008959525264799595, 0.007414338644593954, 0.010401591658592224, 0.008338093757629395, 0.009516309946775436, 0.01680120639503002, 0.009118623100221157, 0.008001822046935558, 0.01055554673075676, 0.017159705981612206, 0.010642699897289276, 0.007571373134851456, 0.009560246020555496, 0.011150872334837914, 0.008578643202781677, 0.01232217438519001, 0.007842599414288998, 0.0080402921885252, 0.010182391852140427, 0.021440953016281128, 0.01616690866649151, 0.008981017395853996, 0.008436043746769428, 0.0073065985925495625, 0.009123592637479305, 0.009924711659550667, 0.008237022906541824, 0.010334926657378674, 0.007449787575751543, 0.013352273032069206, 0.010157259181141853, 0.009007049724459648, 0.022201865911483765, 0.008670979179441929, 0.014737214893102646, 0.0076309144496917725, 0.013870581984519958, 0.00839223712682724, 0.010222763754427433, 0.012140020728111267, 0.012433833442628384, 0.010819154791533947, 0.0076317680068314075, 0.009769736789166927, 0.013442824594676495, 0.024075064808130264, 0.00934556219726801]}