{"loss": -0.4992932379245758, "character_probs": [0.015056133270263672, 0.023227613419294357, 0.00905608106404543, 0.01053951121866703, 0.014001968316733837, 0.015477660112082958, 0.00848101545125246, 0.008487218990921974, 0.019422436133027077, 0.011572395451366901, 0.010350868105888367, 0.0075149922631680965, 0.01257673092186451, 0.009527899324893951, 0.009551115334033966, 0.010911500081419945, 0.010126289911568165, 0.008073664270341396, 0.009040352888405323, 0.013162246905267239, 0.01949612982571125, 0.008357509039342403, 0.007858047261834145, 0.00893464870750904, 0.007612375542521477, 0.008917595259845257, 0.009682043455541134, 0.0109895970672369, 0.009311029687523842, 0.007683458272367716, 0.011309117078781128, 0.011902611702680588, 0.00780385872349143, 0.00940499547868967, 0.007132073398679495, 0.00872038584202528, 0.007829899899661541, 0.00887700729072094, 0.008205193094909191, 0.00812017172574997, 0.007496063131839037, 0.007607163395732641, 0.007853406481444836, 0.014767150394618511, 0.007480155676603317, 0.013129822909832, 0.012152639217674732, 0.009661155752837658, 0.00794918928295374, 0.00896000862121582, 0.007435967680066824, 0.009500746615231037, 0.008899688720703125, 0.008787254802882671, 0.009705465286970139, 0.009626257233321667, 0.009150618687272072, 0.007907078601419926, 0.012154269963502884, 0.008649568073451519, 0.00940952729433775, 0.016378896310925484, 0.007877829484641552, 0.009190164506435394, 0.009197958745062351, 0.009193269535899162, 0.013196228072047234, 0.01802578568458557, 0.00995209626853466, 0.009860469959676266, 0.00877155177295208, 0.009140939451754093, 0.011799123138189316, 0.011596476659178734, 0.008005790412425995, 0.007909618318080902, 0.011814076453447342, 0.008216585032641888, 0.01770939864218235], "weapon_probs": [0.02372642606496811, 0.009461523965001106, 0.023968901485204697, 0.02814396843314171, 0.007957138121128082, 0.014952652156352997, 0.015109564177691936, 0.015267906710505486, 0.01548931933939457, 0.007768359966576099, 0.007834901101887226, 0.012117680162191391, 0.01568646915256977, 0.00748308515176177, 0.0077441660687327385, 0.007513531018048525, 0.010521299205720425, 0.008818834088742733, 0.0077622029930353165, 0.008260698989033699, 0.010950887575745583, 0.01973928138613701, 0.007959801703691483, 0.007659458089619875, 0.009733730927109718, 0.010397645644843578, 0.011001735925674438, 0.017673173919320107, 0.007756885141134262, 0.00798113364726305, 0.007265174761414528, 0.012484174221754074, 0.0316254086792469, 0.008850425481796265, 0.010389909148216248, 0.0075755733996629715, 0.008089369162917137, 0.01055852510035038, 0.012822878547012806, 0.010059033520519733, 0.008307351730763912, 0.007491813972592354, 0.014454320073127747, 0.010084209032356739, 0.008133530616760254, 0.0243079774081707, 0.008537394925951958, 0.011687910184264183, 0.008699704892933369, 0.011700315400958061, 0.00985490158200264, 0.00828175526112318, 0.02018992230296135, 0.010187139734625816, 0.020577140152454376, 0.009919252246618271, 0.011219728738069534, 0.007637643255293369, 0.01493742037564516]}