{"loss": -0.9338282346725464, "character_probs": [0.022856585681438446, 0.02360527217388153, 0.009474984370172024, 0.0101791275665164, 0.01052393950521946, 0.014532109722495079, 0.007543903775513172, 0.012669870629906654, 0.014206594787538052, 0.007510972674936056, 0.009592332877218723, 0.00834963470697403, 0.009117607027292252, 0.03238649666309357, 0.007854721508920193, 0.009876472875475883, 0.009745563380420208, 0.008554259315133095, 0.007235405500978231, 0.007669930811971426, 0.009629189036786556, 0.010856905952095985, 0.010768832638859749, 0.007521543186157942, 0.008376463316380978, 0.0072813634760677814, 0.008150246925652027, 0.00729802530258894, 0.00791572779417038, 0.008570224046707153, 0.007501346059143543, 0.007520217448472977, 0.007301068399101496, 0.007231021299958229, 0.007770071271806955, 0.007349085528403521, 0.008030563592910767, 0.012810666114091873, 0.007376478984951973, 0.007597604766488075, 0.020005419850349426, 0.010456159710884094, 0.015198612585663795, 0.007866316474974155, 0.008807050064206123, 0.008675863966345787, 0.008254741318523884, 0.008961447514593601, 0.009188869968056679, 0.009740637615323067, 0.008456670679152012, 0.010922013781964779, 0.012365352362394333, 0.007226281333714724, 0.009777121245861053, 0.008866900578141212, 0.014730163849890232, 0.008555365726351738, 0.01309969648718834, 0.009983235970139503, 0.008870679885149002, 0.009872125461697578, 0.008093022741377354, 0.010343823581933975, 0.008047736249864101, 0.012859522365033627, 0.008707907050848007, 0.010447371751070023, 0.010078021325170994, 0.01098182238638401, 0.007480562664568424, 0.01752365380525589, 0.007214991841465235, 0.008130650967359543, 0.009292074479162693, 0.007742919027805328, 0.007528586313128471, 0.009286327287554741, 0.008302854374051094], "weapon_probs": [0.03206586837768555, 0.01756378635764122, 0.011469811201095581, 0.009942792356014252, 0.008104386739432812, 0.02318405732512474, 0.008016970008611679, 0.03893272951245308, 0.009209400042891502, 0.013327662833034992, 0.012686914764344692, 0.017670143395662308, 0.011436025612056255, 0.0076012276113033295, 0.0084077762439847, 0.007935510016977787, 0.009814085438847542, 0.01003214344382286, 0.009775443002581596, 0.009670542553067207, 0.01275551225990057, 0.012115535326302052, 0.00826922059059143, 0.008240627124905586, 0.01160643994808197, 0.010999839752912521, 0.008302859961986542, 0.0086972052231431, 0.00965137965977192, 0.007239009719341993, 0.007377751637250185, 0.009079428389668465, 0.00852561742067337, 0.008808385580778122, 0.01632581651210785, 0.010222993791103363, 0.009457413107156754, 0.008210903033614159, 0.008079687133431435, 0.008607517927885056, 0.021344106644392014, 0.007606964558362961, 0.007301544304937124, 0.008767524734139442, 0.007814301177859306, 0.0149535546079278, 0.011631188914179802, 0.012202566489577293, 0.008578542619943619, 0.010649866424500942, 0.010875287465751171, 0.009815613739192486, 0.008814210072159767, 0.008118698373436928, 0.01682422123849392, 0.009509816765785217, 0.021516013890504837, 0.012297650799155235, 0.01385163888335228]}