{"loss": 0.9084964394569397, "character_probs": [0.024686641991138458, 0.015988750383257866, 0.028903402388095856, 0.0093180350959301, 0.00805592816323042, 0.009351327084004879, 0.008492741733789444, 0.019507277756929398, 0.010108627378940582, 0.007565255742520094, 0.007202554028481245, 0.012601209804415703, 0.009032095782458782, 0.011204267852008343, 0.008877292275428772, 0.011250108480453491, 0.008684862405061722, 0.010622832924127579, 0.008722948841750622, 0.010588282719254494, 0.01108444295823574, 0.007189196068793535, 0.010359082370996475, 0.00988701544702053, 0.00823658611625433, 0.00969606451690197, 0.007592209614813328, 0.008017277345061302, 0.00817952211946249, 0.007637058850377798, 0.01007312536239624, 0.008648469112813473, 0.010973083786666393, 0.00756023358553648, 0.00876980647444725, 0.009896007366478443, 0.011772608384490013, 0.008994460105895996, 0.008289068005979061, 0.008771831169724464, 0.00748968031257391, 0.008410181850194931, 0.008680001832544804, 0.009876389056444168, 0.009203125722706318, 0.00842948816716671, 0.008112024515867233, 0.007914780639111996, 0.010050417855381966, 0.008716565556824207, 0.008200111798942089, 0.008071708492934704, 0.01969170942902565, 0.011901983991265297, 0.010631397366523743, 0.011157456785440445, 0.007873807102441788, 0.007398692891001701, 0.008171329274773598, 0.007575250696390867, 0.008659976534545422, 0.009330328553915024, 0.019344903528690338, 0.007631420623511076, 0.011771366000175476, 0.010511206462979317, 0.00786673091351986, 0.00778229720890522, 0.010553236119449139, 0.00853091012686491, 0.009167168289422989, 0.014542488381266594, 0.009073146618902683, 0.009182327426970005, 0.016661275178194046, 0.007979530841112137, 0.010618608444929123, 0.02617303654551506, 0.007647636812180281], "weapon_probs": [0.028476133942604065, 0.019356010481715202, 0.02841874212026596, 0.013593846932053566, 0.013758620247244835, 0.013745056465268135, 0.0111621655523777, 0.013975409790873528, 0.009539753198623657, 0.012440535239875317, 0.013114900328218937, 0.01707230880856514, 0.007965631783008575, 0.01294616237282753, 0.00820387527346611, 0.008499439805746078, 0.009674259461462498, 0.00807118695229292, 0.01187992375344038, 0.007862425409257412, 0.010855989530682564, 0.014307182282209396, 0.010144098661839962, 0.00780727481469512, 0.012481404468417168, 0.007790605071932077, 0.007571966852992773, 0.012897742912173271, 0.008065829053521156, 0.01045688334852457, 0.014565333724021912, 0.008109277114272118, 0.008157838135957718, 0.008993693627417088, 0.015186834149062634, 0.00785832479596138, 0.010592776350677013, 0.008627557195723057, 0.007291954942047596, 0.009636825881898403, 0.013983605429530144, 0.007636008784174919, 0.012069686315953732, 0.011626534163951874, 0.007940276525914669, 0.01348423957824707, 0.010463038459420204, 0.009805533103644848, 0.013587194494903088, 0.009096355177462101, 0.009224440902471542, 0.01424984261393547, 0.016812721267342567, 0.012068760581314564, 0.012623615562915802, 0.017123017460107803, 0.009784863330423832, 0.00844682939350605, 0.016483204439282417]}