{"loss": -0.8574771881103516, "character_probs": [0.028006482869386673, 0.012676753103733063, 0.011290746740996838, 0.018980946391820908, 0.010123835876584053, 0.01814126968383789, 0.008116887882351875, 0.010336445644497871, 0.013904808089137077, 0.009513000026345253, 0.007931380532681942, 0.007978323847055435, 0.00950084999203682, 0.007958563044667244, 0.007862762548029423, 0.016992835327982903, 0.015581385232508183, 0.007529145106673241, 0.007374144624918699, 0.008056028746068478, 0.008279587142169476, 0.00746205123141408, 0.007488603238016367, 0.008067219518125057, 0.007449680007994175, 0.007646019570529461, 0.007664784323424101, 0.01132986694574356, 0.025578290224075317, 0.00756457494571805, 0.007643878925591707, 0.007779669016599655, 0.008411932736635208, 0.007129617501050234, 0.00991948414593935, 0.010202156379818916, 0.008653311058878899, 0.00791582278907299, 0.007251275237649679, 0.010854209773242474, 0.014200970530509949, 0.0076712965965271, 0.011662141419947147, 0.009168000891804695, 0.008088409900665283, 0.010631379671394825, 0.007881143130362034, 0.00939126592129469, 0.008311772719025612, 0.009588927961885929, 0.010163049213588238, 0.00865053478628397, 0.0123341279104352, 0.010585958138108253, 0.0080913957208395, 0.00854252278804779, 0.011985905468463898, 0.01099497452378273, 0.007628863211721182, 0.009794281795620918, 0.008059871383011341, 0.007927474565804005, 0.00927547737956047, 0.009670831263065338, 0.007841740734875202, 0.011578425765037537, 0.010292758233845234, 0.009043591096997261, 0.011562789790332317, 0.010382267646491528, 0.01411418803036213, 0.012937938794493675, 0.00967045035213232, 0.016204847022891045, 0.008776964619755745, 0.010529041290283203, 0.007883700542151928, 0.01117915939539671, 0.01132948137819767], "weapon_probs": [0.020118003711104393, 0.015236259438097477, 0.034052908420562744, 0.012098852545022964, 0.012934263795614243, 0.017965048551559448, 0.012536855414509773, 0.00953223742544651, 0.015622688457369804, 0.013450542464852333, 0.010850345715880394, 0.007677317596971989, 0.01133597269654274, 0.008391209878027439, 0.007997449487447739, 0.02042556367814541, 0.017525499686598778, 0.016082482412457466, 0.008120983839035034, 0.01126060076057911, 0.009390421211719513, 0.007561871781945229, 0.007688030134886503, 0.008120020851492882, 0.007703816518187523, 0.009180717170238495, 0.01527999248355627, 0.009751706384122372, 0.00863454956561327, 0.00847023818641901, 0.009773191064596176, 0.010744493454694748, 0.009474795311689377, 0.01270662248134613, 0.009303953498601913, 0.00827846210449934, 0.01241423562169075, 0.010052790865302086, 0.008395842276513577, 0.00807764008641243, 0.009376054629683495, 0.007802547421306372, 0.01492991391569376, 0.0078811626881361, 0.01347872894257307, 0.014065929688513279, 0.0088134640827775, 0.008603590540587902, 0.0091787651181221, 0.009347211569547653, 0.011896651238203049, 0.012295085936784744, 0.011208610609173775, 0.008436206728219986, 0.02077089436352253, 0.03597462549805641, 0.007417331449687481, 0.024765897542238235, 0.008641746826469898]}