{"loss": 0.18525224924087524, "character_probs": [0.014023175463080406, 0.03624116629362106, 0.013319037854671478, 0.008481365628540516, 0.010246196761727333, 0.0109824538230896, 0.0120724868029356, 0.011303793638944626, 0.008074806071817875, 0.012589927762746811, 0.00756732327863574, 0.009422370232641697, 0.009409759193658829, 0.007915841415524483, 0.01181691512465477, 0.01572236977517605, 0.008424538187682629, 0.007490026298910379, 0.01262887567281723, 0.007922071032226086, 0.008217612281441689, 0.01027930248528719, 0.008707529865205288, 0.007857335731387138, 0.009517194703221321, 0.008232110179960728, 0.007509512361139059, 0.009332934394478798, 0.0076855444349348545, 0.008132298476994038, 0.0077391378581523895, 0.025398511439561844, 0.0073074777610599995, 0.008106963708996773, 0.008746425621211529, 0.007281807251274586, 0.007471790071576834, 0.013187054544687271, 0.009523361921310425, 0.0075539154931902885, 0.008520172908902168, 0.007560906000435352, 0.01270961295813322, 0.00833092164248228, 0.017902441322803497, 0.009225846268236637, 0.008480966091156006, 0.007426180876791477, 0.009551421739161015, 0.007219051476567984, 0.00835872907191515, 0.010781686753034592, 0.009183108806610107, 0.010983271524310112, 0.0090330233797431, 0.010643484070897102, 0.00940670631825924, 0.008404560387134552, 0.009262587875127792, 0.007499131839722395, 0.00912602711468935, 0.012149415910243988, 0.008734185248613358, 0.008889356628060341, 0.00911165215075016, 0.013676049187779427, 0.010738956741988659, 0.014637443237006664, 0.016685863956809044, 0.009105483070015907, 0.00788840465247631, 0.014349049888551235, 0.00811677984893322, 0.008851394057273865, 0.011158473789691925, 0.00812507327646017, 0.00921357050538063, 0.010284379124641418, 0.009209135547280312], "weapon_probs": [0.02381051331758499, 0.03166753798723221, 0.011920589953660965, 0.018674034625291824, 0.008464666083455086, 0.009775528684258461, 0.019125228747725487, 0.010512461885809898, 0.018151696771383286, 0.01192042138427496, 0.011992225423455238, 0.011640694923698902, 0.008919782005250454, 0.011020059697329998, 0.008260942995548248, 0.013432875275611877, 0.013469375669956207, 0.015412691049277782, 0.009506454691290855, 0.008209900930523872, 0.018284693360328674, 0.00763208232820034, 0.00745084835216403, 0.00935366190969944, 0.008550239726901054, 0.007813476026058197, 0.009228155948221684, 0.007726741023361683, 0.016069699078798294, 0.009422708302736282, 0.008681727573275566, 0.010348808951675892, 0.00803077220916748, 0.00947097223252058, 0.008119145408272743, 0.007683903910219669, 0.010091816075146198, 0.0075943926349282265, 0.00801536813378334, 0.007579713594168425, 0.009420104324817657, 0.015081966295838356, 0.01869272068142891, 0.010726694017648697, 0.008517052978277206, 0.009604944847524166, 0.007506938651204109, 0.009609397500753403, 0.02714407444000244, 0.014923986047506332, 0.011856773868203163, 0.012796810828149319, 0.008968868292868137, 0.011486788280308247, 0.014882342889904976, 0.01102963462471962, 0.009779708459973335, 0.008897184394299984, 0.021563410758972168]}