{"loss": 0.25198978185653687, "character_probs": [0.019908946007490158, 0.013824383728206158, 0.016774334013462067, 0.009875282645225525, 0.01706813834607601, 0.009090287610888481, 0.014607986435294151, 0.008881899528205395, 0.0135120190680027, 0.007865827530622482, 0.0098478514701128, 0.013695630244910717, 0.01491327304393053, 0.007684311363846064, 0.020157549530267715, 0.007885849103331566, 0.007448715623468161, 0.010011708363890648, 0.007694121915847063, 0.010145045816898346, 0.007662666961550713, 0.008560189977288246, 0.009563014842569828, 0.007843528874218464, 0.013893037103116512, 0.011675301939249039, 0.00835636630654335, 0.010393097996711731, 0.007824073545634747, 0.007770134601742029, 0.007358370814472437, 0.00898717064410448, 0.011546600610017776, 0.00825741421431303, 0.008100388571619987, 0.007620333228260279, 0.01081586442887783, 0.008542276918888092, 0.009603164158761501, 0.007879181765019894, 0.007740139029920101, 0.007970175705850124, 0.018710358068346977, 0.009025242179632187, 0.009214581921696663, 0.009567277505993843, 0.01019483432173729, 0.011498224921524525, 0.007446065545082092, 0.007571776397526264, 0.00985613465309143, 0.007371964398771524, 0.00769578292965889, 0.007752030156552792, 0.01469334028661251, 0.010687223635613918, 0.0104485172778368, 0.007378905080258846, 0.007834691554307938, 0.01667889580130577, 0.008233685046434402, 0.009633192792534828, 0.008335091173648834, 0.007702769245952368, 0.010691992938518524, 0.009838529862463474, 0.008976957760751247, 0.009048735722899437, 0.008287525735795498, 0.008471358567476273, 0.00915374606847763, 0.010461108759045601, 0.009939281269907951, 0.010884344577789307, 0.01089386735111475, 0.010529941879212856, 0.011958451941609383, 0.010358157567679882, 0.01346186175942421], "weapon_probs": [0.025789663195610046, 0.03145802393555641, 0.010439947247505188, 0.012075483798980713, 0.022317126393318176, 0.012700952589511871, 0.017906710505485535, 0.011765914037823677, 0.020309627056121826, 0.00994389783591032, 0.010246207937598228, 0.00781866442412138, 0.012077225372195244, 0.015046525746583939, 0.008907378651201725, 0.007858678698539734, 0.008326149545609951, 0.010613608174026012, 0.013956233859062195, 0.007960529066622257, 0.010058743879199028, 0.0076602851040661335, 0.008317937143146992, 0.007693955674767494, 0.009751025587320328, 0.009830291382968426, 0.008670375682413578, 0.009837045334279537, 0.00762222521007061, 0.009932829067111015, 0.009921036660671234, 0.007919829338788986, 0.008449376560747623, 0.009837597608566284, 0.011759054847061634, 0.008641556836664677, 0.008458353579044342, 0.013813214376568794, 0.007441943511366844, 0.011675897985696793, 0.010614942759275436, 0.009936737827956676, 0.007353683467954397, 0.015952829271554947, 0.00729354377835989, 0.021282296627759933, 0.019481822848320007, 0.010322952643036842, 0.010973459109663963, 0.012849090620875359, 0.012358395382761955, 0.014248820021748543, 0.012243127450346947, 0.015171337872743607, 0.007392692845314741, 0.007373219355940819, 0.017192695289850235, 0.00780204962939024, 0.012877900153398514]}