{"loss": 0.7343751788139343, "character_probs": [0.009612694382667542, 0.01933727227151394, 0.033632662147283554, 0.015148825943470001, 0.020134901627898216, 0.007603165693581104, 0.008777218870818615, 0.008116023615002632, 0.00988710206001997, 0.008796204812824726, 0.008208232931792736, 0.007457850035279989, 0.01290872786194086, 0.011612270027399063, 0.008775969967246056, 0.00867579784244299, 0.007447865325957537, 0.008191341534256935, 0.010562173090875149, 0.007218679878860712, 0.007215771358460188, 0.009530051611363888, 0.007278943434357643, 0.007907711900770664, 0.007636618334800005, 0.008405576460063457, 0.0260196253657341, 0.007421429734677076, 0.008111321367323399, 0.011800166219472885, 0.011115124449133873, 0.010005791671574116, 0.01023407094180584, 0.00787238497287035, 0.0081239715218544, 0.00941075012087822, 0.008171036839485168, 0.00930014532059431, 0.008323601447045803, 0.011290302500128746, 0.008566321805119514, 0.008897306397557259, 0.008059514686465263, 0.009881215170025826, 0.008497542701661587, 0.008843319490551949, 0.007869066670536995, 0.008051231503486633, 0.011649230495095253, 0.008029631339013577, 0.009917018935084343, 0.01055995188653469, 0.008085506968200207, 0.007214353419840336, 0.007994153536856174, 0.01587369292974472, 0.009822145104408264, 0.007718873210251331, 0.010305378586053848, 0.009177977219223976, 0.010762747377157211, 0.012896029278635979, 0.010868608020246029, 0.007575510069727898, 0.013302499428391457, 0.015822362154722214, 0.00891861692070961, 0.0115004051476717, 0.008398681879043579, 0.009181869216263294, 0.008402200415730476, 0.008446827530860901, 0.0075640492141246796, 0.00894822459667921, 0.011727382428944111, 0.007892489433288574, 0.012749645859003067, 0.016461312770843506, 0.007971180602908134], "weapon_probs": [0.01405910775065422, 0.013118352741003036, 0.01720103994011879, 0.02052372694015503, 0.02518695965409279, 0.01331552118062973, 0.008332628756761551, 0.020586447790265083, 0.01703324168920517, 0.010466158390045166, 0.009849172085523605, 0.012832124717533588, 0.011995158158242702, 0.011239537969231606, 0.009073272347450256, 0.016741175204515457, 0.007902687415480614, 0.00889258086681366, 0.010504068806767464, 0.009021025151014328, 0.015288911759853363, 0.013721941970288754, 0.010364866815507412, 0.00871245376765728, 0.008224623277783394, 0.009830789640545845, 0.014321323484182358, 0.00789360236376524, 0.008474459871649742, 0.007869311608374119, 0.008322503417730331, 0.023908082395792007, 0.007686850614845753, 0.00787469744682312, 0.0075643956661224365, 0.009611417539417744, 0.01310468278825283, 0.009195514023303986, 0.009012247435748577, 0.011456876993179321, 0.027362972497940063, 0.010048720985651016, 0.008646074682474136, 0.008140018209815025, 0.0077411276288330555, 0.01688072830438614, 0.00797290913760662, 0.009551825933158398, 0.00820278562605381, 0.00939738005399704, 0.009477131068706512, 0.010748844593763351, 0.01254285778850317, 0.012319830246269703, 0.008844136260449886, 0.017842015251517296, 0.012101764790713787, 0.009938148781657219, 0.007619836367666721]}