{"loss": 0.9469173550605774, "character_probs": [0.03718065470457077, 0.007901194505393505, 0.018655475229024887, 0.011801189742982388, 0.016723938286304474, 0.008435842581093311, 0.008236713707447052, 0.007369652856141329, 0.0127717861905694, 0.008591197431087494, 0.020787235349416733, 0.014054236933588982, 0.00777367502450943, 0.00774755934253335, 0.007730226963758469, 0.007853535935282707, 0.007411911152303219, 0.012791754677891731, 0.008530576713383198, 0.00771863479167223, 0.007125315256416798, 0.009005107916891575, 0.007699121255427599, 0.007522204425185919, 0.008375683799386024, 0.007182474713772535, 0.007916351780295372, 0.008950849063694477, 0.008667265065014362, 0.008224916644394398, 0.007546768058091402, 0.008351007476449013, 0.017966119572520256, 0.008969533257186413, 0.008929507806897163, 0.008222503587603569, 0.0093014445155859, 0.0107033159583807, 0.010289904661476612, 0.007674928288906813, 0.007610950618982315, 0.014799092896282673, 0.0088258758187294, 0.007798132486641407, 0.007880227640271187, 0.009334975853562355, 0.009093677625060081, 0.010112443938851357, 0.00994644220918417, 0.00764424167573452, 0.01153826154768467, 0.009336525574326515, 0.007723119575530291, 0.013558225706219673, 0.007805759087204933, 0.008079053834080696, 0.009845164604485035, 0.011593775823712349, 0.017197564244270325, 0.010465875267982483, 0.009526999667286873, 0.007421074900776148, 0.008969683200120926, 0.010818105190992355, 0.011129260063171387, 0.013890951871871948, 0.010001183487474918, 0.008035491220653057, 0.008369305171072483, 0.011336777359247208, 0.008057598024606705, 0.019935688003897667, 0.009412468411028385, 0.007760882843285799, 0.007205153815448284, 0.01325942762196064, 0.009465239942073822, 0.01037587784230709, 0.008342004381120205], "weapon_probs": [0.02973761036992073, 0.00938423816114664, 0.01932482235133648, 0.012768115848302841, 0.03034801036119461, 0.011304689571261406, 0.013064319267868996, 0.009374933317303658, 0.009490340016782284, 0.015443309210240841, 0.008571739308536053, 0.008063619956374168, 0.012374628335237503, 0.0162978358566761, 0.013371141627430916, 0.016327787190675735, 0.007178109139204025, 0.00949813611805439, 0.007157232146710157, 0.009878614917397499, 0.011230029165744781, 0.012590741738677025, 0.009889583103358746, 0.007356396876275539, 0.016204198822379112, 0.011188049800693989, 0.007947459816932678, 0.010253025218844414, 0.009591705165803432, 0.008208412677049637, 0.009424561634659767, 0.009014664217829704, 0.011263715103268623, 0.012303955852985382, 0.009690525010228157, 0.007525378372520208, 0.013645908795297146, 0.014500424265861511, 0.01932377740740776, 0.011189619079232216, 0.007531493436545134, 0.007629239931702614, 0.008133596740663052, 0.008286156691610813, 0.008351324126124382, 0.015039940364658833, 0.007650625891983509, 0.010759948752820492, 0.010582368820905685, 0.014499889686703682, 0.009083125740289688, 0.020882656797766685, 0.0080561563372612, 0.011013832874596119, 0.014774691313505173, 0.008705305866897106, 0.007963834330439568, 0.012182500213384628, 0.026410017162561417]}