{"loss": 0.8958671689033508, "character_probs": [0.02423899620771408, 0.01705739088356495, 0.01171794906258583, 0.021665427833795547, 0.011158484034240246, 0.007408713456243277, 0.009960506111383438, 0.009158672764897346, 0.018859578296542168, 0.008183871395885944, 0.010509341955184937, 0.008675935678184032, 0.017211057245731354, 0.008012172766029835, 0.009271282702684402, 0.007624655030667782, 0.008040216751396656, 0.009084358811378479, 0.009686297737061977, 0.007978142239153385, 0.01039679441601038, 0.007375732529908419, 0.00854453258216381, 0.014066671952605247, 0.008497488684952259, 0.00849160272628069, 0.014004247263073921, 0.007080931216478348, 0.010543553158640862, 0.008706367574632168, 0.008175546303391457, 0.008732600137591362, 0.007659398950636387, 0.00761769013479352, 0.008819165639579296, 0.010045018047094345, 0.007824128493666649, 0.011813010089099407, 0.009603200480341911, 0.007862037047743797, 0.008885065093636513, 0.011611808091402054, 0.0072686271741986275, 0.007527596782892942, 0.009152397513389587, 0.009682420641183853, 0.009510324336588383, 0.007672871928662062, 0.01647273823618889, 0.007710582576692104, 0.009197147563099861, 0.012783980928361416, 0.008012237958610058, 0.008511228486895561, 0.009819054044783115, 0.008805543184280396, 0.01698257215321064, 0.007976521737873554, 0.008542229421436787, 0.007887729443609715, 0.00953229982405901, 0.007413351442664862, 0.014238118194043636, 0.015428431332111359, 0.009091613814234734, 0.008106950670480728, 0.008315721526741982, 0.015544749796390533, 0.009027166292071342, 0.00816904753446579, 0.01071575004607439, 0.011823197826743126, 0.008295007050037384, 0.008935131132602692, 0.009752563200891018, 0.011632150039076805, 0.011417042464017868, 0.00845823623239994, 0.01043027825653553], "weapon_probs": [0.029835056513547897, 0.019026000052690506, 0.013924632221460342, 0.014591816812753677, 0.01484909188002348, 0.033849094063043594, 0.008453533053398132, 0.009692120365798473, 0.010780785232782364, 0.011088849976658821, 0.0087342020124197, 0.01329464465379715, 0.009118007495999336, 0.011700483039021492, 0.008928337134420872, 0.007783608511090279, 0.007967984303832054, 0.011228290386497974, 0.010063022375106812, 0.0075073763728141785, 0.010161354206502438, 0.00971105694770813, 0.01158742606639862, 0.01236753910779953, 0.015072319656610489, 0.00884974841028452, 0.01150137186050415, 0.009970229119062424, 0.012013910338282585, 0.013653431087732315, 0.011056379415094852, 0.0075171641074121, 0.009304771199822426, 0.010253029875457287, 0.0091739846393466, 0.007868869230151176, 0.008341031149029732, 0.011251570656895638, 0.007553569972515106, 0.008715063333511353, 0.007947132922708988, 0.024351388216018677, 0.013753952458500862, 0.009183266200125217, 0.012961814180016518, 0.007762795314192772, 0.00807537604123354, 0.013919204473495483, 0.010646039620041847, 0.009921278804540634, 0.007710729725658894, 0.02122168429195881, 0.01931479200720787, 0.015242996625602245, 0.009704671800136566, 0.01862398162484169, 0.008647962473332882, 0.007268193177878857, 0.011421590112149715]}