{"loss": 0.9468382596969604, "character_probs": [0.03583671152591705, 0.012614583596587181, 0.00906298030167818, 0.016700033098459244, 0.012436592020094395, 0.01654919981956482, 0.008464341051876545, 0.009825963526964188, 0.0091249980032444, 0.00864203181117773, 0.011428105644881725, 0.010446671396493912, 0.0106155164539814, 0.007206026930361986, 0.009198247455060482, 0.008632771670818329, 0.008264568634331226, 0.007990937680006027, 0.008234741166234016, 0.009428120218217373, 0.014824278652668, 0.009078839793801308, 0.011213909834623337, 0.008520299568772316, 0.008762012235820293, 0.008887263014912605, 0.00789853185415268, 0.01220518909394741, 0.009193269535899162, 0.010326899588108063, 0.007398118730634451, 0.0076888431794941425, 0.009313556365668774, 0.00944855809211731, 0.007893020287156105, 0.007145604118704796, 0.008277783170342445, 0.011403236538171768, 0.007795821409672499, 0.009877728298306465, 0.007572386413812637, 0.01378682442009449, 0.007493588142096996, 0.01849544793367386, 0.008124090731143951, 0.007940154522657394, 0.008253317326307297, 0.00825460720807314, 0.007636483293026686, 0.008170122280716896, 0.008617976680397987, 0.0074056037701666355, 0.008042761124670506, 0.008195096626877785, 0.013271212577819824, 0.022397581487894058, 0.0072026122361421585, 0.007703704759478569, 0.007435350213199854, 0.013625305145978928, 0.00863567367196083, 0.012131642550230026, 0.008391828276216984, 0.013330433517694473, 0.008883648552000523, 0.014174073934555054, 0.009452780708670616, 0.008410343900322914, 0.012239311821758747, 0.0127763906493783, 0.007632194086909294, 0.010537255555391312, 0.009876717813313007, 0.007759942207485437, 0.013291304931044579, 0.007501639891415834, 0.008228139020502567, 0.0075356424786150455, 0.01523258350789547], "weapon_probs": [0.023007575422525406, 0.043659377843141556, 0.013027382083237171, 0.007605001796036959, 0.015274954959750175, 0.011368760839104652, 0.01548059843480587, 0.008892035111784935, 0.00811326876282692, 0.01736552268266678, 0.025100097060203552, 0.01737036183476448, 0.007566042244434357, 0.008334934711456299, 0.009442673996090889, 0.011486124247312546, 0.009720767848193645, 0.008704796433448792, 0.009124538861215115, 0.00797552801668644, 0.011599656194448471, 0.007395884953439236, 0.010714338161051273, 0.008579401299357414, 0.00956706888973713, 0.009294398128986359, 0.008960440754890442, 0.009408793412148952, 0.00916715245693922, 0.010336215607821941, 0.008077314123511314, 0.00826951488852501, 0.00827601458877325, 0.007999459281563759, 0.00711498036980629, 0.008386538363993168, 0.007365799508988857, 0.009940165095031261, 0.009345268830657005, 0.008837608620524406, 0.012057546526193619, 0.01141372136771679, 0.013504132628440857, 0.008909725584089756, 0.01193905808031559, 0.028192684054374695, 0.008727396838366985, 0.010845611803233624, 0.012388641014695168, 0.008313463069498539, 0.008759415708482265, 0.008993173018097878, 0.011893285438418388, 0.0077130431309342384, 0.022273823618888855, 0.013508644886314869, 0.011221570894122124, 0.010805651545524597, 0.009839295409619808]}