{"loss": 0.028512388467788696, "character_probs": [0.013300251215696335, 0.02089817449450493, 0.019868243485689163, 0.01450319029390812, 0.012275965884327888, 0.010056870058178902, 0.00949324294924736, 0.010955311357975006, 0.010588467121124268, 0.015178936533629894, 0.010781200602650642, 0.009401364251971245, 0.007831149734556675, 0.00841083936393261, 0.010976589284837246, 0.007740885950624943, 0.0162673182785511, 0.009514662437140942, 0.009446880780160427, 0.009484516456723213, 0.010729270055890083, 0.013142917305231094, 0.009341341443359852, 0.00827098824083805, 0.016075078397989273, 0.010212118737399578, 0.008719153702259064, 0.008838937617838383, 0.00831710733473301, 0.007478771731257439, 0.0084715336561203, 0.007316044997423887, 0.011643682606518269, 0.007876968942582607, 0.008295928128063679, 0.011075587943196297, 0.008400402963161469, 0.00857159961014986, 0.00909336842596531, 0.007843954488635063, 0.008957832120358944, 0.007347398437559605, 0.007628025487065315, 0.008587212301790714, 0.008534287102520466, 0.0072226193733513355, 0.021914154291152954, 0.00764461699873209, 0.007518661208450794, 0.008493446744978428, 0.009653793647885323, 0.009184321388602257, 0.007495991885662079, 0.008127694949507713, 0.008326254785060883, 0.008309168741106987, 0.008068619295954704, 0.007883080281317234, 0.007489856332540512, 0.020685866475105286, 0.011349175125360489, 0.008251028135418892, 0.008751061744987965, 0.010739076882600784, 0.007601522374898195, 0.008256196975708008, 0.010716365650296211, 0.013292751275002956, 0.008871538564562798, 0.012251622974872589, 0.0074166906997561455, 0.015588834881782532, 0.007744192611426115, 0.013701433315873146, 0.010558094829320908, 0.008649777621030807, 0.012574246153235435, 0.01370834931731224, 0.008451536297798157], "weapon_probs": [0.029703505337238312, 0.013631134293973446, 0.022327112033963203, 0.018268458545207977, 0.013362915255129337, 0.014046190306544304, 0.010582935996353626, 0.00991087220609188, 0.009756039828062057, 0.011045633815228939, 0.010483931750059128, 0.015025829896330833, 0.022880636155605316, 0.008448428474366665, 0.009634709917008877, 0.011047735810279846, 0.011254573240876198, 0.009070614352822304, 0.012761706486344337, 0.017129728570580482, 0.008928889408707619, 0.01005253754556179, 0.013249890878796577, 0.012003573589026928, 0.00783578772097826, 0.009673058055341244, 0.009262082166969776, 0.011534566059708595, 0.0076820021495223045, 0.01029864139854908, 0.011112889274954796, 0.011801558546721935, 0.008985918015241623, 0.008608384989202023, 0.007385465316474438, 0.0072218868881464005, 0.009758002124726772, 0.016915056854486465, 0.008581788279116154, 0.013236574828624725, 0.007934024557471275, 0.007151696365326643, 0.008292634040117264, 0.01514364406466484, 0.00987115129828453, 0.010904534719884396, 0.007919995114207268, 0.009714550338685513, 0.008082387037575245, 0.008882800117135048, 0.014217693358659744, 0.008661461994051933, 0.007922904565930367, 0.011413543485105038, 0.012895114719867706, 0.022055353969335556, 0.007251739036291838, 0.009361081756651402, 0.007738099899142981]}