{"loss": 0.8787969946861267, "character_probs": [0.02864464744925499, 0.01056919526308775, 0.013403572142124176, 0.014763355255126953, 0.021062254905700684, 0.007788381073623896, 0.009083474986255169, 0.015893589705228806, 0.01469365879893303, 0.007970559410750866, 0.01023129653185606, 0.008422145619988441, 0.010337935760617256, 0.007646672427654266, 0.011054478585720062, 0.008855381980538368, 0.009246968664228916, 0.007940392941236496, 0.007752642035484314, 0.007977189496159554, 0.008131454698741436, 0.007821442559361458, 0.00736547727137804, 0.007759597152471542, 0.0074364133179187775, 0.011237690225243568, 0.008371919393539429, 0.029339279979467392, 0.008815365843474865, 0.008420576341450214, 0.008714603260159492, 0.0075739650055766106, 0.009694043546915054, 0.009450599551200867, 0.009110585786402225, 0.008016837760806084, 0.007705309893935919, 0.007488362956792116, 0.010052124969661236, 0.008066035807132721, 0.007381753530353308, 0.008380074985325336, 0.007343118079006672, 0.008050507865846157, 0.009112094528973103, 0.007443081121891737, 0.014925994910299778, 0.008475752547383308, 0.00814809650182724, 0.009245119988918304, 0.009748462587594986, 0.00832012202590704, 0.00774230994284153, 0.009609216824173927, 0.015749795362353325, 0.012607358396053314, 0.007832691073417664, 0.014372795820236206, 0.007958641275763512, 0.0107076745480299, 0.008887636475265026, 0.009327361360192299, 0.011379939503967762, 0.011594898998737335, 0.008822191506624222, 0.01271955855190754, 0.00823948159813881, 0.00807106215506792, 0.012582337483763695, 0.009226479567587376, 0.008906654082238674, 0.010775629431009293, 0.013421928510069847, 0.01251070387661457, 0.015718623995780945, 0.011103862896561623, 0.010872606188058853, 0.007401191163808107, 0.010074610821902752], "weapon_probs": [0.023621559143066406, 0.011004500091075897, 0.02738497406244278, 0.018776077777147293, 0.017038702964782715, 0.009576474316418171, 0.020757310092449188, 0.010332922451198101, 0.012805916368961334, 0.008935517631471157, 0.01226724125444889, 0.010365569964051247, 0.00858820416033268, 0.011367043480277061, 0.010033934377133846, 0.01791892759501934, 0.01372496411204338, 0.010889026336371899, 0.009693928994238377, 0.007965195924043655, 0.007969934493303299, 0.008855646476149559, 0.013025859370827675, 0.012278568930923939, 0.00733712175861001, 0.020644698292016983, 0.01148969866335392, 0.007347838021814823, 0.017601342871785164, 0.009134682826697826, 0.007615620736032724, 0.008766152895987034, 0.008076631464064121, 0.008954834192991257, 0.007782381493598223, 0.007385465782135725, 0.0074157449416816235, 0.009146509692072868, 0.007524142041802406, 0.008903215639293194, 0.019252309575676918, 0.008730081841349602, 0.011310497298836708, 0.009952714666724205, 0.010322085581719875, 0.011703087016940117, 0.008723066188395023, 0.007850832305848598, 0.013901634141802788, 0.008286328986287117, 0.012966644950211048, 0.01290232315659523, 0.014880682341754436, 0.016798019409179688, 0.0075688776560127735, 0.014274117536842823, 0.007908402010798454, 0.023019198328256607, 0.009523541666567326]}