{"loss": -0.19441407918930054, "character_probs": [0.0125970970839262, 0.020027682185173035, 0.009475820697844028, 0.01840256154537201, 0.015864714980125427, 0.010293650440871716, 0.011112041771411896, 0.012377213686704636, 0.011263936758041382, 0.01451052539050579, 0.00788982305675745, 0.007895014248788357, 0.010287182405591011, 0.007908910512924194, 0.010775974951684475, 0.01267117727547884, 0.011877575889229774, 0.007258576340973377, 0.009853496216237545, 0.008024811744689941, 0.00807879026979208, 0.027177564799785614, 0.0074174897745251656, 0.007440150715410709, 0.008077713660895824, 0.013664264231920242, 0.010016468353569508, 0.007577999494969845, 0.007323704194277525, 0.010264760814607143, 0.009760390967130661, 0.011641258373856544, 0.01125248707830906, 0.008459973149001598, 0.00927430298179388, 0.007225422188639641, 0.007568821310997009, 0.01020379364490509, 0.0076041086576879025, 0.009591786190867424, 0.012514406815171242, 0.008831345476210117, 0.007399360649287701, 0.011971748434007168, 0.008307691663503647, 0.009858252480626106, 0.0073511190712451935, 0.009441266767680645, 0.011726411059498787, 0.008361254818737507, 0.010318607091903687, 0.00805599708110094, 0.009279360063374043, 0.00843945611268282, 0.008259626105427742, 0.010274889878928661, 0.007887622341513634, 0.007825124077498913, 0.007797949481755495, 0.014628548175096512, 0.00859573483467102, 0.007920784875750542, 0.008288875222206116, 0.009576257318258286, 0.007892273366451263, 0.01017787680029869, 0.008006958290934563, 0.009592660702764988, 0.009596950374543667, 0.013246947899460793, 0.016732923686504364, 0.010121321305632591, 0.00769092096015811, 0.0101645952090621, 0.009420109912753105, 0.010197821073234081, 0.009162462316453457, 0.010038960725069046, 0.007521301042288542], "weapon_probs": [0.024563927203416824, 0.033884577453136444, 0.02174176275730133, 0.012717370875179768, 0.019091470167040825, 0.009497947990894318, 0.009174599312245846, 0.009664824232459068, 0.01145145297050476, 0.011607102118432522, 0.009137733839452267, 0.012190582230687141, 0.00834172684699297, 0.007730225566774607, 0.008546503260731697, 0.010111677460372448, 0.009493053890764713, 0.008107765577733517, 0.01853206194937229, 0.007289355620741844, 0.010676519945263863, 0.012890626676380634, 0.012894460931420326, 0.00812614243477583, 0.011048993095755577, 0.010499047115445137, 0.00906703993678093, 0.014197920449078083, 0.01045936718583107, 0.00917732622474432, 0.008504677563905716, 0.01356930285692215, 0.008063195273280144, 0.012626374140381813, 0.0122959204018116, 0.010878494009375572, 0.014573070220649242, 0.007968731224536896, 0.008572466671466827, 0.009783842600882053, 0.011155037209391594, 0.00945691391825676, 0.019080299884080887, 0.013959350064396858, 0.012675125151872635, 0.009539652615785599, 0.01193913072347641, 0.007859641686081886, 0.0074161081574857235, 0.008559636771678925, 0.007408531382679939, 0.012073589488863945, 0.007519059348851442, 0.016753893345594406, 0.009004689753055573, 0.009398017078638077, 0.010076045989990234, 0.010075319558382034, 0.01984988898038864]}