{"loss": 0.5246163606643677, "character_probs": [0.01834994927048683, 0.032898612320423126, 0.011560059152543545, 0.01185558084398508, 0.012608969584107399, 0.008650068193674088, 0.014669139869511127, 0.008476164191961288, 0.008082759566605091, 0.009322846308350563, 0.019586388021707535, 0.008406979963183403, 0.008365818299353123, 0.008081158623099327, 0.01113844569772482, 0.008265139535069466, 0.011511420831084251, 0.009381087496876717, 0.007624048739671707, 0.011272333562374115, 0.008438304997980595, 0.009070413187146187, 0.008462924510240555, 0.0078079975210130215, 0.010097691789269447, 0.008569772355258465, 0.007738074753433466, 0.007728083990514278, 0.007667815312743187, 0.009230196475982666, 0.008508212864398956, 0.007694536820054054, 0.010768936946988106, 0.011611003428697586, 0.010352669283747673, 0.008968535810709, 0.007495713885873556, 0.008129226975142956, 0.01319290604442358, 0.00793854333460331, 0.008565320633351803, 0.0076604848727583885, 0.00887197908014059, 0.007855577394366264, 0.008684792555868626, 0.01693255826830864, 0.013941690325737, 0.010815288871526718, 0.011057782918214798, 0.007518152706325054, 0.014074673876166344, 0.007618675474077463, 0.008792203851044178, 0.007498317398130894, 0.008091220632195473, 0.0090115275233984, 0.009023360908031464, 0.008231749758124352, 0.008910015225410461, 0.010226141661405563, 0.011582739651203156, 0.007795081939548254, 0.011663539335131645, 0.007637898437678814, 0.011288350448012352, 0.014074733480811119, 0.01797308214008808, 0.008021221496164799, 0.007963856682181358, 0.009740195237100124, 0.009009132161736488, 0.009726946242153645, 0.011799069121479988, 0.010007459670305252, 0.00786532647907734, 0.008176593109965324, 0.009709358215332031, 0.009522706270217896, 0.013703690841794014], "weapon_probs": [0.019261464476585388, 0.01245911791920662, 0.031219813972711563, 0.02560921385884285, 0.010524734854698181, 0.009289886802434921, 0.013832354918122292, 0.014112846925854683, 0.025199420750141144, 0.008874400518834591, 0.009291784837841988, 0.007504865061491728, 0.015318515710532665, 0.012360742315649986, 0.009557895362377167, 0.009989851154386997, 0.016103167086839676, 0.007820365019142628, 0.01253502070903778, 0.007636096328496933, 0.008466715924441814, 0.00733235664665699, 0.01718863472342491, 0.007182420697063208, 0.007406958844512701, 0.008225797675549984, 0.008375965058803558, 0.009106053970754147, 0.010866787284612656, 0.007590112742036581, 0.0077296975068748, 0.00979758333414793, 0.010332638397812843, 0.01401977427303791, 0.013112436980009079, 0.010259630158543587, 0.011078102514147758, 0.007509910501539707, 0.01081005111336708, 0.007654023356735706, 0.011038066819310188, 0.008257240056991577, 0.008772007189691067, 0.007571887224912643, 0.008351282216608524, 0.009670424275100231, 0.011921197175979614, 0.033670730888843536, 0.007733988109976053, 0.007474616169929504, 0.016118276864290237, 0.014748204499483109, 0.00943675171583891, 0.00863096583634615, 0.008191907778382301, 0.010204948484897614, 0.019687922671437263, 0.012371646240353584, 0.019345372915267944]}