{"loss": 0.4289027154445648, "character_probs": [0.016385920345783234, 0.025127973407506943, 0.017429914325475693, 0.011154236271977425, 0.01280167419463396, 0.009274173527956009, 0.012233035638928413, 0.011564066633582115, 0.009295562282204628, 0.01142374612390995, 0.008129497058689594, 0.00818017777055502, 0.011537410318851471, 0.019822265952825546, 0.010811268351972103, 0.008681745268404484, 0.008156360127031803, 0.008294330909848213, 0.010427935980260372, 0.007880785502493382, 0.00898437388241291, 0.01216079480946064, 0.008723135106265545, 0.007829580456018448, 0.00952712632715702, 0.00784364901483059, 0.007586905267089605, 0.012232406064867973, 0.013025173917412758, 0.012119060382246971, 0.007900705561041832, 0.008019784465432167, 0.009117991663515568, 0.007546347100287676, 0.008582912385463715, 0.008497622795403004, 0.008762487210333347, 0.0073898653499782085, 0.01052151434123516, 0.00844110082834959, 0.010017565451562405, 0.007698873523622751, 0.007984396070241928, 0.018951304256916046, 0.00813641119748354, 0.008266313001513481, 0.009642509743571281, 0.007661893032491207, 0.008575853891670704, 0.00851150881499052, 0.008105390705168247, 0.007998046465218067, 0.00853704009205103, 0.007509184535592794, 0.007634317502379417, 0.008696950040757656, 0.01894989237189293, 0.007379659917205572, 0.009856508113443851, 0.010718615725636482, 0.007880824618041515, 0.015141326002776623, 0.009692063555121422, 0.008113077841699123, 0.008129744790494442, 0.010650074109435081, 0.008080841973423958, 0.007984718307852745, 0.008416008204221725, 0.016951128840446472, 0.012262217700481415, 0.011308079585433006, 0.009025920182466507, 0.008160494267940521, 0.013017834164202213, 0.007718226872384548, 0.013697698712348938, 0.008194098249077797, 0.009175250306725502], "weapon_probs": [0.028476957231760025, 0.010766611434519291, 0.018973078578710556, 0.01903955265879631, 0.01613752730190754, 0.014846920035779476, 0.010764946229755878, 0.011834962293505669, 0.008696228265762329, 0.008016609586775303, 0.021745190024375916, 0.009245283901691437, 0.011039543896913528, 0.011043151840567589, 0.015138612128794193, 0.008515079505741596, 0.020559050142765045, 0.008007409982383251, 0.008682135492563248, 0.009274298325181007, 0.009764289483428001, 0.00890880636870861, 0.01191570796072483, 0.0107123963534832, 0.009129953570663929, 0.016511179506778717, 0.012944547459483147, 0.007987765595316887, 0.00785878300666809, 0.007652864325791597, 0.008284224197268486, 0.01583445444703102, 0.012289118953049183, 0.008973486721515656, 0.007718355860561132, 0.007526196539402008, 0.01619885489344597, 0.008848436176776886, 0.01305149681866169, 0.00970989465713501, 0.009054523892700672, 0.008912473917007446, 0.011054929345846176, 0.012087609618902206, 0.009270621463656425, 0.010565521195530891, 0.013235026970505714, 0.018320539966225624, 0.014089036732912064, 0.015456696040928364, 0.008133020251989365, 0.011320602148771286, 0.007683943957090378, 0.011222303844988346, 0.008276681415736675, 0.012296185828745365, 0.010782349854707718, 0.010668160393834114, 0.017488613724708557]}