{"loss": -0.6678106784820557, "character_probs": [0.012797275558114052, 0.02336038276553154, 0.02110222354531288, 0.02211964875459671, 0.007326086051762104, 0.00834125466644764, 0.011108236387372017, 0.008447942323982716, 0.007783215027302504, 0.010575520806014538, 0.010011074133217335, 0.008198283612728119, 0.01219055987894535, 0.020155666396021843, 0.010109883733093739, 0.010302675887942314, 0.018678221851587296, 0.007969250902533531, 0.009141229093074799, 0.007410312071442604, 0.007284034974873066, 0.008371803909540176, 0.008719665929675102, 0.007434701547026634, 0.007691057864576578, 0.008436458185315132, 0.009773519821465015, 0.009840949438512325, 0.008730071596801281, 0.0073259188793599606, 0.010467538610100746, 0.007880788296461105, 0.008514000102877617, 0.00882653146982193, 0.009071947075426579, 0.012059458531439304, 0.007451232057064772, 0.00764672365039587, 0.009223862551152706, 0.010416419245302677, 0.008478470146656036, 0.008684377186000347, 0.012395053170621395, 0.008053568191826344, 0.01104274857789278, 0.008548206649720669, 0.0073319594375789165, 0.007247292902320623, 0.00804678350687027, 0.014740919694304466, 0.009152788668870926, 0.010896256193518639, 0.016514070332050323, 0.012383281253278255, 0.00745660113170743, 0.007342432625591755, 0.00808170810341835, 0.0106674088165164, 0.010210960172116756, 0.009654315188527107, 0.007840747013688087, 0.009775539860129356, 0.00862544123083353, 0.008011515252292156, 0.008423997089266777, 0.010897849686443806, 0.008624588139355183, 0.010609800927340984, 0.01028284803032875, 0.0077647799625992775, 0.010755039751529694, 0.007936454378068447, 0.009714958257973194, 0.01226881891489029, 0.012902670539915562, 0.012705735862255096, 0.010013896971940994, 0.007426737807691097, 0.011429904960095882], "weapon_probs": [0.03733736649155617, 0.01332682091742754, 0.012619969435036182, 0.01714669167995453, 0.01858435943722725, 0.01751035451889038, 0.009979529306292534, 0.011343179270625114, 0.008535281755030155, 0.017418665811419487, 0.009643441066145897, 0.008029593154788017, 0.00853076484054327, 0.008719680830836296, 0.009233877062797546, 0.010083623230457306, 0.009433751925826073, 0.0121027622371912, 0.015257029794156551, 0.007819520309567451, 0.007426929660141468, 0.010712558403611183, 0.019551798701286316, 0.01234394684433937, 0.01537232007831335, 0.022236917167901993, 0.009246079251170158, 0.00910899043083191, 0.007725946139544249, 0.009384719654917717, 0.007442741189152002, 0.008402755483984947, 0.009263953194022179, 0.00908451247960329, 0.008183551952242851, 0.00986911728978157, 0.009045490995049477, 0.008501817472279072, 0.008079582825303078, 0.011627588421106339, 0.008466784842312336, 0.013123168610036373, 0.008187289349734783, 0.007791397627443075, 0.014187763445079327, 0.009217334911227226, 0.023642122745513916, 0.009870445355772972, 0.010930072516202927, 0.01359866838902235, 0.009227621369063854, 0.01274089701473713, 0.010809870436787605, 0.008724852465093136, 0.014037137851119041, 0.014618663117289543, 0.010581124573946, 0.007996642962098122, 0.009122151881456375]}