{"loss": 0.9209368228912354, "character_probs": [0.02726779133081436, 0.01114485040307045, 0.015221686102449894, 0.011494981124997139, 0.013046300038695335, 0.012672023847699165, 0.01423477940261364, 0.01413276232779026, 0.008194972760975361, 0.009457271546125412, 0.01003489550203085, 0.015132567845284939, 0.009880218654870987, 0.008813148364424706, 0.008052986115217209, 0.01270217914134264, 0.007475310005247593, 0.00967121310532093, 0.007488027680665255, 0.009202544577419758, 0.00860669557005167, 0.00946243666112423, 0.010569858364760876, 0.0073600467294454575, 0.007421164307743311, 0.012367885559797287, 0.010058588348329067, 0.011727357283234596, 0.0072942934930324554, 0.011267773807048798, 0.009234882891178131, 0.009075284004211426, 0.0077203321270644665, 0.008167983964085579, 0.008273580111563206, 0.014026693999767303, 0.009453488513827324, 0.007933642715215683, 0.01052792463451624, 0.009180566295981407, 0.011979162693023682, 0.00915149599313736, 0.007868875749409199, 0.008785473182797432, 0.008351820521056652, 0.008865730836987495, 0.01058957353234291, 0.01000275183469057, 0.01021871343255043, 0.009527887217700481, 0.008218717761337757, 0.008081058040261269, 0.009303792379796505, 0.007979190908372402, 0.0154545484110713, 0.009841791354119778, 0.010015605017542839, 0.009519461542367935, 0.008738311007618904, 0.009189197793602943, 0.010599004104733467, 0.012997003272175789, 0.01004136260598898, 0.008212443441152573, 0.009357210248708725, 0.010735881514847279, 0.007778539322316647, 0.011200418695807457, 0.008722045458853245, 0.01195366308093071, 0.011838573031127453, 0.011887718923389912, 0.008382705971598625, 0.010538537055253983, 0.00818537175655365, 0.011375661939382553, 0.01709938608109951, 0.0075103649869561195, 0.008768334984779358], "weapon_probs": [0.0185997374355793, 0.034656163305044174, 0.014020395465195179, 0.017337890341877937, 0.017106398940086365, 0.007796213496476412, 0.017358999699354172, 0.012440115213394165, 0.021797223016619682, 0.009583483450114727, 0.008764047175645828, 0.007450340781360865, 0.013787241652607918, 0.01326616108417511, 0.009366299957036972, 0.007127547636628151, 0.007574610412120819, 0.008090758696198463, 0.009852559305727482, 0.007655125577002764, 0.00923253409564495, 0.011854942888021469, 0.008458515629172325, 0.01558684092015028, 0.010078608989715576, 0.00829535536468029, 0.016621170565485954, 0.007502363529056311, 0.02514178678393364, 0.00786337349563837, 0.0073025948368012905, 0.0075616613030433655, 0.011777786538004875, 0.01143835298717022, 0.00902467593550682, 0.008290313184261322, 0.01882619969546795, 0.008965084329247475, 0.0078481649979949, 0.008163088001310825, 0.01019667461514473, 0.007892420515418053, 0.01013733446598053, 0.012250577099621296, 0.011104417964816093, 0.009462276473641396, 0.011281795799732208, 0.010827172547578812, 0.009600885212421417, 0.007797859609127045, 0.011244021356105804, 0.0088835833594203, 0.010434857569634914, 0.009301019832491875, 0.010866855271160603, 0.011090444400906563, 0.010859660804271698, 0.008525200188159943, 0.013336051255464554]}