{"loss": -0.9942817687988281, "character_probs": [0.021127521991729736, 0.023983795195817947, 0.017689598724246025, 0.009130468592047691, 0.013642167672514915, 0.02019437775015831, 0.012384619563817978, 0.00846895296126604, 0.008981376886367798, 0.008548151701688766, 0.00790537428110838, 0.00783535372465849, 0.007409573066979647, 0.010407463647425175, 0.009072307497262955, 0.010722288861870766, 0.009321875870227814, 0.00969291664659977, 0.009277543053030968, 0.007462852634489536, 0.007484673522412777, 0.014070045202970505, 0.009436173364520073, 0.007831425406038761, 0.007991727441549301, 0.007360420189797878, 0.011121969670057297, 0.013649502769112587, 0.008228818885982037, 0.010117322206497192, 0.008491113781929016, 0.00817754678428173, 0.007580193225294352, 0.010832089930772781, 0.007857458665966988, 0.009376255795359612, 0.008185078389942646, 0.014403648674488068, 0.007607768755406141, 0.007872075773775578, 0.01087714172899723, 0.00878655631095171, 0.008747702464461327, 0.008366584777832031, 0.008771998807787895, 0.007491409778594971, 0.00801357626914978, 0.009066836908459663, 0.00861603207886219, 0.020615115761756897, 0.01258845254778862, 0.009984079748392105, 0.008970632217824459, 0.007546259090304375, 0.007804413326084614, 0.012047265656292439, 0.00834293756633997, 0.011942530050873756, 0.007349271327257156, 0.012400598265230656, 0.00908215157687664, 0.00747362757101655, 0.010086500085890293, 0.011201638728380203, 0.00988198071718216, 0.011736761778593063, 0.009441346861422062, 0.00862911157310009, 0.00939730741083622, 0.014152787625789642, 0.008337839506566525, 0.01120015885680914, 0.011438645422458649, 0.014326773583889008, 0.00850771740078926, 0.008341866545379162, 0.007814092561602592, 0.010986967012286186, 0.009022144600749016], "weapon_probs": [0.021993890404701233, 0.022591786459088326, 0.016699500381946564, 0.013880426064133644, 0.00957995280623436, 0.013414910063147545, 0.01906285434961319, 0.02229127287864685, 0.016051437705755234, 0.011144781485199928, 0.0117579260841012, 0.008319046348333359, 0.00845223106443882, 0.012040618807077408, 0.012317880988121033, 0.007622802630066872, 0.008813613094389439, 0.01018480770289898, 0.008006158284842968, 0.011580375954508781, 0.0077560218051075935, 0.01058235578238964, 0.0096393171697855, 0.013459183275699615, 0.007313788402825594, 0.00888880342245102, 0.014347718097269535, 0.009964651428163052, 0.011543374508619308, 0.01191742904484272, 0.00741802342236042, 0.012865878641605377, 0.014069218188524246, 0.00948333740234375, 0.013363633304834366, 0.007674834690988064, 0.01711278036236763, 0.01451103761792183, 0.011389452032744884, 0.008122789673507214, 0.010242133401334286, 0.007752000819891691, 0.01625586673617363, 0.009290790185332298, 0.018274009227752686, 0.009202810935676098, 0.008133108727633953, 0.007757482584565878, 0.008082916960120201, 0.017231138423085213, 0.008802135474979877, 0.011257097125053406, 0.013198509812355042, 0.008621150627732277, 0.009088619612157345, 0.013032346032559872, 0.023084335029125214, 0.008024198934435844, 0.01467454805970192]}