{"loss": -0.7377159595489502, "character_probs": [0.01788979023694992, 0.02238614857196808, 0.012828514911234379, 0.010069203563034534, 0.011366404592990875, 0.013672281056642532, 0.01392672210931778, 0.01426228042691946, 0.007408640347421169, 0.014356469735503197, 0.011069485917687416, 0.00782786589115858, 0.007349688094109297, 0.02041439712047577, 0.008504454046487808, 0.008747165091335773, 0.010410397313535213, 0.009501120075583458, 0.009327733889222145, 0.010735329240560532, 0.008722417987883091, 0.008588230237364769, 0.008158698678016663, 0.008003419265151024, 0.007676670793443918, 0.007760363630950451, 0.009500226937234402, 0.007744206115603447, 0.008935065008699894, 0.007684727199375629, 0.009326872415840626, 0.008787107653915882, 0.007224320434033871, 0.007726569194346666, 0.012375084683299065, 0.007913226261734962, 0.007442773319780827, 0.0077107492834329605, 0.024018544703722, 0.011079493910074234, 0.009018482640385628, 0.009299046359956264, 0.007641594856977463, 0.0071916524320840836, 0.00796612910926342, 0.007754802703857422, 0.007165447808802128, 0.00914712157100439, 0.01520562544465065, 0.008406314998865128, 0.00778277637436986, 0.008863925002515316, 0.00785299576818943, 0.008281995542347431, 0.01923951879143715, 0.013663996011018753, 0.0072875237092375755, 0.008143477141857147, 0.010467957705259323, 0.008552526123821735, 0.008049871772527695, 0.007821749895811081, 0.009692087769508362, 0.012217777781188488, 0.021063528954982758, 0.014610419049859047, 0.008118790574371815, 0.00922619178891182, 0.0077855451963841915, 0.008918434381484985, 0.019595421850681305, 0.008669205009937286, 0.008803003467619419, 0.00783469993621111, 0.007721033412963152, 0.015295557677745819, 0.008104504086077213, 0.007938900962471962, 0.008150283247232437], "weapon_probs": [0.022974543273448944, 0.035859789699316025, 0.018386846408247948, 0.010612200945615768, 0.013768482953310013, 0.009105091914534569, 0.009034455753862858, 0.014301702380180359, 0.010190650820732117, 0.012189105153083801, 0.008634516038000584, 0.008736595511436462, 0.009384267963469028, 0.013235628604888916, 0.00819038599729538, 0.011278795078396797, 0.018681902438402176, 0.010559435933828354, 0.008616386912763119, 0.009781417436897755, 0.008525972254574299, 0.01258809957653284, 0.010060658678412437, 0.019448645412921906, 0.02336980402469635, 0.007325987797230482, 0.010598821565508842, 0.008129285648465157, 0.009971138089895248, 0.00770779512822628, 0.010330729186534882, 0.013520714826881886, 0.008728216402232647, 0.007662353105843067, 0.008911211043596268, 0.012104419991374016, 0.008328654803335667, 0.007550480775535107, 0.01014256477355957, 0.0078207952901721, 0.00971835758537054, 0.015785619616508484, 0.014379555359482765, 0.013856017962098122, 0.011698935180902481, 0.012304449453949928, 0.011603168211877346, 0.012023460119962692, 0.009004143998026848, 0.00851473119109869, 0.008168808184564114, 0.007323720492422581, 0.011424144729971886, 0.009171687066555023, 0.008385326713323593, 0.0079562459141016, 0.009226289577782154, 0.015362974256277084, 0.02033781260251999]}