{"loss": 0.4647442102432251, "character_probs": [0.01822691038250923, 0.02927273139357567, 0.01225590705871582, 0.010472719557583332, 0.013871531002223492, 0.010147440247237682, 0.008325664326548576, 0.011575211770832539, 0.008796446025371552, 0.02636386826634407, 0.007733321748673916, 0.00891998689621687, 0.012382589280605316, 0.00804528221487999, 0.007936469279229641, 0.007544388994574547, 0.008018283173441887, 0.016403084620833397, 0.007305322680622339, 0.007778454571962357, 0.00827182549983263, 0.007629081141203642, 0.00758004654198885, 0.010273201391100883, 0.010514785535633564, 0.010987743735313416, 0.007506291847676039, 0.007885555736720562, 0.00728583661839366, 0.007317114621400833, 0.01072649471461773, 0.008153535425662994, 0.009573843330144882, 0.007534218952059746, 0.009319765493273735, 0.007747821044176817, 0.008057252503931522, 0.007178954780101776, 0.01697401888668537, 0.009059537202119827, 0.012056593783199787, 0.010548768565058708, 0.01099381409585476, 0.007731164805591106, 0.008956232108175755, 0.008464599028229713, 0.008084485307335854, 0.008112484589219093, 0.007928162813186646, 0.0076568759977817535, 0.010606501251459122, 0.010627713985741138, 0.013476160354912281, 0.012279289774596691, 0.007613467983901501, 0.008570944890379906, 0.013944011181592941, 0.008350242860615253, 0.010448907501995564, 0.010188162326812744, 0.010804308578372002, 0.007799115963280201, 0.008280489593744278, 0.007720431312918663, 0.008601578883826733, 0.009200834669172764, 0.010106783360242844, 0.007594898343086243, 0.013863947242498398, 0.008561300113797188, 0.015509763732552528, 0.012181930243968964, 0.009246180765330791, 0.008616466075181961, 0.014062056317925453, 0.015219170600175858, 0.008246781304478645, 0.007983165793120861, 0.024847298860549927], "weapon_probs": [0.011939764022827148, 0.04715843126177788, 0.01885879598557949, 0.007390598766505718, 0.012397387064993382, 0.01755249872803688, 0.01529527548700571, 0.008831540122628212, 0.011726965196430683, 0.007134030573070049, 0.01639210246503353, 0.012782922945916653, 0.00849584024399519, 0.012288382276892662, 0.009851522743701935, 0.00803170632570982, 0.008732501417398453, 0.01111539825797081, 0.009330679662525654, 0.008839257061481476, 0.009908613748848438, 0.009195866994559765, 0.010599137283861637, 0.00962426420301199, 0.008526918478310108, 0.027701623737812042, 0.01010206900537014, 0.009893110021948814, 0.008016681298613548, 0.008086618036031723, 0.011932805180549622, 0.011813055723905563, 0.008150614798069, 0.00791855901479721, 0.010323217138648033, 0.007499475963413715, 0.01288421917706728, 0.013076309114694595, 0.009630288928747177, 0.008395018987357616, 0.008737877011299133, 0.015745511278510094, 0.007976093329489231, 0.010348436422646046, 0.009566613472998142, 0.01104314811527729, 0.016125231981277466, 0.007875628769397736, 0.014071367681026459, 0.008757191710174084, 0.010626155883073807, 0.011590400710701942, 0.008106866851449013, 0.01979197934269905, 0.008851489052176476, 0.013462363742291927, 0.008583779446780682, 0.012829924002289772, 0.023271635174751282]}