{"loss": -0.620926022529602, "character_probs": [0.02558707818388939, 0.010110192932188511, 0.026304204016923904, 0.016896869987249374, 0.011193045414984226, 0.008552826941013336, 0.0075735291466116905, 0.008422983810305595, 0.009446858428418636, 0.009392023086547852, 0.013831422664225101, 0.009174920618534088, 0.00804220512509346, 0.010315791703760624, 0.007388832978904247, 0.01000218652188778, 0.009832645766437054, 0.008211188949644566, 0.009354145266115665, 0.016983188688755035, 0.00879685953259468, 0.008226917125284672, 0.008999635465443134, 0.01101115345954895, 0.007433142978698015, 0.0077177416533231735, 0.008055808022618294, 0.008096023462712765, 0.008528846316039562, 0.008830349892377853, 0.009508595801889896, 0.008644028566777706, 0.00946353655308485, 0.00817568227648735, 0.007427073549479246, 0.007721268571913242, 0.007902605459094048, 0.013568157330155373, 0.010453863069415092, 0.010752680711448193, 0.01105259545147419, 0.008514588698744774, 0.011280284263193607, 0.009504218585789204, 0.009197931736707687, 0.011121395975351334, 0.00770949199795723, 0.015342758037149906, 0.014186743646860123, 0.012546125799417496, 0.009248124435544014, 0.009480517357587814, 0.0085977828130126, 0.012950798496603966, 0.009808468632400036, 0.008039792999625206, 0.011071647517383099, 0.009579402394592762, 0.0076718805357813835, 0.009166106581687927, 0.010480182245373726, 0.007698458153754473, 0.015066301450133324, 0.01661534234881401, 0.008765964768826962, 0.010502326302230358, 0.00963154248893261, 0.012981781736016273, 0.007906351238489151, 0.008222661912441254, 0.009477294981479645, 0.00838835071772337, 0.007126826327294111, 0.01639407128095627, 0.00917111337184906, 0.0105538759380579, 0.010582014918327332, 0.010864925570786, 0.008753976784646511], "weapon_probs": [0.03335604444146156, 0.011660488322377205, 0.02687734365463257, 0.01513698697090149, 0.01333711389452219, 0.010794325731694698, 0.013304365798830986, 0.008978355675935745, 0.00807813461869955, 0.018139369785785675, 0.011096026748418808, 0.010775242000818253, 0.008848292753100395, 0.019641870632767677, 0.008551732636988163, 0.009335128590464592, 0.008415796793997288, 0.007772091310471296, 0.008164038881659508, 0.010594564490020275, 0.009051509201526642, 0.007750815711915493, 0.013375701382756233, 0.0108369505032897, 0.020462214946746826, 0.007177440915256739, 0.008425472304224968, 0.007269246503710747, 0.007991641759872437, 0.0141732357442379, 0.007272582501173019, 0.009440053254365921, 0.011263146996498108, 0.018475089222192764, 0.01445766445249319, 0.015765070915222168, 0.009808983653783798, 0.009036754257977009, 0.009539580903947353, 0.0076064723543822765, 0.012669575400650501, 0.00970347598195076, 0.009744969196617603, 0.009579897858202457, 0.012535111978650093, 0.007855204865336418, 0.009410024620592594, 0.008757764473557472, 0.012511315755546093, 0.011456862092018127, 0.01632634922862053, 0.016034670174121857, 0.010168714448809624, 0.012350703589618206, 0.015320055186748505, 0.01414393913000822, 0.020011279731988907, 0.020837368443608284, 0.013076893985271454]}