{"loss": -0.7764111161231995, "character_probs": [0.02196495607495308, 0.009931116364896297, 0.021057654172182083, 0.01106477715075016, 0.01373991183936596, 0.011452483013272285, 0.011126815341413021, 0.015355275943875313, 0.01674165390431881, 0.020760629326105118, 0.00861393939703703, 0.013590418733656406, 0.007475614547729492, 0.00877167284488678, 0.007430230267345905, 0.008605804294347763, 0.007465488277375698, 0.010805323719978333, 0.008979469537734985, 0.008186361752450466, 0.007559566292911768, 0.007139354944229126, 0.010553593747317791, 0.008513811975717545, 0.008649705909192562, 0.00949186459183693, 0.0074663665145635605, 0.008894798345863819, 0.013097431510686874, 0.009126098826527596, 0.007167518138885498, 0.009525468572974205, 0.00855090469121933, 0.008291985839605331, 0.007197035476565361, 0.007525668945163488, 0.007364317309111357, 0.008898351341485977, 0.00822816975414753, 0.007302256301045418, 0.011551053263247013, 0.008336487226188183, 0.011048635467886925, 0.010648160241544247, 0.011504570953547955, 0.011364413425326347, 0.008109575137495995, 0.010944262146949768, 0.00837240181863308, 0.007686758413910866, 0.009707590565085411, 0.008219163864850998, 0.009383545257151127, 0.013443104922771454, 0.009306816384196281, 0.015516428276896477, 0.010466589592397213, 0.007563910447061062, 0.013070283457636833, 0.00865908619016409, 0.008838756009936333, 0.012211792171001434, 0.008174778893589973, 0.00821752566844225, 0.011579219251871109, 0.007769756019115448, 0.009626509621739388, 0.008231859654188156, 0.013882877305150032, 0.010366491973400116, 0.007800913415849209, 0.014490732923150063, 0.007843481376767159, 0.00915617123246193, 0.008549792692065239, 0.012414058670401573, 0.007643505930900574, 0.012757215648889542, 0.008931283839046955], "weapon_probs": [0.015152058564126492, 0.022788267582654953, 0.020123770460486412, 0.013080023229122162, 0.018001273274421692, 0.02243698760867119, 0.008787100203335285, 0.015098212286829948, 0.024763450026512146, 0.01132715493440628, 0.017979085445404053, 0.007744052447378635, 0.007376945111900568, 0.009339970536530018, 0.008053409866988659, 0.008097699843347073, 0.009574164636433125, 0.007494490128010511, 0.008373097516596317, 0.01711331307888031, 0.007826621644198895, 0.007660710718482733, 0.007562093902379274, 0.011442460119724274, 0.013602739199995995, 0.016246948391199112, 0.00849022064357996, 0.008561200462281704, 0.007960757240653038, 0.020909041166305542, 0.010355763137340546, 0.010872943326830864, 0.009744461625814438, 0.009855438023805618, 0.01080113835632801, 0.009272760711610317, 0.008242443203926086, 0.011638004332780838, 0.009184975177049637, 0.007911782711744308, 0.007906663231551647, 0.00811458658427, 0.009660966694355011, 0.0075717465952038765, 0.008836876600980759, 0.013100593350827694, 0.016386475414037704, 0.007972211576998234, 0.02084127813577652, 0.012303682044148445, 0.008434056304395199, 0.009161323308944702, 0.011746023781597614, 0.010861109010875225, 0.00816589780151844, 0.010950155556201935, 0.013373173773288727, 0.012685402296483517, 0.016097556799650192]}