{"loss": -0.11119282245635986, "character_probs": [0.017024025321006775, 0.015254861675202847, 0.011403677985072136, 0.030016273260116577, 0.010048815980553627, 0.01011713221669197, 0.023755952715873718, 0.007274548523128033, 0.00832485593855381, 0.007468522526323795, 0.008333288133144379, 0.00729543250054121, 0.008300520479679108, 0.018641764298081398, 0.00800367072224617, 0.007700048387050629, 0.010639066807925701, 0.013500045984983444, 0.008069600909948349, 0.007184467278420925, 0.0077043757773935795, 0.009672736749053001, 0.007494132034480572, 0.008162173442542553, 0.007281105034053326, 0.008332043886184692, 0.012800632044672966, 0.010053591802716255, 0.010151790454983711, 0.009899476543068886, 0.007443640381097794, 0.00733407586812973, 0.009090689942240715, 0.007203267887234688, 0.007629492785781622, 0.007379386108368635, 0.010904401540756226, 0.012414774857461452, 0.008331021293997765, 0.008014203980565071, 0.01617542654275894, 0.011786655522882938, 0.007418735884130001, 0.01563097909092903, 0.007339385338127613, 0.010074697434902191, 0.008038359694182873, 0.009651927277445793, 0.016576562076807022, 0.008076425641775131, 0.0074576763436198235, 0.00869288481771946, 0.008143199607729912, 0.009238540194928646, 0.007711908780038357, 0.013296637684106827, 0.00975644402205944, 0.010949235409498215, 0.008771953172981739, 0.010822691954672337, 0.010713697411119938, 0.007412371691316366, 0.009218275547027588, 0.010003299452364445, 0.014060962945222855, 0.00839744322001934, 0.0075997887179255486, 0.0075104981660842896, 0.009605404920876026, 0.00781269371509552, 0.012601802125573158, 0.008749917149543762, 0.009408950805664062, 0.01704365760087967, 0.009257214143872261, 0.009252795949578285, 0.009310279041528702, 0.009410383179783821, 0.007634567096829414], "weapon_probs": [0.030547339469194412, 0.01676592044532299, 0.02757924795150757, 0.013530489057302475, 0.01412181742489338, 0.011678408831357956, 0.01420286949723959, 0.020646721124649048, 0.010903247632086277, 0.011097019538283348, 0.007585282437503338, 0.008671265095472336, 0.007987326011061668, 0.02803528681397438, 0.008702969178557396, 0.011933933943510056, 0.008959752507507801, 0.010283078998327255, 0.009643888100981712, 0.008945776149630547, 0.009985433891415596, 0.011094663292169571, 0.007628991734236479, 0.008519109338521957, 0.008548106998205185, 0.007432058919221163, 0.009097031317651272, 0.009635917842388153, 0.00791162345558405, 0.011531321331858635, 0.01027265377342701, 0.007481459528207779, 0.008173287846148014, 0.022071221843361855, 0.007622658275067806, 0.012662069872021675, 0.00818070862442255, 0.0075469547882676125, 0.008932776749134064, 0.008253329433500767, 0.007525451481342316, 0.011214099824428558, 0.009989975020289421, 0.0074431998655200005, 0.009263010695576668, 0.008089999668300152, 0.019233794882893562, 0.010501595214009285, 0.00834067352116108, 0.008770080283284187, 0.007978051900863647, 0.00896848551928997, 0.012419825419783592, 0.008752735331654549, 0.011310387402772903, 0.015724502503871918, 0.007584156934171915, 0.008972163312137127, 0.01049694325774908]}