{"loss": 0.888295590877533, "character_probs": [0.024667557328939438, 0.01342085562646389, 0.016686920076608658, 0.009211577475070953, 0.009316356852650642, 0.012039613910019398, 0.016423299908638, 0.012781225144863129, 0.018504148349165916, 0.007949039340019226, 0.020322952419519424, 0.007617626339197159, 0.007419290021061897, 0.008424928411841393, 0.00863498356193304, 0.00775536522269249, 0.009196595288813114, 0.014349130913615227, 0.008584455586969852, 0.010053884238004684, 0.009751337580382824, 0.010690896771848202, 0.007750555872917175, 0.009599064476788044, 0.008412947878241539, 0.00835925992578268, 0.0076044825837016106, 0.008007954806089401, 0.007793979719281197, 0.009352710098028183, 0.010477999225258827, 0.009870192036032677, 0.009070774540305138, 0.013695044443011284, 0.010525541380047798, 0.007914080284535885, 0.0077434140257537365, 0.009052632376551628, 0.007175763137638569, 0.008407218381762505, 0.010292839258909225, 0.007812377065420151, 0.008739030919969082, 0.008190101012587547, 0.007583431899547577, 0.008168188855051994, 0.007749713025987148, 0.010739892721176147, 0.016477476805448532, 0.007632286287844181, 0.01082660723477602, 0.009533240459859371, 0.008401259779930115, 0.00891569722443819, 0.007653658278286457, 0.011362357065081596, 0.011741584166884422, 0.007431290112435818, 0.007929001934826374, 0.007547065149992704, 0.00787016935646534, 0.009920958429574966, 0.01405781228095293, 0.007662191987037659, 0.009020491503179073, 0.008639911189675331, 0.00910724326968193, 0.011628273874521255, 0.010640017688274384, 0.007765595335513353, 0.014613006263971329, 0.00770227424800396, 0.0075739226303994656, 0.022465627640485764, 0.012093525379896164, 0.007326823193579912, 0.021609876304864883, 0.010778296738862991, 0.010954173281788826], "weapon_probs": [0.012433459982275963, 0.019962046295404434, 0.028513167053461075, 0.016094183549284935, 0.0144345723092556, 0.008577625267207623, 0.02016066387295723, 0.009420368820428848, 0.008889801800251007, 0.00845358893275261, 0.04073989391326904, 0.008008792996406555, 0.009085617959499359, 0.008919646963477135, 0.008945059031248093, 0.013877101242542267, 0.015458582900464535, 0.00916940625756979, 0.013764265924692154, 0.008268089033663273, 0.007324030622839928, 0.009492401964962482, 0.00820822361856699, 0.007960676215589046, 0.008785066194832325, 0.007800562307238579, 0.007164451293647289, 0.011422582902014256, 0.009441984817385674, 0.0076619223691523075, 0.0079257283359766, 0.007835163734853268, 0.018491484224796295, 0.008141991682350636, 0.010917597450315952, 0.00796094536781311, 0.01376282423734665, 0.011951970867812634, 0.008588242344558239, 0.008656954392790794, 0.00859809946268797, 0.009877750650048256, 0.008525990881025791, 0.008980543352663517, 0.030576810240745544, 0.008255555294454098, 0.012679891660809517, 0.018542930483818054, 0.00827292911708355, 0.007866793312132359, 0.016285182908177376, 0.00908662285655737, 0.012882892042398453, 0.013065207749605179, 0.009309990331530571, 0.009324625134468079, 0.009275482036173344, 0.008591650985181332, 0.013566307723522186]}