{"loss": 0.743654727935791, "character_probs": [0.027140885591506958, 0.015866726636886597, 0.009294707328081131, 0.014797661453485489, 0.02914704754948616, 0.0075304205529391766, 0.007637882139533758, 0.01109541766345501, 0.013646114617586136, 0.01071520522236824, 0.009083468466997147, 0.00879237987101078, 0.008485504426062107, 0.011595416814088821, 0.007545230910181999, 0.010372493416070938, 0.007207119837403297, 0.007400610018521547, 0.009707045741379261, 0.00890445802360773, 0.009385671466588974, 0.00857597403228283, 0.010006722994148731, 0.008594561368227005, 0.008661733008921146, 0.007702024187892675, 0.010788177140057087, 0.007916522212326527, 0.007989411242306232, 0.00822238065302372, 0.007476872764527798, 0.01699168048799038, 0.008643081411719322, 0.007659530732780695, 0.009778267703950405, 0.010229630395770073, 0.007705747149884701, 0.007568138651549816, 0.012204736471176147, 0.008692423813045025, 0.013308776542544365, 0.013193660415709019, 0.008372515439987183, 0.00844624638557434, 0.0077690239995718, 0.011246718466281891, 0.011249860748648643, 0.00843513011932373, 0.008341258391737938, 0.007467147894203663, 0.008603386580944061, 0.007599279284477234, 0.010264502838253975, 0.008542529307305813, 0.009930061176419258, 0.007851229049265385, 0.007914159446954727, 0.012273561209440231, 0.010413085110485554, 0.010873129591345787, 0.007963868789374828, 0.007466056849807501, 0.008642196655273438, 0.009178848937153816, 0.00836698617786169, 0.011975094676017761, 0.017170000821352005, 0.014362026005983353, 0.00787947978824377, 0.008535283617675304, 0.008204666897654533, 0.008620603010058403, 0.007687067613005638, 0.03397737070918083, 0.007931162603199482, 0.008616824634373188, 0.008608497679233551, 0.008014156483113766, 0.010013991966843605], "weapon_probs": [0.021213345229625702, 0.03300557658076286, 0.018303178250789642, 0.01288000587373972, 0.009872964583337307, 0.015322904102504253, 0.010173100978136063, 0.010842347517609596, 0.027309902012348175, 0.008587628602981567, 0.015467898920178413, 0.014662854373455048, 0.007924335077404976, 0.00890083983540535, 0.011344509199261665, 0.01040138490498066, 0.01026807352900505, 0.011092733591794968, 0.008502197451889515, 0.007752776145935059, 0.007436053361743689, 0.015623846091330051, 0.008015093393623829, 0.007391215302050114, 0.009412545710802078, 0.007176815997809172, 0.007791556417942047, 0.009178506210446358, 0.008506416343152523, 0.010030754841864109, 0.010088587179780006, 0.012424951419234276, 0.0076418654061853886, 0.008873808197677135, 0.013535762205719948, 0.007320976350456476, 0.009889796376228333, 0.009058244526386261, 0.00863291509449482, 0.009263070300221443, 0.010052678175270557, 0.03562973439693451, 0.007747734896838665, 0.01313685905188322, 0.013025682419538498, 0.013550379313528538, 0.010077357292175293, 0.008334657177329063, 0.011454467661678791, 0.0114290751516819, 0.008987924084067345, 0.009330423548817635, 0.00954430177807808, 0.013126526027917862, 0.01331979501992464, 0.011014530435204506, 0.008968798443675041, 0.008890447206795216, 0.02375323325395584]}