{"loss": -0.9985317587852478, "character_probs": [0.022405091673135757, 0.030539818108081818, 0.008565464988350868, 0.011995799839496613, 0.015806425362825394, 0.011532718315720558, 0.0077873519621789455, 0.00960322842001915, 0.010662058368325233, 0.0077568478882312775, 0.008624316193163395, 0.012673085555434227, 0.010487359017133713, 0.008782917633652687, 0.007825994864106178, 0.00914151594042778, 0.017202580347657204, 0.009290163405239582, 0.009185142815113068, 0.008113912306725979, 0.00851589348167181, 0.009159320965409279, 0.01030481606721878, 0.012182645499706268, 0.007978703826665878, 0.007745323237031698, 0.009577594697475433, 0.007945835590362549, 0.007467122748494148, 0.02034270390868187, 0.007834427990019321, 0.007310023531317711, 0.009265854954719543, 0.008594893850386143, 0.007368965074419975, 0.008440496399998665, 0.007843310944736004, 0.007812310941517353, 0.011967983096837997, 0.007611511275172234, 0.007614580448716879, 0.007923463359475136, 0.007497085258364677, 0.009105505421757698, 0.007484473753720522, 0.009040651842951775, 0.009885789826512337, 0.007573175244033337, 0.00782094243913889, 0.016162630170583725, 0.010942729189991951, 0.010327233001589775, 0.00936977006494999, 0.015893898904323578, 0.010523924604058266, 0.00835077092051506, 0.008114989846944809, 0.007850710302591324, 0.01275740098208189, 0.009014790877699852, 0.007899020798504353, 0.00941440835595131, 0.007894087582826614, 0.008181927725672722, 0.014660051092505455, 0.013899268582463264, 0.008570075035095215, 0.009281245060265064, 0.008030135184526443, 0.010668512433767319, 0.011734474450349808, 0.011432160623371601, 0.009437107481062412, 0.016773203387856483, 0.008622739464044571, 0.010873652994632721, 0.008523921482264996, 0.008896823972463608, 0.008146962150931358], "weapon_probs": [0.02998652309179306, 0.015650659799575806, 0.009520135819911957, 0.027453232556581497, 0.015882745385169983, 0.009443002752959728, 0.008797421120107174, 0.009792064316570759, 0.01814701221883297, 0.02801656723022461, 0.007685809396207333, 0.014679154381155968, 0.013637974858283997, 0.009549385868012905, 0.013122567906975746, 0.008460314013063908, 0.010919434018433094, 0.007569137029349804, 0.007938563823699951, 0.008078583516180515, 0.007608017884194851, 0.013921482488512993, 0.010145102627575397, 0.014243204146623611, 0.01038916315883398, 0.008924990892410278, 0.011003643274307251, 0.009728200733661652, 0.014902671799063683, 0.008459825068712234, 0.009287530556321144, 0.00833422876894474, 0.008375255391001701, 0.010112946853041649, 0.01036788895726204, 0.010221217758953571, 0.008538804017007351, 0.007470357697457075, 0.0090265441685915, 0.008064234629273415, 0.007825629785656929, 0.008723213337361813, 0.00772674847394228, 0.011880328878760338, 0.008692814037203789, 0.007979903370141983, 0.012577767483890057, 0.010048541240394115, 0.008127826265990734, 0.014959560707211494, 0.010069632902741432, 0.02108936943113804, 0.014619190245866776, 0.009056149050593376, 0.022307787090539932, 0.008731640875339508, 0.010158643126487732, 0.019067946821451187, 0.012743012979626656]}