{"loss": -0.9126949310302734, "character_probs": [0.021489491686224937, 0.024052046239376068, 0.0094150360673666, 0.012191426940262318, 0.008992600254714489, 0.0114518441259861, 0.01921364665031433, 0.009271456860005856, 0.010271115228533745, 0.010168763808906078, 0.007781750988215208, 0.01122862845659256, 0.00817854143679142, 0.009303747676312923, 0.010258441790938377, 0.008178135380148888, 0.012154808267951012, 0.020910296589136124, 0.010767470113933086, 0.009298895485699177, 0.00782784353941679, 0.0072499727830290794, 0.008480138145387173, 0.007549729663878679, 0.010119586251676083, 0.007599236443638802, 0.008513585664331913, 0.008093713782727718, 0.008002733811736107, 0.0075523280538618565, 0.014817411080002785, 0.009218149818480015, 0.007327305153012276, 0.013875577598810196, 0.009872199967503548, 0.007496727630496025, 0.00830962136387825, 0.007392541039735079, 0.007680837064981461, 0.013373798690736294, 0.008625365793704987, 0.007762926165014505, 0.007914605550467968, 0.013203258626163006, 0.00730005232617259, 0.009756459854543209, 0.0074582695960998535, 0.016653157770633698, 0.008803282864391804, 0.007792903110384941, 0.00770467147231102, 0.0077810389921069145, 0.007454707752913237, 0.00866628810763359, 0.010725836269557476, 0.010907495394349098, 0.016500582918524742, 0.011991946026682854, 0.01120880525559187, 0.008287185803055763, 0.010425685904920101, 0.008549349382519722, 0.01061389222741127, 0.007099410053342581, 0.007573168724775314, 0.007243510335683823, 0.015260192565619946, 0.007935194298624992, 0.010612583719193935, 0.011126276105642319, 0.01512791495770216, 0.011648926883935928, 0.011092446744441986, 0.00826894398778677, 0.008775794878602028, 0.01229774858802557, 0.009298838675022125, 0.013939999043941498, 0.009547265246510506], "weapon_probs": [0.030327685177326202, 0.02133025974035263, 0.011177407577633858, 0.01507748756557703, 0.021284155547618866, 0.018829140812158585, 0.011073388159275055, 0.015125016681849957, 0.00861589889973402, 0.009535353630781174, 0.013276409357786179, 0.007872970774769783, 0.00821040291339159, 0.008757798001170158, 0.008628273382782936, 0.007905082777142525, 0.012825890444219112, 0.014619377441704273, 0.008033107034862041, 0.007609457243233919, 0.007754788268357515, 0.01802172139286995, 0.012406738474965096, 0.008269491605460644, 0.008936185389757156, 0.008891408331692219, 0.0073410989716649055, 0.009460462257266045, 0.0076682595536112785, 0.0102566909044981, 0.00742146372795105, 0.008168324828147888, 0.008848479948937893, 0.00822118017822504, 0.016689399257302284, 0.051768362522125244, 0.009736761450767517, 0.00964419450610876, 0.020148666575551033, 0.007636047434061766, 0.0075570144690573215, 0.009315548464655876, 0.008525858633220196, 0.01027713343501091, 0.008485359139740467, 0.009331442415714264, 0.0072623006999492645, 0.009180722758173943, 0.008067433722317219, 0.008238101378083229, 0.00898740440607071, 0.010144757106900215, 0.0085505535826087, 0.018593698740005493, 0.010772385634481907, 0.007681719027459621, 0.008623190224170685, 0.008307830430567265, 0.010064952075481415]}