{"loss": 0.4385456144809723, "character_probs": [0.022663936018943787, 0.02250484563410282, 0.01499267015606165, 0.01947343535721302, 0.007734558545053005, 0.009960323572158813, 0.007732510566711426, 0.012372048571705818, 0.013072262518107891, 0.009225551038980484, 0.008213119581341743, 0.013700274750590324, 0.007666454184800386, 0.010207338258624077, 0.01006486639380455, 0.007756687235087156, 0.009941339492797852, 0.008381773717701435, 0.008843228220939636, 0.017124854028224945, 0.008603449910879135, 0.010392592288553715, 0.011369998566806316, 0.007665067911148071, 0.007776632439345121, 0.01132926344871521, 0.007653293665498495, 0.008315485902130604, 0.007647786755114794, 0.007418252062052488, 0.008029984310269356, 0.00808812491595745, 0.010834470391273499, 0.007897252216935158, 0.008726165629923344, 0.008030625060200691, 0.0077062644995749, 0.01037503406405449, 0.007754643447697163, 0.008118131197988987, 0.009124711155891418, 0.010484516620635986, 0.009907291270792484, 0.008008666336536407, 0.008368441835045815, 0.01013753842562437, 0.014692566357553005, 0.007651717402040958, 0.008467663079500198, 0.012424290180206299, 0.009772399440407753, 0.007350947242230177, 0.010750947520136833, 0.00938296690583229, 0.010142053477466106, 0.02011820301413536, 0.007754302117973566, 0.011165155097842216, 0.010258480906486511, 0.007770610973238945, 0.015183450654149055, 0.007514218334108591, 0.012448485009372234, 0.010306344367563725, 0.008087745867669582, 0.011899655684828758, 0.008042513392865658, 0.008907592855393887, 0.00833946280181408, 0.00829737912863493, 0.008697484619915485, 0.008760374039411545, 0.007963141426444054, 0.017803659662604332, 0.0107948649674654, 0.008605685085058212, 0.007567472290247679, 0.012184730730950832, 0.012367661111056805], "weapon_probs": [0.029353521764278412, 0.016766861081123352, 0.013277854770421982, 0.024485737085342407, 0.013035234063863754, 0.012517442926764488, 0.011950209736824036, 0.012671217322349548, 0.013827687129378319, 0.011206542141735554, 0.011819891631603241, 0.00944511592388153, 0.009471478872001171, 0.010570219717919827, 0.011283071711659431, 0.021577630192041397, 0.009567123837769032, 0.01381757203489542, 0.008281056769192219, 0.015312536619603634, 0.012911388650536537, 0.007236912846565247, 0.008153954520821571, 0.011033780872821808, 0.01633457839488983, 0.007763548754155636, 0.007346341852098703, 0.009190859273076057, 0.01289401762187481, 0.011389899998903275, 0.012413740158081055, 0.008493595756590366, 0.009296733886003494, 0.00883714109659195, 0.009340082295238972, 0.008543061092495918, 0.009451381862163544, 0.009444993920624256, 0.008424906060099602, 0.008317255415022373, 0.011087866500020027, 0.00963144563138485, 0.008787982165813446, 0.007656022906303406, 0.009064769372344017, 0.008969764225184917, 0.008334610611200333, 0.01012128684669733, 0.016554582864046097, 0.009119397029280663, 0.009529086761176586, 0.014803674072027206, 0.009225902147591114, 0.009538805112242699, 0.008823281154036522, 0.029039088636636734, 0.022261910140514374, 0.01254456676542759, 0.010127966292202473]}