{"loss": -0.8078932762145996, "character_probs": [0.030065998435020447, 0.014906739816069603, 0.014862117357552052, 0.01275860145688057, 0.010021718218922615, 0.008043093606829643, 0.009464140050113201, 0.01809510588645935, 0.00919562391936779, 0.009167262353003025, 0.012022335082292557, 0.008096940815448761, 0.010264340788125992, 0.008353625424206257, 0.008593831211328506, 0.007889819331467152, 0.02688981592655182, 0.008061324246227741, 0.008382465690374374, 0.007284253835678101, 0.008504017256200314, 0.008479413576424122, 0.007589405868202448, 0.009103807620704174, 0.008347747847437859, 0.008442560210824013, 0.009806759655475616, 0.008875451982021332, 0.007337477058172226, 0.017156045883893967, 0.008071922697126865, 0.01199940126389265, 0.007829645648598671, 0.010127567686140537, 0.007138247136026621, 0.012170307338237762, 0.0075942110270261765, 0.00822431780397892, 0.009648548439145088, 0.00858926959335804, 0.008583150804042816, 0.00902126170694828, 0.009748986922204494, 0.00742684118449688, 0.008245043456554413, 0.008225038647651672, 0.009785730391740799, 0.009008818306028843, 0.008976121433079243, 0.0077642714604735374, 0.007701759226620197, 0.010202134028077126, 0.00839478150010109, 0.010643589310348034, 0.00878236535936594, 0.01084588747471571, 0.011210260912775993, 0.011962639167904854, 0.008089041337370872, 0.008394750766456127, 0.014268524944782257, 0.007916462607681751, 0.010930393822491169, 0.00966588594019413, 0.007406406104564667, 0.011468632146716118, 0.008995205163955688, 0.0076740761287510395, 0.011249616742134094, 0.009628666564822197, 0.008389840833842754, 0.013617567718029022, 0.011731049045920372, 0.013728921301662922, 0.008642775006592274, 0.010050643235445023, 0.023369010537862778, 0.010840081609785557, 0.008820983581244946], "weapon_probs": [0.019339874386787415, 0.011755289509892464, 0.019797924906015396, 0.013468297198414803, 0.02208533138036728, 0.01907213404774666, 0.010734409093856812, 0.025154292583465576, 0.010597177781164646, 0.016962062567472458, 0.017906643450260162, 0.010384229011833668, 0.013595190830528736, 0.011562165804207325, 0.007625507190823555, 0.010208334773778915, 0.008795499801635742, 0.009277870878577232, 0.010525461286306381, 0.014000811614096165, 0.010151464492082596, 0.009994236752390862, 0.007630337495356798, 0.00926617905497551, 0.01088592130690813, 0.010583547875285149, 0.008520117029547691, 0.008312836289405823, 0.007579337805509567, 0.011076538823544979, 0.00809411145746708, 0.008022015914320946, 0.0103762773796916, 0.0077762603759765625, 0.012409023009240627, 0.010510575026273727, 0.008876286447048187, 0.012144498527050018, 0.009329983964562416, 0.010539492592215538, 0.009790644980967045, 0.010449444875121117, 0.007281498983502388, 0.0072168586775660515, 0.007292831316590309, 0.012993253767490387, 0.00759065942838788, 0.013812147080898285, 0.020712589845061302, 0.013949877582490444, 0.01566838100552559, 0.01785886660218239, 0.008816421963274479, 0.008615272119641304, 0.010629408061504364, 0.009626707062125206, 0.01482628844678402, 0.014418471604585648, 0.012583829462528229]}