{"loss": -0.8949212431907654, "character_probs": [0.020415129140019417, 0.008873180486261845, 0.017969094216823578, 0.019243214279413223, 0.011093603447079659, 0.013671512715518475, 0.008330412209033966, 0.012730684131383896, 0.010298077948391438, 0.01707836240530014, 0.009225011803209782, 0.009336632676422596, 0.008635026402771473, 0.008281687274575233, 0.008173786103725433, 0.009252972900867462, 0.009797120466828346, 0.007950573228299618, 0.016605034470558167, 0.009891858324408531, 0.008469273336231709, 0.013958361931145191, 0.008139213547110558, 0.008093563839793205, 0.008075281977653503, 0.007864492014050484, 0.007702781818807125, 0.007871613837778568, 0.00867409911006689, 0.008494291454553604, 0.009203929454088211, 0.008608891628682613, 0.008774381130933762, 0.007767190225422382, 0.00853767804801464, 0.009695593267679214, 0.017375990748405457, 0.007849087938666344, 0.009160937741398811, 0.00769738620147109, 0.007139251101762056, 0.007581651676446199, 0.00784329418092966, 0.007991734892129898, 0.03387615457177162, 0.007503320463001728, 0.007668766193091869, 0.013228034600615501, 0.008681641891598701, 0.013818632811307907, 0.007341157179325819, 0.007318293210119009, 0.007831430062651634, 0.014883188530802727, 0.008047619834542274, 0.007513790857046843, 0.01319785788655281, 0.008477894589304924, 0.00759137375280261, 0.008999848738312721, 0.007202903274446726, 0.011169157922267914, 0.011753860861063004, 0.008800039067864418, 0.00836173165589571, 0.007695510517805815, 0.007912094704806805, 0.008103365078568459, 0.007538713980466127, 0.022865813225507736, 0.008410821668803692, 0.007703432813286781, 0.012835972011089325, 0.01058875396847725, 0.00815008394420147, 0.012984028086066246, 0.010601451620459557, 0.008737893775105476, 0.01276635006070137], "weapon_probs": [0.024597663432359695, 0.0258195623755455, 0.014768373221158981, 0.013339639641344547, 0.010479729622602463, 0.009410528466105461, 0.01755242422223091, 0.017420779913663864, 0.00817951001226902, 0.013047104701399803, 0.021327359601855278, 0.02370578423142433, 0.008451811037957668, 0.010997826233506203, 0.012444768100976944, 0.008547933772206306, 0.015083586797118187, 0.00933048315346241, 0.009743520990014076, 0.01051986776292324, 0.008738565258681774, 0.008232912980020046, 0.007900740951299667, 0.009037882089614868, 0.007956133224070072, 0.007517519406974316, 0.008904295973479748, 0.007739214226603508, 0.008262314833700657, 0.007106376346200705, 0.009406114928424358, 0.008446778170764446, 0.011464709416031837, 0.014274967834353447, 0.009527185931801796, 0.007567770779132843, 0.008028676733374596, 0.008716325275599957, 0.007480213884264231, 0.012190919369459152, 0.02596995234489441, 0.008429278619587421, 0.01777462847530842, 0.011178139597177505, 0.010831203311681747, 0.007968541234731674, 0.00944204069674015, 0.010776654817163944, 0.010861806571483612, 0.011245958507061005, 0.009511449374258518, 0.008885162882506847, 0.0171336866915226, 0.011382021009922028, 0.017790690064430237, 0.016410548239946365, 0.00907590240240097, 0.008155938237905502, 0.008897866122424603]}