{"loss": -0.6558130383491516, "character_probs": [0.014960205182433128, 0.023160483688116074, 0.010646694339811802, 0.01571843773126602, 0.009685002267360687, 0.011408878490328789, 0.022147510200738907, 0.02335500717163086, 0.008900000713765621, 0.0081330556422472, 0.007400549948215485, 0.008172385394573212, 0.010207615792751312, 0.013173822313547134, 0.01074291579425335, 0.008883046917617321, 0.007295110262930393, 0.012257080525159836, 0.00739528751000762, 0.008156982250511646, 0.008157963864505291, 0.008636672049760818, 0.007454592734575272, 0.008498311042785645, 0.007794140372425318, 0.008512613363564014, 0.008563331328332424, 0.008172208443284035, 0.007388479076325893, 0.008080275729298592, 0.010937349870800972, 0.007998594082891941, 0.007443258073180914, 0.009195745922625065, 0.00752907944843173, 0.010440009646117687, 0.010973718017339706, 0.00833942275494337, 0.008091878145933151, 0.008727368898689747, 0.008683384396135807, 0.008747847750782967, 0.012043419294059277, 0.010785614140331745, 0.011640346609055996, 0.00865013338625431, 0.016640745103359222, 0.00756274675950408, 0.00737624429166317, 0.014618843793869019, 0.008043000474572182, 0.010954558849334717, 0.00834594201296568, 0.012587480247020721, 0.014285434037446976, 0.01222650520503521, 0.012366890907287598, 0.00922880508005619, 0.008704951032996178, 0.008500662632286549, 0.007263620384037495, 0.00964755192399025, 0.007833536714315414, 0.01192490104585886, 0.008481763303279877, 0.009040120989084244, 0.011915754526853561, 0.009187697432935238, 0.009772388264536858, 0.012873045168817043, 0.00867244228720665, 0.00917274970561266, 0.010909942910075188, 0.009225510060787201, 0.009326108731329441, 0.012958143837749958, 0.010934688150882721, 0.015522533096373081, 0.012818883173167706], "weapon_probs": [0.02710646018385887, 0.017491286620497704, 0.013598702847957611, 0.012654656544327736, 0.01499137468636036, 0.013470245525240898, 0.04458118975162506, 0.008567373268306255, 0.011746672913432121, 0.012244999408721924, 0.008491148240864277, 0.014037366956472397, 0.007542073726654053, 0.00933736190199852, 0.009277567267417908, 0.007957162335515022, 0.009291393682360649, 0.007963668555021286, 0.0121080931276083, 0.007334601134061813, 0.011153154075145721, 0.013173865154385567, 0.011251376941800117, 0.01856294646859169, 0.007865693420171738, 0.00907894503325224, 0.009163562208414078, 0.009138048626482487, 0.007882842794060707, 0.007778837811201811, 0.01085931807756424, 0.0076249162666499615, 0.010502834804356098, 0.010726678185164928, 0.010001998394727707, 0.008931969292461872, 0.010588506236672401, 0.00743902800604701, 0.008276419714093208, 0.008437840268015862, 0.007865913212299347, 0.01819538325071335, 0.011592063121497631, 0.008922084234654903, 0.010378553532063961, 0.0083227027207613, 0.008192254230380058, 0.011198935098946095, 0.014558687806129456, 0.014708811417222023, 0.009093179367482662, 0.0153309665620327, 0.013741748407483101, 0.009229556657373905, 0.011126341298222542, 0.008893374353647232, 0.014048995450139046, 0.015140285715460777, 0.01964443176984787]}