{"loss": -0.992118775844574, "character_probs": [0.01791566237807274, 0.014297783374786377, 0.015477895736694336, 0.013979991897940636, 0.016056682914495468, 0.012357689440250397, 0.014822953380644321, 0.008965120650827885, 0.012463519349694252, 0.009335453622043133, 0.010162495076656342, 0.008660559542477131, 0.02377215027809143, 0.011007819324731827, 0.008117132820189, 0.011653921566903591, 0.007520638406276703, 0.007945803925395012, 0.008165419101715088, 0.009101411327719688, 0.007506949827075005, 0.009152624756097794, 0.007405964192003012, 0.008025506511330605, 0.007644100114703178, 0.00782016757875681, 0.008136801421642303, 0.008091229014098644, 0.007907451130449772, 0.012730018235743046, 0.007932081818580627, 0.010250622406601906, 0.00781466718763113, 0.01107266079634428, 0.00933703500777483, 0.013074694201350212, 0.007475130259990692, 0.0076942527666687965, 0.009253810159862041, 0.01142109464854002, 0.008098860271275043, 0.012879039160907269, 0.009196829050779343, 0.00774278212338686, 0.007843922823667526, 0.015018067322671413, 0.00962753500789404, 0.011803114786744118, 0.007726929150521755, 0.013638601638376713, 0.008779892697930336, 0.009403539821505547, 0.009530838578939438, 0.007564932107925415, 0.0074083986692130566, 0.008786271326243877, 0.008070249110460281, 0.012731273658573627, 0.009680258110165596, 0.016807932406663895, 0.008645380847156048, 0.01225123181939125, 0.009379943832755089, 0.008193048648536205, 0.00798085704445839, 0.010679622180759907, 0.009925220161676407, 0.009132321923971176, 0.01051178015768528, 0.010737319476902485, 0.009649058803915977, 0.009891039691865444, 0.01113419234752655, 0.010913202539086342, 0.009001201950013638, 0.011249965056777, 0.013525948859751225, 0.00816420093178749, 0.00988476350903511], "weapon_probs": [0.045312847942113876, 0.014382989145815372, 0.01854611374437809, 0.010592913255095482, 0.016605108976364136, 0.009106066077947617, 0.013313112780451775, 0.008616323582828045, 0.014278726652264595, 0.009093960747122765, 0.010074549354612827, 0.024361342191696167, 0.014125010930001736, 0.013346672058105469, 0.007435934618115425, 0.00732363760471344, 0.00892485398799181, 0.01509415078908205, 0.007731982972472906, 0.008746640756726265, 0.010940872132778168, 0.00752679631114006, 0.00875192228704691, 0.007385150529444218, 0.008986097760498524, 0.008603367954492569, 0.00918487086892128, 0.008596598170697689, 0.011607818305492401, 0.0076902019791305065, 0.012985914945602417, 0.008255789056420326, 0.009145358577370644, 0.010108954273164272, 0.01010478101670742, 0.00927977915853262, 0.010274196043610573, 0.013786714524030685, 0.00832421611994505, 0.009209271520376205, 0.008852966129779816, 0.007711698301136494, 0.014104679226875305, 0.015330033376812935, 0.01208523754030466, 0.009649989195168018, 0.0071525899693369865, 0.020042959600687027, 0.010137338191270828, 0.010712359100580215, 0.012387681752443314, 0.009813632816076279, 0.014895303174853325, 0.01814153790473938, 0.013276897370815277, 0.013128524646162987, 0.009082837030291557, 0.009113653562963009, 0.007891561836004257]}