{"loss": 0.9742258787155151, "character_probs": [0.026058539748191833, 0.013976797461509705, 0.02254471182823181, 0.010179556906223297, 0.018775328993797302, 0.012968205846846104, 0.00925216544419527, 0.008094679564237595, 0.00848338846117258, 0.01050908025354147, 0.012250617146492004, 0.009987734258174896, 0.007173228543251753, 0.00923556461930275, 0.008302303031086922, 0.011053760536015034, 0.008256926201283932, 0.009868631139397621, 0.01515389047563076, 0.0077639673836529255, 0.008561736904084682, 0.008910184726119041, 0.00802559033036232, 0.01152409240603447, 0.007963059470057487, 0.008348355069756508, 0.007711807731539011, 0.007228710688650608, 0.007645256817340851, 0.008397604338824749, 0.011296737939119339, 0.008480535820126534, 0.009255526587367058, 0.007279851473867893, 0.009410466067492962, 0.008260802365839481, 0.014346243813633919, 0.008654915727674961, 0.008793008513748646, 0.009655882604420185, 0.009310804307460785, 0.013011998496949673, 0.007479895371943712, 0.008172689005732536, 0.007281124126166105, 0.015342394821345806, 0.010819246992468834, 0.007414775434881449, 0.011241014115512371, 0.009298584423959255, 0.008819589391350746, 0.008376913145184517, 0.008165021426975727, 0.008320415392518044, 0.022493045777082443, 0.007984724827110767, 0.00912872701883316, 0.008344699628651142, 0.008214917965233326, 0.007353825960308313, 0.009096664376556873, 0.012819552794098854, 0.010101905092597008, 0.0088536087423563, 0.008508970960974693, 0.012131797149777412, 0.01080007292330265, 0.009500536136329174, 0.014355466701090336, 0.011418066918849945, 0.007472282741218805, 0.007501025218516588, 0.008043989539146423, 0.009583013132214546, 0.00827291700989008, 0.00963294506072998, 0.011839613318443298, 0.00782256294041872, 0.014626151882112026], "weapon_probs": [0.022063955664634705, 0.022352704778313637, 0.019742220640182495, 0.010748611763119698, 0.021197974681854248, 0.008425628766417503, 0.008806975558400154, 0.0104328952729702, 0.009499509818851948, 0.02455897629261017, 0.011352840811014175, 0.036922160536050797, 0.008794923312962055, 0.007908177562057972, 0.012361399829387665, 0.011600000783801079, 0.011957287788391113, 0.008598669432103634, 0.007741623092442751, 0.007510428782552481, 0.0072311898693442345, 0.011913498863577843, 0.008157560601830482, 0.007258640602231026, 0.011304999701678753, 0.007309846580028534, 0.008189874701201916, 0.00819711945950985, 0.008823401294648647, 0.009117815643548965, 0.010136287659406662, 0.007812688127160072, 0.010345619171857834, 0.014925222843885422, 0.007285169325768948, 0.01269056461751461, 0.011362617835402489, 0.008824524469673634, 0.015326776541769505, 0.009058848023414612, 0.014034906402230263, 0.009999267756938934, 0.007829122245311737, 0.0124038802459836, 0.01173536665737629, 0.00899605080485344, 0.011416887864470482, 0.00841679610311985, 0.008644009940326214, 0.008323448710143566, 0.012976303696632385, 0.012203264981508255, 0.009279612451791763, 0.009230751544237137, 0.009530625306069851, 0.01159539632499218, 0.00932127982378006, 0.02384205535054207, 0.032620228826999664]}