{"loss": 0.27103811502456665, "character_probs": [0.012102280743420124, 0.044101204723119736, 0.01865636557340622, 0.009192463010549545, 0.010410793125629425, 0.00794464536011219, 0.009011874906718731, 0.009285845793783665, 0.009293828159570694, 0.008668135851621628, 0.011094365268945694, 0.008612977340817451, 0.009165237657725811, 0.007773114368319511, 0.013015421107411385, 0.007949911057949066, 0.00732519431039691, 0.009981727227568626, 0.008020017296075821, 0.007429251912981272, 0.011146808043122292, 0.01579654961824417, 0.009810318239033222, 0.009778382256627083, 0.009717870503664017, 0.01088795904070139, 0.007504280190914869, 0.007724832743406296, 0.009623978286981583, 0.007449159398674965, 0.008369323797523975, 0.013896223157644272, 0.008274048566818237, 0.008180440403521061, 0.007919389754533768, 0.010901032947003841, 0.014692004770040512, 0.008649718947708607, 0.009480825625360012, 0.00745603209361434, 0.010596131905913353, 0.00946961622685194, 0.008002407848834991, 0.008343812078237534, 0.008803744800388813, 0.009545103646814823, 0.0076433406211435795, 0.007563902996480465, 0.007739248685538769, 0.011567369103431702, 0.008912304416298866, 0.008891100995242596, 0.009036548435688019, 0.008770311251282692, 0.007640205789357424, 0.009046993218362331, 0.00782535970211029, 0.007968714460730553, 0.013503242284059525, 0.010923795402050018, 0.011133634485304356, 0.01080650556832552, 0.013917611911892891, 0.010003780014812946, 0.007616459392011166, 0.010448843240737915, 0.008034994825720787, 0.011072134599089622, 0.007741876877844334, 0.012922845780849457, 0.007620165124535561, 0.018118590116500854, 0.016493571922183037, 0.012564501725137234, 0.008083083666861057, 0.009718948975205421, 0.00953811127692461, 0.00815892405807972, 0.008356016129255295], "weapon_probs": [0.02499023824930191, 0.03229492902755737, 0.018148217350244522, 0.008132296614348888, 0.020361118018627167, 0.009902741760015488, 0.01607142575085163, 0.008072604425251484, 0.01614122837781906, 0.013091434724628925, 0.011694787070155144, 0.008777308277785778, 0.010305985808372498, 0.011655660346150398, 0.008792229928076267, 0.009190116077661514, 0.010276312939822674, 0.008725802414119244, 0.009125446900725365, 0.00836599338799715, 0.014502238482236862, 0.008493749424815178, 0.008948164992034435, 0.007264410145580769, 0.00894108135253191, 0.007955093868076801, 0.01658138446509838, 0.008040071465075016, 0.012346035800874233, 0.01162220910191536, 0.012249354273080826, 0.009137044660747051, 0.008778226561844349, 0.009675752371549606, 0.008932455442845821, 0.010318923741579056, 0.012599315494298935, 0.018581483513116837, 0.009907878935337067, 0.012703817337751389, 0.007821056991815567, 0.0073430510237813, 0.018032051622867584, 0.011221056804060936, 0.010941748507320881, 0.008988067507743835, 0.008635693229734898, 0.012808162719011307, 0.010426521301269531, 0.021921489387750626, 0.00791669636964798, 0.016520142555236816, 0.008315445855259895, 0.010759438388049603, 0.011383570730686188, 0.011822184547781944, 0.009093394502997398, 0.010081860236823559, 0.014304833486676216]}