{"loss": 0.45340219140052795, "character_probs": [0.017489628866314888, 0.02166617102921009, 0.012606769800186157, 0.020571593195199966, 0.017915762960910797, 0.01532304473221302, 0.010294582694768906, 0.008917813189327717, 0.007580450735986233, 0.013029931113123894, 0.010787726379930973, 0.008617951534688473, 0.00866626761853695, 0.010100649669766426, 0.011805741116404533, 0.007382655516266823, 0.00798896886408329, 0.008520840667188168, 0.009768392890691757, 0.007944469340145588, 0.007877198979258537, 0.011864466592669487, 0.008436474949121475, 0.0077208420261740685, 0.00818656850606203, 0.007864190265536308, 0.008174266666173935, 0.011868627741932869, 0.007174276281148195, 0.010295912623405457, 0.008164786733686924, 0.007382467854768038, 0.007739061489701271, 0.007687696721404791, 0.007187239825725555, 0.009143570438027382, 0.00927125196903944, 0.010172580368816853, 0.007799423299729824, 0.016378633677959442, 0.009253567084670067, 0.007963346317410469, 0.009924383834004402, 0.009202465415000916, 0.007166972383856773, 0.019530490040779114, 0.010595030151307583, 0.00811371672898531, 0.010250804014503956, 0.008809905499219894, 0.007765548769384623, 0.007641324773430824, 0.008502130396664143, 0.010272335261106491, 0.007413323502987623, 0.010134351439774036, 0.009902788326144218, 0.026340026408433914, 0.007943891920149326, 0.008216412737965584, 0.007811916526407003, 0.009129169397056103, 0.014137525111436844, 0.008035155013203621, 0.007317938841879368, 0.007735991384834051, 0.01519927941262722, 0.009063731878995895, 0.0074911038391292095, 0.015300129540264606, 0.008134442381560802, 0.007637118920683861, 0.012670690193772316, 0.00815362948924303, 0.02594960480928421, 0.01409965194761753, 0.008167918771505356, 0.0077589647844433784, 0.008104631677269936], "weapon_probs": [0.02393459901213646, 0.02208610437810421, 0.04622465744614601, 0.009904680773615837, 0.01503867469727993, 0.009687135927379131, 0.008253831416368484, 0.008846737444400787, 0.012179447337985039, 0.01650245115160942, 0.013668827712535858, 0.008314271457493305, 0.007889959961175919, 0.025378428399562836, 0.011529030278325081, 0.008876551873981953, 0.00988505594432354, 0.007300578057765961, 0.007695447653532028, 0.007463906891644001, 0.007867432199418545, 0.007315128576010466, 0.008577273227274418, 0.008524669334292412, 0.00800613034516573, 0.008715629577636719, 0.009002660401165485, 0.016529306769371033, 0.007394782267510891, 0.007310500368475914, 0.008197170682251453, 0.008651766926050186, 0.007428884506225586, 0.009728441946208477, 0.008364317007362843, 0.008763917721807957, 0.007784371729940176, 0.015630673617124557, 0.009938457049429417, 0.012424330227077007, 0.008433893322944641, 0.008094731718301773, 0.011321802623569965, 0.012834381312131882, 0.007918504066765308, 0.008096694946289062, 0.008576514199376106, 0.010916169732809067, 0.010576929897069931, 0.022756632417440414, 0.011844662949442863, 0.009076821617782116, 0.010772136971354485, 0.02168199233710766, 0.009858574718236923, 0.009812000207602978, 0.009221582673490047, 0.01924530789256096, 0.016436006873846054]}