{"loss": 0.2845271825790405, "character_probs": [0.022769879549741745, 0.01761176995933056, 0.009880962781608105, 0.014191548340022564, 0.008748549968004227, 0.012285678647458553, 0.02334834262728691, 0.009219826199114323, 0.008133732713758945, 0.01565132848918438, 0.00827231165021658, 0.008689520880579948, 0.008345046080648899, 0.007174874190241098, 0.015477851964533329, 0.010627105832099915, 0.007179259788244963, 0.00951650831848383, 0.0074852886609733105, 0.007287941407412291, 0.008180724456906319, 0.007487001828849316, 0.026885516941547394, 0.007855371572077274, 0.007612554356455803, 0.008682040497660637, 0.00959751382470131, 0.0075375852175056934, 0.012294470332562923, 0.008109753020107746, 0.010497587732970715, 0.007507847156375647, 0.013188221491873264, 0.007898115552961826, 0.010080941021442413, 0.009016754105687141, 0.007948546670377254, 0.008338033221662045, 0.008851464837789536, 0.009874263778328896, 0.012372612953186035, 0.00738825649023056, 0.008432986214756966, 0.008949355222284794, 0.007865975610911846, 0.008608745411038399, 0.007643728516995907, 0.008956227451562881, 0.0076916394755244255, 0.008825434371829033, 0.009075512178242207, 0.008916806429624557, 0.008076268248260021, 0.008539551869034767, 0.008708772249519825, 0.008071767166256905, 0.01029240433126688, 0.008527930825948715, 0.011135930195450783, 0.018129529431462288, 0.010623672977089882, 0.00776726845651865, 0.011515503749251366, 0.007830096408724785, 0.007999755442142487, 0.008691858500242233, 0.01200154609978199, 0.011956343427300453, 0.012088282033801079, 0.008787254802882671, 0.009240277111530304, 0.007839245721697807, 0.010088620707392693, 0.008033981546759605, 0.01871582865715027, 0.014574941247701645, 0.01212312187999487, 0.008273380808532238, 0.010230893269181252], "weapon_probs": [0.04212368652224541, 0.015536170452833176, 0.011812955141067505, 0.011581667698919773, 0.01437944732606411, 0.016562923789024353, 0.008320624940097332, 0.008331133984029293, 0.024637792259454727, 0.01277474220842123, 0.010191982612013817, 0.008656010963022709, 0.00934230163693428, 0.016244152560830116, 0.007939512841403484, 0.007860629819333553, 0.01587114855647087, 0.009886442683637142, 0.007377410773187876, 0.01360714714974165, 0.009089656174182892, 0.007740892469882965, 0.013872765004634857, 0.012323068454861641, 0.007723556365817785, 0.008243545889854431, 0.007605468854308128, 0.016817767173051834, 0.007784352637827396, 0.009778650477528572, 0.017747413367033005, 0.009165299125015736, 0.01526719145476818, 0.00767016876488924, 0.00759775610640645, 0.009899361059069633, 0.008238247595727444, 0.007529186084866524, 0.014694277197122574, 0.009817802347242832, 0.010665963403880596, 0.011842017993330956, 0.007998677901923656, 0.011747138574719429, 0.007898533716797829, 0.007774428464472294, 0.008526220917701721, 0.008893500082194805, 0.01207861676812172, 0.008219817653298378, 0.012118211947381496, 0.01050503458827734, 0.015663739293813705, 0.011539498344063759, 0.00992567464709282, 0.00829626340419054, 0.014401748776435852, 0.013365110382437706, 0.009708833880722523]}