{"loss": -0.45693960785865784, "character_probs": [0.02010750211775303, 0.020002540200948715, 0.015896787866950035, 0.021117527037858963, 0.01605207473039627, 0.009119660593569279, 0.00972349289804697, 0.008775808848440647, 0.007745806127786636, 0.011614788323640823, 0.017151959240436554, 0.008770404383540154, 0.007439414504915476, 0.009262878447771072, 0.01127498596906662, 0.008814978413283825, 0.007770082913339138, 0.007846586406230927, 0.01046870555728674, 0.008329872041940689, 0.007548532448709011, 0.007448655087500811, 0.007281964644789696, 0.008878709748387337, 0.008080304600298405, 0.007768299896270037, 0.008158402517437935, 0.008150937035679817, 0.014049585908651352, 0.010598239488899708, 0.007941977120935917, 0.008793621324002743, 0.008024013601243496, 0.008677862584590912, 0.010323445312678814, 0.014826537109911442, 0.00911540724337101, 0.009091346524655819, 0.008829335682094097, 0.009635711088776588, 0.012024659663438797, 0.00814325176179409, 0.007599704898893833, 0.01136075146496296, 0.009101707488298416, 0.008844055235385895, 0.0097628403455019, 0.007516552694141865, 0.009139906615018845, 0.008824015967547894, 0.009884316474199295, 0.009429831057786942, 0.009634176269173622, 0.008211968466639519, 0.0120849022641778, 0.008595391176640987, 0.011850248090922832, 0.008208110928535461, 0.014788650907576084, 0.012198047712445259, 0.008164205588400364, 0.013519886881113052, 0.012562725692987442, 0.01398673839867115, 0.008809573948383331, 0.015068208798766136, 0.008142393082380295, 0.008813478983938694, 0.011471739038825035, 0.01149466261267662, 0.009840629994869232, 0.011097921058535576, 0.008961593732237816, 0.010791733860969543, 0.007569323293864727, 0.008224103599786758, 0.007997680455446243, 0.008915054611861706, 0.011281963437795639], "weapon_probs": [0.015488440170884132, 0.024921216070652008, 0.027858532965183258, 0.014039907604455948, 0.01241614855825901, 0.012390853837132454, 0.012964043766260147, 0.010278497822582722, 0.014447106048464775, 0.008574412204325199, 0.01092839241027832, 0.010389255359768867, 0.022064534947276115, 0.009524899534881115, 0.00802610907703638, 0.009515384212136269, 0.007814205251634121, 0.012292055413126945, 0.008496287278831005, 0.01455933041870594, 0.007400780916213989, 0.0072535984218120575, 0.017993835732340813, 0.0077473437413573265, 0.009024141356348991, 0.019166823476552963, 0.008231963030993938, 0.007441369816660881, 0.008786352351307869, 0.007538869511336088, 0.00864523183554411, 0.007654605899006128, 0.009340023621916771, 0.009994741529226303, 0.00929788127541542, 0.01886463537812233, 0.0073340656235814095, 0.0146095659583807, 0.015284205786883831, 0.007901091128587723, 0.009891859255731106, 0.02604934200644493, 0.008575977757573128, 0.008254696615040302, 0.022630911320447922, 0.013909213244915009, 0.009169135242700577, 0.01111588440835476, 0.01152312196791172, 0.008730357512831688, 0.007724899332970381, 0.009826438501477242, 0.010058212094008923, 0.028863154351711273, 0.0076600625179708, 0.009694686159491539, 0.016373945400118828, 0.0073848627507686615, 0.012969993986189365]}