{"loss": 0.1634649932384491, "character_probs": [0.017505111172795296, 0.01727593131363392, 0.022955458611249924, 0.008833593688905239, 0.013022633269429207, 0.010997558012604713, 0.011101978830993176, 0.01625201664865017, 0.007734703365713358, 0.01281807292252779, 0.007552727125585079, 0.008376164361834526, 0.008971416391432285, 0.008334130048751831, 0.008006684482097626, 0.023681148886680603, 0.009305823594331741, 0.010318813845515251, 0.007674776948988438, 0.008623071014881134, 0.007396274246275425, 0.007713532540947199, 0.015578626655042171, 0.007455363869667053, 0.009037231095135212, 0.008336100727319717, 0.009872866794466972, 0.008660528808832169, 0.007488077972084284, 0.008672831580042839, 0.01160235796123743, 0.00737555418163538, 0.009032693691551685, 0.008403988555073738, 0.009073850698769093, 0.014242447912693024, 0.010176487267017365, 0.007830582559108734, 0.0075003220699727535, 0.01049875095486641, 0.00776275061070919, 0.012409933842718601, 0.009572326205670834, 0.008637093007564545, 0.008381127379834652, 0.011299259960651398, 0.007454225793480873, 0.011348791420459747, 0.010486210696399212, 0.010439331643283367, 0.007874378934502602, 0.011949574574828148, 0.01034154649823904, 0.00820451881736517, 0.008251640945672989, 0.008926340378820896, 0.008112792856991291, 0.008897628635168076, 0.00849579181522131, 0.009085724130272865, 0.00860548671334982, 0.008349746465682983, 0.010431397706270218, 0.011739430949091911, 0.00864411611109972, 0.01163168903440237, 0.008654411882162094, 0.00938662700355053, 0.00795893557369709, 0.013218624517321587, 0.013490387238562107, 0.018618274480104446, 0.008335273712873459, 0.013408118858933449, 0.009415162727236748, 0.01209192629903555, 0.008885523304343224, 0.017830289900302887, 0.008807629346847534], "weapon_probs": [0.025665760040283203, 0.014179765246808529, 0.026731837540864944, 0.02452058345079422, 0.010403554886579514, 0.019499126821756363, 0.009755631908774376, 0.007578159216791391, 0.012844501063227654, 0.013728522695600986, 0.01267574168741703, 0.008420724421739578, 0.012246580794453621, 0.008514830842614174, 0.008668995462357998, 0.012805657461285591, 0.009936467744410038, 0.009313104674220085, 0.016790490597486496, 0.008093503303825855, 0.0076086511835455894, 0.015572680160403252, 0.008148959837853909, 0.008096017874777317, 0.009014444425702095, 0.007553358096629381, 0.00846560113132, 0.007223360240459442, 0.011199786327779293, 0.011151880025863647, 0.007898548617959023, 0.01910185068845749, 0.008717380464076996, 0.009389744140207767, 0.014208798296749592, 0.007638874929398298, 0.0074213482439517975, 0.01307755894958973, 0.013668810948729515, 0.008625010959804058, 0.009637127630412579, 0.00799094419926405, 0.008924431167542934, 0.015973560512065887, 0.008398029953241348, 0.01055073831230402, 0.011745976284146309, 0.014856833033263683, 0.010655920952558517, 0.01717497408390045, 0.008884663693606853, 0.008330821990966797, 0.023486655205488205, 0.012092076241970062, 0.013691224157810211, 0.014841795898973942, 0.010986704379320145, 0.02313406765460968, 0.007594233378767967]}