{"loss": 0.7877241373062134, "character_probs": [0.017470762133598328, 0.031212806701660156, 0.012343065813183784, 0.011282087303698063, 0.014728054404258728, 0.008556216955184937, 0.014362059533596039, 0.01044082548469305, 0.009080663323402405, 0.011040441691875458, 0.007493108976632357, 0.008016549050807953, 0.009969377890229225, 0.018329638987779617, 0.010692313313484192, 0.007962938398122787, 0.007654919289052486, 0.007168586831539869, 0.00741984136402607, 0.009901469573378563, 0.0163133442401886, 0.007878457196056843, 0.007586313411593437, 0.007450323086231947, 0.011239193379878998, 0.011221548542380333, 0.008034633472561836, 0.007663513999432325, 0.00861514825373888, 0.0075958529487252235, 0.0077707963064312935, 0.010726774111390114, 0.0075575001537799835, 0.011532016098499298, 0.008363908156752586, 0.009386764839291573, 0.0074988859705626965, 0.008774794638156891, 0.007827282883226871, 0.008305692113935947, 0.010332576930522919, 0.007549955975264311, 0.009080536663532257, 0.009146224707365036, 0.01822240836918354, 0.01104915700852871, 0.01109349075704813, 0.008857489563524723, 0.008081207983195782, 0.008754463866353035, 0.008061256259679794, 0.014536052010953426, 0.008059069514274597, 0.0075583807192742825, 0.0074020447209477425, 0.00804215855896473, 0.008077608421444893, 0.014198093675076962, 0.011359116993844509, 0.0085704131051898, 0.012290481477975845, 0.009152380749583244, 0.007945829071104527, 0.012172632850706577, 0.011504004709422588, 0.007763798348605633, 0.01122966781258583, 0.012922863475978374, 0.011083139106631279, 0.008038250729441643, 0.014973691664636135, 0.00916731171309948, 0.0080431392416358, 0.008332917466759682, 0.01190921850502491, 0.011051930487155914, 0.008448476903140545, 0.010170403867959976, 0.010438571684062481], "weapon_probs": [0.018552903085947037, 0.02352491393685341, 0.012822432443499565, 0.01806940883398056, 0.013573143631219864, 0.011950969696044922, 0.021538756787776947, 0.007838387973606586, 0.014974015764892101, 0.02064325660467148, 0.00922170840203762, 0.011006356216967106, 0.014863277785480022, 0.007696889340877533, 0.007235038094222546, 0.012943373061716557, 0.008940939791500568, 0.010441502556204796, 0.0162663534283638, 0.011481232941150665, 0.03300189971923828, 0.009985321201384068, 0.007805933710187674, 0.011454306542873383, 0.00748719647526741, 0.009235123172402382, 0.008070298470556736, 0.008311886340379715, 0.010908190160989761, 0.007840964011847973, 0.007494480349123478, 0.007620748598128557, 0.007216200232505798, 0.00773335387930274, 0.009965326637029648, 0.008852390572428703, 0.00769904674962163, 0.008074728772044182, 0.009035029448568821, 0.01056780107319355, 0.00873769260942936, 0.012969320639967918, 0.00819231104105711, 0.008641762658953667, 0.02145353890955448, 0.007686343509703875, 0.007511258590966463, 0.019323956221342087, 0.017079193145036697, 0.00807011779397726, 0.01066587120294571, 0.0101538747549057, 0.00893741101026535, 0.00940950307995081, 0.00960761308670044, 0.009666064754128456, 0.010191216133534908, 0.007527461275458336, 0.009872677735984325]}