{"loss": -0.39597710967063904, "character_probs": [0.019853584468364716, 0.030461620539426804, 0.023794282227754593, 0.008710429072380066, 0.017048906534910202, 0.010872049257159233, 0.007643180899322033, 0.007249354384839535, 0.014629846438765526, 0.007645046804100275, 0.009349044412374496, 0.007745922077447176, 0.0077143143862485886, 0.008175017312169075, 0.007933302782475948, 0.008401771076023579, 0.010189149528741837, 0.007371126674115658, 0.007776603102684021, 0.011878439225256443, 0.008089518174529076, 0.007669939659535885, 0.007235565222799778, 0.008724148385226727, 0.008203147910535336, 0.008063308894634247, 0.007199712097644806, 0.010298010893166065, 0.009630952030420303, 0.01415165327489376, 0.00765150785446167, 0.009296916425228119, 0.00977681390941143, 0.008540868759155273, 0.00822125468403101, 0.009629948996007442, 0.008363394066691399, 0.007534134667366743, 0.014840967953205109, 0.007591220084577799, 0.00848560594022274, 0.016059158369898796, 0.008285624906420708, 0.007930983789265156, 0.011680638417601585, 0.009337340481579304, 0.008081622421741486, 0.02166421338915825, 0.009962256997823715, 0.007382533047348261, 0.008256489410996437, 0.010870239697396755, 0.008372904732823372, 0.009304871782660484, 0.009121447801589966, 0.008820785209536552, 0.008196620270609856, 0.009250394999980927, 0.007540952414274216, 0.015733983367681503, 0.007956823334097862, 0.009851121343672276, 0.007782469503581524, 0.00829795841127634, 0.014455427415668964, 0.0074038454331457615, 0.00938569474965334, 0.008641596883535385, 0.007397832814604044, 0.015139220282435417, 0.007853838615119457, 0.020880550146102905, 0.014414610341191292, 0.00835549458861351, 0.008045702241361141, 0.010661616921424866, 0.008891669102013111, 0.007904796861112118, 0.007549292873591185], "weapon_probs": [0.016315873712301254, 0.03381004184484482, 0.020659763365983963, 0.01260976493358612, 0.008245358243584633, 0.025009475648403168, 0.015665583312511444, 0.012123437598347664, 0.016399096697568893, 0.007980076596140862, 0.010345092043280602, 0.012119147926568985, 0.009261919185519218, 0.007634901441633701, 0.007705566938966513, 0.0087880939245224, 0.009096037596464157, 0.00814845971763134, 0.007908003404736519, 0.007874921895563602, 0.011923643760383129, 0.008314093574881554, 0.011732766404747963, 0.007998091168701649, 0.011035846546292305, 0.0215871874243021, 0.008487884886562824, 0.008698585443198681, 0.008233005180954933, 0.007339698262512684, 0.01031409576535225, 0.008901316672563553, 0.013791105709969997, 0.008924929425120354, 0.022677291184663773, 0.008176706731319427, 0.007871745154261589, 0.008946876972913742, 0.012986300513148308, 0.011844269931316376, 0.028108876198530197, 0.00761642400175333, 0.011429768055677414, 0.01025884784758091, 0.012389205396175385, 0.0112683130428195, 0.009562434628605843, 0.011571306735277176, 0.007912451401352882, 0.011180159635841846, 0.007510768249630928, 0.01052730530500412, 0.009103753603994846, 0.008492721244692802, 0.009511922486126423, 0.02385885640978813, 0.013378100469708443, 0.015623858198523521, 0.008150240406394005]}