{"loss": 0.41838061809539795, "character_probs": [0.01713922619819641, 0.013317298144102097, 0.008939036168158054, 0.024026963859796524, 0.012790798209607601, 0.012485060840845108, 0.008365513756871223, 0.010778205469250679, 0.01408425159752369, 0.01047689002007246, 0.008180079981684685, 0.027700938284397125, 0.00892707146704197, 0.008589722216129303, 0.008080307394266129, 0.00796994473785162, 0.009065291844308376, 0.007626782171428204, 0.015984799712896347, 0.007628981489688158, 0.011038239113986492, 0.007223661057651043, 0.010830351151525974, 0.0075149801559746265, 0.0074391355738043785, 0.008809635415673256, 0.007376778405159712, 0.007602741941809654, 0.014344853349030018, 0.010984111577272415, 0.007594584953039885, 0.008068494498729706, 0.009102974086999893, 0.007148159202188253, 0.009052382782101631, 0.00847680401057005, 0.007663164287805557, 0.007917068898677826, 0.009074056521058083, 0.014419583603739738, 0.00812817458063364, 0.0074099102057516575, 0.008698808960616589, 0.00770076597109437, 0.00766068184748292, 0.008440372534096241, 0.009205496869981289, 0.007813631556928158, 0.012829883024096489, 0.009567329660058022, 0.013487524352967739, 0.008151369169354439, 0.010229573585093021, 0.008873204700648785, 0.007615397684276104, 0.029096662998199463, 0.008710128255188465, 0.007089289836585522, 0.0153964227065444, 0.008997481316328049, 0.00821804441511631, 0.0074665299616754055, 0.008296255953609943, 0.007586454972624779, 0.011015469208359718, 0.009817739948630333, 0.008776065893471241, 0.008260199800133705, 0.008311919867992401, 0.014619918540120125, 0.007778653409332037, 0.010300378315150738, 0.008812571875751019, 0.018201133236289024, 0.010145120322704315, 0.013530906289815903, 0.008344420231878757, 0.011154879815876484, 0.008423391729593277], "weapon_probs": [0.05055012181401253, 0.015834271907806396, 0.013169672340154648, 0.015091493725776672, 0.008456479758024216, 0.010257185436785221, 0.009285874664783478, 0.016241401433944702, 0.010412631556391716, 0.011636175215244293, 0.01460493728518486, 0.007756607141345739, 0.00885238777846098, 0.01191173680126667, 0.008412254974246025, 0.009775149635970592, 0.008425837382674217, 0.020307466387748718, 0.009820306673645973, 0.008665627799928188, 0.009012700989842415, 0.009716615080833435, 0.00909764040261507, 0.008676610887050629, 0.009406832978129387, 0.008399884216487408, 0.010519035160541534, 0.01256626658141613, 0.010666970163583755, 0.008303913287818432, 0.01670077070593834, 0.00769688468426466, 0.009996140375733376, 0.011100713163614273, 0.007962295785546303, 0.007519001606851816, 0.009183439426124096, 0.00782307144254446, 0.009646973572671413, 0.011951947584748268, 0.029417797923088074, 0.015503441914916039, 0.009990541264414787, 0.014373449608683586, 0.007691049017012119, 0.008371010422706604, 0.010122333653271198, 0.0077202501706779, 0.009081853553652763, 0.017018307000398636, 0.00773143395781517, 0.009793411940336227, 0.00844587106257677, 0.015099085867404938, 0.007972454652190208, 0.009182654321193695, 0.017946403473615646, 0.014139657840132713, 0.012699360027909279]}