{"loss": 0.06109866499900818, "character_probs": [0.013179011642932892, 0.015970738604664803, 0.014992715790867805, 0.014308637008070946, 0.01725389063358307, 0.01989176496863365, 0.01409664936363697, 0.010868657380342484, 0.013379862532019615, 0.007810554467141628, 0.007842818275094032, 0.008652344346046448, 0.013975776731967926, 0.008455861359834671, 0.00954131968319416, 0.009426943957805634, 0.008993590250611305, 0.009180111810564995, 0.009562051855027676, 0.012720825150609016, 0.008164172060787678, 0.007435799576342106, 0.007595277391374111, 0.008157406933605671, 0.013934546150267124, 0.009869784116744995, 0.007711268961429596, 0.007704006973654032, 0.007864522747695446, 0.008100294508039951, 0.008471877314150333, 0.007820487953722477, 0.007299330551177263, 0.007452316116541624, 0.009303145110607147, 0.011231392621994019, 0.010218837298452854, 0.012051448225975037, 0.007566225249320269, 0.014062745496630669, 0.009168563410639763, 0.0253753699362278, 0.007591767702251673, 0.007586299441754818, 0.007567591033875942, 0.008431692607700825, 0.008840803988277912, 0.00847654789686203, 0.010723834857344627, 0.00850030966103077, 0.010434692725539207, 0.009760328568518162, 0.007613705936819315, 0.009176040068268776, 0.007901418954133987, 0.007962718605995178, 0.00842836033552885, 0.015704147517681122, 0.012567216530442238, 0.008061175234615803, 0.0074991933070123196, 0.011621763929724693, 0.008968089707195759, 0.010704336687922478, 0.009762242436408997, 0.010513528250157833, 0.011391676962375641, 0.008256631903350353, 0.009966336190700531, 0.007870366796851158, 0.009194980375468731, 0.010908850468695164, 0.01183437742292881, 0.00794288981705904, 0.007695324253290892, 0.012497716583311558, 0.009001042693853378, 0.008511047810316086, 0.009709876962006092], "weapon_probs": [0.026198796927928925, 0.03332247957587242, 0.016643818467855453, 0.013800700195133686, 0.010833485051989555, 0.00914639513939619, 0.008629579097032547, 0.013902719132602215, 0.013651350513100624, 0.017586588859558105, 0.009727143682539463, 0.016012078151106834, 0.008164508268237114, 0.00939918402582407, 0.008674259297549725, 0.007402812130749226, 0.011590729467570782, 0.015966983512043953, 0.009459269233047962, 0.007233194541186094, 0.011609338223934174, 0.011736337095499039, 0.00823313556611538, 0.012754447758197784, 0.011070742271840572, 0.015886766836047173, 0.010024908930063248, 0.00820379052311182, 0.013692665845155716, 0.0088637825101614, 0.007778786588460207, 0.008013620041310787, 0.00775232445448637, 0.009485255926847458, 0.009306801483035088, 0.01370232179760933, 0.012847302481532097, 0.0100623220205307, 0.010249832645058632, 0.00991961918771267, 0.009524027816951275, 0.01284942589700222, 0.008377805352210999, 0.007908498868346214, 0.014324610121548176, 0.009536546654999256, 0.01448938250541687, 0.01285996101796627, 0.008817722089588642, 0.007940289564430714, 0.007273848634213209, 0.024949640035629272, 0.010116848163306713, 0.008801420219242573, 0.008778931573033333, 0.00872285570949316, 0.014088858850300312, 0.010824865661561489, 0.01251940242946148]}