{"loss": -0.6780108213424683, "character_probs": [0.02603824809193611, 0.012607501819729805, 0.011453723534941673, 0.014385156333446503, 0.018470579758286476, 0.007756983861327171, 0.014812191016972065, 0.010797507129609585, 0.009041549637913704, 0.012754160910844803, 0.00789328757673502, 0.009107397869229317, 0.016218382865190506, 0.008589809760451317, 0.010190465487539768, 0.010249619372189045, 0.01631120592355728, 0.007901070639491081, 0.008407777175307274, 0.008822506293654442, 0.015577117912471294, 0.008211929351091385, 0.009437358938157558, 0.009864818304777145, 0.007813563570380211, 0.007774118799716234, 0.008349590003490448, 0.008761897683143616, 0.014290212653577328, 0.007480449043214321, 0.009196978062391281, 0.008163564838469028, 0.007480311673134565, 0.010486329905688763, 0.007721478119492531, 0.009069371968507767, 0.008558942005038261, 0.007614469155669212, 0.007655530236661434, 0.007429444696754217, 0.012500433251261711, 0.009366948157548904, 0.007555089890956879, 0.009049882180988789, 0.00995818991214037, 0.008615143597126007, 0.007611026521772146, 0.009009363129734993, 0.008577312342822552, 0.008011309430003166, 0.007515317760407925, 0.007660319097340107, 0.012661196291446686, 0.009936698712408543, 0.010473910719156265, 0.00774170970544219, 0.00812069047242403, 0.011802864260971546, 0.008875833824276924, 0.008991851471364498, 0.011534424498677254, 0.008451161906123161, 0.012811493128538132, 0.01418134942650795, 0.009159932844340801, 0.007483243476599455, 0.016829807311296463, 0.007572113536298275, 0.007724526338279247, 0.007895920425653458, 0.00904976949095726, 0.007325048092752695, 0.01201560441404581, 0.010010735131800175, 0.01362838689237833, 0.01971277967095375, 0.012197387404739857, 0.007554658688604832, 0.012689566239714622], "weapon_probs": [0.04138167202472687, 0.01201951690018177, 0.01901804842054844, 0.012921381741762161, 0.00824048463255167, 0.01102225948125124, 0.010136512108147144, 0.008990846574306488, 0.014014523476362228, 0.008912995457649231, 0.011860293336212635, 0.04070024564862251, 0.007468719035387039, 0.009790381416678429, 0.012776223942637444, 0.007157609332352877, 0.008247442543506622, 0.007109772879630327, 0.012752795591950417, 0.01640128716826439, 0.00773638254031539, 0.012405410408973694, 0.007460827473551035, 0.00790395401418209, 0.008252343162894249, 0.014954709447920322, 0.011203056201338768, 0.007571430876851082, 0.008151249028742313, 0.010013292543590069, 0.010388561524450779, 0.007744318805634975, 0.011780889704823494, 0.013888110406696796, 0.00795693602412939, 0.007253833580762148, 0.007833246141672134, 0.007574939634650946, 0.012234287336468697, 0.008486879989504814, 0.007556384429335594, 0.00943032931536436, 0.009348518215119839, 0.009468023665249348, 0.0218216460198164, 0.01060683187097311, 0.0097147636115551, 0.007722331210970879, 0.011666382662951946, 0.008004155941307545, 0.009334133006632328, 0.013884464278817177, 0.01168072409927845, 0.022990934550762177, 0.008576245047152042, 0.02141113206744194, 0.013614373281598091, 0.010481243953108788, 0.009416792541742325]}