{"loss": -0.5780891180038452, "character_probs": [0.011441615410149097, 0.024432681500911713, 0.01269831694662571, 0.018090173602104187, 0.014258746057748795, 0.014121472835540771, 0.013804669491946697, 0.008289135992527008, 0.008598492480814457, 0.012560640461742878, 0.0127901341766119, 0.011820843443274498, 0.008676252327859402, 0.009406326338648796, 0.0077244918793439865, 0.007480249274522066, 0.0081052016466856, 0.010617409832775593, 0.00880452711135149, 0.007870767265558243, 0.007345686201006174, 0.008272609673440456, 0.007393557112663984, 0.007403188850730658, 0.014156168326735497, 0.008036098442971706, 0.010311296209692955, 0.01514447946101427, 0.011557248421013355, 0.01003639679402113, 0.00828672107309103, 0.007661139592528343, 0.009503565728664398, 0.008808623999357224, 0.007299039047211409, 0.009379292838275433, 0.00897536613047123, 0.011214541271328926, 0.007462232373654842, 0.008550670929253101, 0.011463694274425507, 0.009860297664999962, 0.009601661935448647, 0.01723012514412403, 0.011733602732419968, 0.008076640777289867, 0.007817436940968037, 0.018140118569135666, 0.0076833670027554035, 0.00729745626449585, 0.007949831895530224, 0.009717094711959362, 0.013847582042217255, 0.008308019489049911, 0.008267944678664207, 0.010837845504283905, 0.0077539184130728245, 0.008847285062074661, 0.008453267626464367, 0.009242295287549496, 0.0077018141746521, 0.008337032981216908, 0.01169499009847641, 0.010527205653488636, 0.0077355364337563515, 0.0072494493797421455, 0.01001619454473257, 0.014875417575240135, 0.012418548576533794, 0.007978652603924274, 0.007681326940655708, 0.007959156297147274, 0.02543802559375763, 0.010626898147165775, 0.008202334865927696, 0.012387076392769814, 0.010199599899351597, 0.013310743495821953, 0.014461519196629524], "weapon_probs": [0.02012515999376774, 0.041619472205638885, 0.012011254206299782, 0.021020807325839996, 0.012216172181069851, 0.016261080279946327, 0.010017062537372112, 0.012214168906211853, 0.007489178329706192, 0.008939934894442558, 0.013034865260124207, 0.0094745559617877, 0.009729590266942978, 0.007378718350082636, 0.016024094074964523, 0.011096883565187454, 0.0072919828817248344, 0.014324924908578396, 0.00984227191656828, 0.014515407383441925, 0.0072313351556658745, 0.012438798323273659, 0.00885867141187191, 0.009112229570746422, 0.007759997621178627, 0.007520470768213272, 0.007412424311041832, 0.016194839030504227, 0.00782744213938713, 0.009165555238723755, 0.008121400140225887, 0.0119007658213377, 0.008925882168114185, 0.008191997185349464, 0.010907929390668869, 0.011847257614135742, 0.007360945455729961, 0.011380814015865326, 0.010135776363313198, 0.014676418155431747, 0.015140085481107235, 0.008198125287890434, 0.023465562611818314, 0.00852786935865879, 0.007419874891638756, 0.007686162833124399, 0.008034603670239449, 0.017218708992004395, 0.015125843696296215, 0.012424994260072708, 0.011231888085603714, 0.013840402476489544, 0.008968607522547245, 0.009080808609724045, 0.008693987503647804, 0.015867210924625397, 0.009923456236720085, 0.009894061833620071, 0.012295091524720192]}