{"loss": -0.341991662979126, "character_probs": [0.023781970143318176, 0.009403671137988567, 0.039036691188812256, 0.009504526853561401, 0.009686627425253391, 0.009678870439529419, 0.008334320038557053, 0.008805892430245876, 0.010021147318184376, 0.007757018320262432, 0.014357548207044601, 0.009480259381234646, 0.007634398527443409, 0.008226306177675724, 0.009790085256099701, 0.013024145737290382, 0.008081942796707153, 0.010170857422053814, 0.012723773717880249, 0.010383754968643188, 0.008431102149188519, 0.007511167787015438, 0.007480211555957794, 0.008875744417309761, 0.007389987353235483, 0.009712733328342438, 0.008236587047576904, 0.01075739599764347, 0.010310577228665352, 0.008229049853980541, 0.007687832228839397, 0.008330742828547955, 0.012912027537822723, 0.008066878654062748, 0.010487984865903854, 0.008326277136802673, 0.008159764111042023, 0.013084888458251953, 0.00789435114711523, 0.007706295233219862, 0.009356683120131493, 0.009832888841629028, 0.008036244660615921, 0.01291331835091114, 0.008120492100715637, 0.008116835728287697, 0.007516811601817608, 0.008099708706140518, 0.009899716824293137, 0.011211507953703403, 0.007752181496471167, 0.01762949675321579, 0.008055567741394043, 0.008562683127820492, 0.01980125531554222, 0.008158448152244091, 0.012687459588050842, 0.008691582828760147, 0.00830060988664627, 0.01241601537913084, 0.00857353862375021, 0.007357546593993902, 0.008811324834823608, 0.010752885602414608, 0.008117185905575752, 0.008252975530922413, 0.01090388372540474, 0.009666593745350838, 0.009013424627482891, 0.008064255118370056, 0.008328063413500786, 0.008111592382192612, 0.014500747434794903, 0.013377046212553978, 0.015068953856825829, 0.015358760952949524, 0.007562542334198952, 0.007782253436744213, 0.01625601202249527], "weapon_probs": [0.01899939775466919, 0.01787511259317398, 0.023131113499403, 0.009888432919979095, 0.0180063433945179, 0.017180830240249634, 0.015300498344004154, 0.013683663681149483, 0.015635132789611816, 0.009475534781813622, 0.00778658501803875, 0.012321657501161098, 0.012621607631444931, 0.016734136268496513, 0.008267268538475037, 0.015599198639392853, 0.007319923955947161, 0.018257509917020798, 0.011830988340079784, 0.011504280380904675, 0.009002848528325558, 0.01517120748758316, 0.007975212298333645, 0.00774920079857111, 0.008124579675495625, 0.009350372478365898, 0.007860740646719933, 0.01070077158510685, 0.010583456605672836, 0.008039329200983047, 0.013500543311238289, 0.007512469310313463, 0.010271668434143066, 0.010421215556561947, 0.007939206436276436, 0.007436396554112434, 0.007694225758314133, 0.01799546368420124, 0.009351486340165138, 0.007612409070134163, 0.007712657563388348, 0.01697412133216858, 0.015876155346632004, 0.010150553658604622, 0.009239512495696545, 0.01031191274523735, 0.008746782317757607, 0.008977370336651802, 0.014392065815627575, 0.010761678218841553, 0.013270972296595573, 0.0097384387627244, 0.01723930798470974, 0.008388370275497437, 0.00912911631166935, 0.016161315143108368, 0.008269565179944038, 0.01125313900411129, 0.00828139204531908]}