{"loss": -0.35526180267333984, "character_probs": [0.020233577117323875, 0.017283396795392036, 0.013606423512101173, 0.01833106391131878, 0.019872363656759262, 0.007228737231343985, 0.009288804605603218, 0.014366441406309605, 0.009075409732758999, 0.011861991137266159, 0.00911764893680811, 0.009247160516679287, 0.00807539839297533, 0.009859069250524044, 0.007527992129325867, 0.009370032697916031, 0.010174431838095188, 0.007987448945641518, 0.008505175821483135, 0.007748847361654043, 0.0074632721953094006, 0.00863259844481945, 0.008449924178421497, 0.007741301320493221, 0.014193281531333923, 0.013477299362421036, 0.009728306904435158, 0.007570437155663967, 0.00756338844075799, 0.02407228946685791, 0.007540055550634861, 0.007966669276356697, 0.008355832658708096, 0.011217058636248112, 0.008118456229567528, 0.00857949536293745, 0.008469590917229652, 0.016359664499759674, 0.007544467691332102, 0.007847660221159458, 0.007947980426251888, 0.011117776855826378, 0.009307869710028172, 0.007796276360750198, 0.007576266303658485, 0.00890340656042099, 0.008081058971583843, 0.009261755272746086, 0.00813413504511118, 0.008554136380553246, 0.009757988154888153, 0.008219550363719463, 0.007898381911218166, 0.009013816714286804, 0.012601612135767937, 0.009239131584763527, 0.014060873538255692, 0.007715808227658272, 0.0072957961820065975, 0.009413779713213444, 0.007642054930329323, 0.013800964690744877, 0.008283818140625954, 0.008948909118771553, 0.00799054279923439, 0.016390342265367508, 0.02920980006456375, 0.008573975414037704, 0.007746007293462753, 0.008741110563278198, 0.008431835100054741, 0.010569757781922817, 0.010141700506210327, 0.014131182804703712, 0.009811069816350937, 0.009743011556565762, 0.007664077915251255, 0.007478177081793547, 0.010069441050291061], "weapon_probs": [0.04088933765888214, 0.007938721217215061, 0.023690659552812576, 0.022630266845226288, 0.008462155237793922, 0.008844086900353432, 0.019936535507440567, 0.011050804518163204, 0.009133443236351013, 0.009586712345480919, 0.008458467200398445, 0.008111962117254734, 0.013972874730825424, 0.008012387901544571, 0.009104729630053043, 0.009765754453837872, 0.024235039949417114, 0.015081075951457024, 0.007998662069439888, 0.009208420291543007, 0.010014085099101067, 0.009197067469358444, 0.008520469069480896, 0.0075859311036765575, 0.010625941678881645, 0.007278819102793932, 0.007492322474718094, 0.010351658798754215, 0.016391295939683914, 0.01275716908276081, 0.007977540604770184, 0.007394799031317234, 0.007990686222910881, 0.0076822941191494465, 0.010896587744355202, 0.009046205319464207, 0.010064632631838322, 0.0086302999407053, 0.012583276256918907, 0.010541592724621296, 0.014557447284460068, 0.010667407885193825, 0.021754806861281395, 0.011002296581864357, 0.011540986597537994, 0.007733409758657217, 0.007744411937892437, 0.009494272992014885, 0.023124337196350098, 0.007915547117590904, 0.009508229792118073, 0.008565925061702728, 0.008013888262212276, 0.00856201071292162, 0.011359240859746933, 0.014515738002955914, 0.009526759386062622, 0.011216924525797367, 0.024635478854179382]}