{"loss": 0.2182374894618988, "character_probs": [0.04274236410856247, 0.013782884925603867, 0.01004910096526146, 0.008564251475036144, 0.012397417798638344, 0.00957491621375084, 0.008233172819018364, 0.007892580702900887, 0.008504169061779976, 0.008224639110267162, 0.02153627946972847, 0.008301381021738052, 0.01335155125707388, 0.009418046101927757, 0.007737720385193825, 0.007712257094681263, 0.007668645586818457, 0.01224886067211628, 0.00800013355910778, 0.007094678469002247, 0.00825374573469162, 0.007287992164492607, 0.007676077075302601, 0.007464684545993805, 0.007643017917871475, 0.008886468596756458, 0.016366079449653625, 0.0071434928104281425, 0.022263867780566216, 0.007912496104836464, 0.007891612127423286, 0.007998339831829071, 0.007537664379924536, 0.010147015564143658, 0.007780902553349733, 0.008992655202746391, 0.009863175451755524, 0.007781070191413164, 0.007275700103491545, 0.008410891517996788, 0.007951939478516579, 0.0072569348849356174, 0.007344162557274103, 0.012469429522752762, 0.018723227083683014, 0.00829948578029871, 0.007561470381915569, 0.007452896796166897, 0.013098500669002533, 0.00812611449509859, 0.012178624980151653, 0.01279081217944622, 0.008267596364021301, 0.008081218227744102, 0.008880959823727608, 0.010111330077052116, 0.013191001489758492, 0.01330823265016079, 0.0076533290557563305, 0.008978408761322498, 0.008274102583527565, 0.007941598072648048, 0.009537816047668457, 0.007714991457760334, 0.009198002517223358, 0.012758705765008926, 0.009821053594350815, 0.014114558696746826, 0.011619697324931622, 0.008216982707381248, 0.015689274296164513, 0.008530356921255589, 0.00876048393547535, 0.007877487689256668, 0.018588248640298843, 0.010662105865776539, 0.009203193709254265, 0.00819347333163023, 0.007642991375178099], "weapon_probs": [0.016634318977594376, 0.02589401975274086, 0.013306111097335815, 0.04388276860117912, 0.01368294470012188, 0.0233810693025589, 0.007278922945261002, 0.00870630331337452, 0.011221729218959808, 0.013392191380262375, 0.008417127653956413, 0.008266638964414597, 0.007837058044970036, 0.007666578516364098, 0.010011806152760983, 0.012259433045983315, 0.007778078317642212, 0.008633083663880825, 0.008365526795387268, 0.014908441342413425, 0.016153134405612946, 0.010341566056013107, 0.008040433749556541, 0.007267960347235203, 0.008690380491316319, 0.007768501993268728, 0.011591974645853043, 0.008657741360366344, 0.008013147860765457, 0.008004782721400261, 0.007728065364062786, 0.011489958502352238, 0.00979472603648901, 0.022023092955350876, 0.00819997675716877, 0.00947402510792017, 0.008221471682190895, 0.008752292022109032, 0.010401234962046146, 0.014397291466593742, 0.008802255615592003, 0.008493797853589058, 0.008458135649561882, 0.019530698657035828, 0.0076503087766468525, 0.009145073592662811, 0.011828916147351265, 0.012189743109047413, 0.011935407295823097, 0.008238141424953938, 0.013665849342942238, 0.011283640749752522, 0.008538393303751945, 0.008247113786637783, 0.011730490252375603, 0.009924707934260368, 0.008840075694024563, 0.008314973674714565, 0.009370468556880951]}