{"loss": -0.717581033706665, "character_probs": [0.010344344191253185, 0.038954731076955795, 0.008429572917521, 0.010048802010715008, 0.014231067150831223, 0.008474692702293396, 0.008880944922566414, 0.009328349493443966, 0.007857327349483967, 0.00796430092304945, 0.02649834379553795, 0.010179984383285046, 0.008902164176106453, 0.010264241136610508, 0.00743932044133544, 0.008387742564082146, 0.0076470281928777695, 0.007469115778803825, 0.014564475044608116, 0.010894516482949257, 0.007820704951882362, 0.009605389088392258, 0.009879132732748985, 0.013722823932766914, 0.008881530724465847, 0.0072377268224954605, 0.010660858824849129, 0.007509290706366301, 0.007088720332831144, 0.008002427406609058, 0.00720204459503293, 0.011348854750394821, 0.01974976807832718, 0.009484464302659035, 0.00884866900742054, 0.007739029824733734, 0.009829951450228691, 0.00948772020637989, 0.00873479526489973, 0.010891910642385483, 0.008355404250323772, 0.007398483343422413, 0.008546759374439716, 0.009953825734555721, 0.010226907208561897, 0.0071992999874055386, 0.007999666966497898, 0.007414336781948805, 0.009259580634534359, 0.009284621104598045, 0.007281756028532982, 0.009509565308690071, 0.01041305623948574, 0.011854533106088638, 0.007175409235060215, 0.0075462027452886105, 0.009836839511990547, 0.01035295333713293, 0.022928386926651, 0.009645739570260048, 0.009306523017585278, 0.008312770165503025, 0.008328037336468697, 0.009684311226010323, 0.008107291534543037, 0.007980139926075935, 0.007677705492824316, 0.01972489431500435, 0.009982533752918243, 0.010101620107889175, 0.010982794687151909, 0.007881262339651585, 0.00879598967730999, 0.008670520968735218, 0.01723567768931389, 0.008485971949994564, 0.00887124054133892, 0.008138781413435936, 0.010711879469454288], "weapon_probs": [0.02022758312523365, 0.01204936858266592, 0.01992717944085598, 0.04730479046702385, 0.009146344847977161, 0.009417051449418068, 0.0074235741049051285, 0.01785453036427498, 0.01672615297138691, 0.011355649679899216, 0.00794655829668045, 0.008357481099665165, 0.009859832003712654, 0.011648105457425117, 0.011573039926588535, 0.008508090861141682, 0.008109950460493565, 0.007775472477078438, 0.009668752551078796, 0.015476950444281101, 0.00836301688104868, 0.0101189985871315, 0.007788259070366621, 0.010108689777553082, 0.01049520168453455, 0.007621960714459419, 0.009093754924833775, 0.01779133453965187, 0.007364075630903244, 0.009259505197405815, 0.007281952537596226, 0.009636619128286839, 0.012081600725650787, 0.008947578258812428, 0.009918772615492344, 0.013031242415308952, 0.007638736627995968, 0.01113585289567709, 0.011373767629265785, 0.009148472920060158, 0.011501682922244072, 0.02810898795723915, 0.008239880204200745, 0.010259509086608887, 0.018917672336101532, 0.008778448216617107, 0.007264646235853434, 0.010980882681906223, 0.020729301497340202, 0.007712853141129017, 0.008771874010562897, 0.009557764045894146, 0.007706332486122847, 0.017681801691651344, 0.008679310791194439, 0.008942540735006332, 0.00773557648062706, 0.018310561776161194, 0.008947382681071758]}