{"loss": 0.9569091796875, "character_probs": [0.02323990687727928, 0.014515748247504234, 0.008712857030332088, 0.010250972583889961, 0.009339570067822933, 0.02243071421980858, 0.014139212667942047, 0.01467820629477501, 0.016695436090230942, 0.007612575311213732, 0.010496629402041435, 0.007538091391324997, 0.015931004658341408, 0.007694697938859463, 0.010002733208239079, 0.01115331333130598, 0.0093334149569273, 0.010535496287047863, 0.008031696081161499, 0.009223697707057, 0.008616076782345772, 0.007558335084468126, 0.008705350570380688, 0.00824369490146637, 0.0077171167358756065, 0.009703772142529488, 0.009210614487528801, 0.014482496306300163, 0.01028740219771862, 0.008413946256041527, 0.00883433222770691, 0.009053782559931278, 0.010866407305002213, 0.007301785983145237, 0.010235021822154522, 0.0081300875172019, 0.0127455098554492, 0.007831800729036331, 0.007860417477786541, 0.00835768599063158, 0.007399142719805241, 0.01051991619169712, 0.008009283803403378, 0.009368326514959335, 0.008187875151634216, 0.007399273570626974, 0.00856747291982174, 0.007341904565691948, 0.0080895209684968, 0.017408955842256546, 0.007967953570187092, 0.009891784749925137, 0.010444470681250095, 0.012392282485961914, 0.008758795447647572, 0.007413350977003574, 0.011092426255345345, 0.009986195713281631, 0.007280499208718538, 0.013227159157395363, 0.009908041916787624, 0.00757963489741087, 0.009121650829911232, 0.00799642875790596, 0.01845964416861534, 0.01081564649939537, 0.008660884574055672, 0.008049598895013332, 0.007961219176650047, 0.01444905437529087, 0.010735487565398216, 0.009039459750056267, 0.007789803668856621, 0.009382259100675583, 0.012160597369074821, 0.01183963194489479, 0.009079406969249249, 0.01301572099328041, 0.009921721182763577], "weapon_probs": [0.016159510239958763, 0.022962994873523712, 0.010839752852916718, 0.024809781461954117, 0.01427803747355938, 0.011026469990611076, 0.013455567881464958, 0.01783166080713272, 0.013154195621609688, 0.008106686174869537, 0.007989434525370598, 0.021048318594694138, 0.016316749155521393, 0.009610777720808983, 0.007772841956466436, 0.008518283255398273, 0.0071643926203250885, 0.00833249930292368, 0.00839128065854311, 0.00715398695319891, 0.03673182427883148, 0.008824475109577179, 0.008682092651724815, 0.007828266359865665, 0.008239955641329288, 0.009622677229344845, 0.00780616607517004, 0.01198747381567955, 0.00790682714432478, 0.007418324705213308, 0.0191279798746109, 0.009274743497371674, 0.020980533212423325, 0.007948114536702633, 0.008219023235142231, 0.01090911403298378, 0.012668032199144363, 0.008181657642126083, 0.008852900937199593, 0.012195533141493797, 0.012597269378602505, 0.009602957405149937, 0.011827334761619568, 0.010385454632341862, 0.007706732954829931, 0.014071132987737656, 0.009480253793299198, 0.012794164940714836, 0.010462130419909954, 0.009373481385409832, 0.00935867428779602, 0.010733317583799362, 0.010076513513922691, 0.009241926483809948, 0.007868367247283459, 0.012256676331162453, 0.01584005542099476, 0.015064752660691738, 0.0145786814391613]}