{"loss": -0.7498553991317749, "character_probs": [0.018557962030172348, 0.02059169113636017, 0.013574622571468353, 0.011193117126822472, 0.015927761793136597, 0.008214826695621014, 0.025243110954761505, 0.012259045615792274, 0.015852268785238266, 0.01239270530641079, 0.008388202637434006, 0.007964644581079483, 0.012851506471633911, 0.007441908121109009, 0.009281037375330925, 0.007777347695082426, 0.00746137835085392, 0.00797247514128685, 0.00720592774450779, 0.008568930439651012, 0.007293806876987219, 0.008127935230731964, 0.007351214066147804, 0.00957566499710083, 0.009428120218217373, 0.007124921772629023, 0.010812831111252308, 0.008720524609088898, 0.007933330722153187, 0.007467459421604872, 0.008154134266078472, 0.008305002935230732, 0.008279809728264809, 0.010246641002595425, 0.009814662858843803, 0.01037616841495037, 0.008218983188271523, 0.007370469160377979, 0.013203540816903114, 0.007352191023528576, 0.007845946587622166, 0.012466787360608578, 0.0075823962688446045, 0.013062011450529099, 0.022474002093076706, 0.009117107838392258, 0.010328345000743866, 0.007714617531746626, 0.008387645706534386, 0.008459261618554592, 0.007538457866758108, 0.008801129646599293, 0.012756451033055782, 0.007414550986140966, 0.008907217532396317, 0.011247549206018448, 0.007406387012451887, 0.015173488296568394, 0.008223233744502068, 0.007808796130120754, 0.009594121016561985, 0.009156673215329647, 0.008697036653757095, 0.012792899273335934, 0.009719621390104294, 0.009349546395242214, 0.010620624758303165, 0.008970106020569801, 0.010866460390388966, 0.01244452316313982, 0.008047918789088726, 0.009010812267661095, 0.009302260354161263, 0.01886840909719467, 0.009234698489308357, 0.009961805306375027, 0.01568758487701416, 0.014815636910498142, 0.00876343809068203], "weapon_probs": [0.025373216718435287, 0.017257437109947205, 0.016438039019703865, 0.01948557421565056, 0.027361568063497543, 0.011319933459162712, 0.014373786747455597, 0.009944089688360691, 0.01336053479462862, 0.01687033474445343, 0.007715339306741953, 0.010612345300614834, 0.009473873302340508, 0.01561638992279768, 0.009547644294798374, 0.007576312869787216, 0.008830338716506958, 0.012169872410595417, 0.009920021519064903, 0.009218649007380009, 0.011513818055391312, 0.007699181791394949, 0.007970908656716347, 0.00888071209192276, 0.009732592850923538, 0.009747220203280449, 0.008881131187081337, 0.00785986240953207, 0.012342257425189018, 0.008847024291753769, 0.008266394957900047, 0.008218241855502129, 0.009003330953419209, 0.011628739535808563, 0.008925255388021469, 0.008288707584142685, 0.023694675415754318, 0.009178980253636837, 0.008426398038864136, 0.008306862786412239, 0.011333291418850422, 0.0271611325442791, 0.017392590641975403, 0.008695509284734726, 0.009983446449041367, 0.007825281471014023, 0.010197222232818604, 0.0076196808367967606, 0.008414017967879772, 0.013473195023834705, 0.009549014270305634, 0.010979287326335907, 0.013723384588956833, 0.013872874900698662, 0.008458997122943401, 0.010886688716709614, 0.007918029092252254, 0.031028874218463898, 0.011209532618522644]}