{"loss": -0.9801447987556458, "character_probs": [0.02914198860526085, 0.012019210495054722, 0.00953732430934906, 0.013151107355952263, 0.012083368375897408, 0.012019920162856579, 0.016192985698580742, 0.007922311313450336, 0.011672654189169407, 0.01353859156370163, 0.015478773973882198, 0.008930976502597332, 0.009449608623981476, 0.009125075303018093, 0.008345693349838257, 0.008224261924624443, 0.0097515182569623, 0.008464062586426735, 0.022623928263783455, 0.008604048751294613, 0.011051083914935589, 0.009416913613677025, 0.00962793081998825, 0.008110448718070984, 0.010104549117386341, 0.007546310778707266, 0.008434535935521126, 0.007327987812459469, 0.007277194410562515, 0.007099138107150793, 0.007780914194881916, 0.010787375271320343, 0.010636911727488041, 0.00834028422832489, 0.007742648478597403, 0.014812310226261616, 0.0077755143865942955, 0.007711905054748058, 0.009940006770193577, 0.009162139147520065, 0.008317489176988602, 0.007614217698574066, 0.007918862625956535, 0.009254937060177326, 0.009458268992602825, 0.010401669889688492, 0.008547281846404076, 0.007762178312987089, 0.007661420851945877, 0.00775698758661747, 0.008457374759018421, 0.009642979130148888, 0.015387329272925854, 0.010336371138691902, 0.007436390966176987, 0.010028859600424767, 0.011845046654343605, 0.012720957398414612, 0.009527434594929218, 0.007848251610994339, 0.007470192853361368, 0.012124135158956051, 0.007391137536615133, 0.010812048800289631, 0.007567895110696554, 0.01103103719651699, 0.008237451314926147, 0.009408710524439812, 0.013226887211203575, 0.007717141415923834, 0.00852174311876297, 0.008916385471820831, 0.01088290847837925, 0.020281748846173286, 0.013484295457601547, 0.01318136602640152, 0.00989101454615593, 0.010408644564449787, 0.008447930216789246], "weapon_probs": [0.04707569256424904, 0.012112745083868504, 0.008627121336758137, 0.012218686752021313, 0.011952473782002926, 0.009694271720945835, 0.01169101893901825, 0.008514141663908958, 0.020911507308483124, 0.009311376139521599, 0.009288113564252853, 0.007371506653726101, 0.02645789459347725, 0.007892892695963383, 0.013086145743727684, 0.008527100086212158, 0.01813403330743313, 0.00960520002990961, 0.014994311146438122, 0.007804959546774626, 0.009221379645168781, 0.007882758043706417, 0.008532903157174587, 0.00929937232285738, 0.007836759090423584, 0.008757946081459522, 0.015512825921177864, 0.007274894509464502, 0.008534391410648823, 0.01288716308772564, 0.009925782680511475, 0.009372580796480179, 0.008315859362483025, 0.013541786931455135, 0.009695939719676971, 0.018590059131383896, 0.010160738602280617, 0.015193015336990356, 0.007699484005570412, 0.013675760477781296, 0.008465095423161983, 0.013111965730786324, 0.010107280686497688, 0.008543591015040874, 0.010636825114488602, 0.008851591497659683, 0.00956265814602375, 0.007574697956442833, 0.028877194970846176, 0.008162157610058784, 0.009132131934165955, 0.010454497300088406, 0.01083739660680294, 0.007992829196155071, 0.00954326894134283, 0.008981198072433472, 0.0107929278165102, 0.010333451442420483, 0.012440565973520279]}