{"loss": -0.9987319707870483, "character_probs": [0.030019953846931458, 0.010644577443599701, 0.014966566115617752, 0.01621464267373085, 0.01316213607788086, 0.009587815031409264, 0.010010920464992523, 0.007951261475682259, 0.010440454818308353, 0.008520390838384628, 0.009434295818209648, 0.0111149363219738, 0.01997803896665573, 0.008953547105193138, 0.01599228009581566, 0.010342150926589966, 0.008393712341785431, 0.00897689163684845, 0.009526693262159824, 0.01223195344209671, 0.010697592049837112, 0.009118610993027687, 0.008808913640677929, 0.007258667144924402, 0.007285004481673241, 0.007969402708113194, 0.008228933438658714, 0.007863911800086498, 0.009720725007355213, 0.00788086373358965, 0.008597064763307571, 0.009802269749343395, 0.010725563392043114, 0.011542242020368576, 0.007390981540083885, 0.007753170561045408, 0.008971493691205978, 0.007522418163716793, 0.008528012782335281, 0.008236069232225418, 0.009653613902628422, 0.007682034745812416, 0.014273139648139477, 0.010850518010556698, 0.010524598881602287, 0.007783672772347927, 0.009061161428689957, 0.011698106303811073, 0.009138534776866436, 0.007481573615223169, 0.007488629315048456, 0.013090522959828377, 0.00823709275573492, 0.009177584201097488, 0.010259196162223816, 0.009693997912108898, 0.009317465126514435, 0.009897973388433456, 0.008133665658533573, 0.007575280033051968, 0.010402080602943897, 0.010707519948482513, 0.00839951727539301, 0.010056138038635254, 0.011395862326025963, 0.007789432071149349, 0.010718067176640034, 0.009140795096755028, 0.010879330337047577, 0.007882149890065193, 0.008402976207435131, 0.00940503366291523, 0.009730011224746704, 0.014233594760298729, 0.00835343636572361, 0.01812809146940708, 0.01445634476840496, 0.01227809488773346, 0.010054185055196285], "weapon_probs": [0.04438114911317825, 0.022591454908251762, 0.016767412424087524, 0.008422637358307838, 0.019445642828941345, 0.013677306473255157, 0.007839251309633255, 0.008265184238553047, 0.011634467169642448, 0.018764104694128036, 0.009268900379538536, 0.008660697378218174, 0.008374510332942009, 0.008138471283018589, 0.01574891433119774, 0.007633040193468332, 0.010787103325128555, 0.012622160837054253, 0.009922000579535961, 0.007700207643210888, 0.007850496098399162, 0.008836696855723858, 0.008980277925729752, 0.01174664031714201, 0.009667864069342613, 0.008002939634025097, 0.011866481974720955, 0.010056562721729279, 0.009382233954966068, 0.007255230564624071, 0.008037532679736614, 0.0072516645304858685, 0.01239166408777237, 0.014578128233551979, 0.013424776494503021, 0.009770060889422894, 0.010147612541913986, 0.010415380820631981, 0.009855295531451702, 0.01841546781361103, 0.00939890556037426, 0.007494566962122917, 0.01862490549683571, 0.009094375185668468, 0.00931447371840477, 0.015322867780923843, 0.0079641817137599, 0.01603272370994091, 0.01177944429218769, 0.008205973543226719, 0.01024723332375288, 0.007571879308670759, 0.007832031697034836, 0.012521910481154919, 0.008107807487249374, 0.008318680338561535, 0.007500242907553911, 0.009807958267629147, 0.02478499338030815]}