{"loss": -0.8815978765487671, "character_probs": [0.014633194543421268, 0.01753576099872589, 0.02310008928179741, 0.009174952283501625, 0.011553151533007622, 0.012634205631911755, 0.023731861263513565, 0.008311726152896881, 0.009261254221200943, 0.011058684438467026, 0.012142712250351906, 0.010075329802930355, 0.010830413550138474, 0.0075110443867743015, 0.008252786472439766, 0.00986726488918066, 0.007479780353605747, 0.008860252797603607, 0.012853648513555527, 0.007598696742206812, 0.009320138953626156, 0.007403262425214052, 0.011612771078944206, 0.011420337483286858, 0.008188178762793541, 0.008158426731824875, 0.010752217844128609, 0.007320905104279518, 0.009540267288684845, 0.01291453093290329, 0.008188879117369652, 0.00946155097335577, 0.009168771095573902, 0.007291862741112709, 0.008643057197332382, 0.007796450052410364, 0.009541359730064869, 0.00860387273132801, 0.011722554452717304, 0.01048631314188242, 0.009108830243349075, 0.008905594237148762, 0.00811879150569439, 0.007751255761831999, 0.007613725028932095, 0.008904626592993736, 0.009007241576910019, 0.012247268110513687, 0.007432710379362106, 0.009688912890851498, 0.008458947762846947, 0.009567251428961754, 0.013927673920989037, 0.008650866337120533, 0.01435222290456295, 0.00727308401837945, 0.007225248031318188, 0.010889976285398006, 0.02131933532655239, 0.009355172514915466, 0.007671420928090811, 0.008447461761534214, 0.011729305610060692, 0.00801702868193388, 0.010396741330623627, 0.011223157867789268, 0.013959426432847977, 0.00885820109397173, 0.009360825642943382, 0.00929259229451418, 0.012168610468506813, 0.00908749271184206, 0.00885549746453762, 0.0181597750633955, 0.007697153836488724, 0.007730024866759777, 0.009793311357498169, 0.00847232062369585, 0.016097402200102806], "weapon_probs": [0.03163488581776619, 0.029361937195062637, 0.010250523686408997, 0.012710750102996826, 0.017963100224733353, 0.009729296900331974, 0.013095610775053501, 0.008494684472680092, 0.01329745166003704, 0.012696227058768272, 0.014955841936171055, 0.013895168900489807, 0.008821964263916016, 0.008171039633452892, 0.01257452555000782, 0.010123244486749172, 0.015957653522491455, 0.008900532498955727, 0.018583618104457855, 0.010670220479369164, 0.008208034560084343, 0.008178501389920712, 0.008253875188529491, 0.008732607588171959, 0.007853301241993904, 0.00997946783900261, 0.009002702310681343, 0.015693608671426773, 0.007776093203574419, 0.008891548961400986, 0.00887458585202694, 0.014972138218581676, 0.011335842311382294, 0.008495734073221684, 0.008478495292365551, 0.008132239803671837, 0.007919440045952797, 0.008050333708524704, 0.014489468187093735, 0.008648913353681564, 0.013126706704497337, 0.008985485881567001, 0.019956056028604507, 0.007919949479401112, 0.012113679200410843, 0.008084908127784729, 0.009168305434286594, 0.00945434533059597, 0.013333914801478386, 0.008327430114150047, 0.008008637465536594, 0.016683429479599, 0.010531459003686905, 0.010695409029722214, 0.007244276348501444, 0.007619368378072977, 0.01271750032901764, 0.010157614946365356, 0.01414087787270546]}