{"loss": -0.4176323711872101, "character_probs": [0.009558594785630703, 0.019189439713954926, 0.0324128232896328, 0.01961832493543625, 0.013143510557711124, 0.009326882660388947, 0.00908486545085907, 0.00753810117021203, 0.010073764249682426, 0.009861106052994728, 0.012830512598156929, 0.00968523882329464, 0.007873455062508583, 0.011245014145970345, 0.00813197810202837, 0.009299787692725658, 0.011339006014168262, 0.008472000248730183, 0.007731104735285044, 0.007445706520229578, 0.007972732186317444, 0.01053648442029953, 0.00768341263756156, 0.007384674157947302, 0.0074236588552594185, 0.011979649774730206, 0.011051453649997711, 0.007485118694603443, 0.007505825720727444, 0.011664289981126785, 0.008810232393443584, 0.010102493688464165, 0.009244034066796303, 0.008663222193717957, 0.013813091441988945, 0.0071450346149504185, 0.008681492879986763, 0.008537396788597107, 0.009790223091840744, 0.0074593685567379, 0.007146639283746481, 0.010641885921359062, 0.0073153115808963776, 0.01117647159844637, 0.009247854351997375, 0.007471796590834856, 0.010457154363393784, 0.01701609417796135, 0.008041629567742348, 0.008649957366287708, 0.008999846875667572, 0.011800430715084076, 0.007210065145045519, 0.010751320980489254, 0.012574605643749237, 0.010451518930494785, 0.00801607221364975, 0.00839757639914751, 0.01275776419788599, 0.015768207609653473, 0.017401808872818947, 0.008964991196990013, 0.00840081088244915, 0.007127966731786728, 0.014072321355342865, 0.00991416908800602, 0.014897454530000687, 0.007827086374163628, 0.009529124945402145, 0.012399638071656227, 0.007866088300943375, 0.009516755118966103, 0.009796838276088238, 0.017511442303657532, 0.008469152264297009, 0.013066595420241356, 0.007610257714986801, 0.009686404839158058, 0.013153346255421638], "weapon_probs": [0.04229545593261719, 0.015334738418459892, 0.023393940180540085, 0.011693647131323814, 0.020611915737390518, 0.007796528283506632, 0.012345917522907257, 0.01665000058710575, 0.008190089836716652, 0.013362376019358635, 0.01046193577349186, 0.01159922406077385, 0.011381546035408974, 0.012865222059190273, 0.007603117264807224, 0.009885665960609913, 0.013066808693110943, 0.009143303148448467, 0.010392595082521439, 0.009685561992228031, 0.008361815474927425, 0.008088111877441406, 0.008030682802200317, 0.011645953170955181, 0.007868369109928608, 0.007226246874779463, 0.01073948759585619, 0.008386395871639252, 0.008475336246192455, 0.00763016426935792, 0.009574433788657188, 0.012968262657523155, 0.019334640353918076, 0.007721800822764635, 0.009954161010682583, 0.00959719717502594, 0.011078085750341415, 0.011771845631301403, 0.007790905423462391, 0.009056398645043373, 0.008667820133268833, 0.009977149777114391, 0.007972922176122665, 0.00778574775904417, 0.009779473766684532, 0.012999383732676506, 0.009491721168160439, 0.008568759076297283, 0.013418406248092651, 0.013111382722854614, 0.012247937731444836, 0.008536852896213531, 0.015186489559710026, 0.011500625871121883, 0.017953969538211823, 0.00995239894837141, 0.008393213152885437, 0.009756915271282196, 0.014350229874253273]}