{"loss": -0.4745984673500061, "character_probs": [0.028515513986349106, 0.02283211052417755, 0.018931008875370026, 0.014447112567722797, 0.00817806925624609, 0.010545128956437111, 0.00904778204858303, 0.007679863832890987, 0.008859754540026188, 0.008298465982079506, 0.010006741620600224, 0.008254114538431168, 0.00949752889573574, 0.009748624637722969, 0.007278162520378828, 0.01233791932463646, 0.009847231209278107, 0.008666289038956165, 0.013817301020026207, 0.010286304168403149, 0.007394341751933098, 0.013417424634099007, 0.007192050106823444, 0.010584976524114609, 0.01143043115735054, 0.008643736131489277, 0.009893587790429592, 0.007870877161622047, 0.007481621578335762, 0.008392296731472015, 0.007372879423201084, 0.008595623075962067, 0.0074272481724619865, 0.007547776680439711, 0.007454290986061096, 0.010703681036829948, 0.015850363299250603, 0.011508844792842865, 0.007178061176091433, 0.007376696448773146, 0.007527895271778107, 0.008771865628659725, 0.013849517330527306, 0.008481760509312153, 0.00896955095231533, 0.008052804507315159, 0.01237216405570507, 0.007591915782541037, 0.010725055821239948, 0.008671430870890617, 0.008240247145295143, 0.007379535119980574, 0.007810512091964483, 0.01453347411006689, 0.010768300853669643, 0.008316142484545708, 0.008271575905382633, 0.013835053890943527, 0.010399507358670235, 0.007673029322177172, 0.009921875782310963, 0.007781549822539091, 0.021196164190769196, 0.007487680297344923, 0.011618604883551598, 0.00882839784026146, 0.014638545922935009, 0.009455949068069458, 0.007778124883770943, 0.009396899491548538, 0.008155318908393383, 0.007583719212561846, 0.012183107435703278, 0.019459258764982224, 0.008404573425650597, 0.00906652957201004, 0.008438005112111568, 0.009112883359193802, 0.00906502828001976], "weapon_probs": [0.022439785301685333, 0.017187971621751785, 0.011028863489627838, 0.010015401989221573, 0.023785866796970367, 0.021741822361946106, 0.028569862246513367, 0.009773180820047855, 0.010167079977691174, 0.015671927481889725, 0.010638643056154251, 0.009012002497911453, 0.009795671328902245, 0.014896453358232975, 0.00963288638740778, 0.008366433903574944, 0.007376404479146004, 0.007808942813426256, 0.015145797282457352, 0.007658727932721376, 0.011010300368070602, 0.013842104002833366, 0.017686311155557632, 0.007600103504955769, 0.007767221890389919, 0.009045735001564026, 0.010034461505711079, 0.009644059464335442, 0.013214247301220894, 0.007245290093123913, 0.007617885246872902, 0.009961257688701153, 0.007432771846652031, 0.00899513065814972, 0.008685904555022717, 0.011757796630263329, 0.007783249951899052, 0.01078716665506363, 0.017944950610399246, 0.010051733814179897, 0.011744786985218525, 0.008512662723660469, 0.0116022489964962, 0.0182163305580616, 0.008270181715488434, 0.010051642544567585, 0.008964477106928825, 0.00989774614572525, 0.009048772975802422, 0.015693966299295425, 0.007479606196284294, 0.009201419539749622, 0.010310281068086624, 0.008439667522907257, 0.01205412857234478, 0.011519815772771835, 0.026325110346078873, 0.011395076289772987, 0.009032006375491619]}