{"loss": -0.6060409545898438, "character_probs": [0.027483709156513214, 0.00939213391393423, 0.00917854718863964, 0.016960402950644493, 0.01513090543448925, 0.01100212149322033, 0.013987747021019459, 0.00835478212684393, 0.009932114742696285, 0.025570720434188843, 0.008812515065073967, 0.007448208052664995, 0.008008627220988274, 0.010474803857505322, 0.009449001401662827, 0.008494259789586067, 0.012299759313464165, 0.007272758986800909, 0.008854473941028118, 0.01390446163713932, 0.007360624615103006, 0.009965249337255955, 0.009174035862088203, 0.00954452995210886, 0.010299514047801495, 0.007585873827338219, 0.008127818815410137, 0.00900470931082964, 0.01101105660200119, 0.008895907551050186, 0.008085357025265694, 0.010229289531707764, 0.007572048343718052, 0.00892751757055521, 0.007299115881323814, 0.009233811870217323, 0.007787579204887152, 0.007978278212249279, 0.008214907720685005, 0.012672820128500462, 0.008908543735742569, 0.007442330941557884, 0.007406131364405155, 0.0072757890447974205, 0.00931445974856615, 0.015656622126698494, 0.007333631627261639, 0.024073898792266846, 0.008936184458434582, 0.008687603287398815, 0.007266342174261808, 0.008438593707978725, 0.008617023937404156, 0.008045735768973827, 0.008684190921485424, 0.009632629342377186, 0.008222324773669243, 0.008875247091054916, 0.00764157809317112, 0.010888714343309402, 0.007999718189239502, 0.009249288588762283, 0.012363879010081291, 0.008449808694422245, 0.010497147217392921, 0.008357563056051731, 0.01274910382926464, 0.009953206405043602, 0.00976364966481924, 0.013119423761963844, 0.009673507884144783, 0.027247149497270584, 0.008543508127331734, 0.010199867188930511, 0.01203859318047762, 0.008015959523618221, 0.008535673841834068, 0.009225227870047092, 0.007818208076059818], "weapon_probs": [0.015356816351413727, 0.01647079735994339, 0.017622018232941628, 0.017931755632162094, 0.02035881206393242, 0.039137598127126694, 0.009152919054031372, 0.012839358299970627, 0.010368707589805126, 0.009799796156585217, 0.009976076893508434, 0.009911438450217247, 0.01071826834231615, 0.01051991619169712, 0.01273764856159687, 0.008030543103814125, 0.01673632115125656, 0.010830329731106758, 0.010638140141963959, 0.008336715400218964, 0.009032652713358402, 0.009293487295508385, 0.007366696372628212, 0.008913122117519379, 0.011210823431611061, 0.007604300044476986, 0.007769054267555475, 0.008438453078269958, 0.010653703473508358, 0.0074724601581692696, 0.008536657318472862, 0.008387189358472824, 0.007930738851428032, 0.015964949503540993, 0.011707248166203499, 0.013913178816437721, 0.009134025312960148, 0.008133845403790474, 0.017134198918938637, 0.013119930401444435, 0.014027751982212067, 0.011441838927567005, 0.009839536622166634, 0.01040505338460207, 0.00845766719430685, 0.010570407845079899, 0.01448146253824234, 0.012856666930019855, 0.009120083414018154, 0.009869107976555824, 0.007699751295149326, 0.013129189610481262, 0.01785321906208992, 0.00899581890553236, 0.010406176559627056, 0.024406060576438904, 0.009388736449182034, 0.00978023186326027, 0.010763918980956078]}