{"loss": 0.9445099830627441, "character_probs": [0.009502703323960304, 0.01297752559185028, 0.02078138291835785, 0.024449028074741364, 0.012730149552226067, 0.014014143496751785, 0.012613179162144661, 0.01027496624737978, 0.007979769259691238, 0.015089668333530426, 0.010627825744450092, 0.01101023517549038, 0.012774101458489895, 0.010776764713227749, 0.007815106771886349, 0.007447614800184965, 0.00795991811901331, 0.009839009493589401, 0.010381481610238552, 0.007566932588815689, 0.007693265099078417, 0.01189311221241951, 0.012083387933671474, 0.007869638502597809, 0.00925396103411913, 0.01513763889670372, 0.007713907863944769, 0.010229937732219696, 0.007263222709298134, 0.0076256319880485535, 0.009146971628069878, 0.00817631185054779, 0.0077850655652582645, 0.00913916900753975, 0.009071080014109612, 0.009197704493999481, 0.008466025814414024, 0.008831804618239403, 0.010448646731674671, 0.009100312367081642, 0.007343115285038948, 0.010313335806131363, 0.007605517283082008, 0.007151466794312, 0.008034576661884785, 0.01871359720826149, 0.00794255267828703, 0.010201346129179, 0.008682196959853172, 0.008896250277757645, 0.00814912561327219, 0.00940130278468132, 0.007838747464120388, 0.01909530907869339, 0.01116403378546238, 0.013147188350558281, 0.0075873322784900665, 0.010478154756128788, 0.00806379783898592, 0.008098392747342587, 0.008859358727931976, 0.008680036291480064, 0.010038784705102444, 0.009783484041690826, 0.009095579385757446, 0.0093680489808321, 0.008143301121890545, 0.015171942301094532, 0.008695412427186966, 0.00943418312817812, 0.007822810672223568, 0.017140477895736694, 0.007997252978384495, 0.010889366269111633, 0.010068155825138092, 0.008266567252576351, 0.008410673588514328, 0.008498442359268665, 0.015979405492544174], "weapon_probs": [0.032017286866903305, 0.021814852952957153, 0.011226262897253036, 0.012231435626745224, 0.01724826917052269, 0.009902779012918472, 0.017585325986146927, 0.008068468421697617, 0.012022025883197784, 0.009243032895028591, 0.020263738930225372, 0.007757679559290409, 0.01139836572110653, 0.016119737178087234, 0.008500457741320133, 0.013132312335073948, 0.011091772466897964, 0.007745184004306793, 0.008021569810807705, 0.011816797778010368, 0.010087225586175919, 0.00845049973577261, 0.009484626352787018, 0.013271735981106758, 0.00849383044987917, 0.0076843430288136005, 0.0172978974878788, 0.01304285041987896, 0.008580893278121948, 0.007746558636426926, 0.024053141474723816, 0.0076919179409742355, 0.015023643150925636, 0.008607687428593636, 0.008134630508720875, 0.00850500725209713, 0.00911853276193142, 0.007599390111863613, 0.014369025826454163, 0.007767290808260441, 0.010697061195969582, 0.008266222663223743, 0.026438288390636444, 0.009263510815799236, 0.009030918590724468, 0.008524937555193901, 0.007221607491374016, 0.008832446299493313, 0.013343301601707935, 0.012277171947062016, 0.007559055462479591, 0.009809106588363647, 0.007621221709996462, 0.012295706197619438, 0.010708946734666824, 0.00783773884177208, 0.012554755434393883, 0.015915803611278534, 0.01247323863208294]}