{"loss": 0.8456833958625793, "character_probs": [0.013104191049933434, 0.03334813937544823, 0.018743939697742462, 0.008857200853526592, 0.009972292929887772, 0.012929607182741165, 0.012901844456791878, 0.0095498226583004, 0.009457251988351345, 0.0104351956397295, 0.012196812778711319, 0.00988508015871048, 0.014972470700740814, 0.015254717320203781, 0.007814005017280579, 0.010884160175919533, 0.00965547189116478, 0.008026450872421265, 0.009478148072957993, 0.007945479825139046, 0.008474900387227535, 0.008069922216236591, 0.007893658243119717, 0.009187180548906326, 0.007973083294928074, 0.009438982233405113, 0.007253414485603571, 0.008449457585811615, 0.00841585174202919, 0.009545831941068172, 0.007531147915869951, 0.011467881500720978, 0.010513192974030972, 0.007135628256946802, 0.00860690139234066, 0.007985973730683327, 0.008499348536133766, 0.014081009663641453, 0.0075623588636517525, 0.007733267266303301, 0.008917250670492649, 0.009238606318831444, 0.00812823511660099, 0.008197283372282982, 0.010410045273602009, 0.011187732219696045, 0.008322796784341335, 0.007682413794100285, 0.008546344004571438, 0.007797704078257084, 0.017598988488316536, 0.008881453424692154, 0.0073980786837637424, 0.009097559377551079, 0.00802022684365511, 0.008117174729704857, 0.01326811220496893, 0.0094181839376688, 0.01206709910184145, 0.010201588273048401, 0.01454534474760294, 0.00788336805999279, 0.009040692821145058, 0.00844765454530716, 0.009787792339920998, 0.009999510832130909, 0.007666095159947872, 0.008292741142213345, 0.010499783791601658, 0.012457245960831642, 0.00982508435845375, 0.00908307358622551, 0.012790856882929802, 0.007761751301586628, 0.00805900152772665, 0.01328192837536335, 0.01002190075814724, 0.00973749253898859, 0.012683287262916565], "weapon_probs": [0.024372581392526627, 0.027748454362154007, 0.014104693196713924, 0.01798859052360058, 0.011820150539278984, 0.012400604784488678, 0.008489088155329227, 0.03330149129033089, 0.009134380146861076, 0.009712358005344868, 0.009740430861711502, 0.01440724078565836, 0.009794424287974834, 0.008001587353646755, 0.008377538993954659, 0.009635800495743752, 0.01200388465076685, 0.008756222203373909, 0.011594352312386036, 0.008034192025661469, 0.0080318134278059, 0.010049840435385704, 0.008052918128669262, 0.015993066132068634, 0.010008547455072403, 0.010801076889038086, 0.009775196202099323, 0.008929543197154999, 0.0076415203511714935, 0.00948747992515564, 0.017664920538663864, 0.009562486782670021, 0.013441517949104309, 0.010549238882958889, 0.007423069328069687, 0.01845192164182663, 0.00904846377670765, 0.01081717386841774, 0.00767518300563097, 0.008189918473362923, 0.009410738945007324, 0.00836935080587864, 0.016257505863904953, 0.008641782216727734, 0.012576128356158733, 0.008910223841667175, 0.008395079523324966, 0.010393650270998478, 0.011574368923902512, 0.011629804968833923, 0.007521508727222681, 0.008996865712106228, 0.0099120382219553, 0.01062147319316864, 0.010188141837716103, 0.016884390264749527, 0.01066121831536293, 0.016580983996391296, 0.013710614293813705]}