{"loss": -0.6416028738021851, "character_probs": [0.024106677621603012, 0.019617244601249695, 0.011475569568574429, 0.018770160153508186, 0.009551480412483215, 0.013399099931120872, 0.01090786699205637, 0.010421643033623695, 0.011467311531305313, 0.007348641753196716, 0.008801590651273727, 0.007395465392619371, 0.011986307799816132, 0.008025147952139378, 0.011437870562076569, 0.008136766962707043, 0.009169208817183971, 0.00852542370557785, 0.00986828189343214, 0.008639785461127758, 0.008214617148041725, 0.00852983444929123, 0.00884332973510027, 0.00872965157032013, 0.01727653667330742, 0.010950585827231407, 0.007513730321079493, 0.01161288470029831, 0.007307423744350672, 0.007884626276791096, 0.007793128024786711, 0.01533457636833191, 0.014747753739356995, 0.008818098343908787, 0.008596819825470448, 0.00789747666567564, 0.009401394054293633, 0.00836856011301279, 0.013244543224573135, 0.00833281222730875, 0.010054688900709152, 0.007433976978063583, 0.00954350270330906, 0.007573847658932209, 0.00854402780532837, 0.007701025810092688, 0.009661015123128891, 0.009877665899693966, 0.012058515101671219, 0.01117253489792347, 0.008077622391283512, 0.007224698550999165, 0.007689336314797401, 0.00836145132780075, 0.012599408626556396, 0.014083966612815857, 0.007737433072179556, 0.0106714628636837, 0.008537696674466133, 0.007890374399721622, 0.015489595010876656, 0.010062729939818382, 0.009122472256422043, 0.011853314936161041, 0.008119647391140461, 0.01367073506116867, 0.01137751154601574, 0.012258083559572697, 0.008862321265041828, 0.013014733791351318, 0.009843267500400543, 0.009258518926799297, 0.00819530338048935, 0.00908452644944191, 0.009818929247558117, 0.0088415015488863, 0.007694772910326719, 0.014534315094351768, 0.009427731856703758], "weapon_probs": [0.02569127455353737, 0.011852022260427475, 0.024014398455619812, 0.009419434703886509, 0.019692320376634598, 0.012073105201125145, 0.011245382949709892, 0.015710748732089996, 0.00964308064430952, 0.038922447711229324, 0.011629363521933556, 0.009068990126252174, 0.010788841173052788, 0.010447343811392784, 0.007953552529215813, 0.008957217447459698, 0.012941244058310986, 0.008096746169030666, 0.0072333114221692085, 0.01701129600405693, 0.010170122608542442, 0.01450733095407486, 0.008211471140384674, 0.007546731270849705, 0.008197838440537453, 0.00807671993970871, 0.008694366551935673, 0.007544572930783033, 0.007386884652078152, 0.007752993609756231, 0.01707180216908455, 0.008205126039683819, 0.007896318100392818, 0.009899330325424671, 0.008474091067910194, 0.011049263179302216, 0.008877459913492203, 0.008269719779491425, 0.01055823639035225, 0.009594782255589962, 0.013745957985520363, 0.008058372884988785, 0.007661739829927683, 0.01417056005448103, 0.01261712983250618, 0.008076617494225502, 0.007396632805466652, 0.010513784363865852, 0.00882050208747387, 0.0114421546459198, 0.029148973524570465, 0.00843112077564001, 0.008328346535563469, 0.011582495644688606, 0.00908500887453556, 0.01899810880422592, 0.015860306099057198, 0.014463480561971664, 0.01036627683788538]}