{"loss": 0.6038411855697632, "character_probs": [0.012462636455893517, 0.014973178505897522, 0.023433465510606766, 0.011935822665691376, 0.020796185359358788, 0.012580323033034801, 0.011767160147428513, 0.008369076997041702, 0.009070145897567272, 0.009565463289618492, 0.01226742658764124, 0.016616597771644592, 0.009280689060688019, 0.007936174049973488, 0.008158541284501553, 0.012732252478599548, 0.011185124516487122, 0.011423870921134949, 0.008039461448788643, 0.009500846266746521, 0.008188651874661446, 0.008597220294177532, 0.00730115408077836, 0.007419383153319359, 0.007746211253106594, 0.010978691279888153, 0.007280375342816114, 0.011403679847717285, 0.011541297659277916, 0.00880902074277401, 0.009544475004076958, 0.007534686475992203, 0.013587185181677341, 0.009076470509171486, 0.00820918194949627, 0.007786707952618599, 0.008558014407753944, 0.008676277473568916, 0.007728881668299437, 0.007441595196723938, 0.012875359505414963, 0.00882626697421074, 0.008478211238980293, 0.010753767564892769, 0.012257512658834457, 0.010672738775610924, 0.008632715791463852, 0.009333973750472069, 0.009793619625270367, 0.008917265571653843, 0.008565631695091724, 0.008792809210717678, 0.007525110617280006, 0.009221462532877922, 0.01174179371446371, 0.013384304009377956, 0.012295437976717949, 0.0072428095154464245, 0.007210649084299803, 0.007641118951141834, 0.011608939617872238, 0.011499707587063313, 0.009065985679626465, 0.012491830624639988, 0.007885908707976341, 0.00943324901163578, 0.008963325060904026, 0.010025743395090103, 0.008683513849973679, 0.01714448258280754, 0.0122294332832098, 0.008118359372019768, 0.009168919175863266, 0.00919285323470831, 0.009148923680186272, 0.013888292014598846, 0.0074153561145067215, 0.019512660801410675, 0.010074669495224953], "weapon_probs": [0.0126632209867239, 0.03224463015794754, 0.011677228845655918, 0.010620802640914917, 0.02308451011776924, 0.016221437603235245, 0.01595008373260498, 0.013522068038582802, 0.013454882428050041, 0.009341121651232243, 0.010224214754998684, 0.03144751116633415, 0.007924367673695087, 0.011086510494351387, 0.007849475368857384, 0.010959537699818611, 0.013912832364439964, 0.010080091655254364, 0.009595014154911041, 0.011374810710549355, 0.011653837747871876, 0.008361182175576687, 0.009183069691061974, 0.01128104142844677, 0.011902973055839539, 0.008486505597829819, 0.007052768021821976, 0.008011767640709877, 0.00738117378205061, 0.008714018389582634, 0.009304676204919815, 0.013174082152545452, 0.009976186789572239, 0.01604369468986988, 0.008967509493231773, 0.008343331515789032, 0.009026369079947472, 0.010414473712444305, 0.008192000910639763, 0.01161220297217369, 0.007482359651476145, 0.011722711846232414, 0.008899384178221226, 0.009599559009075165, 0.00838652066886425, 0.009414931759238243, 0.010579930618405342, 0.011171774007380009, 0.01598808355629444, 0.00779302092269063, 0.011933494359254837, 0.00740340631455183, 0.009581140242516994, 0.007692291866987944, 0.01170039176940918, 0.009812994860112667, 0.01363462209701538, 0.010052903555333614, 0.008320150896906853]}