{"loss": -0.17442169785499573, "character_probs": [0.015260867774486542, 0.015376421622931957, 0.01768513210117817, 0.015940839424729347, 0.00858314335346222, 0.012810629792511463, 0.01159200631082058, 0.020147770643234253, 0.012973705306649208, 0.009669274091720581, 0.00874118972569704, 0.009111421182751656, 0.009128602221608162, 0.008612684905529022, 0.00832655280828476, 0.02048548310995102, 0.012924985960125923, 0.009746027179062366, 0.009479193016886711, 0.008131572976708412, 0.011970005929470062, 0.007132027298212051, 0.007675461936742067, 0.009018947370350361, 0.009332627058029175, 0.012166323140263557, 0.008365032263100147, 0.008085611276328564, 0.007228261791169643, 0.009499840438365936, 0.007866272702813148, 0.008731556124985218, 0.008261024951934814, 0.00808720663189888, 0.0075975521467626095, 0.007599458564072847, 0.011588206514716148, 0.007693903520703316, 0.010100416839122772, 0.00727149797603488, 0.007291720248758793, 0.009067224338650703, 0.009056683629751205, 0.011435170657932758, 0.008486430160701275, 0.009095648303627968, 0.009186502546072006, 0.008326506242156029, 0.009862789884209633, 0.011854150332510471, 0.017741091549396515, 0.007489706855267286, 0.012266652658581734, 0.007764747831970453, 0.01067667081952095, 0.00867194402962923, 0.007644897326827049, 0.012063704431056976, 0.009901104494929314, 0.007977843284606934, 0.007974948734045029, 0.008817654103040695, 0.017491409555077553, 0.010951570235192776, 0.008387614972889423, 0.014766374602913857, 0.007936346344649792, 0.007180965971201658, 0.010196861810982227, 0.007370725739747286, 0.009858149103820324, 0.013012442737817764, 0.010610783472657204, 0.007515673991292715, 0.009788264520466328, 0.014306383207440376, 0.007900242693722248, 0.010172879323363304, 0.01580534316599369], "weapon_probs": [0.03539891913533211, 0.027500711381435394, 0.012276027351617813, 0.013602976687252522, 0.029829591512680054, 0.009247804991900921, 0.008403557352721691, 0.008767119608819485, 0.0107337087392807, 0.013449199497699738, 0.01133748795837164, 0.008880160748958588, 0.012229081243276596, 0.008011206053197384, 0.02003001794219017, 0.007492982782423496, 0.010901996865868568, 0.013401998206973076, 0.010382233187556267, 0.008178794756531715, 0.007712183054536581, 0.0076649384573102, 0.008806893602013588, 0.009333519265055656, 0.01087407860904932, 0.008317479863762856, 0.008281735703349113, 0.011378544382750988, 0.009719038382172585, 0.007804400287568569, 0.007925829850137234, 0.007247815374284983, 0.007996873930096626, 0.01395205594599247, 0.007966444827616215, 0.01006050780415535, 0.009148629382252693, 0.008492418564856052, 0.007463063579052687, 0.01567356288433075, 0.016811387613415718, 0.0075278510339558125, 0.007737768813967705, 0.007324243430048227, 0.014862277545034885, 0.011221937835216522, 0.010411802679300308, 0.011430008336901665, 0.012136810459196568, 0.008729923516511917, 0.008276544511318207, 0.012051462195813656, 0.018784182146191597, 0.02368329092860222, 0.01164327934384346, 0.007580208592116833, 0.013425087556242943, 0.014270011335611343, 0.012046048417687416]}