{"loss": 0.7694692611694336, "character_probs": [0.014444814994931221, 0.01659524440765381, 0.030878085643053055, 0.018515486270189285, 0.01051490567624569, 0.011256715282797813, 0.010056549683213234, 0.0075354319997131824, 0.015268106013536453, 0.007739775814116001, 0.009182516485452652, 0.007587628439068794, 0.008523533120751381, 0.00977382156997919, 0.008144744671881199, 0.00998976081609726, 0.01080387644469738, 0.008127881214022636, 0.0077138543128967285, 0.008259893395006657, 0.007519651670008898, 0.007135904394090176, 0.012462740764021873, 0.010097779333591461, 0.007269710768014193, 0.007160377223044634, 0.015040419064462185, 0.007945556193590164, 0.009205545298755169, 0.02643268182873726, 0.008386963978409767, 0.0077237943187355995, 0.01021540630608797, 0.008355611003935337, 0.0071775340475142, 0.0077225822024047375, 0.008343145251274109, 0.007659934926778078, 0.008237576112151146, 0.010488971136510372, 0.009740819223225117, 0.007764078676700592, 0.008837083354592323, 0.010028441436588764, 0.010971559211611748, 0.007154489401727915, 0.016010824590921402, 0.008181661367416382, 0.008058831095695496, 0.012099169194698334, 0.008545320481061935, 0.011757352389395237, 0.007973872125148773, 0.009403823874890804, 0.011015449650585651, 0.007389542181044817, 0.007841545157134533, 0.010686172172427177, 0.007821185514330864, 0.010031239129602909, 0.008132698945701122, 0.00825628824532032, 0.009841099381446838, 0.008513683453202248, 0.009565583430230618, 0.01178803015500307, 0.01161407120525837, 0.008782432414591312, 0.00798021350055933, 0.009758137166500092, 0.007636967580765486, 0.019963795319199562, 0.007902524434030056, 0.007774142548441887, 0.011257204227149487, 0.008701222948729992, 0.007745909038931131, 0.01155675295740366, 0.010032626800239086], "weapon_probs": [0.017566222697496414, 0.015381436794996262, 0.011566216126084328, 0.031083285808563232, 0.015569659881293774, 0.008923666551709175, 0.029563240706920624, 0.009302244521677494, 0.017252542078495026, 0.01097651943564415, 0.008859303779900074, 0.009607380256056786, 0.007605299353599548, 0.021207746118307114, 0.008351268246769905, 0.00814962387084961, 0.009746605530381203, 0.009266967885196209, 0.01064610481262207, 0.011016463860869408, 0.010527199134230614, 0.013872891664505005, 0.007498845923691988, 0.008285299874842167, 0.009177596308290958, 0.007757782470434904, 0.011379467323422432, 0.009981618262827396, 0.008114298805594444, 0.0097848204895854, 0.0153491897508502, 0.007593388669192791, 0.008061084896326065, 0.01343805156648159, 0.00966981053352356, 0.0078062089160084724, 0.010801521129906178, 0.02175947092473507, 0.00949291791766882, 0.007609218824654818, 0.00966542400419712, 0.007949062623083591, 0.011983745731413364, 0.009182115085422993, 0.008052949793636799, 0.020493071526288986, 0.009091931395232677, 0.007434129249304533, 0.02577996999025345, 0.010742921382188797, 0.013497007079422474, 0.011631710454821587, 0.01197010651230812, 0.01103096455335617, 0.009679685346782207, 0.021820079535245895, 0.009422576986253262, 0.0077284942381083965, 0.00873569119721651]}