{"loss": -0.2056855857372284, "character_probs": [0.009049958549439907, 0.01143165584653616, 0.027985095977783203, 0.011144603602588177, 0.017952997237443924, 0.01818668842315674, 0.008421883918344975, 0.010086002759635448, 0.009057631716132164, 0.010230987332761288, 0.008985304273664951, 0.009992042556405067, 0.011430755257606506, 0.011109180748462677, 0.009331217966973782, 0.00802297331392765, 0.010725749656558037, 0.008721672929823399, 0.008243700489401817, 0.018037568777799606, 0.007448817603290081, 0.009338241070508957, 0.020380184054374695, 0.00820782408118248, 0.009982489049434662, 0.007779337931424379, 0.009963448159396648, 0.007829907350242138, 0.008175337687134743, 0.007758751045912504, 0.012188274413347244, 0.007936582900583744, 0.0089915432035923, 0.010531794279813766, 0.009415056556463242, 0.007928291335701942, 0.007982664741575718, 0.008961675688624382, 0.007986482232809067, 0.007309219799935818, 0.01144404523074627, 0.008026545867323875, 0.008056115359067917, 0.008501584641635418, 0.008743892423808575, 0.015502609312534332, 0.009851658716797829, 0.00753632141277194, 0.010026609525084496, 0.008893012069165707, 0.008399724029004574, 0.009081604890525341, 0.013095855712890625, 0.008269155398011208, 0.007575688883662224, 0.010449167340993881, 0.008649524301290512, 0.009441099129617214, 0.009726790711283684, 0.011251816526055336, 0.007297257427126169, 0.0074691371992230415, 0.01006411574780941, 0.01823090761899948, 0.010129458270967007, 0.007959889248013496, 0.009221169166266918, 0.00861571915447712, 0.008476375602185726, 0.010031147859990597, 0.01947733387351036, 0.007547845598310232, 0.010248370468616486, 0.01013200730085373, 0.015130494721233845, 0.008169387467205524, 0.007911337539553642, 0.010027662850916386, 0.01873975619673729], "weapon_probs": [0.02195214107632637, 0.022453393787145615, 0.022906124591827393, 0.01694871485233307, 0.01708892732858658, 0.011768992990255356, 0.008118372410535812, 0.009924981743097305, 0.013238044455647469, 0.013877260498702526, 0.0155042614787817, 0.009911159053444862, 0.014005620032548904, 0.010839775204658508, 0.007530797738581896, 0.008722378872334957, 0.011312922462821007, 0.01148519292473793, 0.012925367802381516, 0.008768248371779919, 0.02109505981206894, 0.012364890426397324, 0.010145260021090508, 0.010291293263435364, 0.007654848042875528, 0.008020327426493168, 0.007876933552324772, 0.012089332565665245, 0.007636216934770346, 0.011914331465959549, 0.00750670675188303, 0.008339475840330124, 0.008893098682165146, 0.008568878285586834, 0.0076059382408857346, 0.00843273289501667, 0.0077580674551427364, 0.009286376647651196, 0.02753428742289543, 0.011145001277327538, 0.00844560656696558, 0.01040045265108347, 0.011115139350295067, 0.01318928599357605, 0.012584833428263664, 0.00957389734685421, 0.0092460410669446, 0.00977811124175787, 0.007621601223945618, 0.016345752403140068, 0.010680864565074444, 0.00873512215912342, 0.013792620971798897, 0.00755263352766633, 0.010613988153636456, 0.009747808799147606, 0.013187271542847157, 0.013853011652827263, 0.00933271087706089]}