{"loss": 0.7496886253356934, "character_probs": [0.026443693786859512, 0.013280285522341728, 0.01705906167626381, 0.009591912850737572, 0.014480856247246265, 0.012263957411050797, 0.009696505032479763, 0.008240490220487118, 0.008220242336392403, 0.022606054320931435, 0.010801542550325394, 0.01342086959630251, 0.007812003139406443, 0.010713987052440643, 0.007912161760032177, 0.008288339711725712, 0.018770664930343628, 0.00743169104680419, 0.008430110290646553, 0.008397210389375687, 0.00833149068057537, 0.009309370070695877, 0.00810481607913971, 0.007977847009897232, 0.007820668630301952, 0.008142826147377491, 0.01015394926071167, 0.011128891259431839, 0.01012550387531519, 0.009503504261374474, 0.007709187921136618, 0.007346312515437603, 0.007211494725197554, 0.00790206715464592, 0.007617164868861437, 0.007264072075486183, 0.012021182104945183, 0.009770629927515984, 0.008037540130317211, 0.007605499587953091, 0.018359102308750153, 0.008768235333263874, 0.009875718504190445, 0.007637242320924997, 0.010845349170267582, 0.007723401300609112, 0.010239774361252785, 0.007649828214198351, 0.008944821543991566, 0.009305447340011597, 0.008785570040345192, 0.008505872450768948, 0.011894440278410912, 0.010397760197520256, 0.008613847196102142, 0.008736388757824898, 0.012591216713190079, 0.008582222275435925, 0.014921232126653194, 0.008051341399550438, 0.007433929946273565, 0.008119652047753334, 0.011105675250291824, 0.008471562527120113, 0.014534471556544304, 0.008042022585868835, 0.009094515815377235, 0.009207329712808132, 0.008764205500483513, 0.011081543751060963, 0.011010708287358284, 0.008923162706196308, 0.007357211317867041, 0.012760748155415058, 0.007592764683067799, 0.022813603281974792, 0.00917671900242567, 0.009795078076422215, 0.008167260326445103], "weapon_probs": [0.022647369652986526, 0.009345641359686852, 0.015878766775131226, 0.017089856788516045, 0.02042521722614765, 0.010356227867305279, 0.014149896800518036, 0.014178473502397537, 0.02694857493042946, 0.018359573557972908, 0.014774572104215622, 0.010289470665156841, 0.012340258806943893, 0.010161970742046833, 0.007317065726965666, 0.007757002953439951, 0.00826567318290472, 0.00836296658962965, 0.00972479023039341, 0.013269311748445034, 0.009473093785345554, 0.008061669766902924, 0.008835122920572758, 0.009766751900315285, 0.008346755988895893, 0.01096307672560215, 0.007939592935144901, 0.012235007248818874, 0.012102631852030754, 0.011067056097090244, 0.007671692408621311, 0.015940163284540176, 0.008420695550739765, 0.011614751070737839, 0.013189141638576984, 0.01249794289469719, 0.011650682426989079, 0.008615478873252869, 0.008352129720151424, 0.010530701838433743, 0.009539816528558731, 0.008960781618952751, 0.008133378811180592, 0.027232564985752106, 0.0125832948833704, 0.011147014796733856, 0.007835413329303265, 0.00857775378972292, 0.01152671966701746, 0.01801040768623352, 0.011292765848338604, 0.007998461835086346, 0.008404792286455631, 0.00968986377120018, 0.02434764802455902, 0.013972748070955276, 0.012329795397818089, 0.007901490665972233, 0.021111201494932175]}