{"loss": 0.8604651689529419, "character_probs": [0.018560297787189484, 0.019352298229932785, 0.014863899908959866, 0.011903302744030952, 0.010542604140937328, 0.015573728829622269, 0.013401839882135391, 0.011777516454458237, 0.013660946860909462, 0.00968544464558363, 0.00819006934762001, 0.009709344245493412, 0.007625422440469265, 0.010192696936428547, 0.01421449240297079, 0.008905407041311264, 0.016384944319725037, 0.008235644549131393, 0.007552637718617916, 0.008822277188301086, 0.007202495820820332, 0.0077933380380272865, 0.015613636933267117, 0.007413095328956842, 0.008332159370183945, 0.010372938588261604, 0.008195671252906322, 0.007405700162053108, 0.007336746901273727, 0.007624330464750528, 0.007571005262434483, 0.010819288901984692, 0.007471073884516954, 0.008158119395375252, 0.0075922682881355286, 0.013930290937423706, 0.007269875146448612, 0.009400684386491776, 0.0073401532135903835, 0.007460996974259615, 0.00965565349906683, 0.007412870414555073, 0.008208734914660454, 0.011229073628783226, 0.021600715816020966, 0.007844097912311554, 0.009504007175564766, 0.012909403070807457, 0.00740398745983839, 0.00825376994907856, 0.008714535273611546, 0.01021591480821371, 0.008172345347702503, 0.011844160035252571, 0.007962016388773918, 0.011012451723217964, 0.0076394216157495975, 0.011181178502738476, 0.01027701050043106, 0.019616983830928802, 0.008413583971560001, 0.00858189258724451, 0.009593389928340912, 0.00889373105019331, 0.010842947289347649, 0.024144958704710007, 0.009044860489666462, 0.010448874905705452, 0.00742653664201498, 0.009125531651079655, 0.008827210403978825, 0.007940489798784256, 0.017486510798335075, 0.015550827607512474, 0.008627790957689285, 0.008952213451266289, 0.008636853657662868, 0.00781495776027441, 0.007971713319420815], "weapon_probs": [0.012395741418004036, 0.016999922692775726, 0.027256034314632416, 0.023029647767543793, 0.015541018918156624, 0.01145998015999794, 0.024669982492923737, 0.008964159525930882, 0.007702557370066643, 0.008268245495855808, 0.008797616697847843, 0.008405132219195366, 0.007989669218659401, 0.018418550491333008, 0.021412722766399384, 0.013717410154640675, 0.008086143061518669, 0.012077696621418, 0.008449222892522812, 0.010041611269116402, 0.016454774886369705, 0.012213780544698238, 0.012279006652534008, 0.008749036118388176, 0.009582930244505405, 0.008002717047929764, 0.007224780507385731, 0.009625161997973919, 0.00751827098429203, 0.0073366533033549786, 0.01577816903591156, 0.010002917610108852, 0.008807624690234661, 0.013057548552751541, 0.00912722758948803, 0.012177318334579468, 0.010405946522951126, 0.010065249167382717, 0.008930029347538948, 0.008250555954873562, 0.008042585104703903, 0.008569515310227871, 0.02451900765299797, 0.00986584834754467, 0.008830942213535309, 0.008355741389095783, 0.014621740207076073, 0.01055691484361887, 0.0076822261326014996, 0.007784969173371792, 0.01011062040925026, 0.01357119157910347, 0.008330129086971283, 0.009053372777998447, 0.014481037855148315, 0.01021699421107769, 0.012487152591347694, 0.009936602786183357, 0.009146341122686863]}