{"loss": -0.9912742376327515, "character_probs": [0.012822694145143032, 0.02556442841887474, 0.023706592619419098, 0.012864947319030762, 0.008553039282560349, 0.00993665587157011, 0.014117617160081863, 0.009714392013847828, 0.010031338781118393, 0.007214554585516453, 0.013646580278873444, 0.010697709396481514, 0.0088518550619483, 0.007796339225023985, 0.012366143986582756, 0.008205175399780273, 0.010478755459189415, 0.00835360400378704, 0.007501046638935804, 0.008776451461017132, 0.014451680704951286, 0.011734765022993088, 0.008268686011433601, 0.00905368011444807, 0.0106996214017272, 0.016238044947385788, 0.007512359414249659, 0.0077770790085196495, 0.007776273414492607, 0.007878606207668781, 0.007419012486934662, 0.008676731958985329, 0.010115411132574081, 0.00830841064453125, 0.013241896405816078, 0.008282187394797802, 0.009163586422801018, 0.009675811044871807, 0.00725920032709837, 0.009376813657581806, 0.007390263490378857, 0.010755354538559914, 0.01089535467326641, 0.010436417534947395, 0.008737827651202679, 0.008439348079264164, 0.010487763211131096, 0.011379554867744446, 0.00922906119376421, 0.008410035632550716, 0.009382660500705242, 0.007679269649088383, 0.007698369678109884, 0.008685560896992683, 0.008719137869775295, 0.0072461869567632675, 0.008170291781425476, 0.009471606463193893, 0.00770892109721899, 0.016104113310575485, 0.018454600125551224, 0.007799891754984856, 0.008039095439016819, 0.014899348840117455, 0.01538959238678217, 0.010592648759484291, 0.00858171097934246, 0.009111320599913597, 0.007547078654170036, 0.0094111617654562, 0.009738984517753124, 0.008235388435423374, 0.008143842220306396, 0.013177108019590378, 0.008706149645149708, 0.009048200212419033, 0.015126818791031837, 0.009906349703669548, 0.012500202283263206], "weapon_probs": [0.020984746515750885, 0.018612444400787354, 0.02172871306538582, 0.009211968630552292, 0.010330439545214176, 0.01583898440003395, 0.023987889289855957, 0.01405303180217743, 0.022690724581480026, 0.013642617501318455, 0.014017447829246521, 0.011511437594890594, 0.010561278089880943, 0.011467207223176956, 0.007689950987696648, 0.011693879961967468, 0.008555457927286625, 0.008720245212316513, 0.008434419520199299, 0.007292814552783966, 0.007184560876339674, 0.023978009819984436, 0.009847244247794151, 0.009604423306882381, 0.00983648281544447, 0.007673256564885378, 0.009997215121984482, 0.008301429450511932, 0.009303877130150795, 0.01402720995247364, 0.009102541953325272, 0.012079566717147827, 0.0097714364528656, 0.008791657164692879, 0.010445680469274521, 0.012042079120874405, 0.0082670534029603, 0.009684198535978794, 0.00852246768772602, 0.00787411816418171, 0.00852186419069767, 0.00915384478867054, 0.014467818662524223, 0.007699812762439251, 0.009232454001903534, 0.010965371504426003, 0.008436485193669796, 0.007436053361743689, 0.01254674419760704, 0.01006041094660759, 0.007403599563986063, 0.020911864936351776, 0.012732403352856636, 0.010737664997577667, 0.011105270124971867, 0.007571053225547075, 0.031246542930603027, 0.008642860688269138, 0.008569388650357723]}