{"loss": 0.5185880661010742, "character_probs": [0.019342675805091858, 0.024425439536571503, 0.015918336808681488, 0.012893609702587128, 0.014219271019101143, 0.009520684368908405, 0.008397558704018593, 0.009796489961445332, 0.010527506470680237, 0.008054064586758614, 0.010479074902832508, 0.00819419790059328, 0.008504470810294151, 0.016980687156319618, 0.008726174011826515, 0.015062697231769562, 0.010047553107142448, 0.007495753932744265, 0.009948765859007835, 0.009560521692037582, 0.00732284365221858, 0.012050149962306023, 0.008473831228911877, 0.00741042522713542, 0.008006439544260502, 0.012211554683744907, 0.007511800155043602, 0.014490226283669472, 0.013241494074463844, 0.008698643185198307, 0.008017013780772686, 0.007782019209116697, 0.0077264620922505856, 0.0072173262014985085, 0.007860278710722923, 0.00809909962117672, 0.007497741375118494, 0.008444264531135559, 0.00948447547852993, 0.007890350185334682, 0.008137982338666916, 0.011145144701004028, 0.01580927148461342, 0.010964950546622276, 0.012480568140745163, 0.007174257189035416, 0.00932013988494873, 0.011911436915397644, 0.009051710367202759, 0.01202346570789814, 0.007752837613224983, 0.008513744920492172, 0.007504189386963844, 0.007543445099145174, 0.012001803144812584, 0.007568387780338526, 0.008318166248500347, 0.011911415494978428, 0.007285070605576038, 0.008624187670648098, 0.008773073554039001, 0.012811601161956787, 0.008911839686334133, 0.008678596466779709, 0.010023809969425201, 0.010183004662394524, 0.008241135627031326, 0.01172022894024849, 0.014551810920238495, 0.011859800666570663, 0.014956153929233551, 0.009160549379885197, 0.011532086879014969, 0.007933140732347965, 0.013671888038516045, 0.008127856068313122, 0.014642099849879742, 0.010098679922521114, 0.009491750970482826], "weapon_probs": [0.01049056462943554, 0.017333008348941803, 0.019303835928440094, 0.016046984121203423, 0.011799704283475876, 0.017791125923395157, 0.024620313197374344, 0.012399578467011452, 0.022652331739664078, 0.012273156084120274, 0.011195407249033451, 0.017411235719919205, 0.00972834788262844, 0.019192403182387352, 0.009569426067173481, 0.007410712540149689, 0.007489406503736973, 0.00770594784989953, 0.012779712677001953, 0.017155658453702927, 0.011331448331475258, 0.008417783305048943, 0.009664453566074371, 0.015437905676662922, 0.007533709518611431, 0.008175590075552464, 0.007173819933086634, 0.010037570260465145, 0.00752861425280571, 0.007806497626006603, 0.009143575094640255, 0.010131169110536575, 0.008386271074414253, 0.009727437980473042, 0.009464915841817856, 0.011646978557109833, 0.012571817263960838, 0.008350055664777756, 0.007602773606777191, 0.013574343174695969, 0.008247083984315395, 0.010150928981602192, 0.010259193368256092, 0.009227674454450607, 0.01459132507443428, 0.007525022141635418, 0.009281456470489502, 0.017004918307065964, 0.007636729162186384, 0.010518780909478664, 0.008933902718126774, 0.01583753526210785, 0.010180782526731491, 0.019953079521656036, 0.009118662215769291, 0.014348062686622143, 0.018605008721351624, 0.007845734246075153, 0.028744909912347794]}