{"loss": -0.11994203925132751, "character_probs": [0.030003607273101807, 0.009956235066056252, 0.010933379642665386, 0.011833058670163155, 0.008689680136740208, 0.027672559022903442, 0.013882271014153957, 0.01558234915137291, 0.009685663506388664, 0.0074846758507192135, 0.008521489799022675, 0.007886466570198536, 0.00831874180585146, 0.00867420993745327, 0.00785563699901104, 0.012719834223389626, 0.009591344743967056, 0.010722007602453232, 0.00851293746381998, 0.007552177179604769, 0.012247191742062569, 0.007393635343760252, 0.00836204830557108, 0.01116715557873249, 0.00881665013730526, 0.009814649820327759, 0.0076203313656151295, 0.010853602550923824, 0.007684041745960712, 0.00892587285488844, 0.00811607763171196, 0.007436136715114117, 0.012065378949046135, 0.008766726590692997, 0.0075659556314349174, 0.0081592733040452, 0.010758498683571815, 0.01867520622909069, 0.00827751960605383, 0.009074736386537552, 0.01127815991640091, 0.00913358386605978, 0.00737049849703908, 0.008725905790925026, 0.008297223597764969, 0.008094478398561478, 0.007643501739948988, 0.011232752352952957, 0.009381109848618507, 0.008257970213890076, 0.01436498761177063, 0.010841402225196362, 0.009307896718382835, 0.007367686368525028, 0.013051783666014671, 0.00824186485260725, 0.011339150369167328, 0.008173112757503986, 0.011658374220132828, 0.011918814852833748, 0.009168357588350773, 0.008235790766775608, 0.007525289431214333, 0.007942846976220608, 0.00845765694975853, 0.007641501259058714, 0.00921474676579237, 0.007497632410377264, 0.01042150054126978, 0.010240994393825531, 0.00776941841468215, 0.009737616404891014, 0.009484456852078438, 0.01076352596282959, 0.009658974595367908, 0.008493545465171337, 0.007940858602523804, 0.009728949517011642, 0.015313126146793365], "weapon_probs": [0.029104243963956833, 0.01498689316213131, 0.014923978596925735, 0.010996891185641289, 0.02492653951048851, 0.012865202501416206, 0.012100499123334885, 0.01593060791492462, 0.008434484712779522, 0.010549966245889664, 0.01003266591578722, 0.012487574480473995, 0.012115107849240303, 0.012284904718399048, 0.015326375141739845, 0.012269651517271996, 0.008329961448907852, 0.010446123778820038, 0.014878864400088787, 0.007658680900931358, 0.021596146747469902, 0.013991122134029865, 0.008905855938792229, 0.014780979603528976, 0.011995043605566025, 0.008326378650963306, 0.011339105665683746, 0.010113951750099659, 0.00817289762198925, 0.007582465652376413, 0.008137130178511143, 0.008519724011421204, 0.010149100795388222, 0.00860340055078268, 0.00796471443027258, 0.007589690387248993, 0.008983958512544632, 0.009970061480998993, 0.009116248227655888, 0.010854239575564861, 0.00764869200065732, 0.009342684410512447, 0.011684436351060867, 0.008710436522960663, 0.008845074102282524, 0.01224328950047493, 0.009319091215729713, 0.007390795275568962, 0.008320042863488197, 0.007753179874271154, 0.01585337519645691, 0.03301575407385826, 0.012174117378890514, 0.007579671684652567, 0.007913250476121902, 0.011828947812318802, 0.009680153802037239, 0.01390942931175232, 0.0076912580989301205]}