{"loss": -0.23902568221092224, "character_probs": [0.011787788942456245, 0.017013082280755043, 0.030012302100658417, 0.011555077508091927, 0.011851631104946136, 0.010645831003785133, 0.012610533274710178, 0.013935120776295662, 0.007875153794884682, 0.008807341568171978, 0.01238488219678402, 0.009402930736541748, 0.009467716328799725, 0.010619423352181911, 0.009520157240331173, 0.012373901903629303, 0.011754944920539856, 0.00864311121404171, 0.009021454490721226, 0.009723477065563202, 0.010312500409781933, 0.008287760429084301, 0.008648734539747238, 0.007891359739005566, 0.008053178898990154, 0.0077782319858670235, 0.008838650770485401, 0.007792382966727018, 0.010009419173002243, 0.0095526073127985, 0.008231911808252335, 0.01171598955988884, 0.009565717540681362, 0.007628625258803368, 0.008658785372972488, 0.007577019277960062, 0.010994309559464455, 0.00798115599900484, 0.010815990157425404, 0.007375707384198904, 0.00826268084347248, 0.013338975608348846, 0.012832995504140854, 0.020236559212207794, 0.007779790088534355, 0.011468864977359772, 0.00745732057839632, 0.008155335672199726, 0.008184704929590225, 0.00871310941874981, 0.008223258890211582, 0.010900598019361496, 0.0074861301109194756, 0.009279506281018257, 0.007940697483718395, 0.010585963726043701, 0.008340013213455677, 0.01210823841392994, 0.009134354069828987, 0.00986437313258648, 0.007724460680037737, 0.0075905234552919865, 0.0073926267214119434, 0.012524688616394997, 0.02071479707956314, 0.00744393328204751, 0.007476208731532097, 0.009656192734837532, 0.009747167117893696, 0.010443051345646381, 0.008959513157606125, 0.012750627472996712, 0.009937217459082603, 0.014118358492851257, 0.022920887917280197, 0.007509452290832996, 0.010668490082025528, 0.011319082230329514, 0.013312969356775284], "weapon_probs": [0.014062965288758278, 0.01910886913537979, 0.026667974889278412, 0.010029686614871025, 0.012998177669942379, 0.017803724855184555, 0.016475766897201538, 0.012718064710497856, 0.01415087841451168, 0.007821907289326191, 0.011606123298406601, 0.017825501039624214, 0.0192892923951149, 0.017901655286550522, 0.010900154709815979, 0.00732991099357605, 0.009285606443881989, 0.011770453304052353, 0.00887196697294712, 0.008787894621491432, 0.007723671849817038, 0.008734317496418953, 0.00834428146481514, 0.02225496992468834, 0.009957549162209034, 0.007811417803168297, 0.007728875614702702, 0.007445865776389837, 0.008237792178988457, 0.008290862664580345, 0.008534517139196396, 0.010697044432163239, 0.010279321111738682, 0.007644752971827984, 0.007177441846579313, 0.01212640106678009, 0.01045836042612791, 0.008989166468381882, 0.017356883734464645, 0.01068440917879343, 0.009272799827158451, 0.013821883127093315, 0.010036810301244259, 0.016001472249627113, 0.015203754417598248, 0.008604657836258411, 0.010298256762325764, 0.016082383692264557, 0.009227474220097065, 0.016341447830200195, 0.011549407616257668, 0.011684680357575417, 0.009064790792763233, 0.024363797158002853, 0.008223317563533783, 0.007570996880531311, 0.00875777006149292, 0.009870213456451893, 0.008854316547513008]}