{"loss": 0.1971159279346466, "character_probs": [0.011310030706226826, 0.02609984576702118, 0.011730068363249302, 0.023127075284719467, 0.008182263933122158, 0.018733110278844833, 0.009503142908215523, 0.008722379803657532, 0.010387077927589417, 0.012803182005882263, 0.007985491305589676, 0.008289704099297523, 0.015541830100119114, 0.011502230539917946, 0.009757641702890396, 0.009060278534889221, 0.008796748705208302, 0.010368980467319489, 0.009639406576752663, 0.008031027391552925, 0.008375738747417927, 0.007674932014197111, 0.00777891231700778, 0.008769496344029903, 0.008690430782735348, 0.011163824237883091, 0.007465277798473835, 0.007291884161531925, 0.00858001597225666, 0.013704182580113411, 0.008209342136979103, 0.013839645311236382, 0.009016208350658417, 0.00823378935456276, 0.00750809907913208, 0.01088512223213911, 0.008759096264839172, 0.009645659476518631, 0.012556594796478748, 0.01904292218387127, 0.007622139528393745, 0.009088367223739624, 0.008037320338189602, 0.008437392301857471, 0.008595668710768223, 0.009813693352043629, 0.00815594382584095, 0.009339752607047558, 0.007798412814736366, 0.007603037636727095, 0.009677053429186344, 0.0085370484739542, 0.007503839675337076, 0.00945248268544674, 0.010249646380543709, 0.007595088332891464, 0.007678978610783815, 0.009987435303628445, 0.009387064725160599, 0.009436409920454025, 0.009567066095769405, 0.01307775266468525, 0.011356988921761513, 0.008699546568095684, 0.00786800030618906, 0.01197303831577301, 0.013560237362980843, 0.007329296786338091, 0.008711167611181736, 0.00782196968793869, 0.008444155566394329, 0.008165043778717518, 0.011782675050199032, 0.012354053556919098, 0.012506699189543724, 0.013596134260296822, 0.009899157099425793, 0.012353368103504181, 0.01127796620130539], "weapon_probs": [0.027091026306152344, 0.016252756118774414, 0.02288258820772171, 0.012884479016065598, 0.00903735589236021, 0.022592531517148018, 0.009691781364381313, 0.017402037978172302, 0.00962641928344965, 0.013659480959177017, 0.015195697546005249, 0.009492509067058563, 0.011188521981239319, 0.0077621350064873695, 0.021764159202575684, 0.008411018177866936, 0.01209435984492302, 0.012538375332951546, 0.00882588792592287, 0.009187046438455582, 0.00719858193770051, 0.01114199310541153, 0.008639817126095295, 0.00989446695894003, 0.008827829733490944, 0.007707021664828062, 0.019778739660978317, 0.007988899014890194, 0.010364502668380737, 0.008836238645017147, 0.010443057864904404, 0.007669138256460428, 0.008738347329199314, 0.008540731854736805, 0.012209495529532433, 0.011534854769706726, 0.008977776393294334, 0.009312912821769714, 0.01772579923272133, 0.008285490795969963, 0.009061213582754135, 0.008312642574310303, 0.008285918273031712, 0.009411915205419064, 0.009343216195702553, 0.00800386257469654, 0.010868560522794724, 0.012002680450677872, 0.01659405417740345, 0.011173753067851067, 0.0179671011865139, 0.012377494014799595, 0.01123691163957119, 0.009580063633620739, 0.009266558103263378, 0.00988481193780899, 0.008772461675107479, 0.014264930039644241, 0.01877485401928425]}