{"loss": 0.7799157500267029, "character_probs": [0.012231435626745224, 0.024041034281253815, 0.013756886124610901, 0.009559792466461658, 0.009089617058634758, 0.021234329789876938, 0.011182015761733055, 0.022545229643583298, 0.0171747338026762, 0.008987783454358578, 0.012770584784448147, 0.014007670804858208, 0.011667689308524132, 0.0075303977355360985, 0.009001636877655983, 0.0074833594262599945, 0.00795497465878725, 0.00807326752692461, 0.007169111631810665, 0.00892559252679348, 0.007440108340233564, 0.00758024537935853, 0.007614468690007925, 0.012141017243266106, 0.009355693124234676, 0.007606524508446455, 0.008548514917492867, 0.008733772672712803, 0.011069286614656448, 0.011316565796732903, 0.007539321668446064, 0.009208365343511105, 0.010403355583548546, 0.0076057929545640945, 0.007944776676595211, 0.008123934268951416, 0.008968308568000793, 0.007881734520196915, 0.0082600899040699, 0.007488250732421875, 0.020016327500343323, 0.008001944981515408, 0.007515013217926025, 0.008975855074822903, 0.008363233879208565, 0.0075106145814061165, 0.007255347445607185, 0.009890656918287277, 0.007886321283876896, 0.007892284542322159, 0.008874967694282532, 0.008131764829158783, 0.008073532022535801, 0.010052908211946487, 0.008795950561761856, 0.010070343501865864, 0.010030419565737247, 0.012253785505890846, 0.012545347213745117, 0.008235729299485683, 0.012360876426100731, 0.007778445724397898, 0.008053919300436974, 0.010629663243889809, 0.012144763022661209, 0.009490805678069592, 0.01055143866688013, 0.008250227198004723, 0.0074723041616380215, 0.011818243190646172, 0.008418899029493332, 0.008590564131736755, 0.018728604540228844, 0.008734025061130524, 0.008438022807240486, 0.011959493160247803, 0.009179794229567051, 0.007945042103528976, 0.03319520503282547], "weapon_probs": [0.009079939685761929, 0.016027241945266724, 0.03553412854671478, 0.015322359278798103, 0.01958244852721691, 0.023450635373592377, 0.00989619642496109, 0.008379586972296238, 0.015403400175273418, 0.010617952793836594, 0.009745038114488125, 0.015127972699701786, 0.011957156471908092, 0.012636236846446991, 0.007726878859102726, 0.010778412222862244, 0.009968606755137444, 0.014093013480305672, 0.009756181389093399, 0.008356443606317043, 0.009759875014424324, 0.008414271287620068, 0.009037688374519348, 0.009285643696784973, 0.007840512320399284, 0.0075121126137673855, 0.019182473421096802, 0.008457510732114315, 0.007656710222363472, 0.00841763149946928, 0.007577106356620789, 0.007530690170824528, 0.010099375620484352, 0.007925691083073616, 0.007353512570261955, 0.02805204689502716, 0.011658873409032822, 0.009187556803226471, 0.018734034150838852, 0.008106258697807789, 0.009923376142978668, 0.015230590477585793, 0.00963849388062954, 0.011915999464690685, 0.007210148498415947, 0.008467251434922218, 0.008210677653551102, 0.007956336252391338, 0.013326982036232948, 0.007756448350846767, 0.015155390836298466, 0.00810069777071476, 0.008010624907910824, 0.025390058755874634, 0.020158428698778152, 0.01815732941031456, 0.007645983248949051, 0.010303903371095657, 0.01182711310684681]}