{"loss": -0.50881028175354, "character_probs": [0.015075880102813244, 0.02420853078365326, 0.010602157562971115, 0.012289284728467464, 0.011670965701341629, 0.017562136054039, 0.009396931156516075, 0.007705516181886196, 0.012599915266036987, 0.009382672607898712, 0.024307075887918472, 0.008820293471217155, 0.008199525065720081, 0.008831476792693138, 0.01117499265819788, 0.0074402941390872, 0.0124635249376297, 0.008462445810437202, 0.00927702896296978, 0.014124123379588127, 0.007369228173047304, 0.00751106534153223, 0.01068299449980259, 0.00879813451319933, 0.009893106296658516, 0.010571876540780067, 0.010188404470682144, 0.007543363608419895, 0.008593343198299408, 0.008041941560804844, 0.007295255083590746, 0.009471156634390354, 0.008168734610080719, 0.012277351692318916, 0.008243092335760593, 0.007871662266552448, 0.007335206959396601, 0.010187452659010887, 0.009084297344088554, 0.01161042507737875, 0.00735691050067544, 0.009391626343131065, 0.008231143467128277, 0.008196534588932991, 0.0076363664120435715, 0.0073921834118664265, 0.01502249762415886, 0.009890207089483738, 0.010459449142217636, 0.00868928525596857, 0.010648961178958416, 0.01232079416513443, 0.008042980916798115, 0.010209033265709877, 0.010284550487995148, 0.010176777839660645, 0.007621244993060827, 0.00782957673072815, 0.011248471215367317, 0.008042506873607635, 0.008128991350531578, 0.00774547690525651, 0.021022586151957512, 0.008710673078894615, 0.009295460768043995, 0.010250811465084553, 0.008222678676247597, 0.014991083182394505, 0.00935669057071209, 0.008803456090390682, 0.010284572839736938, 0.01960776187479496, 0.009204186499118805, 0.007950201630592346, 0.0088560925796628, 0.00962020456790924, 0.009967643767595291, 0.011753274127840996, 0.007797300815582275], "weapon_probs": [0.04389655590057373, 0.012681066989898682, 0.01024680957198143, 0.022694163024425507, 0.01280994713306427, 0.00975806638598442, 0.012885059230029583, 0.013671157881617546, 0.012110068462789059, 0.007946640253067017, 0.01017499715089798, 0.00959621462970972, 0.008890079334378242, 0.010014642030000687, 0.010465719737112522, 0.009360549971461296, 0.00991132017225027, 0.008066265843808651, 0.008301904425024986, 0.0128232566639781, 0.016799382865428925, 0.00821868609637022, 0.00982680357992649, 0.02623666077852249, 0.011044494807720184, 0.00905186589807272, 0.00794467143714428, 0.007903597317636013, 0.008100816048681736, 0.008453303016722202, 0.011644072830677032, 0.016994519159197807, 0.008868921548128128, 0.009194549173116684, 0.0093012610450387, 0.011282036080956459, 0.01169644109904766, 0.007836573757231236, 0.009391922503709793, 0.014777202159166336, 0.013370003551244736, 0.01071296725422144, 0.013475313782691956, 0.009967634454369545, 0.01434117928147316, 0.008176964707672596, 0.00757576571777463, 0.007933241315186024, 0.021919913589954376, 0.009428729303181171, 0.008907362818717957, 0.008439823053777218, 0.012453820556402206, 0.007905041798949242, 0.00942937284708023, 0.016394121572375298, 0.010912662371993065, 0.022087307646870613, 0.01013068575412035]}