{"loss": -0.772700309753418, "character_probs": [0.02183489501476288, 0.01234562136232853, 0.012474430724978447, 0.01823192462325096, 0.01393104624003172, 0.01045566238462925, 0.014365430921316147, 0.009148942306637764, 0.014905575662851334, 0.013162681832909584, 0.01560394000262022, 0.008485616184771061, 0.007723422721028328, 0.00934153888374567, 0.009124772623181343, 0.008211828768253326, 0.007440327201038599, 0.008143478073179722, 0.011356951668858528, 0.007109703030437231, 0.009349082596600056, 0.007878405973315239, 0.0071225231513381, 0.014160508289933205, 0.011346539482474327, 0.007427841424942017, 0.012607675045728683, 0.0077863880433142185, 0.01346345990896225, 0.007408469915390015, 0.008666533045470715, 0.007679512724280357, 0.011220269836485386, 0.007617511786520481, 0.010008496232330799, 0.011269742622971535, 0.007720440160483122, 0.009259595535695553, 0.012554343789815903, 0.007371052168309689, 0.009105373173952103, 0.010134711861610413, 0.011471165344119072, 0.007504066918045282, 0.009932919405400753, 0.01241067610681057, 0.008044857531785965, 0.009008838795125484, 0.008018848486244678, 0.008327414281666279, 0.007986187003552914, 0.008394024334847927, 0.009205369278788567, 0.008024080656468868, 0.014582494273781776, 0.013092728331685066, 0.007360393181443214, 0.007296247873455286, 0.012908834964036942, 0.008265846408903599, 0.011146310716867447, 0.008356167934834957, 0.012984947301447392, 0.011966856196522713, 0.007849955931305885, 0.01339542306959629, 0.00865047238767147, 0.010290638543665409, 0.008086367510259151, 0.00992703065276146, 0.007741055451333523, 0.0113793034106493, 0.007922114804387093, 0.010548673570156097, 0.011419707909226418, 0.015774531289935112, 0.010751020163297653, 0.0216875821352005, 0.007605347316712141], "weapon_probs": [0.029204990714788437, 0.024257149547338486, 0.012854036875069141, 0.013692177832126617, 0.013238532468676567, 0.012879354879260063, 0.02342972904443741, 0.009572255425155163, 0.016094999387860298, 0.009381667710840702, 0.008932924829423428, 0.008700119331479073, 0.012713411822915077, 0.01029510609805584, 0.01132555678486824, 0.00885220430791378, 0.008482730947434902, 0.007336469832807779, 0.008492606692016125, 0.01887732371687889, 0.01342388242483139, 0.008033829741179943, 0.00872467178851366, 0.008120786398649216, 0.0128775704652071, 0.008095033466815948, 0.007892339490354061, 0.013227909803390503, 0.010393214412033558, 0.008092944510281086, 0.007450147066265345, 0.01318032294511795, 0.012242911383509636, 0.007929164916276932, 0.012408459559082985, 0.007136458531022072, 0.03334696590900421, 0.00834107305854559, 0.00718385074287653, 0.007481902837753296, 0.00806428212672472, 0.009773585945367813, 0.012052922509610653, 0.014842686243355274, 0.010069578886032104, 0.013447675853967667, 0.0073185814544558525, 0.012697485275566578, 0.0072171990759670734, 0.01621551439166069, 0.009707432240247726, 0.008575697429478168, 0.014119090512394905, 0.010147851891815662, 0.012846021912992, 0.01035750936716795, 0.016673600301146507, 0.02254153974354267, 0.007701676804572344]}