{"loss": -0.6252654194831848, "character_probs": [0.018886074423789978, 0.03139491751790047, 0.015852268785238266, 0.010407312773168087, 0.007967159152030945, 0.015420808456838131, 0.010612661018967628, 0.009934060275554657, 0.008906192146241665, 0.014308854937553406, 0.008448365144431591, 0.008188050240278244, 0.00794723816215992, 0.008244634605944157, 0.007639867253601551, 0.010002962313592434, 0.012045159004628658, 0.007789819035679102, 0.010090531781315804, 0.007272862829267979, 0.00835734698921442, 0.0077857570722699165, 0.00801728293299675, 0.023596685379743576, 0.007648168597370386, 0.009601201862096786, 0.0077805472537875175, 0.008022520691156387, 0.01302383840084076, 0.013525692746043205, 0.007469434291124344, 0.00741414912045002, 0.007610033731907606, 0.008393446914851665, 0.008514616638422012, 0.008701948449015617, 0.008103608153760433, 0.012931685894727707, 0.007396131753921509, 0.01234201155602932, 0.00792419072240591, 0.009226124733686447, 0.007588701322674751, 0.00819749478250742, 0.013067277148365974, 0.007687388453632593, 0.007776150479912758, 0.008119724690914154, 0.008266874589025974, 0.012366136536002159, 0.01026184018701315, 0.007950324565172195, 0.008636643178761005, 0.008763558231294155, 0.00828833319246769, 0.010969345457851887, 0.0074584647081792355, 0.00859623122960329, 0.011083990335464478, 0.008487422950565815, 0.010268572717905045, 0.008296414278447628, 0.008620133623480797, 0.024502702057361603, 0.009214906021952629, 0.008850674144923687, 0.009303252212703228, 0.012014390900731087, 0.007774098310619593, 0.007419366855174303, 0.011817215010523796, 0.008042285218834877, 0.013119259849190712, 0.008301464840769768, 0.01063217967748642, 0.01252109557390213, 0.012550551444292068, 0.013851853087544441, 0.008255228400230408], "weapon_probs": [0.011001843959093094, 0.03434288874268532, 0.039023507386446, 0.009937699884176254, 0.013932217843830585, 0.008396848104894161, 0.008547436445951462, 0.009286342188715935, 0.010085392743349075, 0.01917591691017151, 0.009243839420378208, 0.015119143761694431, 0.007525096647441387, 0.02130761928856373, 0.01005442626774311, 0.009961606934666634, 0.008499691262841225, 0.011596500873565674, 0.010605587624013424, 0.007939634844660759, 0.007460116408765316, 0.009016802534461021, 0.010671745054423809, 0.008257764391601086, 0.008412273600697517, 0.008876724168658257, 0.010641476139426231, 0.01214138139039278, 0.010460039600729942, 0.007545873522758484, 0.016244562342762947, 0.00969674065709114, 0.010331577621400356, 0.012150488793849945, 0.007490906398743391, 0.01072484441101551, 0.007648531347513199, 0.008033636957406998, 0.008230242878198624, 0.022581815719604492, 0.008270125836133957, 0.010750804096460342, 0.012077951803803444, 0.009704286232590675, 0.009889815002679825, 0.007757479790598154, 0.011879937723279, 0.009114572778344154, 0.008959630504250526, 0.010172957554459572, 0.008188489824533463, 0.016209209337830544, 0.013556007295846939, 0.009286480024456978, 0.00886790081858635, 0.012478110380470753, 0.01902969554066658, 0.009329852648079395, 0.009323982521891594]}