{"loss": -0.9858869314193726, "character_probs": [0.02040117233991623, 0.01813710853457451, 0.013819663785398006, 0.02223019301891327, 0.009161525405943394, 0.010881245136260986, 0.01689966395497322, 0.007354433182626963, 0.009563969448208809, 0.008625442162156105, 0.008023692294955254, 0.013250725343823433, 0.007177524268627167, 0.019232245162129402, 0.007129829376935959, 0.007436061277985573, 0.008982088416814804, 0.02084817923605442, 0.00897046085447073, 0.007843613624572754, 0.008317211642861366, 0.008822226896882057, 0.0074019357562065125, 0.007693427614867687, 0.00953277200460434, 0.007407073862850666, 0.009086217731237411, 0.009896787814795971, 0.007048829924315214, 0.008173723705112934, 0.009104841388761997, 0.009773150086402893, 0.007899134419858456, 0.007455646060407162, 0.007900823839008808, 0.008612267673015594, 0.007414435036480427, 0.009306088089942932, 0.017716944217681885, 0.008268492296338081, 0.009339782409369946, 0.008290683850646019, 0.007143959868699312, 0.009919806383550167, 0.007722433656454086, 0.013792358338832855, 0.009686953388154507, 0.009683295153081417, 0.011431507766246796, 0.007554325740784407, 0.01230530720204115, 0.007586742751300335, 0.008053566329181194, 0.008303521201014519, 0.0076249041594564915, 0.015964128077030182, 0.008699167519807816, 0.017587609589099884, 0.00790779385715723, 0.008141339756548405, 0.007797994185239077, 0.01260209921747446, 0.007925604470074177, 0.008881891146302223, 0.009042458608746529, 0.012305879965424538, 0.007394053507596254, 0.0076236664317548275, 0.007441618479788303, 0.012863676063716412, 0.01814417913556099, 0.008085064589977264, 0.007659893482923508, 0.008245492354035378, 0.011664259247481823, 0.00828543771058321, 0.010103302076458931, 0.009112721309065819, 0.027493804693222046], "weapon_probs": [0.0368686281144619, 0.01959824562072754, 0.014469949528574944, 0.018919840455055237, 0.012984750792384148, 0.009788759052753448, 0.012279126793146133, 0.013554292730987072, 0.009309549815952778, 0.011223615147173405, 0.00794791430234909, 0.01042906753718853, 0.00901965145021677, 0.011120626702904701, 0.010263917036354542, 0.02081974595785141, 0.00960319023579359, 0.014300042763352394, 0.009848285466432571, 0.009375646710395813, 0.007313945796340704, 0.013771643862128258, 0.007163935340940952, 0.007715822663158178, 0.017056651413440704, 0.00802519079297781, 0.008391865529119968, 0.014760913327336311, 0.011214710772037506, 0.009081175550818443, 0.008142000995576382, 0.010426458902657032, 0.010119009763002396, 0.01021591667085886, 0.009902880527079105, 0.008444149978458881, 0.008596864528954029, 0.007797522936016321, 0.010518629103899002, 0.017670519649982452, 0.007470000069588423, 0.010125713422894478, 0.009926148690283298, 0.008702163584530354, 0.00806521251797676, 0.009205583482980728, 0.03118414431810379, 0.012440570630133152, 0.008362069725990295, 0.011067347601056099, 0.008064151741564274, 0.010958489030599594, 0.009898499585688114, 0.012125000357627869, 0.026064615696668625, 0.011002294719219208, 0.01486409641802311, 0.009673052467405796, 0.008891608566045761]}