{"loss": 0.9271442294120789, "character_probs": [0.022106286138296127, 0.015460886992514133, 0.012271441519260406, 0.02054298296570778, 0.015098204836249352, 0.012834953144192696, 0.010157236829400063, 0.010547209531068802, 0.010344725102186203, 0.00895029865205288, 0.013323584571480751, 0.008272574283182621, 0.016225259751081467, 0.009650192223489285, 0.007852599956095219, 0.011774162761867046, 0.008177634328603745, 0.0074953860603272915, 0.009151747450232506, 0.008352748118340969, 0.00730253616347909, 0.011255819350481033, 0.010518008843064308, 0.007352930959314108, 0.007811125833541155, 0.009475374594330788, 0.009656868875026703, 0.007289414294064045, 0.00933200865983963, 0.00740134296938777, 0.009669008664786816, 0.00957922451198101, 0.011016719974577427, 0.007489864714443684, 0.008156140334904194, 0.012658566236495972, 0.011320146732032299, 0.010869773104786873, 0.009081724099814892, 0.008373850956559181, 0.009325427934527397, 0.01002252846956253, 0.013866450637578964, 0.008089127019047737, 0.008944917470216751, 0.009550049901008606, 0.007958300411701202, 0.010117150843143463, 0.010867444798350334, 0.011362487450242043, 0.007234341464936733, 0.00799682829529047, 0.008173974230885506, 0.00873092282563448, 0.009347060695290565, 0.007827873341739178, 0.008701487444341183, 0.007717421278357506, 0.008226742036640644, 0.009511043317615986, 0.013558221980929375, 0.007362389471381903, 0.015975557267665863, 0.007695247419178486, 0.01379337441176176, 0.00722767598927021, 0.012893975712358952, 0.012839851900935173, 0.007621216122061014, 0.010423560626804829, 0.007712534163147211, 0.013452614657580853, 0.007609229534864426, 0.007846877910196781, 0.008082211948931217, 0.01660759188234806, 0.0172107070684433, 0.016754597425460815, 0.008231215178966522], "weapon_probs": [0.03571531921625137, 0.014709746465086937, 0.016895519569516182, 0.011727994307875633, 0.03232426941394806, 0.011761302128434181, 0.011249142698943615, 0.015104580670595169, 0.009324057959020138, 0.01250539906322956, 0.010079480707645416, 0.009978728368878365, 0.009043848142027855, 0.00834947731345892, 0.010112307965755463, 0.0112709179520607, 0.013955862261354923, 0.008817811496555805, 0.007266720291227102, 0.008390168659389019, 0.007976179011166096, 0.00833003781735897, 0.008014186285436153, 0.0084296939894557, 0.013658636249601841, 0.007647010497748852, 0.012415733188390732, 0.010500535368919373, 0.011008203960955143, 0.009790756739675999, 0.007808936759829521, 0.008610891178250313, 0.009411927312612534, 0.012597614899277687, 0.01474081352353096, 0.007509059738367796, 0.007642651442438364, 0.00811594258993864, 0.02064812183380127, 0.007234249264001846, 0.028175685554742813, 0.007572927046567202, 0.008051571436226368, 0.00942988321185112, 0.011974221095442772, 0.009260183200240135, 0.013374937698245049, 0.013808343559503555, 0.010631546378135681, 0.00867116916924715, 0.008085138164460659, 0.011948497965931892, 0.010382002219557762, 0.009063043631613255, 0.009790105745196342, 0.026539143174886703, 0.011975586414337158, 0.01319140661507845, 0.017595598474144936]}