{"loss": 0.9375366568565369, "character_probs": [0.039027146995067596, 0.011538511142134666, 0.008760887198150158, 0.013563135638833046, 0.012111617252230644, 0.012179809622466564, 0.014534268528223038, 0.012290999293327332, 0.008152183145284653, 0.008658037520945072, 0.009224805980920792, 0.007737592328339815, 0.01185939833521843, 0.00854006689041853, 0.010933207347989082, 0.011824557557702065, 0.008121591992676258, 0.012042094022035599, 0.009099881164729595, 0.008450238965451717, 0.011617254465818405, 0.009126296266913414, 0.011890791356563568, 0.007981370203197002, 0.009907718747854233, 0.008771214634180069, 0.00747147249057889, 0.009901031851768494, 0.010335863567888737, 0.00724294176325202, 0.008554961532354355, 0.011339284479618073, 0.009102923795580864, 0.008432568050920963, 0.009840460494160652, 0.00793076865375042, 0.009668461047112942, 0.008629783056676388, 0.00815783254802227, 0.007796157617121935, 0.008376381359994411, 0.011732068844139576, 0.009055284783244133, 0.009000533260405064, 0.01229541189968586, 0.007987787947058678, 0.010887837037444115, 0.007724402938038111, 0.00821464043110609, 0.007414838764816523, 0.008891056291759014, 0.00912994984537363, 0.008151859045028687, 0.008993548341095448, 0.009318212047219276, 0.008715514093637466, 0.008226709440350533, 0.012412864714860916, 0.008627854287624359, 0.008061593398451805, 0.007932208478450775, 0.008004515431821346, 0.019043385982513428, 0.010325557552278042, 0.012829698622226715, 0.009380827657878399, 0.007853712886571884, 0.014100460335612297, 0.008380290120840073, 0.009972263127565384, 0.012847013771533966, 0.007223259191960096, 0.008435998111963272, 0.01223110780119896, 0.007537178695201874, 0.008142701350152493, 0.013686544261872768, 0.0095902718603611, 0.009065127931535244], "weapon_probs": [0.024842511862516403, 0.02080918475985527, 0.010094265453517437, 0.04777459427714348, 0.01257279235869646, 0.011050906963646412, 0.013134995475411415, 0.016413792967796326, 0.012670695781707764, 0.008950735442340374, 0.01199603732675314, 0.009177244268357754, 0.008429202251136303, 0.009595576673746109, 0.008915428072214127, 0.007641147822141647, 0.009051866829395294, 0.011440843343734741, 0.007814519107341766, 0.012421121820807457, 0.007678443565964699, 0.008184910751879215, 0.009307025000452995, 0.009832801297307014, 0.008432465605437756, 0.009992485865950584, 0.010552985593676567, 0.007562304846942425, 0.009750621393322945, 0.014662597328424454, 0.007757047191262245, 0.007502566557377577, 0.007574628572911024, 0.010484506376087666, 0.010367017239332199, 0.008697918616235256, 0.008530063554644585, 0.014889429323375225, 0.011710431426763535, 0.008646377362310886, 0.019586052745580673, 0.011515801772475243, 0.012309374287724495, 0.009492052718997002, 0.008680964820086956, 0.008743575774133205, 0.010237108916044235, 0.010293103754520416, 0.010491691529750824, 0.009623234160244465, 0.011342511512339115, 0.009661175310611725, 0.016629289835691452, 0.011310005560517311, 0.011046264320611954, 0.013672970235347748, 0.015133879147469997, 0.008930183947086334, 0.01674555614590645]}