{"loss": 0.9685581922531128, "character_probs": [0.015614780597388744, 0.023497149348258972, 0.017294418066740036, 0.013094376772642136, 0.008527280762791634, 0.012521018274128437, 0.0102277472615242, 0.013508814387023449, 0.0134300971403718, 0.012742588296532631, 0.010365339927375317, 0.012040333822369576, 0.0074661169201135635, 0.008259709924459457, 0.014375271275639534, 0.010113908909261227, 0.007935993373394012, 0.008852760307490826, 0.008694909512996674, 0.012206613086163998, 0.009117653593420982, 0.011459631845355034, 0.008285745978355408, 0.009341981261968613, 0.0087042935192585, 0.01162467710673809, 0.008923115208745003, 0.007561261299997568, 0.007095036096870899, 0.007981288246810436, 0.008739642798900604, 0.0075559839606285095, 0.016709573566913605, 0.010522682219743729, 0.008714407682418823, 0.007151616737246513, 0.010064291767776012, 0.008105206303298473, 0.00909385271370411, 0.013503726571798325, 0.007771195378154516, 0.008027731440961361, 0.008295208215713501, 0.008223048411309719, 0.007138358894735575, 0.008533031679689884, 0.012516021728515625, 0.009760106913745403, 0.010081661865115166, 0.009681567549705505, 0.009963342919945717, 0.008183129131793976, 0.007890544831752777, 0.01059801410883665, 0.008137455210089684, 0.007496185600757599, 0.008416474796831608, 0.00831119529902935, 0.014991347678005695, 0.009447542019188404, 0.009087154641747475, 0.009384028613567352, 0.008575420826673508, 0.008135301992297173, 0.007927044294774532, 0.008059140294790268, 0.00804613996297121, 0.007986152544617653, 0.010564214549958706, 0.014304079115390778, 0.008447805419564247, 0.017685923725366592, 0.012803321704268456, 0.010130035690963268, 0.01826613023877144, 0.011121719144284725, 0.012364253401756287, 0.01349475234746933, 0.00807593110948801], "weapon_probs": [0.021356867626309395, 0.012562351301312447, 0.024155978113412857, 0.021779155358672142, 0.027398396283388138, 0.01732528582215309, 0.010289310477674007, 0.00799061544239521, 0.013022063300013542, 0.007855397649109364, 0.00815617386251688, 0.008324770256876945, 0.015071675181388855, 0.007900239899754524, 0.011381513439118862, 0.013583598658442497, 0.010128830559551716, 0.0090098911896348, 0.009235463105142117, 0.007407619152218103, 0.00833633728325367, 0.011092627421021461, 0.019033189862966537, 0.007828067988157272, 0.014366110786795616, 0.007814495824277401, 0.019487349316477776, 0.00859343446791172, 0.012814855203032494, 0.008636035956442356, 0.013329603709280491, 0.008338798768818378, 0.007721708156168461, 0.012211782857775688, 0.014031929895281792, 0.00895979255437851, 0.0087044108659029, 0.007453488651663065, 0.008497931063175201, 0.008417299017310143, 0.009734470397233963, 0.011441590264439583, 0.007793059106916189, 0.007979348301887512, 0.015850376337766647, 0.007843118160963058, 0.015662044286727905, 0.008080323226749897, 0.01091182604432106, 0.01008966937661171, 0.009315622970461845, 0.01362396776676178, 0.012991580180823803, 0.009258726611733437, 0.012381277978420258, 0.00893168430775404, 0.015012186020612717, 0.016080789268016815, 0.007872194051742554]}