{"loss": -0.8229721188545227, "character_probs": [0.010359732434153557, 0.017704647034406662, 0.019865985959768295, 0.014596762135624886, 0.01571671850979328, 0.01319871935993433, 0.008392398245632648, 0.012561945244669914, 0.016149576753377914, 0.00847858190536499, 0.008511467836797237, 0.011164257302880287, 0.009742878377437592, 0.009095142595469952, 0.01027093268930912, 0.00934632122516632, 0.008538156747817993, 0.010021528229117393, 0.008521054871380329, 0.008738702163100243, 0.012927649542689323, 0.00789539236575365, 0.008306007832288742, 0.009302214719355106, 0.01741408184170723, 0.009118940681219101, 0.008482953533530235, 0.010415632277727127, 0.0071622347459197044, 0.012101486325263977, 0.007821646519005299, 0.009826142340898514, 0.008887034840881824, 0.009238773956894875, 0.01010246854275465, 0.009379812516272068, 0.008563682436943054, 0.010936325415968895, 0.010500621050596237, 0.009523624554276466, 0.00908429455012083, 0.010009633377194405, 0.008802985772490501, 0.009051667526364326, 0.008003650233149529, 0.008062694221735, 0.007918572053313255, 0.010698002763092518, 0.009146759286522865, 0.007499418221414089, 0.01301096472889185, 0.00877310335636139, 0.011173831298947334, 0.008049998432397842, 0.008808416314423084, 0.009913906455039978, 0.00785626471042633, 0.009722871705889702, 0.008084706030786037, 0.008939024060964584, 0.019311238080263138, 0.00858975574374199, 0.011076236143708229, 0.008083059452474117, 0.007928266189992428, 0.014729022979736328, 0.007842605002224445, 0.01489898283034563, 0.008610760793089867, 0.008239669725298882, 0.007220759522169828, 0.015989812090992928, 0.01281110942363739, 0.01143571175634861, 0.022452175617218018, 0.007356259971857071, 0.00987527146935463, 0.010769372805953026, 0.010177835822105408], "weapon_probs": [0.020320801064372063, 0.04248742759227753, 0.019941851496696472, 0.008005935698747635, 0.011821696534752846, 0.009213287383317947, 0.011713404208421707, 0.018049731850624084, 0.010751189664006233, 0.026349876075983047, 0.00893434602767229, 0.012076947838068008, 0.008932162076234818, 0.012737033888697624, 0.007150682620704174, 0.00782213918864727, 0.008684346452355385, 0.008017484098672867, 0.009455282241106033, 0.007461244706064463, 0.00811120867729187, 0.009927807375788689, 0.007529265712946653, 0.012076856568455696, 0.010630189441144466, 0.00825091265141964, 0.01106501929461956, 0.009272021241486073, 0.008546365424990654, 0.019860906526446342, 0.010618121363222599, 0.008707401342689991, 0.008223095908761024, 0.008036111481487751, 0.012988783419132233, 0.011385513469576836, 0.00889161042869091, 0.007824819535017014, 0.007799886632710695, 0.007379932329058647, 0.007935223169624805, 0.00919767003506422, 0.007669560145586729, 0.013929096981883049, 0.01023920439183712, 0.020918898284435272, 0.007697411812841892, 0.00972676184028387, 0.02492203563451767, 0.01026945747435093, 0.014505462720990181, 0.009210947901010513, 0.008190454915165901, 0.010696211829781532, 0.007777065970003605, 0.018433615565299988, 0.015229416079819202, 0.01198057271540165, 0.010609360411763191]}