{"loss": -0.8974102139472961, "character_probs": [0.020847676321864128, 0.014199627563357353, 0.01622908189892769, 0.021320244297385216, 0.011724231764674187, 0.011181624606251717, 0.015333996154367924, 0.009771900251507759, 0.00874892808496952, 0.009122616611421108, 0.00927214790135622, 0.011218782514333725, 0.009102024137973785, 0.008898214437067509, 0.015882298350334167, 0.01046488806605339, 0.009503855369985104, 0.007205810397863388, 0.009407487697899342, 0.0094208475202322, 0.007604099810123444, 0.01163473166525364, 0.008504754863679409, 0.00972789153456688, 0.007590367458760738, 0.007211089599877596, 0.012466266751289368, 0.008726818487048149, 0.009579428471624851, 0.007339958567172289, 0.007843779399991035, 0.00728824594989419, 0.009896033443510532, 0.009754505008459091, 0.008012345992028713, 0.008173913694918156, 0.009820024482905865, 0.008277141489088535, 0.015566048212349415, 0.008504588156938553, 0.008783165365457535, 0.007296188734471798, 0.0072158207185566425, 0.007407871540635824, 0.009789496660232544, 0.007658947259187698, 0.00807132013142109, 0.010079022496938705, 0.007460363209247589, 0.026461727917194366, 0.009459521621465683, 0.012202968820929527, 0.01213669590651989, 0.007364542689174414, 0.011930612847208977, 0.014932037331163883, 0.0083850659430027, 0.008737175725400448, 0.007917999289929867, 0.008977280929684639, 0.0076011065393686295, 0.01370101049542427, 0.008855011314153671, 0.00785380881279707, 0.011204477399587631, 0.008391765877604485, 0.007203233893960714, 0.007335444912314415, 0.008172289468348026, 0.007569432258605957, 0.0077553074806928635, 0.0123797208070755, 0.014764221385121346, 0.012800425291061401, 0.008077431470155716, 0.013207613490521908, 0.007513509131968021, 0.009019317105412483, 0.022128533571958542], "weapon_probs": [0.031799230724573135, 0.012355913408100605, 0.02061951719224453, 0.020981941372156143, 0.013147858902812004, 0.015565355308353901, 0.010447013191878796, 0.01726049929857254, 0.013115346431732178, 0.009344443678855896, 0.016191430389881134, 0.018450625240802765, 0.010261159390211105, 0.014898686669766903, 0.007402291987091303, 0.008464323356747627, 0.008149366825819016, 0.007447142153978348, 0.010284371674060822, 0.00930616445839405, 0.008160573430359364, 0.008271079510450363, 0.00919099897146225, 0.007956253364682198, 0.009509719908237457, 0.008556638844311237, 0.008891982957720757, 0.014257198199629784, 0.024289269000291824, 0.008319512009620667, 0.010697472840547562, 0.008130709640681744, 0.012228623032569885, 0.008663765154778957, 0.00851897057145834, 0.007478893734514713, 0.009551011025905609, 0.009748803451657295, 0.012395997531712055, 0.009711311198771, 0.0072527192533016205, 0.007338101975619793, 0.009589554741978645, 0.01306263729929924, 0.009439597837626934, 0.009344739839434624, 0.008901741355657578, 0.008846506476402283, 0.007224367931485176, 0.013133954256772995, 0.011530732735991478, 0.011916982010006905, 0.008906283415853977, 0.015389755368232727, 0.013099532574415207, 0.013888021931052208, 0.009438509121537209, 0.009544390253722668, 0.008382515050470829]}