{"loss": -0.9765802621841431, "character_probs": [0.01948579214513302, 0.020370814949274063, 0.01059525553137064, 0.012032525613904, 0.009051423519849777, 0.028142888098955154, 0.01422630064189434, 0.0076890503987669945, 0.017677336931228638, 0.00759953772649169, 0.0076048108749091625, 0.009213927201926708, 0.00869392417371273, 0.007567848544567823, 0.009451664052903652, 0.007872401736676693, 0.00895050261169672, 0.013291853480041027, 0.007127971388399601, 0.012642859481275082, 0.007911225780844688, 0.007506208494305611, 0.007953893393278122, 0.009216874837875366, 0.007200466003268957, 0.010865764692425728, 0.0075035919435322285, 0.010450631380081177, 0.007250256836414337, 0.008562964387238026, 0.008427048102021217, 0.007720460183918476, 0.01228160411119461, 0.007630460429936647, 0.013041874393820763, 0.009968777187168598, 0.007973902858793736, 0.008835791610181332, 0.0092376209795475, 0.008028416894376278, 0.009411266073584557, 0.0076477499678730965, 0.008113205432891846, 0.021723516285419464, 0.00865885429084301, 0.007450995966792107, 0.008349673822522163, 0.007853580638766289, 0.011038685217499733, 0.007823293097317219, 0.007611298002302647, 0.022413872182369232, 0.01057386677712202, 0.009208764880895615, 0.01359071210026741, 0.00807261373847723, 0.009188388474285603, 0.014114147052168846, 0.009308603592216969, 0.007922547869384289, 0.00802326574921608, 0.008379998616874218, 0.007562193553894758, 0.010007196106016636, 0.008767809718847275, 0.007287200540304184, 0.007336249575018883, 0.024858225136995316, 0.008324259892106056, 0.0074968235567212105, 0.007943365722894669, 0.007720776367932558, 0.00999322161078453, 0.007697075605392456, 0.015584191307425499, 0.007338798139244318, 0.008475838229060173, 0.008468875661492348, 0.007434580009430647], "weapon_probs": [0.031304389238357544, 0.012469327077269554, 0.02588311955332756, 0.014448007568717003, 0.010398903861641884, 0.008990845642983913, 0.01461184211075306, 0.011087585240602493, 0.013671781867742538, 0.009255093522369862, 0.02204325422644615, 0.009238112717866898, 0.013434631749987602, 0.015692487359046936, 0.0117915915325284, 0.012605210766196251, 0.007607244420796633, 0.007398797199130058, 0.007807427551597357, 0.008793329820036888, 0.007217468228191137, 0.011022886261343956, 0.016443464905023575, 0.00835796445608139, 0.017821278423070908, 0.0077837309800088406, 0.010470911860466003, 0.009335937909781933, 0.008125594817101955, 0.008289065212011337, 0.009815827943384647, 0.0075115119107067585, 0.007851803675293922, 0.030451282858848572, 0.007802185136824846, 0.008310100995004177, 0.00859151966869831, 0.00801070686429739, 0.009007577784359455, 0.010782752186059952, 0.012466875836253166, 0.009075650945305824, 0.008986815810203552, 0.008185089565813541, 0.0210711807012558, 0.008947094902396202, 0.009654972702264786, 0.007825920358300209, 0.009520603343844414, 0.011557553894817829, 0.007616390474140644, 0.008384771645069122, 0.014359763823449612, 0.012388387694954872, 0.012108255177736282, 0.012292316183447838, 0.012882261537015438, 0.007350580766797066, 0.008664201945066452]}