{"loss": -0.9978604316711426, "character_probs": [0.0296335332095623, 0.010704046115279198, 0.014901942573487759, 0.013965499587357044, 0.014187569729983807, 0.011166173964738846, 0.010533708147704601, 0.011594299226999283, 0.007365087512880564, 0.010096186771988869, 0.014760218560695648, 0.008933900855481625, 0.008294422179460526, 0.01362433098256588, 0.00729499151930213, 0.011829311028122902, 0.01209835335612297, 0.008037911728024483, 0.012424258515238762, 0.007397952489554882, 0.010128812864422798, 0.008116616867482662, 0.009670005179941654, 0.012791462242603302, 0.008361591026186943, 0.008610411547124386, 0.0077861216850578785, 0.008441968820989132, 0.008419445715844631, 0.007706482894718647, 0.009296717122197151, 0.01236654631793499, 0.009486048482358456, 0.007921688258647919, 0.008329817093908787, 0.009932849556207657, 0.007583955302834511, 0.009279191493988037, 0.011177076026797295, 0.007774644531309605, 0.00848900992423296, 0.009259924292564392, 0.009556540288031101, 0.009355190210044384, 0.009577911347150803, 0.00796043872833252, 0.007237371988594532, 0.009306665509939194, 0.018293093889951706, 0.0104523915797472, 0.013085739687085152, 0.009540263563394547, 0.007744421251118183, 0.007609898224473, 0.012888144701719284, 0.0077780080027878284, 0.008675058372318745, 0.007523471023887396, 0.008245100267231464, 0.008229795843362808, 0.008447797037661076, 0.014066515490412712, 0.007581453304737806, 0.008410833775997162, 0.009020928293466568, 0.012481998652219772, 0.010978231206536293, 0.010544678196310997, 0.010208549909293652, 0.019188113510608673, 0.009407082572579384, 0.01149173267185688, 0.010168341919779778, 0.009254992939531803, 0.009620475582778454, 0.008074750192463398, 0.012839878909289837, 0.008237216621637344, 0.008264539763331413], "weapon_probs": [0.03013487532734871, 0.019477203488349915, 0.015616406686604023, 0.013544991612434387, 0.019591882824897766, 0.010396778583526611, 0.014835764653980732, 0.014421094208955765, 0.012877710163593292, 0.010734942741692066, 0.010992541909217834, 0.014818177558481693, 0.009344651363790035, 0.009048676118254662, 0.009820005856454372, 0.010154258459806442, 0.010227465070784092, 0.012143034487962723, 0.014046099036931992, 0.007800084073096514, 0.007618912495672703, 0.008627328090369701, 0.010256344452500343, 0.013788469135761261, 0.009857050143182278, 0.008403039537370205, 0.00787257868796587, 0.008089391514658928, 0.010104138404130936, 0.008740294724702835, 0.007859213277697563, 0.008052910678088665, 0.013441856950521469, 0.0162846427410841, 0.009048995561897755, 0.008149286732077599, 0.03962835669517517, 0.007227548398077488, 0.008070248179137707, 0.009838133119046688, 0.013884985819458961, 0.009305570274591446, 0.01137746311724186, 0.00886490847915411, 0.010752735659480095, 0.010027884505689144, 0.013948382809758186, 0.008024889044463634, 0.007813560776412487, 0.010554542765021324, 0.012792209163308144, 0.008930598385632038, 0.012844054959714413, 0.007459907326847315, 0.008175834082067013, 0.009880805388092995, 0.012207107618451118, 0.008926897309720516, 0.010622303932905197]}