{"loss": -0.9948968887329102, "character_probs": [0.018288783729076385, 0.025383293628692627, 0.01498283538967371, 0.008790832944214344, 0.008557341061532497, 0.013152487576007843, 0.011822682805359364, 0.007552586030215025, 0.016527298837900162, 0.013086884282529354, 0.010679367929697037, 0.011266520246863365, 0.008030828088521957, 0.009453712962567806, 0.007941072806715965, 0.01209085900336504, 0.011378082446753979, 0.007797725964337587, 0.009109550155699253, 0.021788056939840317, 0.010179102420806885, 0.008040090091526508, 0.007846146821975708, 0.007734079845249653, 0.011194095015525818, 0.009065287187695503, 0.007371081039309502, 0.008040913380682468, 0.007451143115758896, 0.008322952315211296, 0.008111607283353806, 0.008224870078265667, 0.008801846764981747, 0.00785991083830595, 0.009207837283611298, 0.007747386582195759, 0.009686524048447609, 0.010082014836370945, 0.008097028359770775, 0.007408348377794027, 0.007501029875129461, 0.008766571059823036, 0.01711685210466385, 0.016908440738916397, 0.010052544996142387, 0.007427515462040901, 0.008428054861724377, 0.010510250926017761, 0.007945346646010876, 0.007437435444444418, 0.008719866164028645, 0.007372882682830095, 0.010009863413870335, 0.0074972533620893955, 0.008526482619345188, 0.009693452157080173, 0.008212830871343613, 0.01625451073050499, 0.013721471652388573, 0.007710255682468414, 0.010476556606590748, 0.008068644441664219, 0.007761875633150339, 0.013932805508375168, 0.007841275073587894, 0.011532055214047432, 0.008876558393239975, 0.00733351893723011, 0.01113446056842804, 0.009617205709218979, 0.010548800230026245, 0.008081295527517796, 0.007533394731581211, 0.007749526295810938, 0.027095742523670197, 0.010767234489321709, 0.008434937335550785, 0.009416231885552406, 0.008556378073990345], "weapon_probs": [0.02609436586499214, 0.01905897632241249, 0.015025673434138298, 0.05057569593191147, 0.007902102544903755, 0.011464100331068039, 0.007623832672834396, 0.014912224374711514, 0.010431368835270405, 0.0124470554292202, 0.011010028421878815, 0.010391486808657646, 0.016057569533586502, 0.007853471674025059, 0.007514117285609245, 0.01341420877724886, 0.00721729127690196, 0.0086147366091609, 0.007150496356189251, 0.009373495355248451, 0.008917507715523243, 0.009635601192712784, 0.008108081296086311, 0.0076150777749717236, 0.00819918978959322, 0.007606185972690582, 0.0075694238767027855, 0.007229493465274572, 0.009759187698364258, 0.009943710640072823, 0.01457916758954525, 0.008814402855932713, 0.007721289526671171, 0.007647628430277109, 0.008231463842093945, 0.012098116800189018, 0.01091052033007145, 0.011385631747543812, 0.012615904211997986, 0.007777882274240255, 0.014227833598852158, 0.02333325520157814, 0.008961761370301247, 0.011125929653644562, 0.007814843207597733, 0.0094444015994668, 0.022968187928199768, 0.009850739501416683, 0.015796145424246788, 0.009286216460168362, 0.009932311251759529, 0.00852101482450962, 0.008383712731301785, 0.009752064943313599, 0.013042673468589783, 0.009243194013834, 0.01514007430523634, 0.008931765332818031, 0.011542770080268383]}