{"loss": -0.8241560459136963, "character_probs": [0.014300648123025894, 0.052209384739398956, 0.008007314056158066, 0.013134844601154327, 0.011088216677308083, 0.01120765320956707, 0.0102548748254776, 0.010450777597725391, 0.0075415028259158134, 0.008975907228887081, 0.008867681957781315, 0.009318968281149864, 0.008428383618593216, 0.007677564863115549, 0.011066743172705173, 0.007377420086413622, 0.00821917038410902, 0.009766057133674622, 0.008119156584143639, 0.009888006374239922, 0.007078886032104492, 0.008691120892763138, 0.007232278119772673, 0.007950853556394577, 0.007224764674901962, 0.007704887539148331, 0.008329048752784729, 0.007976063527166843, 0.008561264723539352, 0.01283416897058487, 0.013325627893209457, 0.013630293309688568, 0.010682887397706509, 0.008990224450826645, 0.012380369007587433, 0.007205583620816469, 0.00835957657545805, 0.013622615486383438, 0.008354154415428638, 0.008220795542001724, 0.007860271260142326, 0.008219028823077679, 0.00816184189170599, 0.00890148151665926, 0.009079994633793831, 0.007296526804566383, 0.007684317883104086, 0.008321896195411682, 0.013597337529063225, 0.011394182220101357, 0.008869609795510769, 0.008742350153625011, 0.008909938856959343, 0.008239288814365864, 0.011335847899317741, 0.007628768216818571, 0.010317571461200714, 0.010141594335436821, 0.009519393555819988, 0.007407452445477247, 0.00870295986533165, 0.012705746106803417, 0.00866527110338211, 0.007894261740148067, 0.010539405979216099, 0.013944282196462154, 0.009407885372638702, 0.021116577088832855, 0.009663138538599014, 0.016585126519203186, 0.009621620178222656, 0.0076643675565719604, 0.00991006288677454, 0.009481675922870636, 0.009198569692671299, 0.01068884413689375, 0.010988650843501091, 0.008520577102899551, 0.014828910119831562], "weapon_probs": [0.013871807605028152, 0.026671528816223145, 0.014573005959391594, 0.014913021586835384, 0.013965673744678497, 0.013390365056693554, 0.020357713103294373, 0.011392601765692234, 0.02394646406173706, 0.017142698168754578, 0.008864924311637878, 0.007425953168421984, 0.007901530712842941, 0.010035021230578423, 0.008272098377346992, 0.022245295345783234, 0.008754723705351353, 0.012223481200635433, 0.017034567892551422, 0.00831643771380186, 0.007452625781297684, 0.009908361360430717, 0.008329886943101883, 0.009052414447069168, 0.009276404045522213, 0.010043300688266754, 0.011600211262702942, 0.008256575092673302, 0.009424627758562565, 0.008546974509954453, 0.01995055191218853, 0.010257579386234283, 0.007663463242352009, 0.009413326159119606, 0.008508071303367615, 0.01113186776638031, 0.010746199637651443, 0.009224869310855865, 0.011661995202302933, 0.00752125633880496, 0.008710430935025215, 0.009699084796011448, 0.010074716061353683, 0.011648429557681084, 0.020620983093976974, 0.008926723152399063, 0.014966057613492012, 0.008215965703129768, 0.007402664981782436, 0.008948244154453278, 0.010893828235566616, 0.01044753473252058, 0.010556664317846298, 0.00984987709671259, 0.008022171445190907, 0.01665329933166504, 0.020566238090395927, 0.009380596689879894, 0.008782492019236088]}