{"loss": 0.3621924817562103, "character_probs": [0.012182135134935379, 0.028721939772367477, 0.009979603812098503, 0.019864175468683243, 0.010596328414976597, 0.013777563348412514, 0.007914858870208263, 0.010414384305477142, 0.0076736025512218475, 0.007336709648370743, 0.017328526824712753, 0.01584809646010399, 0.008656221441924572, 0.008569813333451748, 0.008269965648651123, 0.00790475681424141, 0.014872705563902855, 0.009458941407501698, 0.007944447919726372, 0.009356847032904625, 0.010693325661122799, 0.007528992835432291, 0.007690004538744688, 0.0072234030812978745, 0.01218113861978054, 0.007789005525410175, 0.007784488145262003, 0.008028744719922543, 0.015518324449658394, 0.009418537840247154, 0.010148601606488228, 0.008543924428522587, 0.008180617354810238, 0.009179973974823952, 0.010686563327908516, 0.00925888679921627, 0.007933815009891987, 0.0073992470279335976, 0.007614606991410255, 0.010675445199012756, 0.00929725356400013, 0.015606445260345936, 0.0087913628667593, 0.008314179256558418, 0.014137353748083115, 0.009480975568294525, 0.007192548830062151, 0.008776852861046791, 0.009204735979437828, 0.012167604640126228, 0.007762246765196323, 0.007473636418581009, 0.009187227115035057, 0.009190591052174568, 0.00938884261995554, 0.008011524565517902, 0.011582648381590843, 0.011539014056324959, 0.011873058043420315, 0.014397570863366127, 0.007439861539751291, 0.0110929561778903, 0.010431154631078243, 0.0073739937506616116, 0.007563941180706024, 0.007463123649358749, 0.014779013581573963, 0.00993647612631321, 0.007948152720928192, 0.007390711922198534, 0.00801636278629303, 0.027253955602645874, 0.009704483672976494, 0.010880518704652786, 0.007307316176593304, 0.009988727979362011, 0.01135039422661066, 0.011958490125834942, 0.007929084822535515], "weapon_probs": [0.03338291123509407, 0.014641303569078445, 0.025050323456525803, 0.012152357958257198, 0.010654878802597523, 0.011885801330208778, 0.014910451136529446, 0.014821987599134445, 0.012865658849477768, 0.008616677485406399, 0.008341815322637558, 0.012225190177559853, 0.019846979528665543, 0.010942130349576473, 0.008761662989854813, 0.007300680037587881, 0.01686892658472061, 0.009140856564044952, 0.011590158566832542, 0.010126695036888123, 0.00787690095603466, 0.016943907365202904, 0.009101427160203457, 0.009202707558870316, 0.008830112405121326, 0.008971280418336391, 0.011630857363343239, 0.010036604478955269, 0.01046831626445055, 0.008177139796316624, 0.009508657269179821, 0.00891325157135725, 0.011816676706075668, 0.008619166910648346, 0.008615691214799881, 0.007743391674011946, 0.009411010891199112, 0.008487300015985966, 0.010221422649919987, 0.01922253519296646, 0.008655850775539875, 0.007359817624092102, 0.013364667072892189, 0.0077315038070082664, 0.009949583560228348, 0.009191153571009636, 0.013553044758737087, 0.009060136042535305, 0.012444134801626205, 0.022277511656284332, 0.020582415163517, 0.010211429558694363, 0.008652202785015106, 0.00794558972120285, 0.014710595831274986, 0.008003024384379387, 0.013317687436938286, 0.009285755455493927, 0.010369314812123775]}