{"loss": 0.5565329790115356, "character_probs": [0.029718879610300064, 0.012825066223740578, 0.01760665513575077, 0.01079102884978056, 0.012332838028669357, 0.009439224377274513, 0.011057499796152115, 0.012374093756079674, 0.015092836692929268, 0.010675899684429169, 0.008340436965227127, 0.012707307003438473, 0.016745924949645996, 0.008249613456428051, 0.010924402624368668, 0.009254279546439648, 0.010256954468786716, 0.009074059315025806, 0.009023802354931831, 0.008334752172231674, 0.00755243469029665, 0.00777418352663517, 0.008461196906864643, 0.008034500293433666, 0.008074385114014149, 0.007874629460275173, 0.007802323903888464, 0.008808804675936699, 0.0157496128231287, 0.00999284628778696, 0.008298436179757118, 0.007523695472627878, 0.010581606067717075, 0.010551698505878448, 0.013210160657763481, 0.00787636823952198, 0.007615565322339535, 0.0076599870808422565, 0.009853941388428211, 0.008659442886710167, 0.00721714086830616, 0.008128855377435684, 0.007766406983137131, 0.008924577385187149, 0.010486451908946037, 0.007721283007413149, 0.008247237652540207, 0.008174723014235497, 0.007436804473400116, 0.008877936750650406, 0.007279748097062111, 0.010667428374290466, 0.01703006401658058, 0.007712841033935547, 0.009829390794038773, 0.010411231778562069, 0.009245098568499088, 0.007504978217184544, 0.008942600339651108, 0.00762530229985714, 0.007609877269715071, 0.00783616490662098, 0.00822178553789854, 0.011773776262998581, 0.01678299903869629, 0.013592042028903961, 0.009766408242285252, 0.009548223577439785, 0.012369975447654724, 0.009604640305042267, 0.01002061739563942, 0.007464870810508728, 0.015007799491286278, 0.015401330776512623, 0.007928439415991306, 0.00918290764093399, 0.010098776780068874, 0.007974591106176376, 0.009565089829266071], "weapon_probs": [0.03735939413309097, 0.01338108815252781, 0.012748414650559425, 0.02678711712360382, 0.008967115543782711, 0.008421514183282852, 0.014440296217799187, 0.009251118637621403, 0.013200121000409126, 0.00851423665881157, 0.011958671733736992, 0.00960930809378624, 0.009441289119422436, 0.009217409417033195, 0.017612848430871964, 0.009890483692288399, 0.015345471911132336, 0.011113561689853668, 0.016775060445070267, 0.008927791379392147, 0.009777561761438847, 0.00794492568820715, 0.007910670712590218, 0.008605982176959515, 0.009134415537118912, 0.01000622846186161, 0.007829011417925358, 0.013162624090909958, 0.020936328917741776, 0.013069575652480125, 0.008211001753807068, 0.012366387993097305, 0.01139549259096384, 0.008770325221121311, 0.016764860600233078, 0.009922332130372524, 0.010846801102161407, 0.00820301566272974, 0.009889276698231697, 0.008845633827149868, 0.007954537868499756, 0.009092161431908607, 0.020100455731153488, 0.007222393061965704, 0.007528675254434347, 0.008614017628133297, 0.00899818167090416, 0.008662383072078228, 0.015758313238620758, 0.007945707999169827, 0.007396967150270939, 0.011889729648828506, 0.01516752876341343, 0.007311404217034578, 0.01164967194199562, 0.009414076805114746, 0.024751856923103333, 0.008580183610320091, 0.007943795062601566]}