{"loss": 0.350515216588974, "character_probs": [0.014317801222205162, 0.009966977871954441, 0.02194199524819851, 0.016254223883152008, 0.012665264308452606, 0.012871082872152328, 0.01083562895655632, 0.014646396040916443, 0.007746584713459015, 0.014896210283041, 0.009554067626595497, 0.009970507584512234, 0.010131249204277992, 0.011298364028334618, 0.018472012132406235, 0.011297536082565784, 0.010702187195420265, 0.007473894860595465, 0.007336924318224192, 0.007275656796991825, 0.008636901155114174, 0.008618411608040333, 0.009739503264427185, 0.007482200860977173, 0.009448794648051262, 0.008153820410370827, 0.008001163601875305, 0.007994734682142735, 0.008316753432154655, 0.012705666944384575, 0.008146565407514572, 0.009463331662118435, 0.01604072004556656, 0.009501158259809017, 0.007826738059520721, 0.01247561164200306, 0.007770846132189035, 0.007365550845861435, 0.009594621136784554, 0.009667033329606056, 0.008100135251879692, 0.009130850434303284, 0.008652647025883198, 0.008940854109823704, 0.007903999648988247, 0.00872856006026268, 0.008180925622582436, 0.013318508863449097, 0.007254188880324364, 0.012339767068624496, 0.00798786524683237, 0.016998976469039917, 0.01061946526169777, 0.011773863807320595, 0.010396516881883144, 0.010973181575536728, 0.008824767544865608, 0.008673659525811672, 0.007874269969761372, 0.008255597203969955, 0.007757801562547684, 0.008271824568510056, 0.00942360982298851, 0.008894873782992363, 0.009679018519818783, 0.010705851949751377, 0.008523192256689072, 0.009747958742082119, 0.01157197542488575, 0.008540923707187176, 0.0109520573168993, 0.008434955962002277, 0.012826383113861084, 0.02098722569644451, 0.011289665475487709, 0.007368407677859068, 0.010805957950651646, 0.00810589361935854, 0.011450394988059998], "weapon_probs": [0.024972837418317795, 0.02010614052414894, 0.019471067935228348, 0.014885258860886097, 0.02145000919699669, 0.01622193306684494, 0.008005908690392971, 0.01242159679532051, 0.026025932282209396, 0.009718181565403938, 0.012718351557850838, 0.008045194670557976, 0.016864825040102005, 0.014725787565112114, 0.007877613417804241, 0.0070964861661195755, 0.01575438305735588, 0.008831381797790527, 0.008481320925056934, 0.009096043184399605, 0.008254054933786392, 0.009165842086076736, 0.007680096197873354, 0.008317498490214348, 0.00743325799703598, 0.010773581452667713, 0.009814269840717316, 0.011141210794448853, 0.011355225928127766, 0.008639419451355934, 0.009684240445494652, 0.007773102726787329, 0.008121485821902752, 0.008282097987830639, 0.00879748910665512, 0.00727947149425745, 0.01015948411077261, 0.008327918127179146, 0.014202532358467579, 0.007976656779646873, 0.012601621448993683, 0.0076210834085941315, 0.007663201540708542, 0.014358371496200562, 0.007833103649318218, 0.011543149128556252, 0.009724199771881104, 0.010337701067328453, 0.008316672407090664, 0.01303432509303093, 0.01582573540508747, 0.007769666612148285, 0.029680855572223663, 0.02025102823972702, 0.009216985665261745, 0.010738958604633808, 0.013227211311459541, 0.012702490203082561, 0.010518210940063]}