{"loss": -0.7586401700973511, "character_probs": [0.013343767262995243, 0.01471937820315361, 0.02625315636396408, 0.010643827728927135, 0.013606611639261246, 0.014445808716118336, 0.010090954601764679, 0.01608184352517128, 0.008408710360527039, 0.010416223667562008, 0.011203089728951454, 0.008920468389987946, 0.009168664924800396, 0.010387439280748367, 0.008021527901291847, 0.008523177355527878, 0.01382439024746418, 0.011145897209644318, 0.009065058082342148, 0.007436125539243221, 0.010031824931502342, 0.010589846409857273, 0.014097804203629494, 0.00820912979543209, 0.0076795825734734535, 0.007537808734923601, 0.008511269465088844, 0.010253425687551498, 0.007206717040389776, 0.007981231436133385, 0.007781678810715675, 0.007953369989991188, 0.007486096583306789, 0.007569430395960808, 0.009439090266823769, 0.008788686245679855, 0.011449375189840794, 0.01807096228003502, 0.010406889952719212, 0.008341904729604721, 0.008564285933971405, 0.00871997233480215, 0.009346182458102703, 0.008663656190037727, 0.008301088586449623, 0.01070345938205719, 0.00951388105750084, 0.007923039607703686, 0.007616973947733641, 0.008878128603100777, 0.0159284807741642, 0.007831600494682789, 0.012871375307440758, 0.008976833894848824, 0.008989697322249413, 0.009518252685666084, 0.008333313278853893, 0.008288552984595299, 0.008300145156681538, 0.021022547036409378, 0.012513825669884682, 0.012764444574713707, 0.0075952885672450066, 0.014789056032896042, 0.007752072997391224, 0.00809701532125473, 0.00977224949747324, 0.007907756604254246, 0.015303198248147964, 0.00901354756206274, 0.008509455248713493, 0.007485741283744574, 0.00765822920948267, 0.01581721380352974, 0.01131207961589098, 0.007526695262640715, 0.007736674975603819, 0.01104675605893135, 0.013450196012854576], "weapon_probs": [0.057468481361866, 0.01541904453188181, 0.008525000885128975, 0.018482837826013565, 0.009075455367565155, 0.00837318692356348, 0.00951338279992342, 0.01268827635794878, 0.016204075887799263, 0.00898608285933733, 0.010272982530295849, 0.012359028682112694, 0.013142142444849014, 0.007675836328417063, 0.0195297934114933, 0.00869795959442854, 0.009558995254337788, 0.008447941392660141, 0.009759643115103245, 0.00742438156157732, 0.01190116535872221, 0.008081499487161636, 0.012641193345189095, 0.008841022849082947, 0.0075599681586027145, 0.008641941472887993, 0.009326702915132046, 0.01020838413387537, 0.007867101579904556, 0.008965160697698593, 0.011188585311174393, 0.008236559107899666, 0.008627058006823063, 0.02125079184770584, 0.008776162751019001, 0.009916392154991627, 0.007948270067572594, 0.01265668123960495, 0.010350048542022705, 0.008548126555979252, 0.012212694622576237, 0.009289818815886974, 0.008079132065176964, 0.010830107145011425, 0.010796437039971352, 0.008558702655136585, 0.011804245412349701, 0.014997931197285652, 0.009763828478753567, 0.010600028559565544, 0.007532611954957247, 0.007692463230341673, 0.0095848822966218, 0.014481348916888237, 0.01351948268711567, 0.014410579577088356, 0.008877050131559372, 0.014811685308814049, 0.009923839010298252]}