{"loss": -0.90688556432724, "character_probs": [0.014693752862513065, 0.04450797662138939, 0.01666148379445076, 0.009471694007515907, 0.009397704154253006, 0.007920592091977596, 0.008502094075083733, 0.010729245841503143, 0.010696671903133392, 0.011366652324795723, 0.010740021243691444, 0.007449047174304724, 0.007606398314237595, 0.01137351244688034, 0.00812290608882904, 0.007900996133685112, 0.007712229620665312, 0.008229210041463375, 0.007986224256455898, 0.007926027290523052, 0.00727276923134923, 0.007627889513969421, 0.008755195885896683, 0.02220184914767742, 0.007659866940230131, 0.007851352915167809, 0.00970994308590889, 0.00756842503324151, 0.009117414243519306, 0.010956761427223682, 0.007799815386533737, 0.008915092796087265, 0.009818349033594131, 0.008980919606983662, 0.007697986904531717, 0.007398421410471201, 0.00794249214231968, 0.01004682295024395, 0.017574675381183624, 0.00840853899717331, 0.008083177730441093, 0.010622934438288212, 0.008674063719809055, 0.007622947450727224, 0.008699499070644379, 0.008438589051365852, 0.008969414979219437, 0.007909119129180908, 0.007841072976589203, 0.014103149995207787, 0.011047253385186195, 0.008001452311873436, 0.008608262054622173, 0.016865581274032593, 0.00802216399461031, 0.008967990055680275, 0.01451707910746336, 0.011897733435034752, 0.007806713692843914, 0.011068975552916527, 0.007412139791995287, 0.011815745383501053, 0.008027497678995132, 0.008360430598258972, 0.007429339457303286, 0.008274415507912636, 0.011502057313919067, 0.007950704544782639, 0.009419082663953304, 0.023888912051916122, 0.008852086961269379, 0.010138488374650478, 0.015408455394208431, 0.007877014577388763, 0.007924787700176239, 0.008469709195196629, 0.008400161750614643, 0.029205545783042908, 0.010515905916690826], "weapon_probs": [0.01958390697836876, 0.016617726534605026, 0.016554370522499084, 0.027921415865421295, 0.012226799502968788, 0.011680031195282936, 0.021812185645103455, 0.009884921833872795, 0.00952953565865755, 0.013788677752017975, 0.015751317143440247, 0.00998696219176054, 0.00896463729441166, 0.013498850166797638, 0.010743899270892143, 0.012178976088762283, 0.007915351539850235, 0.011180910281836987, 0.007729656063020229, 0.010486283339560032, 0.007972129620611668, 0.02519376203417778, 0.00810678768903017, 0.007827403023838997, 0.010340300388634205, 0.007576689589768648, 0.013202672824263573, 0.009436407126486301, 0.008890615776181221, 0.007855993695557117, 0.008088401518762112, 0.008093073032796383, 0.015857748687267303, 0.008006271906197071, 0.008581829257309437, 0.007451535668224096, 0.011288071051239967, 0.009773023426532745, 0.008117510005831718, 0.029857438057661057, 0.009272409602999687, 0.009297585114836693, 0.008688732981681824, 0.007666371297091246, 0.007716816384345293, 0.009181843139231205, 0.009019608609378338, 0.018509477376937866, 0.010943186469376087, 0.016481652855873108, 0.01308650616556406, 0.009345685131847858, 0.007881899364292622, 0.010037420317530632, 0.012048309668898582, 0.022202584892511368, 0.01189502514898777, 0.012298429384827614, 0.008457794785499573]}