{"loss": 0.5834595561027527, "character_probs": [0.042351651936769485, 0.00857236236333847, 0.009534019976854324, 0.01565900444984436, 0.01004406064748764, 0.013181095942854881, 0.012670313939452171, 0.007824176922440529, 0.009233176708221436, 0.00784384086728096, 0.013005645014345646, 0.013212969526648521, 0.008509020321071148, 0.011518036015331745, 0.009621432051062584, 0.008509357459843159, 0.007634160108864307, 0.007870208472013474, 0.011545538902282715, 0.007323127239942551, 0.008889282122254372, 0.007716718595474958, 0.014421213418245316, 0.00736459344625473, 0.00999426282942295, 0.007152991369366646, 0.009951772168278694, 0.00962585024535656, 0.008490548469126225, 0.007830989547073841, 0.009302966296672821, 0.008926885202527046, 0.013796762563288212, 0.0075784772634506226, 0.008907078765332699, 0.008336657658219337, 0.007545285392552614, 0.007135174702852964, 0.00833533052355051, 0.007212079130113125, 0.016110271215438843, 0.007416583597660065, 0.007684496231377125, 0.009555750526487827, 0.013646407052874565, 0.011405358090996742, 0.007867468520998955, 0.008209849707782269, 0.015153512358665466, 0.007725766859948635, 0.009148325771093369, 0.012973498553037643, 0.009672561660408974, 0.007937823422253132, 0.007915130816400051, 0.008223649114370346, 0.009476072154939175, 0.009018189273774624, 0.008493826724588871, 0.013809782452881336, 0.014046736992895603, 0.008664151653647423, 0.00843804795295, 0.010432735085487366, 0.007388623896986246, 0.008410826325416565, 0.00738616194576025, 0.007851417176425457, 0.007616091053932905, 0.012088418006896973, 0.007777892053127289, 0.007413493003696203, 0.02879544347524643, 0.009378951974213123, 0.011717075482010841, 0.0098830945789814, 0.008150926791131496, 0.008805030956864357, 0.008338458836078644], "weapon_probs": [0.026971686631441116, 0.03352798894047737, 0.01603000983595848, 0.015946291387081146, 0.011343958787620068, 0.008353959769010544, 0.017263326793909073, 0.008257109671831131, 0.014580309391021729, 0.010408001951873302, 0.009344157762825489, 0.01115841418504715, 0.007342988159507513, 0.01692795567214489, 0.009514755569398403, 0.019305400550365448, 0.01381424069404602, 0.008600612170994282, 0.007477255538105965, 0.009295113384723663, 0.012735608965158463, 0.00942789576947689, 0.008120336569845676, 0.007957478985190392, 0.008255483582615852, 0.009580157697200775, 0.011757767759263515, 0.010691655799746513, 0.008809464052319527, 0.008639832958579063, 0.008354844525456429, 0.007276506163179874, 0.010416359640657902, 0.009803895838558674, 0.007827683351933956, 0.007132797501981258, 0.011135677807033062, 0.0157230906188488, 0.009856984950602055, 0.009207569062709808, 0.013802101835608482, 0.012868029996752739, 0.007485814858227968, 0.010366949252784252, 0.010033216327428818, 0.022641226649284363, 0.00784395169466734, 0.008184324949979782, 0.009880687110126019, 0.012832707725465298, 0.011932693421840668, 0.007976256310939789, 0.02476409822702408, 0.01934322714805603, 0.012212706729769707, 0.008781914599239826, 0.007816674187779427, 0.008492602966725826, 0.016118738800287247]}