{"loss": -0.946951687335968, "character_probs": [0.018649887293577194, 0.020899221301078796, 0.008341832086443901, 0.027889780700206757, 0.010691383853554726, 0.008605947718024254, 0.009404275566339493, 0.026261404156684875, 0.009995637461543083, 0.008316153660416603, 0.008181525394320488, 0.007216965314000845, 0.010243963450193405, 0.008469362743198872, 0.011060550808906555, 0.012695109471678734, 0.007765376940369606, 0.00899958610534668, 0.00961375329643488, 0.009661678224802017, 0.007714183069765568, 0.008475078269839287, 0.01000394020229578, 0.00760022085160017, 0.008023420348763466, 0.011168299242854118, 0.00738432165235281, 0.00913552101701498, 0.007319048512727022, 0.007631860673427582, 0.009820306673645973, 0.010320378467440605, 0.008158676326274872, 0.008386713452637196, 0.007528010290116072, 0.007774234749376774, 0.013103945180773735, 0.008201821707189083, 0.009193163365125656, 0.00929147470742464, 0.008024587295949459, 0.012911328114569187, 0.009389510378241539, 0.00828075036406517, 0.0077586667612195015, 0.008431605063378811, 0.012195168994367123, 0.007438241504132748, 0.008579239249229431, 0.01384679228067398, 0.009137991815805435, 0.0080516766756773, 0.012838694266974926, 0.01086152158677578, 0.010699093341827393, 0.00721623282879591, 0.008869440294802189, 0.012785126455128193, 0.00874869991093874, 0.008497852832078934, 0.007579085882753134, 0.01030794158577919, 0.008703201077878475, 0.011102796532213688, 0.007770251017063856, 0.011135099455714226, 0.022477008402347565, 0.007469247095286846, 0.008420316502451897, 0.008991094306111336, 0.007798953913152218, 0.014373847283422947, 0.007649070117622614, 0.010402497835457325, 0.008067771792411804, 0.009762784466147423, 0.010911357589066029, 0.013175282627344131, 0.009423801675438881], "weapon_probs": [0.0435713566839695, 0.011359957978129387, 0.009690424427390099, 0.02434784546494484, 0.011142481118440628, 0.03643590584397316, 0.008968066424131393, 0.010063637979328632, 0.00870245136320591, 0.014618169516324997, 0.009093651548027992, 0.008093544282019138, 0.009860172867774963, 0.010879985988140106, 0.00858522579073906, 0.0072239357978105545, 0.01904316619038582, 0.009712384082376957, 0.00837693177163601, 0.008452089503407478, 0.0077035315334796906, 0.012263024225831032, 0.00840618647634983, 0.010343734174966812, 0.009272721596062183, 0.008330386132001877, 0.007443914655596018, 0.009267150424420834, 0.009225553832948208, 0.008221903815865517, 0.007697053253650665, 0.011697134003043175, 0.00800013355910778, 0.010113609954714775, 0.009189986623823643, 0.009105279110372066, 0.008440685458481312, 0.0096754664555192, 0.012261344119906425, 0.013746995478868484, 0.010314496234059334, 0.007881359197199345, 0.01327195018529892, 0.01127721183001995, 0.01001200545579195, 0.012785025872290134, 0.00766748795285821, 0.008102424442768097, 0.011063951067626476, 0.008359701372683048, 0.009365085512399673, 0.008159268647432327, 0.021067041903734207, 0.019584007561206818, 0.009234418161213398, 0.01306239701807499, 0.011593146249651909, 0.013055137358605862, 0.008804727345705032]}