{"loss": -0.5569986701011658, "character_probs": [0.011864814907312393, 0.015029185451567173, 0.018180519342422485, 0.008249594829976559, 0.013357527554035187, 0.011094648391008377, 0.025102511048316956, 0.015007196925580502, 0.0152339031919837, 0.008425019681453705, 0.00791678112000227, 0.007931255735456944, 0.014640865847468376, 0.007633427157998085, 0.01148390956223011, 0.007276962976902723, 0.009971308521926403, 0.009729491546750069, 0.011262400075793266, 0.008535230532288551, 0.00805736519396305, 0.008810644038021564, 0.008732634596526623, 0.007753479294478893, 0.008327671326696873, 0.00786399282515049, 0.00924820825457573, 0.0073578814044594765, 0.010786954313516617, 0.00806418713182211, 0.008306652307510376, 0.01646893098950386, 0.00833861343562603, 0.01222890056669712, 0.007965783588588238, 0.0075643653981387615, 0.009301092475652695, 0.011759590357542038, 0.007380560971796513, 0.010014865547418594, 0.01873907446861267, 0.007819930091500282, 0.009741151705384254, 0.008038059808313847, 0.0072322748601436615, 0.0076295314356684685, 0.00967421568930149, 0.007504385430365801, 0.008038511499762535, 0.011610317975282669, 0.00800163671374321, 0.007898090407252312, 0.01596716046333313, 0.009065253660082817, 0.013472391292452812, 0.01607731357216835, 0.00992115493863821, 0.007677117828279734, 0.010360876098275185, 0.008945594541728497, 0.008147547952830791, 0.009458835236728191, 0.009710529819130898, 0.00990314595401287, 0.011977525427937508, 0.010135228745639324, 0.007783415727317333, 0.008131669834256172, 0.008239531889557838, 0.018180668354034424, 0.008738264441490173, 0.011023420840501785, 0.013085427694022655, 0.00821603462100029, 0.008775996044278145, 0.01268315501511097, 0.009444334544241428, 0.013573458418250084, 0.008884476497769356], "weapon_probs": [0.04455650970339775, 0.020590972155332565, 0.021742764860391617, 0.011004062369465828, 0.01033919770270586, 0.00887475349009037, 0.008459475822746754, 0.008923355489969254, 0.015054292976856232, 0.014977102167904377, 0.010125081986188889, 0.012391617521643639, 0.008007263764739037, 0.011945842765271664, 0.012844257056713104, 0.014615725725889206, 0.00826461985707283, 0.008353964425623417, 0.012910000048577785, 0.007665727287530899, 0.010332911275327206, 0.007865042425692081, 0.010450316593050957, 0.009973635897040367, 0.008852348662912846, 0.007545094471424818, 0.00789603590965271, 0.008334342390298843, 0.009191222488880157, 0.012381430715322495, 0.011415521614253521, 0.012826412916183472, 0.007794054225087166, 0.009274563752114773, 0.01138156559318304, 0.008140536956489086, 0.009027416817843914, 0.007481162436306477, 0.021195804700255394, 0.010637057945132256, 0.007445520255714655, 0.010311475023627281, 0.00891878455877304, 0.01199033297598362, 0.008233446627855301, 0.028604909777641296, 0.0077537898905575275, 0.008916689082980156, 0.012719521299004555, 0.009285926818847656, 0.011344225145876408, 0.008756699971854687, 0.014855064451694489, 0.016071174293756485, 0.014021655544638634, 0.019428245723247528, 0.008237116038799286, 0.01238316111266613, 0.008069722913205624]}