{"loss": -0.43550750613212585, "character_probs": [0.01679619587957859, 0.011180548928678036, 0.01662948913872242, 0.013757340610027313, 0.009691744111478329, 0.03455813601613045, 0.011979974806308746, 0.01236034743487835, 0.008486856706440449, 0.008706370368599892, 0.009001127444207668, 0.009099781513214111, 0.009431746788322926, 0.007500804029405117, 0.009463567286729813, 0.008031485602259636, 0.008483280427753925, 0.015324951149523258, 0.009174693375825882, 0.007946738973259926, 0.007535473443567753, 0.009637083858251572, 0.007185090333223343, 0.010224442929029465, 0.01195157878100872, 0.010287880897521973, 0.008112180046737194, 0.007185335271060467, 0.007515504956245422, 0.009355873800814152, 0.00798039510846138, 0.008112147450447083, 0.013063052669167519, 0.009481270797550678, 0.009985431097447872, 0.008148575201630592, 0.008884400129318237, 0.008601951412856579, 0.008862514048814774, 0.007932636886835098, 0.012385232374072075, 0.01148250699043274, 0.007533805910497904, 0.007509464863687754, 0.010037478059530258, 0.01389611978083849, 0.007995101623237133, 0.011906756088137627, 0.009336133487522602, 0.011243078857660294, 0.008711781352758408, 0.008897602558135986, 0.011920133605599403, 0.009210382588207722, 0.009652487933635712, 0.008498966693878174, 0.010996362194418907, 0.0073917219415307045, 0.011220160871744156, 0.009391340427100658, 0.00877593457698822, 0.008115561679005623, 0.012579265050590038, 0.00754901859909296, 0.015763182193040848, 0.01144641824066639, 0.008446531370282173, 0.016961807385087013, 0.009149557910859585, 0.008462891913950443, 0.009132115170359612, 0.012694042176008224, 0.007904542610049248, 0.013005784712731838, 0.012797310948371887, 0.008495715446770191, 0.011567719280719757, 0.007929264567792416, 0.017723452299833298], "weapon_probs": [0.022586481645703316, 0.01931821182370186, 0.012519123032689095, 0.021941646933555603, 0.01241007074713707, 0.010521684773266315, 0.009467016905546188, 0.02224617451429367, 0.008569851517677307, 0.01660775952041149, 0.008237285539507866, 0.012809151783585548, 0.015527362935245037, 0.015048234723508358, 0.012749357149004936, 0.015295381657779217, 0.009352323599159718, 0.011205336079001427, 0.011259419843554497, 0.010669024661183357, 0.007421595510095358, 0.007591289933770895, 0.009470692835748196, 0.009834690019488335, 0.012486770749092102, 0.008224230259656906, 0.009128001518547535, 0.007603327743709087, 0.01444212719798088, 0.010674651712179184, 0.008693302050232887, 0.009002914652228355, 0.009165357798337936, 0.010039331391453743, 0.01292338315397501, 0.012076979503035545, 0.01475034561008215, 0.00802530162036419, 0.007621525786817074, 0.009618956595659256, 0.007377535104751587, 0.008374490775167942, 0.014781055971980095, 0.024109452962875366, 0.008328862488269806, 0.014185851439833641, 0.009955794550478458, 0.01228777039796114, 0.0077891419641673565, 0.009484967216849327, 0.01607893779873848, 0.011770544573664665, 0.020325515419244766, 0.007292534224689007, 0.0133016686886549, 0.007573128677904606, 0.008382996544241905, 0.010256575420498848, 0.01141930092126131]}