{"loss": 0.8674702644348145, "character_probs": [0.012754181399941444, 0.01222001388669014, 0.026928503066301346, 0.010656589642167091, 0.01788782887160778, 0.01508412230759859, 0.007965270429849625, 0.008614487014710903, 0.015886111184954643, 0.01294863224029541, 0.01212256494909525, 0.009283635765314102, 0.00788288377225399, 0.007653993088752031, 0.011244835332036018, 0.008984154090285301, 0.0136480201035738, 0.00841578096151352, 0.008099975995719433, 0.0087001733481884, 0.00783474836498499, 0.007796182297170162, 0.008545521646738052, 0.009314291179180145, 0.007933417335152626, 0.00843026489019394, 0.008457889780402184, 0.00846040714532137, 0.008031613193452358, 0.008770489133894444, 0.010354572907090187, 0.0125559251755476, 0.009898672811686993, 0.01395718939602375, 0.00992729514837265, 0.00737832672894001, 0.008311215788125992, 0.008121008053421974, 0.008467684499919415, 0.009525109082460403, 0.007842646911740303, 0.012441517785191536, 0.011852170340716839, 0.009815056808292866, 0.015127576887607574, 0.0073916129767894745, 0.008322983048856258, 0.010394331999123096, 0.010874900966882706, 0.011521936394274235, 0.010042982175946236, 0.009156092070043087, 0.00893721915781498, 0.00771128898486495, 0.011753285303711891, 0.007611948996782303, 0.015661753714084625, 0.007728369906544685, 0.007850462570786476, 0.01137617789208889, 0.00914845336228609, 0.00877095852047205, 0.009015128016471863, 0.0083200354129076, 0.013856247067451477, 0.008842061273753643, 0.009747104719281197, 0.012196998111903667, 0.008224054239690304, 0.018013736233115196, 0.009309936314821243, 0.010030807927250862, 0.010310037061572075, 0.009724806994199753, 0.012370111420750618, 0.008839580230414867, 0.015515598468482494, 0.01571567729115486, 0.007775397971272469], "weapon_probs": [0.025914587080478668, 0.027784090489149094, 0.015989892184734344, 0.014889406971633434, 0.01650168001651764, 0.011857744306325912, 0.010136363096535206, 0.008226943202316761, 0.008657719939947128, 0.011253759264945984, 0.012121275067329407, 0.022055381909012794, 0.008470694534480572, 0.012834511697292328, 0.028126563876867294, 0.00901794247329235, 0.008740803226828575, 0.007178785279393196, 0.011717966757714748, 0.007838400080800056, 0.014467429369688034, 0.010829523205757141, 0.007189248222857714, 0.0074079157784581184, 0.009140308015048504, 0.008479534648358822, 0.007997604086995125, 0.00732008321210742, 0.008452930487692356, 0.009345642291009426, 0.00749323982745409, 0.010333186946809292, 0.008055509999394417, 0.01647394523024559, 0.00996309518814087, 0.007116310298442841, 0.007560985162854195, 0.013355882838368416, 0.013872874900698662, 0.009606832638382912, 0.011333229951560497, 0.010810885578393936, 0.021296964958310127, 0.007852201350033283, 0.007899148389697075, 0.007452993653714657, 0.008764427155256271, 0.008917815051972866, 0.011011292226612568, 0.009088457562029362, 0.007778711151331663, 0.008039397187530994, 0.022826742380857468, 0.02497314289212227, 0.007311577443033457, 0.020520897582173347, 0.008589405566453934, 0.01291273720562458, 0.009653824381530285]}