{"loss": 0.9225069284439087, "character_probs": [0.029711216688156128, 0.011575974524021149, 0.011110115796327591, 0.015656135976314545, 0.009694231674075127, 0.01837935484945774, 0.01721377670764923, 0.013102217577397823, 0.009166330099105835, 0.008532105945050716, 0.009695216082036495, 0.009392726235091686, 0.00817521009594202, 0.010279592126607895, 0.008615351282060146, 0.017356134951114655, 0.00763893686234951, 0.008437095209956169, 0.011823460459709167, 0.007623535580933094, 0.009939441457390785, 0.010207390412688255, 0.008401283994317055, 0.007685660384595394, 0.009584162384271622, 0.008786173537373543, 0.008685964159667492, 0.007453038822859526, 0.01394580490887165, 0.007768069859594107, 0.008410236798226833, 0.008908282034099102, 0.007408243604004383, 0.008522202260792255, 0.008707189932465553, 0.009037917479872704, 0.00777483219280839, 0.011567071080207825, 0.007382574956864119, 0.01098581776022911, 0.009155334904789925, 0.00775096146389842, 0.008114608004689217, 0.00722796143963933, 0.011344632133841515, 0.007368747610598803, 0.010874241590499878, 0.008666024543344975, 0.008783437311649323, 0.007581924553960562, 0.009653312154114246, 0.007457379717379808, 0.007571762427687645, 0.012349056079983711, 0.011311830021440983, 0.010397445410490036, 0.008632823824882507, 0.017108794301748276, 0.010674485936760902, 0.009687941521406174, 0.007563088554888964, 0.007621224503964186, 0.007566632702946663, 0.011401593685150146, 0.008946656249463558, 0.010418305173516273, 0.008420325815677643, 0.014177314937114716, 0.008822227828204632, 0.007585282437503338, 0.008046326227486134, 0.014575095847249031, 0.008224955759942532, 0.020446408540010452, 0.011342419311404228, 0.008675859309732914, 0.007947378791868687, 0.01015873160213232, 0.009039350785315037], "weapon_probs": [0.030287694185972214, 0.01981588825583458, 0.02456781268119812, 0.015337918885052204, 0.010808870196342468, 0.009838433936238289, 0.009533369913697243, 0.01133137196302414, 0.015901826322078705, 0.015090713277459145, 0.008636783808469772, 0.011382833123207092, 0.009034218266606331, 0.012355538085103035, 0.012367847375571728, 0.0077167898416519165, 0.010136163793504238, 0.017416464164853096, 0.011692637577652931, 0.008198099210858345, 0.012416932731866837, 0.01175040565431118, 0.009279761463403702, 0.007642844691872597, 0.007452420890331268, 0.011326134204864502, 0.008144675754010677, 0.00981647614389658, 0.010441126301884651, 0.007925901561975479, 0.0112215681001544, 0.0096703190356493, 0.009556092321872711, 0.007288171909749508, 0.010852348990738392, 0.011041663587093353, 0.03414429724216461, 0.007783212698996067, 0.009070955216884613, 0.009109972976148129, 0.008067329414188862, 0.010166618041694164, 0.0076009114272892475, 0.009147420525550842, 0.010492865927517414, 0.010085836984217167, 0.011198775842785835, 0.009102974086999893, 0.007608058396726847, 0.024435587227344513, 0.012309763580560684, 0.0106949582695961, 0.008044513873755932, 0.013731442391872406, 0.011507494375109673, 0.011056557297706604, 0.011474231258034706, 0.012001266703009605, 0.014534981921315193]}