{"loss": -0.9608126878738403, "character_probs": [0.018044043332338333, 0.010519335977733135, 0.017831720411777496, 0.009522289037704468, 0.012651821598410606, 0.015242879278957844, 0.01069553755223751, 0.0153803750872612, 0.01447419635951519, 0.014515755698084831, 0.009380057454109192, 0.00888496171683073, 0.012355582788586617, 0.010689394548535347, 0.010398407466709614, 0.01136813871562481, 0.0077924830839037895, 0.007691826205700636, 0.009532562457025051, 0.009550985880196095, 0.007681305520236492, 0.008745018392801285, 0.007800546940416098, 0.01630217954516411, 0.00864799041301012, 0.007663402706384659, 0.007548090070486069, 0.009606074541807175, 0.017009183764457703, 0.007700467016547918, 0.007344681769609451, 0.008915062062442303, 0.010253051295876503, 0.009898261167109013, 0.008295122534036636, 0.008792202919721603, 0.007402546238154173, 0.007778378669172525, 0.0108257457613945, 0.01512240432202816, 0.008003633469343185, 0.007440164219588041, 0.009127593599259853, 0.00984388217329979, 0.009543378837406635, 0.008437584154307842, 0.008245590142905712, 0.010554027743637562, 0.010770881548523903, 0.008133931085467339, 0.007199316285550594, 0.01213900651782751, 0.007971732877194881, 0.017845232039690018, 0.009436548687517643, 0.007525816094130278, 0.007544150575995445, 0.00796040054410696, 0.007286242209374905, 0.01288013719022274, 0.009002991952002048, 0.010536253452301025, 0.009488391689956188, 0.008646883070468903, 0.009081886149942875, 0.008272876031696796, 0.019221775233745575, 0.010685242712497711, 0.009426160715520382, 0.013118322938680649, 0.008055003359913826, 0.010151216760277748, 0.01613403670489788, 0.007983921095728874, 0.011566422879695892, 0.011985727585852146, 0.01035283599048853, 0.013138243928551674, 0.007805333472788334], "weapon_probs": [0.022694364190101624, 0.014811105094850063, 0.03044598177075386, 0.010463574901223183, 0.019787296652793884, 0.007784754037857056, 0.015127177350223064, 0.011847077868878841, 0.00872398354113102, 0.008071744814515114, 0.014463487081229687, 0.01097519975155592, 0.020923998206853867, 0.007519973441958427, 0.008358465507626534, 0.022916294634342194, 0.013175278902053833, 0.013484775088727474, 0.00713460985571146, 0.009684095159173012, 0.007409768644720316, 0.00783325545489788, 0.009958433918654919, 0.007348720915615559, 0.011779623106122017, 0.007164484821259975, 0.011010795831680298, 0.007504012435674667, 0.011609463021159172, 0.009044080041348934, 0.007149273529648781, 0.010653415694832802, 0.010684514418244362, 0.011173933744430542, 0.011537909507751465, 0.016960952430963516, 0.007495084777474403, 0.011785673908889294, 0.010632344521582127, 0.008958632126450539, 0.017544863745570183, 0.008149586617946625, 0.008467428386211395, 0.009131550788879395, 0.02248818799853325, 0.013860629871487617, 0.011283734813332558, 0.010729922913014889, 0.009657789021730423, 0.010634110309183598, 0.009707305580377579, 0.01193998008966446, 0.010732940398156643, 0.011241449043154716, 0.017217647284269333, 0.011626716703176498, 0.01356477476656437, 0.00994892418384552, 0.01713200844824314]}