{"loss": -0.36735907196998596, "character_probs": [0.04056387022137642, 0.009963590651750565, 0.01507289707660675, 0.009675994515419006, 0.0081801638007164, 0.011782259680330753, 0.009221636690199375, 0.012753846123814583, 0.007781583815813065, 0.016724517568945885, 0.009200827218592167, 0.009298563934862614, 0.01595773734152317, 0.009592953138053417, 0.018432311713695526, 0.010807906277477741, 0.007293340750038624, 0.007277189288288355, 0.010069746524095535, 0.008435109630227089, 0.007204082328826189, 0.009240629151463509, 0.010468065738677979, 0.007328534498810768, 0.008838862180709839, 0.009030045941472054, 0.008008508943021297, 0.007246836554259062, 0.007313690613955259, 0.007771735545247793, 0.008056976832449436, 0.007518559228628874, 0.011282317340373993, 0.007589080836623907, 0.007651259191334248, 0.00796229112893343, 0.007605377584695816, 0.008968840353190899, 0.008596300147473812, 0.0073153674602508545, 0.012925736606121063, 0.008839481510221958, 0.01208544708788395, 0.009579958394169807, 0.007279959972947836, 0.007634510286152363, 0.00938099343329668, 0.010141076520085335, 0.008627453818917274, 0.011610046029090881, 0.009653768502175808, 0.00931967981159687, 0.011446978896856308, 0.008245906792581081, 0.007491488941013813, 0.007365608122199774, 0.009031820110976696, 0.021266311407089233, 0.007179515901952982, 0.010364873334765434, 0.007704054471105337, 0.008343614637851715, 0.009230314753949642, 0.007589636370539665, 0.008620119653642178, 0.009006569162011147, 0.013616783544421196, 0.01266864500939846, 0.010944893583655357, 0.009333765134215355, 0.01079309917986393, 0.012837355025112629, 0.01572509855031967, 0.00955430418252945, 0.007097254972904921, 0.011165674775838852, 0.014600462280213833, 0.008124864660203457, 0.013333550654351711], "weapon_probs": [0.02267538011074066, 0.019837036728858948, 0.015654416754841805, 0.01837093010544777, 0.011858856305480003, 0.014454874210059643, 0.03406796231865883, 0.012676279991865158, 0.011923452839255333, 0.008509773761034012, 0.00965662021189928, 0.007742066401988268, 0.0077696386724710464, 0.028930973261594772, 0.00785934180021286, 0.011355757713317871, 0.008993417955935001, 0.00798090547323227, 0.010058613494038582, 0.01240592822432518, 0.008680841885507107, 0.011167611926794052, 0.009359413757920265, 0.007361656986176968, 0.00871680211275816, 0.008487407118082047, 0.009506753645837307, 0.007701586931943893, 0.007577432319521904, 0.007991015911102295, 0.008509480394423008, 0.007927249185740948, 0.007738842163234949, 0.0076444572769105434, 0.010162213817238808, 0.008108684793114662, 0.011864750646054745, 0.0077592795714735985, 0.010282669216394424, 0.009221966378390789, 0.025933895260095596, 0.00964927114546299, 0.014317173510789871, 0.01000711228698492, 0.014314843341708183, 0.013106318190693855, 0.00852938462048769, 0.010983504354953766, 0.008749867789447308, 0.008752334862947464, 0.011004509404301643, 0.00813304167240858, 0.021657589823007584, 0.010195721872150898, 0.017112750560045242, 0.009196434170007706, 0.016355155035853386, 0.010794389061629772, 0.010722044855356216]}