{"loss": 0.9393258690834045, "character_probs": [0.023297160863876343, 0.02314121276140213, 0.015973180532455444, 0.0190911665558815, 0.01942739076912403, 0.007287809159606695, 0.008500151336193085, 0.009436140768229961, 0.009143132716417313, 0.008357740938663483, 0.008636555634438992, 0.009194091893732548, 0.01053259614855051, 0.00876636616885662, 0.0077707478776574135, 0.0073615568690001965, 0.009087489917874336, 0.008996104821562767, 0.02069011703133583, 0.007676079403609037, 0.014667989686131477, 0.008709313347935677, 0.007979978807270527, 0.007345599588006735, 0.007853169925510883, 0.009730999357998371, 0.00724050821736455, 0.007782254833728075, 0.010745992884039879, 0.008271703496575356, 0.007958478294312954, 0.007575328461825848, 0.010928363539278507, 0.007946248166263103, 0.00906551256775856, 0.008535530418157578, 0.0076438370160758495, 0.01204936858266592, 0.008923036977648735, 0.008197815157473087, 0.007502363994717598, 0.0075293416157364845, 0.008168628439307213, 0.00932338461279869, 0.007332958281040192, 0.008272997103631496, 0.009532714262604713, 0.009336135350167751, 0.00735127367079258, 0.007509020622819662, 0.012692244723439217, 0.008966655470430851, 0.008615974336862564, 0.009811881929636002, 0.008158667013049126, 0.012855252251029015, 0.007327375002205372, 0.015570633113384247, 0.011906025931239128, 0.007798783481121063, 0.00872776098549366, 0.007398352958261967, 0.02174209989607334, 0.009427009150385857, 0.009522463195025921, 0.008274523541331291, 0.007701112888753414, 0.019364450126886368, 0.0072735873982310295, 0.01920604333281517, 0.00895840022712946, 0.008286054246127605, 0.010426384396851063, 0.009361645206809044, 0.014282003045082092, 0.009083417244255543, 0.00819426216185093, 0.009662246331572533, 0.015813108533620834], "weapon_probs": [0.02192973718047142, 0.0248330719769001, 0.01882699504494667, 0.010829156264662743, 0.015859685838222504, 0.008984711952507496, 0.011208085343241692, 0.021280793473124504, 0.014346281066536903, 0.009231671690940857, 0.012403377331793308, 0.0075270868837833405, 0.007490025833249092, 0.009110212326049805, 0.06078649312257767, 0.008393230848014355, 0.009308859705924988, 0.007689471356570721, 0.009090729057788849, 0.007331633009016514, 0.00820065662264824, 0.007397658657282591, 0.010645756497979164, 0.007162061985582113, 0.007749080657958984, 0.007835681550204754, 0.007637504488229752, 0.007490549236536026, 0.008485725149512291, 0.008250229991972446, 0.008246146142482758, 0.008102395571768284, 0.008132392540574074, 0.00921369157731533, 0.008458578959107399, 0.016566667705774307, 0.013078530319035053, 0.00783997867256403, 0.0071080825291574, 0.008779054507613182, 0.007571094669401646, 0.010746500454843044, 0.00841200165450573, 0.010211694985628128, 0.008890495635569096, 0.0076840645633637905, 0.007475857622921467, 0.010143902152776718, 0.008331799879670143, 0.013040697202086449, 0.022486723959445953, 0.008759299293160439, 0.00996994599699974, 0.013017857447266579, 0.009018861688673496, 0.00799939502030611, 0.013729559257626534, 0.021885596215724945, 0.01109139434993267]}