{"loss": -0.8017980456352234, "character_probs": [0.016251185908913612, 0.033249594271183014, 0.010487178340554237, 0.016008127480745316, 0.010772474110126495, 0.008964521810412407, 0.008436830714344978, 0.007889427244663239, 0.00998687744140625, 0.009409546852111816, 0.015024903230369091, 0.007667655125260353, 0.008407116867601871, 0.008927038870751858, 0.011210588738322258, 0.0075589739717543125, 0.007663083728402853, 0.008774729445576668, 0.008324994705617428, 0.016575893387198448, 0.007675366476178169, 0.007730009034276009, 0.0134825948625803, 0.007907913066446781, 0.015332270413637161, 0.00856974720954895, 0.010247829370200634, 0.013081856071949005, 0.011337803676724434, 0.009136218577623367, 0.007596578914672136, 0.009079350158572197, 0.008138581179082394, 0.00939401425421238, 0.00971763115376234, 0.00888730026781559, 0.007099277339875698, 0.01111377589404583, 0.007191923446953297, 0.0075866482220590115, 0.007928180508315563, 0.00843980722129345, 0.00810105912387371, 0.00855189934372902, 0.007814917713403702, 0.010154573246836662, 0.011358141899108887, 0.017172375693917274, 0.008835574612021446, 0.007877661846578121, 0.010160716250538826, 0.008519336581230164, 0.016729556024074554, 0.011493653059005737, 0.007651081774383783, 0.008274819701910019, 0.00787283480167389, 0.00784308835864067, 0.008980507031083107, 0.009661685675382614, 0.016350742429494858, 0.007593190763145685, 0.008376983925700188, 0.019094528630375862, 0.008791516534984112, 0.00870856735855341, 0.009920143522322178, 0.009115989319980145, 0.009714487008750439, 0.010104326531291008, 0.010639173910021782, 0.008959822356700897, 0.010057652369141579, 0.01034747064113617, 0.01960323378443718, 0.014415101148188114, 0.00863487645983696, 0.010894098319113255, 0.00809455942362547], "weapon_probs": [0.031964659690856934, 0.022466864436864853, 0.008251109160482883, 0.016419414430856705, 0.009630724787712097, 0.019648998975753784, 0.00967105757445097, 0.010982917621731758, 0.012069164775311947, 0.012181360274553299, 0.00818637665361166, 0.032585542649030685, 0.009560691192746162, 0.016070324927568436, 0.010175942443311214, 0.007300844881683588, 0.008528248406946659, 0.009576988406479359, 0.009284652769565582, 0.008762659505009651, 0.007834374904632568, 0.013595134019851685, 0.008348032832145691, 0.010467816144227982, 0.009493032470345497, 0.012069330550730228, 0.00836970191448927, 0.012136884033679962, 0.010338332504034042, 0.01151326671242714, 0.007915224879980087, 0.009227296337485313, 0.009132901206612587, 0.007777067366987467, 0.008274144493043423, 0.008524710312485695, 0.008075542747974396, 0.01704442873597145, 0.009956186637282372, 0.016258835792541504, 0.010119229555130005, 0.008967329747974873, 0.009154927916824818, 0.013757471926510334, 0.011051690205931664, 0.011562816798686981, 0.00947491079568863, 0.010109181515872478, 0.008071967400610447, 0.015222731977701187, 0.014153529889881611, 0.01770779676735401, 0.010693027637898922, 0.00976322777569294, 0.009529419243335724, 0.015320601873099804, 0.008632620796561241, 0.012975584715604782, 0.010065006092190742]}