{"loss": -0.44648852944374084, "character_probs": [0.017949040979146957, 0.019262906163930893, 0.013436777517199516, 0.009344729594886303, 0.01045217365026474, 0.02605607733130455, 0.010620723478496075, 0.011003565043210983, 0.013275936245918274, 0.009240986779332161, 0.00790044479072094, 0.010055621154606342, 0.013774197548627853, 0.00750244315713644, 0.007385297678411007, 0.008117266930639744, 0.00992721226066351, 0.009219719097018242, 0.014166650362312794, 0.007894349284470081, 0.0075350659899413586, 0.012500833719968796, 0.007482775952666998, 0.007369809318333864, 0.00879940390586853, 0.008881142362952232, 0.007340655662119389, 0.009372254833579063, 0.011613614857196808, 0.007057100534439087, 0.008419455960392952, 0.007271799258887768, 0.007110015023499727, 0.014068864285945892, 0.009141812101006508, 0.010027357377111912, 0.014295676723122597, 0.009566040709614754, 0.011940387077629566, 0.007555271964520216, 0.0076377009972929955, 0.008863473311066628, 0.0074997879564762115, 0.0096896355971694, 0.00941340159624815, 0.008171738125383854, 0.009307936765253544, 0.014605801552534103, 0.008770392276346684, 0.009217222221195698, 0.00734479958191514, 0.007615846581757069, 0.011008784174919128, 0.01719210296869278, 0.008515888825058937, 0.008894922211766243, 0.009596021845936775, 0.009814935736358166, 0.01880284771323204, 0.010881084948778152, 0.008882168680429459, 0.008470378816127777, 0.009344272315502167, 0.008725455030798912, 0.008678294718265533, 0.00996892899274826, 0.009449291974306107, 0.008420845493674278, 0.018876586109399796, 0.01061734277755022, 0.012064201757311821, 0.014075623825192451, 0.01109163649380207, 0.014478183351457119, 0.007805768866091967, 0.007726238574832678, 0.009353188797831535, 0.017939388751983643, 0.008438333868980408], "weapon_probs": [0.030980650335550308, 0.02852332592010498, 0.01247658021748066, 0.011148720979690552, 0.021668575704097748, 0.015049681067466736, 0.008254232816398144, 0.014483417384326458, 0.00797758437693119, 0.007706824690103531, 0.011475657112896442, 0.009766634553670883, 0.009847963228821754, 0.007199065759778023, 0.013044437393546104, 0.008474776521325111, 0.008947499096393585, 0.029002774506807327, 0.008709806948900223, 0.014929189346730709, 0.008935514837503433, 0.00958854891359806, 0.00991086382418871, 0.009245026856660843, 0.009670231491327286, 0.007789940573275089, 0.0075113167986273766, 0.008622739464044571, 0.009152007289230824, 0.0074738068506121635, 0.00764580350369215, 0.009715738706290722, 0.008307830430567265, 0.013647615909576416, 0.007951866835355759, 0.012062177062034607, 0.00849001295864582, 0.01842789724469185, 0.018087200820446014, 0.011056473478674889, 0.009167620912194252, 0.007857544347643852, 0.009737888351082802, 0.010488922707736492, 0.009525876492261887, 0.010935747995972633, 0.007475687190890312, 0.014177383854985237, 0.012597563676536083, 0.01073024608194828, 0.009374313056468964, 0.022734228521585464, 0.008202929049730301, 0.011517897248268127, 0.016994401812553406, 0.013890736736357212, 0.011554881930351257, 0.024771377444267273, 0.009073561988770962]}