{"loss": 0.9043915867805481, "character_probs": [0.013911536894738674, 0.019128872081637383, 0.018707141280174255, 0.009397448971867561, 0.016069823876023293, 0.0125132966786623, 0.010948164388537407, 0.00921926274895668, 0.011290410533547401, 0.013995567336678505, 0.009216468781232834, 0.007666506804525852, 0.010346627794206142, 0.00794496200978756, 0.008485211990773678, 0.009983517229557037, 0.0169554203748703, 0.0085286945104599, 0.007481554057449102, 0.0096776457503438, 0.014628770761191845, 0.01482541486620903, 0.008293099701404572, 0.010207545012235641, 0.008176391944289207, 0.009858553297817707, 0.008318637497723103, 0.008921684697270393, 0.009883776307106018, 0.013792553916573524, 0.008047295734286308, 0.010418379679322243, 0.007421757560223341, 0.008152496069669724, 0.007336260750889778, 0.0072527118027210236, 0.007731288205832243, 0.00765830185264349, 0.015009443275630474, 0.011219121515750885, 0.008252539671957493, 0.008258769288659096, 0.012191731482744217, 0.008356223814189434, 0.0083266356959939, 0.0074693066999316216, 0.012381338514387608, 0.007828344590961933, 0.009080599062144756, 0.010243351571261883, 0.009925125166773796, 0.008763308636844158, 0.007773160468786955, 0.010160734876990318, 0.011672641150653362, 0.013058404438197613, 0.007940639741718769, 0.010872341692447662, 0.010665440931916237, 0.009622352197766304, 0.008730369620025158, 0.01345028169453144, 0.008836334571242332, 0.009367363527417183, 0.0075523462146520615, 0.007416215259581804, 0.007802900858223438, 0.016290925443172455, 0.00918652955442667, 0.012465587817132473, 0.008319026790559292, 0.012212999165058136, 0.010490568354725838, 0.015231980010867119, 0.007661305367946625, 0.007886793464422226, 0.008635938167572021, 0.008680172264575958, 0.016266874969005585], "weapon_probs": [0.02314480021595955, 0.029149610549211502, 0.012824689969420433, 0.012002697214484215, 0.021335449069738388, 0.011355370283126831, 0.011063868179917336, 0.010097254067659378, 0.03671650588512421, 0.008355855941772461, 0.008085152134299278, 0.010473854839801788, 0.009260464459657669, 0.01041735801845789, 0.01165732741355896, 0.008544761687517166, 0.0077345604076981544, 0.010858966037631035, 0.01096123643219471, 0.007407364901155233, 0.009786451235413551, 0.010199344716966152, 0.011236335150897503, 0.008781167678534985, 0.009246058762073517, 0.01700684055685997, 0.010978030040860176, 0.00797315500676632, 0.008955580182373524, 0.007457688916474581, 0.007426086813211441, 0.010329178534448147, 0.01071927510201931, 0.009089542552828789, 0.01607203483581543, 0.009714297950267792, 0.008758663199841976, 0.01193295605480671, 0.007662545889616013, 0.013987270183861256, 0.008403653278946877, 0.00894539151340723, 0.012479415163397789, 0.008113725110888481, 0.012024007737636566, 0.011108076199889183, 0.008529150858521461, 0.008010279387235641, 0.017133429646492004, 0.011419789865612984, 0.013255545869469643, 0.011551328003406525, 0.008483889512717724, 0.014807820320129395, 0.012929141521453857, 0.007597010582685471, 0.009443647228181362, 0.013153621926903725, 0.009407667443156242]}