{"loss": 0.945193350315094, "character_probs": [0.014345722272992134, 0.01707269251346588, 0.013208949007093906, 0.01054222323000431, 0.01908930018544197, 0.012046866118907928, 0.010249955579638481, 0.008238197304308414, 0.0159392599016428, 0.010944085195660591, 0.01941637694835663, 0.0077766673639416695, 0.011379082687199116, 0.009774783626198769, 0.007903299294412136, 0.009342813864350319, 0.008631761185824871, 0.007091680075973272, 0.0076699028722941875, 0.00854199007153511, 0.009015047922730446, 0.007440267596393824, 0.00958435982465744, 0.007384663447737694, 0.007808584254235029, 0.008038479834794998, 0.03661991283297539, 0.007334481924772263, 0.00893392600119114, 0.008061553351581097, 0.008532959967851639, 0.008953423239290714, 0.009215940721333027, 0.0071976217441260815, 0.00975813902914524, 0.007965871132910252, 0.008993077091872692, 0.007578793913125992, 0.009757213294506073, 0.010169003158807755, 0.007290536537766457, 0.010038609616458416, 0.00755689200013876, 0.00796128436923027, 0.009409262798726559, 0.010705823078751564, 0.007297358475625515, 0.007775912061333656, 0.02068781852722168, 0.008143307641148567, 0.007442937698215246, 0.016775481402873993, 0.009778735227882862, 0.00781427975744009, 0.007520958781242371, 0.00798521377146244, 0.010231152176856995, 0.010212473571300507, 0.00949175376445055, 0.009912636131048203, 0.007405444514006376, 0.011140547692775726, 0.007329345680773258, 0.01092398352921009, 0.009049253538250923, 0.011697035282850266, 0.01122438907623291, 0.013820642605423927, 0.012348977848887444, 0.010142913088202477, 0.009221872314810753, 0.009615303948521614, 0.008037397637963295, 0.015095443464815617, 0.008096893317997456, 0.00982046127319336, 0.00765408668667078, 0.013673968613147736, 0.013680074363946915], "weapon_probs": [0.016947589814662933, 0.017461653798818588, 0.015410605818033218, 0.02973434329032898, 0.010274277068674564, 0.012659186497330666, 0.010181518271565437, 0.011310204863548279, 0.023689519613981247, 0.008996021002531052, 0.011519153602421284, 0.018475845456123352, 0.010774653404951096, 0.009448838420212269, 0.02249714732170105, 0.013415269553661346, 0.012197764590382576, 0.009281330741941929, 0.007821246050298214, 0.00939993280917406, 0.011577044613659382, 0.009115676395595074, 0.010078108869493008, 0.008305486291646957, 0.008452612906694412, 0.007813125848770142, 0.007216245401650667, 0.008655770681798458, 0.011433105915784836, 0.008876550942659378, 0.011953632347285748, 0.009250979870557785, 0.007664647419005632, 0.011126013472676277, 0.008356627076864243, 0.009329472668468952, 0.00834893248975277, 0.01170748844742775, 0.007727752905339003, 0.017992980778217316, 0.010293066501617432, 0.009316114708781242, 0.015211645513772964, 0.020519912242889404, 0.008625865913927555, 0.019710088148713112, 0.008598574437201023, 0.007355717942118645, 0.010618018917739391, 0.009022819809615612, 0.007809608243405819, 0.009937966242432594, 0.01341169886291027, 0.008940167725086212, 0.009027058258652687, 0.008489985018968582, 0.00928783230483532, 0.014195563271641731, 0.01820853352546692]}