{"loss": -0.9926741719245911, "character_probs": [0.024332184344530106, 0.011309134773910046, 0.009412131272256374, 0.013550899922847748, 0.021759485825896263, 0.017335064709186554, 0.010887814685702324, 0.010689139366149902, 0.007652563974261284, 0.015817489475011826, 0.0102341677993536, 0.012699744664132595, 0.010394937358796597, 0.012537457048892975, 0.010701768100261688, 0.008430921472609043, 0.008784539997577667, 0.007198434788733721, 0.011489875614643097, 0.008221566677093506, 0.007296799216419458, 0.008063423447310925, 0.01144269946962595, 0.007943102158606052, 0.008140492253005505, 0.009321581572294235, 0.008580640889704227, 0.007924084551632404, 0.01189650222659111, 0.007649551145732403, 0.010417327284812927, 0.008387007750570774, 0.008058004081249237, 0.007704708259552717, 0.00799084547907114, 0.008298581466078758, 0.010188784450292587, 0.010333209298551083, 0.01010835450142622, 0.007568705826997757, 0.009165116585791111, 0.010669611394405365, 0.007309687323868275, 0.020116183906793594, 0.007612102665007114, 0.008606105111539364, 0.008577750995755196, 0.007997400127351284, 0.011636041104793549, 0.008199259638786316, 0.010886951349675655, 0.007725367322564125, 0.00891982950270176, 0.007681903894990683, 0.007983986288309097, 0.012356176972389221, 0.008580565452575684, 0.00875169038772583, 0.009371785447001457, 0.00808798335492611, 0.010722131468355656, 0.008242415264248848, 0.008599760942161083, 0.00800803117454052, 0.008121123537421227, 0.009339254349470139, 0.011535918340086937, 0.015386626124382019, 0.01399749144911766, 0.007917814888060093, 0.010996474884450436, 0.012732740491628647, 0.010163756087422371, 0.010296412743628025, 0.012247683480381966, 0.012820858508348465, 0.008341588079929352, 0.007910625077784061, 0.01073780469596386], "weapon_probs": [0.009350203908979893, 0.015499222092330456, 0.029367711395025253, 0.047501519322395325, 0.02213413268327713, 0.012410921975970268, 0.009930276311933994, 0.012373950332403183, 0.0141111109405756, 0.0080910325050354, 0.008918249048292637, 0.008156881667673588, 0.010999087244272232, 0.009912146255373955, 0.008328638039529324, 0.009194918908178806, 0.008046573959290981, 0.016668573021888733, 0.012315737083554268, 0.009533075615763664, 0.008079505525529385, 0.007649808656424284, 0.008422069251537323, 0.0072171189822256565, 0.008944597095251083, 0.007442834787070751, 0.010896747931838036, 0.008992495015263557, 0.008491245098412037, 0.009694870561361313, 0.008951591327786446, 0.010458841919898987, 0.008515478111803532, 0.007878962904214859, 0.010005952790379524, 0.007777319755405188, 0.012976178899407387, 0.0077108037658035755, 0.008036591112613678, 0.007872506976127625, 0.011042620055377483, 0.010638024657964706, 0.01767864264547825, 0.01635286584496498, 0.00911974161863327, 0.009271034970879555, 0.011343742720782757, 0.010560313239693642, 0.008275388740003109, 0.02412957325577736, 0.00789235532283783, 0.008816584944725037, 0.009492490440607071, 0.008941477164626122, 0.010545700788497925, 0.02257784828543663, 0.009260344319045544, 0.01149129681289196, 0.015103177167475224]}