{"loss": 0.9722865223884583, "character_probs": [0.033776625990867615, 0.011831982992589474, 0.017588233575224876, 0.008884226903319359, 0.009061964228749275, 0.011615270748734474, 0.010321415960788727, 0.016044218093156815, 0.008177105337381363, 0.01265172753483057, 0.011387277394533157, 0.010769294574856758, 0.008095819503068924, 0.008296622894704342, 0.009362053126096725, 0.009300678968429565, 0.010390587151050568, 0.007989729754626751, 0.007348341401666403, 0.008487259969115257, 0.009980037808418274, 0.009580553509294987, 0.01198081485927105, 0.011343102902173996, 0.00853242538869381, 0.009290727786719799, 0.00928041897714138, 0.007720327470451593, 0.007754334714263678, 0.007550086826086044, 0.010569963604211807, 0.00770203024148941, 0.008488618768751621, 0.011241180822253227, 0.011086337268352509, 0.010393264703452587, 0.007094632368534803, 0.013460141606628895, 0.009047696366906166, 0.011983750388026237, 0.007353943772614002, 0.008385210298001766, 0.008944368921220303, 0.008614687249064445, 0.012499915435910225, 0.008609093725681305, 0.01028124988079071, 0.00978556927293539, 0.009080351330339909, 0.009154700674116611, 0.008998483419418335, 0.00827375240623951, 0.020679406821727753, 0.010112189687788486, 0.009831678122282028, 0.011768807657063007, 0.008660504594445229, 0.009757207706570625, 0.008393057622015476, 0.007137433625757694, 0.01052499283105135, 0.008869379758834839, 0.008707053028047085, 0.007536157965660095, 0.007957653142511845, 0.01004031766206026, 0.01070768665522337, 0.010506348684430122, 0.0078387800604105, 0.013652173802256584, 0.007576610893011093, 0.013883555307984352, 0.008892842568457127, 0.009087658487260342, 0.011955073103308678, 0.011260650120675564, 0.009973382577300072, 0.011244190856814384, 0.008874531835317612], "weapon_probs": [0.037285495549440384, 0.0176527202129364, 0.014825815334916115, 0.016747020184993744, 0.01335662417113781, 0.010136818513274193, 0.00731908343732357, 0.015504558570683002, 0.01439409889280796, 0.007444562390446663, 0.013055149465799332, 0.010409990325570107, 0.012796137481927872, 0.011865189298987389, 0.008057191967964172, 0.0164102204144001, 0.009073557332158089, 0.010781090706586838, 0.010306877084076405, 0.007887041196227074, 0.009255840443074703, 0.008675187826156616, 0.008448095060884953, 0.007216420955955982, 0.02175370417535305, 0.017874091863632202, 0.008059749379754066, 0.007890882901847363, 0.011288415640592575, 0.007718491367995739, 0.007718405686318874, 0.023663505911827087, 0.008291115052998066, 0.009639360010623932, 0.007974637672305107, 0.010178369469940662, 0.010239674709737301, 0.0080917002633214, 0.007893106900155544, 0.017332974821329117, 0.010008644312620163, 0.014069734141230583, 0.015043683350086212, 0.00823983084410429, 0.009899407625198364, 0.007698588073253632, 0.016665209084749222, 0.008604137226939201, 0.007718398701399565, 0.01589788869023323, 0.008403982035815716, 0.008389463648200035, 0.008486148901283741, 0.009667378850281239, 0.01265985518693924, 0.008819680660963058, 0.009341578930616379, 0.008020559325814247, 0.008982867933809757]}