{"loss": -0.952833890914917, "character_probs": [0.024348285049200058, 0.015262938104569912, 0.009608210064470768, 0.013644363731145859, 0.014171337708830833, 0.018416576087474823, 0.007844781503081322, 0.009948588907718658, 0.009930890053510666, 0.009510239586234093, 0.020659837871789932, 0.009884900413453579, 0.008885412476956844, 0.007460565771907568, 0.010015476495027542, 0.009575258940458298, 0.007689150050282478, 0.0074765910394489765, 0.007884804159402847, 0.008734450675547123, 0.013365412130951881, 0.007835360243916512, 0.017735358327627182, 0.014340016059577465, 0.008725235238671303, 0.007203853223472834, 0.009157110005617142, 0.007768378593027592, 0.009540707804262638, 0.00883545819669962, 0.009481520392000675, 0.007876260206103325, 0.00877049844712019, 0.008656388148665428, 0.007971229963004589, 0.014425784349441528, 0.009151864796876907, 0.009935719892382622, 0.009243985638022423, 0.007724754512310028, 0.009544925764203072, 0.009249826893210411, 0.0076202452182769775, 0.008519690483808517, 0.007870668545365334, 0.010462377220392227, 0.009955450892448425, 0.008484569378197193, 0.007749514654278755, 0.009851341135799885, 0.007629587780684233, 0.007316343951970339, 0.011833921074867249, 0.010758597403764725, 0.008118780329823494, 0.009755261242389679, 0.007512964773923159, 0.017413092777132988, 0.007262331433594227, 0.009806688874959946, 0.011379988864064217, 0.009976720437407494, 0.014585372060537338, 0.01080201007425785, 0.00796338077634573, 0.007579751778393984, 0.009027155116200447, 0.008376115933060646, 0.008662335574626923, 0.012001551687717438, 0.009601721540093422, 0.008698434568941593, 0.010037070140242577, 0.009191141463816166, 0.007876746356487274, 0.010588711127638817, 0.014214147813618183, 0.008924713358283043, 0.008800031617283821], "weapon_probs": [0.02832634374499321, 0.025981154292821884, 0.00951361283659935, 0.014643339440226555, 0.035208478569984436, 0.013286605477333069, 0.009882630780339241, 0.007826338522136211, 0.011570078320801258, 0.009595796465873718, 0.008133400231599808, 0.012696899473667145, 0.00826857890933752, 0.007586400955915451, 0.011918839067220688, 0.009032493457198143, 0.007997531443834305, 0.008496394380927086, 0.00902516022324562, 0.009567015804350376, 0.007599436677992344, 0.013715683482587337, 0.007566825486719608, 0.040429096668958664, 0.007846263237297535, 0.011534441262483597, 0.009238475933670998, 0.0072476668283343315, 0.011542340740561485, 0.007774571888148785, 0.008526688441634178, 0.007553603500127792, 0.008067130111157894, 0.008496811613440514, 0.007341962307691574, 0.015256857499480247, 0.007952451705932617, 0.007261093705892563, 0.008175310678780079, 0.013307180255651474, 0.008756879717111588, 0.008588021621108055, 0.009467214345932007, 0.011318182572722435, 0.00811829511076212, 0.009770546108484268, 0.010588642209768295, 0.015813056379556656, 0.02335517480969429, 0.008192870765924454, 0.022950690239667892, 0.010575194843113422, 0.007450544741004705, 0.00824308767914772, 0.008136698976159096, 0.007923250086605549, 0.009394465014338493, 0.007394035346806049, 0.010217655450105667]}