{"loss": -0.9557121992111206, "character_probs": [0.01141041237860918, 0.01797320693731308, 0.019122760742902756, 0.025432977825403214, 0.014014976099133492, 0.007509553339332342, 0.008489139378070831, 0.012960386462509632, 0.008402202278375626, 0.008895314298570156, 0.012865622527897358, 0.013792682439088821, 0.008417157456278801, 0.007450134959071875, 0.009499110281467438, 0.007561845239251852, 0.012268918566405773, 0.011658080853521824, 0.009778275154531002, 0.011687404476106167, 0.007834475487470627, 0.007265424355864525, 0.009753263555467129, 0.007936041802167892, 0.00793057307600975, 0.009577155113220215, 0.0074201240204274654, 0.018547900021076202, 0.008725324645638466, 0.00905238650739193, 0.008695356547832489, 0.007971048355102539, 0.009257180616259575, 0.007308035623282194, 0.008949358016252518, 0.009028973989188671, 0.007855765521526337, 0.010235179215669632, 0.008766347542405128, 0.007741435430943966, 0.009902086108922958, 0.008637892082333565, 0.010573171079158783, 0.012448243796825409, 0.009682288393378258, 0.009793004021048546, 0.010142279788851738, 0.009245255962014198, 0.009175440296530724, 0.007603021804243326, 0.009907780215144157, 0.011018837802112103, 0.015316881239414215, 0.008098861202597618, 0.01197269931435585, 0.008682582527399063, 0.008232075721025467, 0.008901135995984077, 0.00761859817430377, 0.008574442937970161, 0.015423420816659927, 0.010944066569209099, 0.008709480985999107, 0.014758313074707985, 0.008302447386085987, 0.009416879154741764, 0.013295622542500496, 0.008030141703784466, 0.008965935558080673, 0.009138386696577072, 0.011984547600150108, 0.011382108554244041, 0.008230338804423809, 0.009561478160321712, 0.008795442059636116, 0.011970439925789833, 0.026131942868232727, 0.011007903143763542, 0.008393822237849236], "weapon_probs": [0.03558778017759323, 0.011453558690845966, 0.02324196696281433, 0.01379963755607605, 0.02154504507780075, 0.010990282520651817, 0.008739200420677662, 0.009006109088659286, 0.01523307804018259, 0.011895418167114258, 0.013449236750602722, 0.00804157555103302, 0.011328885331749916, 0.008803452365100384, 0.009877657517790794, 0.015207961201667786, 0.008462335914373398, 0.015172908082604408, 0.008037726394832134, 0.012261293828487396, 0.011432221159338951, 0.012447461485862732, 0.008395332843065262, 0.00738460524007678, 0.007941464893519878, 0.014752505347132683, 0.010079717263579369, 0.009609187953174114, 0.011775938794016838, 0.008438359946012497, 0.008433036506175995, 0.014986325986683369, 0.00766739109531045, 0.010411098599433899, 0.008984805084764957, 0.008939881809055805, 0.010681774467229843, 0.009601922705769539, 0.015475192107260227, 0.00826188549399376, 0.008197222836315632, 0.008827661164104939, 0.008454343304038048, 0.010491672903299332, 0.023109275847673416, 0.01283182017505169, 0.009286168962717056, 0.00839554239064455, 0.012464743107557297, 0.015477074310183525, 0.00858471542596817, 0.011934734880924225, 0.008979223668575287, 0.009546510875225067, 0.007759765721857548, 0.011249140836298466, 0.018017543479800224, 0.009262580424547195, 0.007956556975841522]}