{"loss": -0.3246082365512848, "character_probs": [0.011965923011302948, 0.014379985630512238, 0.015244376845657825, 0.012480334378778934, 0.020857790485024452, 0.010076967999339104, 0.018395069986581802, 0.011828847229480743, 0.01108869444578886, 0.007539784535765648, 0.008567927405238152, 0.009757834486663342, 0.008329291827976704, 0.008776532486081123, 0.0095162782818079, 0.011763481423258781, 0.008585615083575249, 0.007233342155814171, 0.008301686495542526, 0.008176712319254875, 0.008547268807888031, 0.007957303896546364, 0.008306545205414295, 0.013097798451781273, 0.008651383221149445, 0.008181622251868248, 0.008580103516578674, 0.00758747523650527, 0.00827712845057249, 0.011391036212444305, 0.00888530258089304, 0.008820408955216408, 0.010553105734288692, 0.007417493499815464, 0.008019357919692993, 0.008460912853479385, 0.008189551532268524, 0.00985803548246622, 0.010351914912462234, 0.009174761362373829, 0.007398214656859636, 0.008360056206583977, 0.009040988981723785, 0.009028294123709202, 0.008863953873515129, 0.007723165210336447, 0.007699619047343731, 0.008907528594136238, 0.009437350556254387, 0.008721970021724701, 0.00813241396099329, 0.007313224952667952, 0.0077021438628435135, 0.010935990139842033, 0.009124916046857834, 0.007670493330806494, 0.013316009193658829, 0.007656944915652275, 0.007932532578706741, 0.008466936647891998, 0.007561049424111843, 0.007769339717924595, 0.00801902636885643, 0.019241074100136757, 0.009068841114640236, 0.00865795835852623, 0.008236046880483627, 0.00820114929229021, 0.010321447625756264, 0.012704282999038696, 0.008796523325145245, 0.019108545035123825, 0.008023446425795555, 0.00736467819660902, 0.008978595957159996, 0.015131847932934761, 0.012988978996872902, 0.01009668130427599, 0.009520492516458035], "weapon_probs": [0.012413837015628815, 0.02036871761083603, 0.013328703120350838, 0.015806395560503006, 0.023450423032045364, 0.02473800629377365, 0.01667766273021698, 0.016480721533298492, 0.009226888418197632, 0.011439798399806023, 0.01241766195744276, 0.008616945706307888, 0.011304826475679874, 0.012741697952151299, 0.008905063383281231, 0.014304016716778278, 0.014030524529516697, 0.011036019772291183, 0.009344363585114479, 0.008313050493597984, 0.008258462883532047, 0.012685976922512054, 0.009357675909996033, 0.013245431706309319, 0.010787513107061386, 0.008057039231061935, 0.01047994289547205, 0.008948375470936298, 0.007686085999011993, 0.008730234578251839, 0.00824784953147173, 0.009070726111531258, 0.011952929198741913, 0.009729728102684021, 0.017058253288269043, 0.010957468301057816, 0.007597822695970535, 0.009842325933277607, 0.008446679450571537, 0.009938819333910942, 0.007457597181200981, 0.010049737989902496, 0.010976415127515793, 0.015045011416077614, 0.01012738049030304, 0.01538811344653368, 0.011990489438176155, 0.008952612057328224, 0.009862633422017097, 0.010687286034226418, 0.009631691500544548, 0.013213028199970722, 0.028848662972450256, 0.014288786798715591, 0.009287247434258461, 0.00957794301211834, 0.01280148420482874, 0.016513891518115997, 0.009307455271482468]}