{"loss": -0.4480355381965637, "character_probs": [0.01155360508710146, 0.017982013523578644, 0.015800513327121735, 0.01309879869222641, 0.012925904244184494, 0.01006604079157114, 0.010003343224525452, 0.008477323688566685, 0.010859915055334568, 0.009448816068470478, 0.015504583716392517, 0.007893926464021206, 0.007902770303189754, 0.012854816392064095, 0.011819254606962204, 0.010213006287813187, 0.01669539511203766, 0.009590537287294865, 0.00839993730187416, 0.008100842125713825, 0.007883541285991669, 0.007409113924950361, 0.008122538216412067, 0.010522039607167244, 0.00769402738660574, 0.0077527957037091255, 0.008505240082740784, 0.007115498185157776, 0.007372171152383089, 0.014600789174437523, 0.007427027449011803, 0.009090588428080082, 0.008185824379324913, 0.007955593056976795, 0.009621351957321167, 0.007849878631532192, 0.013065049424767494, 0.007960655726492405, 0.00718193082138896, 0.009762538596987724, 0.008418953977525234, 0.008159312419593334, 0.007915455847978592, 0.011186659336090088, 0.009422739036381245, 0.008125507272779942, 0.007366003002971411, 0.007676622364670038, 0.007538919802755117, 0.007841631770133972, 0.009300701320171356, 0.010475803166627884, 0.013995785266160965, 0.010173270478844643, 0.007355180103331804, 0.008249575272202492, 0.008140433579683304, 0.00963025726377964, 0.007766874507069588, 0.008063332177698612, 0.008550086989998817, 0.01015421375632286, 0.008277511224150658, 0.007536683697253466, 0.013049440458416939, 0.009244779124855995, 0.007135075516998768, 0.010197493247687817, 0.009481322020292282, 0.008575918152928352, 0.01598670706152916, 0.007899285294115543, 0.00795404240489006, 0.009781445376574993, 0.011212503537535667, 0.01306181401014328, 0.008075722493231297, 0.008464166894555092, 0.01128385215997696], "weapon_probs": [0.030982885509729385, 0.01713208109140396, 0.010033332742750645, 0.0162811242043972, 0.012270882725715637, 0.030186612159013748, 0.011315388604998589, 0.009921302087605, 0.011088469065725803, 0.009618347510695457, 0.008317897096276283, 0.00949697196483612, 0.01294143870472908, 0.014602318406105042, 0.009222148917615414, 0.007400365546345711, 0.010392208583652973, 0.018605489283800125, 0.014294695109128952, 0.01183373760432005, 0.007962358184158802, 0.010268601588904858, 0.007580185774713755, 0.009370839223265648, 0.007327031344175339, 0.012346982024610043, 0.009265048429369926, 0.008979374542832375, 0.007487595546990633, 0.00838833674788475, 0.00734527874737978, 0.008621159009635448, 0.016992751508951187, 0.010571688413619995, 0.008413323201239109, 0.0153145557269454, 0.010690227150917053, 0.008523689582943916, 0.00952435564249754, 0.02558213099837303, 0.009331014938652515, 0.010039880871772766, 0.008403332903981209, 0.008755495771765709, 0.01287661213427782, 0.010385224595665932, 0.013750549405813217, 0.01079447939991951, 0.021271836012601852, 0.011897055432200432, 0.012140359729528427, 0.010823479853570461, 0.01705716736614704, 0.00857483223080635, 0.009355045855045319, 0.009491780772805214, 0.012715931050479412, 0.009005332365632057, 0.025724947452545166]}