{"loss": 0.8317886590957642, "character_probs": [0.017149316146969795, 0.0217687226831913, 0.010152818635106087, 0.01153547503054142, 0.01912367343902588, 0.008770707063376904, 0.01194872334599495, 0.0073495833203196526, 0.016382325440645218, 0.010554740205407143, 0.012018056586384773, 0.00984693318605423, 0.008273090235888958, 0.008077625185251236, 0.010829885490238667, 0.009952452033758163, 0.007288044784218073, 0.008684010244905949, 0.008128994144499302, 0.008781266398727894, 0.008403358049690723, 0.007423831149935722, 0.009008332155644894, 0.007721868809312582, 0.007352153304964304, 0.007637717295438051, 0.007904686965048313, 0.007360047660768032, 0.007610461674630642, 0.00815441831946373, 0.0082449521869421, 0.010949455201625824, 0.009656310081481934, 0.010335829108953476, 0.007629177067428827, 0.008293336257338524, 0.009375035762786865, 0.007697460241615772, 0.007451741024851799, 0.01415310986340046, 0.013543553650379181, 0.00789821706712246, 0.007372321095317602, 0.010479215532541275, 0.009110460057854652, 0.007552124559879303, 0.011608365923166275, 0.007371894549578428, 0.007259932346642017, 0.007451693993061781, 0.00794840045273304, 0.007497311569750309, 0.007815474644303322, 0.015610619448125362, 0.007629922591149807, 0.010105332359671593, 0.01089391577988863, 0.007698709610849619, 0.007363609969615936, 0.007271801121532917, 0.009112019091844559, 0.008463830687105656, 0.011429907754063606, 0.015035012736916542, 0.009882251732051373, 0.008412094786763191, 0.010606925934553146, 0.008032141253352165, 0.008038684725761414, 0.007179759908467531, 0.008279477246105671, 0.011146944016218185, 0.008057886734604836, 0.010371491312980652, 0.01025630533695221, 0.010076032020151615, 0.007467698771506548, 0.008780230768024921, 0.009806827642023563], "weapon_probs": [0.013790363445878029, 0.012981198728084564, 0.014103448018431664, 0.009017600677907467, 0.054794128984212875, 0.009853634983301163, 0.011810528114438057, 0.024151556193828583, 0.008617538958787918, 0.010210657492280006, 0.008549061603844166, 0.010141660459339619, 0.011496440507471561, 0.008157327771186829, 0.013118170201778412, 0.013765957206487656, 0.009650403633713722, 0.009069696068763733, 0.010932395234704018, 0.010040853172540665, 0.012581465765833855, 0.008481713011860847, 0.007420320529490709, 0.008186453022062778, 0.013213042169809341, 0.008227920159697533, 0.010137957520782948, 0.010895876213908195, 0.007581337355077267, 0.01128167100250721, 0.019707348197698593, 0.00781386811286211, 0.009951768442988396, 0.009823678992688656, 0.008035142906010151, 0.00800522230565548, 0.012389080598950386, 0.015416170470416546, 0.009801440872251987, 0.007427101023495197, 0.007831498980522156, 0.00812976062297821, 0.008426466025412083, 0.008589806035161018, 0.016065295785665512, 0.008644400164484978, 0.012673743069171906, 0.010357252322137356, 0.009438744746148586, 0.01827695406973362, 0.014366584829986095, 0.016870878636837006, 0.009534323588013649, 0.010723069310188293, 0.009364355355501175, 0.009623264893889427, 0.01018102653324604, 0.00918352697044611, 0.009837357327342033]}