{"loss": -0.4847404956817627, "character_probs": [0.016742628067731857, 0.026212215423583984, 0.008654039353132248, 0.012904606759548187, 0.008968448266386986, 0.010994121432304382, 0.014542424120008945, 0.010231735184788704, 0.009402071125805378, 0.007634620647877455, 0.014127567410469055, 0.007449871860444546, 0.00926885288208723, 0.013498995453119278, 0.007484139408916235, 0.009624145925045013, 0.008206862956285477, 0.00898262020200491, 0.008139974437654018, 0.009906288236379623, 0.008063826709985733, 0.007366708014160395, 0.008648539893329144, 0.007702282629907131, 0.007527839858084917, 0.009906211867928505, 0.00852891430258751, 0.00862609688192606, 0.0072907693684101105, 0.011189932934939861, 0.012512510642409325, 0.008098669350147247, 0.009967292658984661, 0.00840964075177908, 0.008139593526721, 0.011983308009803295, 0.008986370638012886, 0.008138900622725487, 0.00775537732988596, 0.0072288210503757, 0.008512294851243496, 0.007427051197737455, 0.010423959232866764, 0.011709434911608696, 0.008424747735261917, 0.010360313579440117, 0.008251862600445747, 0.009202679619193077, 0.007814537733793259, 0.008318828418850899, 0.008884821087121964, 0.007705176714807749, 0.007312355563044548, 0.009307626634836197, 0.007559888530522585, 0.009276322089135647, 0.008330880664288998, 0.008947421796619892, 0.012947194278240204, 0.013105170801281929, 0.007997153326869011, 0.012597780674695969, 0.008056672289967537, 0.008173971436917782, 0.013611363247036934, 0.00974973477423191, 0.007828704081475735, 0.010376463644206524, 0.009395701810717583, 0.010949015617370605, 0.01574350707232952, 0.007311989553272724, 0.007877939380705357, 0.011955797672271729, 0.007606142666190863, 0.00858741719275713, 0.011350952088832855, 0.007838099263608456, 0.009568221867084503], "weapon_probs": [0.036871109157800674, 0.012782188132405281, 0.01548697892576456, 0.008656826801598072, 0.013252807781100273, 0.021785687655210495, 0.010687913745641708, 0.01179455779492855, 0.013484157621860504, 0.010454373434185982, 0.014423148706555367, 0.01223235297948122, 0.009089064784348011, 0.012552954256534576, 0.008415873162448406, 0.00826029758900404, 0.007659170776605606, 0.009350225329399109, 0.01170094683766365, 0.010740295983850956, 0.012245118618011475, 0.025895632803440094, 0.008716566488146782, 0.011135960929095745, 0.008746718056499958, 0.01584724709391594, 0.010130275040864944, 0.008284705691039562, 0.008173053152859211, 0.008290257304906845, 0.011809409596025944, 0.00871543399989605, 0.007548211608082056, 0.00788673385977745, 0.00880130659788847, 0.009144919924438, 0.010433392599225044, 0.012418782338500023, 0.013501551002264023, 0.008178632706403732, 0.010354286059737206, 0.011284604668617249, 0.009235484525561333, 0.012171708047389984, 0.008197344839572906, 0.015109929256141186, 0.008603026159107685, 0.009835021570324898, 0.009366601705551147, 0.02044236660003662, 0.016887344419956207, 0.023445986211299896, 0.013531528413295746, 0.010320778004825115, 0.017367694526910782, 0.007950409315526485, 0.014751170761883259, 0.009452156722545624, 0.0225052572786808]}