{"loss": -0.9813420176506042, "character_probs": [0.01344380434602499, 0.01726851984858513, 0.01103069819509983, 0.02599508687853813, 0.0077485754154622555, 0.010084548965096474, 0.008633503690361977, 0.008328324183821678, 0.01930823363363743, 0.01081798318773508, 0.009333960711956024, 0.008843302726745605, 0.008356640115380287, 0.008028310723602772, 0.008674902841448784, 0.008826333098113537, 0.007264295592904091, 0.007990094833076, 0.007660432253032923, 0.008472375571727753, 0.008996749296784401, 0.011013384908437729, 0.007719200570136309, 0.009440343827009201, 0.008452563546597958, 0.007359504699707031, 0.013265276327729225, 0.009532296098768711, 0.013548154383897781, 0.007722280453890562, 0.007069242186844349, 0.008061092346906662, 0.007290499284863472, 0.007676748558878899, 0.00884639285504818, 0.012366647832095623, 0.00875853095203638, 0.008758033625781536, 0.00798875093460083, 0.007368369027972221, 0.008803484961390495, 0.007629315368831158, 0.008117295801639557, 0.010152525268495083, 0.008899655193090439, 0.007566168438643217, 0.007751056458801031, 0.01442565768957138, 0.011579709127545357, 0.011229830794036388, 0.008078740909695625, 0.007387732621282339, 0.011909982189536095, 0.008435714058578014, 0.022229177877306938, 0.0077445111237466335, 0.007265997584909201, 0.008352833800017834, 0.007719859480857849, 0.007728417403995991, 0.007818185724318027, 0.007378494367003441, 0.00830276869237423, 0.008210092782974243, 0.012081323191523552, 0.007504128850996494, 0.011806359514594078, 0.008303343318402767, 0.009079894050955772, 0.008183371275663376, 0.009139841422438622, 0.019440429285168648, 0.0077824764885008335, 0.010308859869837761, 0.007506402209401131, 0.007545700762420893, 0.010473901405930519, 0.011308926157653332, 0.008094911463558674], "weapon_probs": [0.023705653846263885, 0.02173934504389763, 0.0248817540705204, 0.009418207220733166, 0.01305431965738535, 0.0073813642375171185, 0.00956039410084486, 0.011638756841421127, 0.019994715228676796, 0.024410352110862732, 0.01968710497021675, 0.014529287815093994, 0.007304057944566011, 0.01322937197983265, 0.008319004438817501, 0.008496331050992012, 0.010531198233366013, 0.00966562144458294, 0.007920881733298302, 0.007536597549915314, 0.010278803296387196, 0.00939089059829712, 0.007527995854616165, 0.0077495272271335125, 0.011206196621060371, 0.009587222710251808, 0.008915426209568977, 0.008239559829235077, 0.00948326475918293, 0.00787771213799715, 0.00834672711789608, 0.008174444548785686, 0.018458865582942963, 0.014856785535812378, 0.011368492618203163, 0.007706841919571161, 0.00847867876291275, 0.011728266254067421, 0.008417102508246899, 0.007915852591395378, 0.010496228002011776, 0.009417887777090073, 0.018081307411193848, 0.027680326253175735, 0.008648973889648914, 0.008231901563704014, 0.009638115763664246, 0.013208169490098953, 0.017349231988191605, 0.0075562880374491215, 0.010631460696458817, 0.011433705687522888, 0.009212689474225044, 0.011267216876149178, 0.00873635709285736, 0.011798492632806301, 0.017095237970352173, 0.021953292191028595, 0.010412577539682388]}