{"loss": 0.5953176021575928, "character_probs": [0.02493024617433548, 0.02121664583683014, 0.015490394085645676, 0.009036390110850334, 0.009443044662475586, 0.010340966284275055, 0.009177477099001408, 0.011907774023711681, 0.012054569087922573, 0.009948249906301498, 0.008331098593771458, 0.0076773324981331825, 0.008592350408434868, 0.008302575908601284, 0.008652272634208202, 0.010102353990077972, 0.008665687404572964, 0.0073241270147264, 0.011481860652565956, 0.009399330243468285, 0.009144388139247894, 0.01341082714498043, 0.009001057595014572, 0.008176176808774471, 0.007814967073500156, 0.009138348512351513, 0.008833620697259903, 0.007372038904577494, 0.007958903908729553, 0.007230968680232763, 0.008007139898836613, 0.008647802285850048, 0.008524314500391483, 0.011113835498690605, 0.008665032684803009, 0.007284239865839481, 0.0089575732126832, 0.008598746731877327, 0.007743855006992817, 0.014527618885040283, 0.008120395243167877, 0.007547748275101185, 0.007712618447840214, 0.008953067474067211, 0.00819122139364481, 0.010169834829866886, 0.008407976478338242, 0.012149304151535034, 0.0087284529581666, 0.00886976346373558, 0.007753833197057247, 0.009202726185321808, 0.007352948654443026, 0.01109558530151844, 0.007447765674442053, 0.007710785139352083, 0.008015853352844715, 0.016391348093748093, 0.0073763481341302395, 0.010961445048451424, 0.007821794599294662, 0.00924287922680378, 0.007234311196953058, 0.009394866414368153, 0.009131762199103832, 0.007240886799991131, 0.008416742086410522, 0.008441735990345478, 0.007687500678002834, 0.00914053712040186, 0.008128967136144638, 0.020968327298760414, 0.007364295423030853, 0.007276211399585009, 0.009857515804469585, 0.009035174734890461, 0.008689911104738712, 0.008772588334977627, 0.007432440295815468], "weapon_probs": [0.02448432892560959, 0.021341748535633087, 0.03749933838844299, 0.018254049122333527, 0.007475362624973059, 0.01139225997030735, 0.0075778961181640625, 0.016239721328020096, 0.00973835214972496, 0.01257383357733488, 0.009221174754202366, 0.009791366755962372, 0.023736685514450073, 0.009765205904841423, 0.007780106272548437, 0.01763623207807541, 0.012816352769732475, 0.00827051606029272, 0.009667569771409035, 0.008992957882583141, 0.007364082615822554, 0.007999294437468052, 0.00941419042646885, 0.007577646989375353, 0.008259551599621773, 0.007959331385791302, 0.00886005163192749, 0.008144608698785305, 0.010370083153247833, 0.014117825776338577, 0.011201362125575542, 0.007690608501434326, 0.007758534513413906, 0.01035860925912857, 0.010937526822090149, 0.014837400056421757, 0.009543552994728088, 0.01057012751698494, 0.010446341708302498, 0.008485686033964157, 0.008394623175263405, 0.009370630607008934, 0.010851653292775154, 0.01057979092001915, 0.011824754998087883, 0.01161880698055029, 0.008106356486678123, 0.008251592516899109, 0.007345582824200392, 0.00937856175005436, 0.017388544976711273, 0.0075193350203335285, 0.007931087166070938, 0.011091870255768299, 0.007274777628481388, 0.009868819266557693, 0.008156947791576385, 0.007603054400533438, 0.008683722466230392]}