{"loss": -0.9739821553230286, "character_probs": [0.016912594437599182, 0.014796551316976547, 0.016840297728776932, 0.019174959510564804, 0.009003699757158756, 0.012799029238522053, 0.010810326784849167, 0.007996639236807823, 0.00885278731584549, 0.012714460492134094, 0.009205691516399384, 0.014187103137373924, 0.012444055639207363, 0.008275885134935379, 0.00855135265737772, 0.007587135769426823, 0.008151383139193058, 0.007695472799241543, 0.010807044804096222, 0.008548522368073463, 0.008174808695912361, 0.007651067338883877, 0.0077702971175313, 0.008935824036598206, 0.007925240322947502, 0.009917203336954117, 0.00806135032325983, 0.009473743848502636, 0.008325078524649143, 0.007763460278511047, 0.008055188693106174, 0.007666090968996286, 0.007497468031942844, 0.009523652493953705, 0.009767770767211914, 0.016093796119093895, 0.00800847914069891, 0.007863497361540794, 0.00756777822971344, 0.007300690282136202, 0.007539128419011831, 0.007962443865835667, 0.008549792692065239, 0.007937034592032433, 0.00852239690721035, 0.007285137195140123, 0.00795579981058836, 0.012874437496066093, 0.008961969055235386, 0.009124252945184708, 0.007221907377243042, 0.007312409579753876, 0.007460859138518572, 0.014357649721205235, 0.00890546664595604, 0.012707645073533058, 0.013311458751559258, 0.007920818403363228, 0.007650510407984257, 0.02486255019903183, 0.009808527305722237, 0.007727182470262051, 0.007292893715202808, 0.007856268435716629, 0.007302976679056883, 0.009133810177445412, 0.0073721944354474545, 0.008739654906094074, 0.00845729187130928, 0.00883795227855444, 0.008219871670007706, 0.009639049880206585, 0.008411098271608353, 0.01052800565958023, 0.007563753519207239, 0.008341828361153603, 0.010542289353907108, 0.008663914166390896, 0.011926498264074326], "weapon_probs": [0.01763894222676754, 0.06683825701475143, 0.009604111313819885, 0.00873255729675293, 0.009456238709390163, 0.008280807174742222, 0.01977204903960228, 0.00943826138973236, 0.00801941193640232, 0.010083499364554882, 0.008963491767644882, 0.009900283068418503, 0.007646049838513136, 0.009112254716455936, 0.007659707218408585, 0.010223381221294403, 0.019082315266132355, 0.007858881726861, 0.009330335073173046, 0.00843322928994894, 0.008838018402457237, 0.007849760353565216, 0.011655105277895927, 0.014068318530917168, 0.008459927514195442, 0.010321201756596565, 0.008506296202540398, 0.015922527760267258, 0.00764020811766386, 0.008352037519216537, 0.010407117195427418, 0.017269939184188843, 0.008136442862451077, 0.007868015207350254, 0.010814964771270752, 0.009521489962935448, 0.010396288707852364, 0.009419213980436325, 0.009006429463624954, 0.01295580342411995, 0.007803940214216709, 0.008586537092924118, 0.008798445574939251, 0.0077820466831326485, 0.008321326225996017, 0.018290359526872635, 0.007798276841640472, 0.010784514248371124, 0.025883350521326065, 0.015714988112449646, 0.008764142170548439, 0.010166576132178307, 0.0125637948513031, 0.007651153020560741, 0.008188956417143345, 0.015415920875966549, 0.0076360926032066345, 0.008860956877470016, 0.00915350392460823]}