{"loss": -0.4157441556453705, "character_probs": [0.01788446120917797, 0.007396344095468521, 0.02655300870537758, 0.017841078341007233, 0.00784085039049387, 0.009464895352721214, 0.00793042965233326, 0.012332331389188766, 0.008544311858713627, 0.017938513308763504, 0.010625194758176804, 0.007791795302182436, 0.007717213127762079, 0.009304055944085121, 0.008020246401429176, 0.008191198110580444, 0.008469406515359879, 0.008244339376688004, 0.007424008566886187, 0.011873196810483932, 0.00823405385017395, 0.008867240510880947, 0.008365198969841003, 0.007856358774006367, 0.007438708562403917, 0.012831966392695904, 0.007655493449419737, 0.008939607068896294, 0.011541146785020828, 0.007791043724864721, 0.010481853038072586, 0.0075178188271820545, 0.007642124313861132, 0.01025115791708231, 0.007432354614138603, 0.012523554265499115, 0.0117881391197443, 0.0077566178515553474, 0.008533298969268799, 0.007448136806488037, 0.008449854329228401, 0.008384756743907928, 0.007414121646434069, 0.00812256895005703, 0.012395797297358513, 0.008473601192235947, 0.007784748449921608, 0.008311581797897816, 0.008761103264987469, 0.008854959160089493, 0.009663593024015427, 0.008052211254835129, 0.007318533957004547, 0.007453885395079851, 0.008447511121630669, 0.007675658445805311, 0.007510808762162924, 0.010860043577849865, 0.008740989491343498, 0.00940857082605362, 0.013662291690707207, 0.008633017539978027, 0.011888107284903526, 0.017490223050117493, 0.008076535537838936, 0.011592358350753784, 0.007499064318835735, 0.008489296771585941, 0.008758611045777798, 0.008244572207331657, 0.009154580533504486, 0.007611301727592945, 0.01066537294536829, 0.02058582194149494, 0.008938898332417011, 0.008138557896018028, 0.009776266291737556, 0.007603960111737251, 0.015886086970567703], "weapon_probs": [0.016563817858695984, 0.03322792425751686, 0.011873381212353706, 0.024001024663448334, 0.018717512488365173, 0.010306998156011105, 0.011199861764907837, 0.007963745854794979, 0.009007120504975319, 0.010959943756461143, 0.00848801527172327, 0.015633150935173035, 0.012135131284594536, 0.010629408061504364, 0.012250639498233795, 0.011339002288877964, 0.009924557991325855, 0.011619017459452152, 0.01050923578441143, 0.008028454147279263, 0.008997084572911263, 0.010910483077168465, 0.011189665645360947, 0.012300148606300354, 0.024071257561445236, 0.008595661260187626, 0.00878751091659069, 0.007867198437452316, 0.009239274077117443, 0.011141400784254074, 0.015498610213398933, 0.008218622766435146, 0.008857998065650463, 0.012947501614689827, 0.010467560030519962, 0.00878747459501028, 0.013003906235098839, 0.008510952815413475, 0.008926129899919033, 0.007820451632142067, 0.010906711220741272, 0.009579847566783428, 0.010321537032723427, 0.009090522304177284, 0.009700704365968704, 0.011038219556212425, 0.00940791703760624, 0.01894490048289299, 0.010837258771061897, 0.008488625288009644, 0.01402146928012371, 0.008282347582280636, 0.01104845479130745, 0.015330207534134388, 0.009526700712740421, 0.008709750138223171, 0.008335242047905922, 0.048567987978458405, 0.013335604220628738]}