{"loss": 0.32867610454559326, "character_probs": [0.02320283278822899, 0.017268117517232895, 0.012758768163621426, 0.01076340302824974, 0.007948276586830616, 0.007463457994163036, 0.011793427169322968, 0.007876603864133358, 0.010482038371264935, 0.00719947274774313, 0.015683531761169434, 0.008984742686152458, 0.011775982566177845, 0.007366705220192671, 0.010499920696020126, 0.008671149611473083, 0.028058122843503952, 0.007358575705438852, 0.008214562200009823, 0.0071868011727929115, 0.007267388049513102, 0.01026142667979002, 0.007729656994342804, 0.007516798097640276, 0.00957042258232832, 0.009397616609930992, 0.007522048894315958, 0.007592109031975269, 0.007048840168863535, 0.00828925147652626, 0.00857389997690916, 0.007534774951636791, 0.007144994102418423, 0.010265784338116646, 0.007916543632745743, 0.007550847716629505, 0.01212947629392147, 0.007575902156531811, 0.009685765951871872, 0.00775550864636898, 0.00783038791269064, 0.008501104079186916, 0.007551874034106731, 0.008494540117681026, 0.008801233023405075, 0.00751834362745285, 0.00987639557570219, 0.0076359594240784645, 0.007846525870263577, 0.009149953722953796, 0.007670694496482611, 0.02556721866130829, 0.009011100977659225, 0.00768490694463253, 0.007854451425373554, 0.007423292379826307, 0.007215962745249271, 0.007615737151354551, 0.007452916353940964, 0.008313467726111412, 0.009035934694111347, 0.012091591022908688, 0.0216083861887455, 0.007965784519910812, 0.007915914990007877, 0.007505826652050018, 0.009682165458798409, 0.008805609308183193, 0.00825624167919159, 0.0076591139659285545, 0.008666257373988628, 0.008530355989933014, 0.01534044649451971, 0.0073759108781814575, 0.009666798636317253, 0.007567225024104118, 0.011055054143071175, 0.008058630861341953, 0.008768797852098942], "weapon_probs": [0.009311108849942684, 0.021704701706767082, 0.03962283581495285, 0.01960374414920807, 0.01085636019706726, 0.011011462658643723, 0.009335937909781933, 0.010749288834631443, 0.013566571287810802, 0.01493820734322071, 0.010211803019046783, 0.026430875062942505, 0.013688689097762108, 0.009854200296103954, 0.009448844939470291, 0.007855593226850033, 0.010373171418905258, 0.011232303455471992, 0.007590595632791519, 0.0075614131055772305, 0.010543806478381157, 0.013705840334296227, 0.008356636390089989, 0.010651277378201485, 0.007449511904269457, 0.012310792692005634, 0.009523200802505016, 0.008368006907403469, 0.011480575427412987, 0.008566039614379406, 0.007929754443466663, 0.011535870842635632, 0.012915652245283127, 0.008583609946072102, 0.008049918338656425, 0.012550867162644863, 0.01181330531835556, 0.008298452012240887, 0.007626991253346205, 0.010921433568000793, 0.011580727994441986, 0.016827762126922607, 0.008419216610491276, 0.011637920513749123, 0.008881923742592335, 0.010181335732340813, 0.008823907002806664, 0.008448438718914986, 0.010417746379971504, 0.008384608663618565, 0.011831045150756836, 0.008330405689775944, 0.008570119738578796, 0.011552238836884499, 0.010092492215335369, 0.01578075811266899, 0.012394001707434654, 0.008536110632121563, 0.009385986253619194]}