{"loss": 0.7497312426567078, "character_probs": [0.01803513802587986, 0.0181737057864666, 0.015442670322954655, 0.011861324310302734, 0.01096603088080883, 0.017457962036132812, 0.008380991406738758, 0.012516053393483162, 0.007984520867466927, 0.011335132643580437, 0.011059194803237915, 0.0076645719818770885, 0.008097129873931408, 0.007675588130950928, 0.008056365884840488, 0.00842509139329195, 0.009785892441868782, 0.007252877578139305, 0.00827810075134039, 0.013332659378647804, 0.010334798134863377, 0.007571233902126551, 0.008351901546120644, 0.007508943323045969, 0.007307606283575296, 0.00903184711933136, 0.011614486575126648, 0.01126774214208126, 0.007523973938077688, 0.013456182554364204, 0.0093264514580369, 0.0072388905100524426, 0.009000610560178757, 0.009830158203840256, 0.008227802813053131, 0.007185149472206831, 0.008117035031318665, 0.010077394545078278, 0.00847301259636879, 0.007051180582493544, 0.008373056538403034, 0.011165723204612732, 0.008523884229362011, 0.014181489124894142, 0.007790409494191408, 0.007176541723310947, 0.008168012835085392, 0.0098275700584054, 0.010040382854640484, 0.007753849495202303, 0.008978383615612984, 0.008486378937959671, 0.007758529391139746, 0.0082292715087533, 0.007701872382313013, 0.007932361215353012, 0.008821719326078892, 0.00721384771168232, 0.008189237676560879, 0.010041384026408195, 0.008003938011825085, 0.010953063145279884, 0.008810598403215408, 0.007170295808464289, 0.015880512073636055, 0.010389197617769241, 0.011851108632981777, 0.009079454466700554, 0.008285167627036572, 0.011260837316513062, 0.01082510408014059, 0.008067335933446884, 0.008114582858979702, 0.008211751468479633, 0.009044742211699486, 0.009180623106658459, 0.013931410387158394, 0.007615332957357168, 0.01123193372040987], "weapon_probs": [0.021744364872574806, 0.01244492270052433, 0.02244977280497551, 0.01031600870192051, 0.03827522322535515, 0.00779712712392211, 0.009258564561605453, 0.013965703547000885, 0.011181486770510674, 0.010625887662172318, 0.011581946164369583, 0.012160692363977432, 0.008930874057114124, 0.00860151369124651, 0.01464738417416811, 0.008680672384798527, 0.010635998100042343, 0.015576209872961044, 0.013851730152964592, 0.009879551827907562, 0.012692388147115707, 0.013148637488484383, 0.009733890183269978, 0.009942971169948578, 0.011676736176013947, 0.013121407479047775, 0.007969772443175316, 0.009947986342012882, 0.011504923924803734, 0.010263588279485703, 0.008507086895406246, 0.01298477128148079, 0.007647734601050615, 0.012658940628170967, 0.009401220828294754, 0.010249847546219826, 0.008390089496970177, 0.011573225259780884, 0.01052088476717472, 0.008604133501648903, 0.011125892400741577, 0.007886512205004692, 0.008042450062930584, 0.007556202355772257, 0.01104663871228695, 0.012082017958164215, 0.008536290377378464, 0.011001843959093094, 0.010400027967989445, 0.008006798103451729, 0.00910510029643774, 0.03242656961083412, 0.008186080493032932, 0.009527209214866161, 0.009471891447901726, 0.011846013367176056, 0.012117147445678711, 0.007808871567249298, 0.008941393345594406]}