{"loss": 0.9101417660713196, "character_probs": [0.014102218672633171, 0.018832746893167496, 0.019172240048646927, 0.007827152498066425, 0.01538929995149374, 0.010289551690220833, 0.008593477308750153, 0.011178344488143921, 0.01660815440118313, 0.007701905909925699, 0.017526324838399887, 0.008562619797885418, 0.009749574586749077, 0.012983741238713264, 0.007688167504966259, 0.008035826496779919, 0.007275868207216263, 0.008169589564204216, 0.007835548371076584, 0.01021524891257286, 0.009774163365364075, 0.00796426460146904, 0.008701912127435207, 0.008444423787295818, 0.0073328870348632336, 0.007903928868472576, 0.007264833431690931, 0.009626954793930054, 0.010533314198255539, 0.0074468087404966354, 0.010178724303841591, 0.007290843408554792, 0.009897100739181042, 0.009773912839591503, 0.007609179709106684, 0.007798872888088226, 0.007991036400198936, 0.008746008388698101, 0.007484958041459322, 0.01060328260064125, 0.007850195281207561, 0.007302667014300823, 0.0074479966424405575, 0.010047556832432747, 0.010340788401663303, 0.0077813672833144665, 0.00857544969767332, 0.00791513454169035, 0.007650366052985191, 0.007561644539237022, 0.007409914396703243, 0.010033195838332176, 0.011813152581453323, 0.010189644061028957, 0.013653790578246117, 0.008086390793323517, 0.008931515738368034, 0.008204005658626556, 0.008317000232636929, 0.009589947760105133, 0.009028291329741478, 0.015234612859785557, 0.007209921721369028, 0.007745716255158186, 0.009314825758337975, 0.00957893580198288, 0.012827401980757713, 0.010846447199583054, 0.008042426779866219, 0.008234855718910694, 0.007417002227157354, 0.00849650427699089, 0.011800565756857395, 0.009764673188328743, 0.008760446682572365, 0.007833695039153099, 0.010266670025885105, 0.00791587121784687, 0.011294879950582981], "weapon_probs": [0.02904372289776802, 0.018802648410201073, 0.03330861032009125, 0.012469497509300709, 0.010756264440715313, 0.012074414640665054, 0.012533120810985565, 0.009699990041553974, 0.009169853292405605, 0.007842178456485271, 0.02242501825094223, 0.014070741832256317, 0.008098035119473934, 0.011948680505156517, 0.011075502261519432, 0.009561576880514622, 0.008362574502825737, 0.01074837613850832, 0.01024529617279768, 0.0104022566229105, 0.011808173730969429, 0.007648544851690531, 0.009335370734333992, 0.007779019884765148, 0.01292676106095314, 0.00980653427541256, 0.012234184890985489, 0.007701419293880463, 0.007597391959279776, 0.010507931932806969, 0.012478206306695938, 0.015785206109285355, 0.010307530872523785, 0.009755467064678669, 0.00890070665627718, 0.009655380621552467, 0.00755018787458539, 0.012569332495331764, 0.009723158553242683, 0.01016196422278881, 0.008463931269943714, 0.0072649880312383175, 0.007734484039247036, 0.010234160348773003, 0.012565156444907188, 0.0217908788472414, 0.008209669962525368, 0.011501585133373737, 0.01236041635274887, 0.010838804766535759, 0.00770109286531806, 0.010776592418551445, 0.009456710889935493, 0.013304258696734905, 0.010377805680036545, 0.010517777875065804, 0.015505447052419186, 0.017438573762774467, 0.013708437792956829]}