{"loss": 0.9057754874229431, "character_probs": [0.02210783213376999, 0.012114271521568298, 0.01323818787932396, 0.011508404277265072, 0.0195515938103199, 0.007881376892328262, 0.012366577051579952, 0.01796330139040947, 0.010303589515388012, 0.007856524549424648, 0.007766205817461014, 0.007239161990582943, 0.0075719160959124565, 0.008514822460711002, 0.00803573802113533, 0.007334891241043806, 0.00882657803595066, 0.017078395932912827, 0.008174889720976353, 0.0075702727772295475, 0.007369008846580982, 0.012413917109370232, 0.009625004604458809, 0.009095477871596813, 0.008786765858530998, 0.008643225766718388, 0.007205421570688486, 0.007403825409710407, 0.007928415201604366, 0.007395925000309944, 0.007545532658696175, 0.008333484642207623, 0.011901376768946648, 0.0085675660520792, 0.0071068438701331615, 0.010647086426615715, 0.008737202733755112, 0.009636358357965946, 0.01079561747610569, 0.0077909803949296474, 0.007806816603988409, 0.007915301248431206, 0.008001676760613918, 0.013792538084089756, 0.007442831061780453, 0.009003888815641403, 0.007798416540026665, 0.008256189525127411, 0.010976521298289299, 0.007388589438050985, 0.011415484361350536, 0.010101046413183212, 0.011178236454725266, 0.007729100063443184, 0.008359778672456741, 0.009143710136413574, 0.007696554530411959, 0.00911573227494955, 0.010926339775323868, 0.011638106778264046, 0.009546706452965736, 0.007161847315728664, 0.008978699333965778, 0.00787714496254921, 0.011134072206914425, 0.00809168629348278, 0.012539612129330635, 0.010012363083660603, 0.0077746473252773285, 0.009422799572348595, 0.010286307893693447, 0.007401792798191309, 0.008474268950521946, 0.012009266763925552, 0.008297336287796497, 0.007423060014843941, 0.009109330363571644, 0.010857349261641502, 0.009958392940461636], "weapon_probs": [0.022518809884786606, 0.03243480995297432, 0.011354181915521622, 0.021206839010119438, 0.013183549046516418, 0.011976456269621849, 0.022911030799150467, 0.008929124101996422, 0.013868999667465687, 0.010198417119681835, 0.008966482244431973, 0.010099358856678009, 0.011939752846956253, 0.008718470111489296, 0.008519447408616543, 0.010116135701537132, 0.012461692094802856, 0.008641350083053112, 0.012390848249197006, 0.01133638434112072, 0.010415568947792053, 0.007243097759783268, 0.008636657148599625, 0.009583946317434311, 0.026546787470579147, 0.009485196322202682, 0.007525423541665077, 0.010183315724134445, 0.009819285944104195, 0.012207182124257088, 0.009495934471487999, 0.008305449038743973, 0.012765327468514442, 0.007962481118738651, 0.008867760188877583, 0.007899862714111805, 0.009966133162379265, 0.007728996686637402, 0.012425171211361885, 0.00888099242001772, 0.010533254593610764, 0.008583157323300838, 0.007574087008833885, 0.010006101801991463, 0.007635338697582483, 0.010199924930930138, 0.008101590909063816, 0.017868682742118835, 0.010170099325478077, 0.011607034131884575, 0.011084916070103645, 0.013423679396510124, 0.011775946244597435, 0.010814267210662365, 0.008016226813197136, 0.007332841865718365, 0.02162591740489006, 0.010715609416365623, 0.008762798272073269]}