{"loss": -0.8519673347473145, "character_probs": [0.023010503500699997, 0.014732705429196358, 0.012980764731764793, 0.012045491486787796, 0.013301678001880646, 0.009203528054058552, 0.011424065567553043, 0.015443061478435993, 0.00821714662015438, 0.010848027653992176, 0.012735475786030293, 0.007464979309588671, 0.008374151773750782, 0.008669535629451275, 0.008754173293709755, 0.009133810177445412, 0.008351203985512257, 0.007193640805780888, 0.007846245542168617, 0.011293461546301842, 0.009254811331629753, 0.008676542900502682, 0.009738396853208542, 0.010557839646935463, 0.008965199813246727, 0.008199125528335571, 0.008978113532066345, 0.008255120366811752, 0.010932759381830692, 0.0073367455042898655, 0.007525998167693615, 0.00752192223444581, 0.012265046127140522, 0.008379543200135231, 0.007114420644938946, 0.0073241256177425385, 0.008940611965954304, 0.008051671087741852, 0.007962912321090698, 0.0072116791270673275, 0.011162599548697472, 0.01964651048183441, 0.007356193382292986, 0.009158550761640072, 0.008720003999769688, 0.00788918137550354, 0.007932784967124462, 0.007777094375342131, 0.008633113466203213, 0.009772521443665028, 0.008821286261081696, 0.00789630226790905, 0.007668564561754465, 0.008745785802602768, 0.009914789348840714, 0.0081387460231781, 0.007893521338701248, 0.008865775540471077, 0.007577934768050909, 0.008645372465252876, 0.008252670057117939, 0.008192646317183971, 0.009123249910771847, 0.007884603925049305, 0.007537330500781536, 0.013377241790294647, 0.020713306963443756, 0.008248013444244862, 0.0076053086668252945, 0.010308719240128994, 0.0081254243850708, 0.00952091719955206, 0.007421892136335373, 0.023170072585344315, 0.010256072506308556, 0.008938677608966827, 0.0075453403405845165, 0.008035458624362946, 0.023310519754886627], "weapon_probs": [0.017120983451604843, 0.012812679633498192, 0.03485841304063797, 0.011670220643281937, 0.011939088813960552, 0.012566400691866875, 0.018471822142601013, 0.021211646497249603, 0.010044499300420284, 0.013859927654266357, 0.012380807660520077, 0.008145077154040337, 0.00908863078802824, 0.014860566705465317, 0.007938683964312077, 0.01005562860518694, 0.014753954485058784, 0.010294986888766289, 0.007789551746100187, 0.013218613341450691, 0.007646245416253805, 0.013659225776791573, 0.007884589955210686, 0.008375532925128937, 0.007696101907640696, 0.019015513360500336, 0.00890460517257452, 0.007872139103710651, 0.009643886238336563, 0.007948191836476326, 0.016152534633874893, 0.010340910404920578, 0.008904113434255123, 0.014720642939209938, 0.00844962801784277, 0.009534904733300209, 0.013068852946162224, 0.008169630542397499, 0.009523028507828712, 0.00966306310147047, 0.009824400767683983, 0.007146673742681742, 0.011782728135585785, 0.0165507011115551, 0.01571708731353283, 0.010003437288105488, 0.007300452794879675, 0.007655010558664799, 0.01591542363166809, 0.009809420444071293, 0.007233717013150454, 0.008205115795135498, 0.007447252050042152, 0.018162690103054047, 0.01318217720836401, 0.026791740208864212, 0.01123309787362814, 0.009290944784879684, 0.011996718123555183]}