{"loss": 0.7205722332000732, "character_probs": [0.008853722363710403, 0.033135656267404556, 0.012232768349349499, 0.028987716883420944, 0.012922748923301697, 0.007929525338113308, 0.009343105368316174, 0.010313799604773521, 0.010054650716483593, 0.008486934006214142, 0.008254961110651493, 0.007621670141816139, 0.00790821947157383, 0.008887792006134987, 0.012899915687739849, 0.0077837929129600525, 0.007978474721312523, 0.007477445527911186, 0.007395117077976465, 0.007633427623659372, 0.012395530939102173, 0.007564983330667019, 0.00727757066488266, 0.007708302699029446, 0.008348487317562103, 0.007794634439051151, 0.008864679373800755, 0.0086732292547822, 0.007882639765739441, 0.009684662334620953, 0.007609936408698559, 0.007533255498856306, 0.007394480984658003, 0.007343735545873642, 0.008843875490128994, 0.008349643088877201, 0.011196577921509743, 0.009989079087972641, 0.007416438776999712, 0.007243966683745384, 0.007556473836302757, 0.007911725901067257, 0.007946155034005642, 0.00793309137225151, 0.007577188778668642, 0.008877042680978775, 0.01416741032153368, 0.008496999740600586, 0.008249202743172646, 0.007960928604006767, 0.019271526485681534, 0.007557197008281946, 0.007465732749551535, 0.009454118087887764, 0.008370202034711838, 0.008989156223833561, 0.008704779669642448, 0.007529150228947401, 0.008031976409256458, 0.01271156594157219, 0.007976586930453777, 0.007991015911102295, 0.00780511973425746, 0.008087068796157837, 0.007497502490878105, 0.007715397514402866, 0.011349712498486042, 0.008367326110601425, 0.0090906647965312, 0.010662505403161049, 0.007732560858130455, 0.007425440009683371, 0.007556501775979996, 0.0089851263910532, 0.00823153555393219, 0.012942655012011528, 0.007569066248834133, 0.01327449083328247, 0.011227786540985107], "weapon_probs": [0.018768873065710068, 0.012249408289790154, 0.03525417298078537, 0.023214586079120636, 0.011459852568805218, 0.009534141048789024, 0.009467039257287979, 0.01788204535841942, 0.018114637583494186, 0.009210269898176193, 0.00909559428691864, 0.019878514111042023, 0.01346434187144041, 0.008184511214494705, 0.009720614179968834, 0.010573338717222214, 0.009016579017043114, 0.010878496803343296, 0.01291094720363617, 0.008290784433484077, 0.00793512724339962, 0.008581636473536491, 0.01081151980906725, 0.009796876460313797, 0.007627767510712147, 0.00859682448208332, 0.007489204406738281, 0.011901292949914932, 0.023804619908332825, 0.010927053168416023, 0.007169637829065323, 0.0077273054048419, 0.00845981203019619, 0.008822615258395672, 0.009059608913958073, 0.008008936420083046, 0.008745977655053139, 0.013419744558632374, 0.009206184186041355, 0.011583853513002396, 0.008612602017819881, 0.017310738563537598, 0.008737741969525814, 0.008156117051839828, 0.008196946233510971, 0.008167115971446037, 0.011031938716769218, 0.009049112908542156, 0.013557100668549538, 0.01364198513329029, 0.008085964247584343, 0.018243782222270966, 0.013979559764266014, 0.010501597076654434, 0.008317088708281517, 0.008001631125807762, 0.01016409881412983, 0.009196842089295387, 0.019866496324539185]}