{"loss": 0.33999112248420715, "character_probs": [0.011103710159659386, 0.021668851375579834, 0.01638224348425865, 0.013439998961985111, 0.008616079576313496, 0.010490505956113338, 0.01157031487673521, 0.02210831642150879, 0.007375867571681738, 0.007444568909704685, 0.012247275561094284, 0.008438590914011002, 0.007270984351634979, 0.009631367400288582, 0.008798650465905666, 0.007068185601383448, 0.008682632818818092, 0.007245376706123352, 0.008324780501425266, 0.00836038775742054, 0.007771884091198444, 0.008832603693008423, 0.01483916211873293, 0.00915464572608471, 0.010478831827640533, 0.007213613484054804, 0.008208810351788998, 0.007934806868433952, 0.015675870701670647, 0.007388646714389324, 0.010020880028605461, 0.007545036729425192, 0.007304576691240072, 0.009023110382258892, 0.007765449117869139, 0.0071187797002494335, 0.008143260143697262, 0.00798147451132536, 0.008722318336367607, 0.008361177518963814, 0.011881343089044094, 0.008820785209536552, 0.007292261812835932, 0.007940677925944328, 0.009836548939347267, 0.0121211688965559, 0.00798456184566021, 0.008047563023865223, 0.007301416713744402, 0.009337048046290874, 0.008434615097939968, 0.009454930201172829, 0.011496493592858315, 0.010768292471766472, 0.009295010939240456, 0.00958758033812046, 0.007701522205024958, 0.008225981146097183, 0.010439243167638779, 0.007645422127097845, 0.021427202969789505, 0.008901041932404041, 0.009055412374436855, 0.008630485273897648, 0.008499307557940483, 0.01622486487030983, 0.009070154279470444, 0.011199668049812317, 0.0074454243294894695, 0.011282848194241524, 0.007829399779438972, 0.0077087716199457645, 0.0077265542931854725, 0.007615084294229746, 0.007697161287069321, 0.007767348550260067, 0.009913523681461811, 0.008641373366117477, 0.008927365764975548], "weapon_probs": [0.019885357469320297, 0.011173870414495468, 0.01769554615020752, 0.011027516797184944, 0.01709591969847679, 0.013973908498883247, 0.026930201798677444, 0.025728479027748108, 0.007791035808622837, 0.007878960110247135, 0.01504014153033495, 0.0086211571469903, 0.01122104562819004, 0.008345329202711582, 0.00774077232927084, 0.007845694199204445, 0.013940569944679737, 0.014970717020332813, 0.009955313056707382, 0.007540824357420206, 0.01168246939778328, 0.012166246771812439, 0.00800247211009264, 0.007747434079647064, 0.008777428418397903, 0.010424972511827946, 0.01736261323094368, 0.009875367395579815, 0.009043249301612377, 0.009941503405570984, 0.022309916093945503, 0.010103505104780197, 0.007772647310048342, 0.008298296481370926, 0.014092134311795235, 0.013928063213825226, 0.008675038814544678, 0.009745443239808083, 0.00886597204953432, 0.008087734691798687, 0.008814717642962933, 0.014783873222768307, 0.009198063984513283, 0.017822783440351486, 0.009736401960253716, 0.015137829817831516, 0.009903655387461185, 0.011835137382149696, 0.00979005079716444, 0.016187181696295738, 0.011380442418158054, 0.010368595831096172, 0.01056708488613367, 0.011785549111664295, 0.007757024839520454, 0.03107430785894394, 0.014294961467385292, 0.011540321633219719, 0.015944190323352814]}