{"loss": 0.9388952851295471, "character_probs": [0.0255625918507576, 0.01329503208398819, 0.011440133675932884, 0.00988138560205698, 0.008152409456670284, 0.016499727964401245, 0.015896553173661232, 0.008100912906229496, 0.00860348716378212, 0.01227240078151226, 0.007920480333268642, 0.009241502732038498, 0.011178465560078621, 0.007820899598300457, 0.009312084876000881, 0.00893027801066637, 0.0090633574873209, 0.011448124423623085, 0.010345205664634705, 0.012713346630334854, 0.007777303922921419, 0.010401105508208275, 0.008408783935010433, 0.010413508862257004, 0.007204478606581688, 0.008640135638415813, 0.0077838595025241375, 0.008257251232862473, 0.007550375536084175, 0.007257119752466679, 0.007178338710218668, 0.007397508714348078, 0.007827602326869965, 0.012851409614086151, 0.009593714028596878, 0.007414868101477623, 0.007326601073145866, 0.010003809817135334, 0.012623367831110954, 0.007281692232936621, 0.007364125922322273, 0.008043703623116016, 0.016484228894114494, 0.007465362548828125, 0.008250776678323746, 0.008153689093887806, 0.009336700662970543, 0.00832433346658945, 0.007161214016377926, 0.009177792817354202, 0.008753765374422073, 0.007602871395647526, 0.008987084962427616, 0.01271707285195589, 0.008005504496395588, 0.010089106857776642, 0.007982326671481133, 0.007500413805246353, 0.008478617295622826, 0.009379657916724682, 0.008540455251932144, 0.008014209568500519, 0.007384194061160088, 0.008329113945364952, 0.007761781569570303, 0.009204667992889881, 0.013621452264487743, 0.019152866676449776, 0.007828922010958195, 0.007739733438938856, 0.008697282522916794, 0.010851167142391205, 0.012480661273002625, 0.009161213412880898, 0.008526511490345001, 0.008146270178258419, 0.00868751760572195, 0.007899940945208073, 0.013179424218833447], "weapon_probs": [0.015493498183786869, 0.013914727605879307, 0.036267802119255066, 0.019486580044031143, 0.010041260160505772, 0.014420033432543278, 0.01646265760064125, 0.010526291094720364, 0.010073906742036343, 0.0074743712320923805, 0.016873899847269058, 0.008114571683108807, 0.016882924363017082, 0.009692585095763206, 0.007887890562415123, 0.014593591913580894, 0.007138892542570829, 0.007385749835520983, 0.007782036438584328, 0.022408071905374527, 0.017283674329519272, 0.008219730108976364, 0.00939081609249115, 0.007498091086745262, 0.007364627439528704, 0.009911220520734787, 0.011823602952063084, 0.007751096971333027, 0.010831668972969055, 0.00839980412274599, 0.007983297109603882, 0.014497600495815277, 0.00930861383676529, 0.008533606305718422, 0.007896163500845432, 0.009912017732858658, 0.018532976508140564, 0.008936417289078236, 0.014884598553180695, 0.008995294570922852, 0.0081231240183115, 0.011077119037508965, 0.016853634268045425, 0.008699825033545494, 0.009775388985872269, 0.008219031617045403, 0.009129088371992111, 0.010027313604950905, 0.008683810941874981, 0.03075510263442993, 0.011923877522349358, 0.009550850838422775, 0.012938903644680977, 0.011159374378621578, 0.01101405918598175, 0.013321314007043839, 0.01127391867339611, 0.01819979026913643, 0.011421415954828262]}