{"loss": -0.9802204966545105, "character_probs": [0.01928410306572914, 0.012774202972650528, 0.010706190019845963, 0.017179202288389206, 0.01587708666920662, 0.008731482550501823, 0.010076949372887611, 0.008526149205863476, 0.015330860391259193, 0.016479087993502617, 0.009880410507321358, 0.008088560774922371, 0.00946999341249466, 0.007486206945031881, 0.007345957215875387, 0.007877284660935402, 0.008604595437645912, 0.00796982366591692, 0.0074891988188028336, 0.01476731151342392, 0.007249234709888697, 0.007868103682994843, 0.009006333537399769, 0.00802040658891201, 0.007558937184512615, 0.007285614497959614, 0.008214660920202732, 0.007378544192761183, 0.01914297416806221, 0.00884013157337904, 0.00816839374601841, 0.007881912402808666, 0.008736351504921913, 0.015537836588919163, 0.007322138175368309, 0.007553403731435537, 0.010441279038786888, 0.008414029143750668, 0.007258433382958174, 0.0073116314597427845, 0.009363427758216858, 0.007547698449343443, 0.008351659402251244, 0.008024104870855808, 0.007996844127774239, 0.009596435353159904, 0.013831445947289467, 0.00983063317835331, 0.008869490586221218, 0.00724943308159709, 0.00932376366108656, 0.00766318803653121, 0.009285987354815006, 0.008182072080671787, 0.008854561485350132, 0.008721194230020046, 0.007494949735701084, 0.009972704574465752, 0.00772485276684165, 0.00851338729262352, 0.008143982850015163, 0.00878557376563549, 0.009354175068438053, 0.008688398636877537, 0.009613356553018093, 0.007218190003186464, 0.00858517549932003, 0.009492532350122929, 0.008610337041318417, 0.011752426624298096, 0.009568850509822369, 0.015256017446517944, 0.008876381441950798, 0.02090483531355858, 0.01253414899110794, 0.010621982626616955, 0.008077400736510754, 0.008580213412642479, 0.007176971063017845], "weapon_probs": [0.02804187685251236, 0.03344127908349037, 0.011329349130392075, 0.015919268131256104, 0.008086653426289558, 0.014414595440030098, 0.010148628614842892, 0.01117800921201706, 0.02128039114177227, 0.009462269023060799, 0.01049614604562521, 0.007392882369458675, 0.008790487423539162, 0.008680772967636585, 0.011690308339893818, 0.009821605868637562, 0.007791997864842415, 0.012765709310770035, 0.010868309065699577, 0.008744768798351288, 0.009049728512763977, 0.012683001346886158, 0.02152811922132969, 0.01601831428706646, 0.008913367055356503, 0.010063141584396362, 0.010357871651649475, 0.008824589662253857, 0.008744845166802406, 0.008028404787182808, 0.009264390915632248, 0.007514484226703644, 0.013633550144731998, 0.014858094044029713, 0.00837249867618084, 0.014161071740090847, 0.010758979246020317, 0.010097158141434193, 0.010173151269555092, 0.007892820052802563, 0.013066383078694344, 0.007261993829160929, 0.007788202725350857, 0.010890253819525242, 0.008324611000716686, 0.024711713194847107, 0.009443474002182484, 0.008275593630969524, 0.008539635688066483, 0.01801455020904541, 0.007608599960803986, 0.009733514860272408, 0.009406276047229767, 0.008837617933750153, 0.010809239000082016, 0.008369460701942444, 0.020147256553173065, 0.010797178372740746, 0.017319876700639725]}