{"loss": 0.8838150501251221, "character_probs": [0.03206314146518707, 0.011271530762314796, 0.008442392572760582, 0.016057798638939857, 0.012978080660104752, 0.009597568772733212, 0.011768488213419914, 0.007881363853812218, 0.01160009577870369, 0.00957023911178112, 0.009273686446249485, 0.008259342983365059, 0.014986521564424038, 0.010162817314267159, 0.007197303231805563, 0.007683228701353073, 0.008282415568828583, 0.0072465012781322, 0.010215177200734615, 0.011049148626625538, 0.008081108331680298, 0.007193596567958593, 0.00863947719335556, 0.009155008010566235, 0.009435218758881092, 0.007509421557188034, 0.009976958855986595, 0.00703178346157074, 0.00725294416770339, 0.008368585258722305, 0.01069231703877449, 0.008475241251289845, 0.008511317893862724, 0.00960994977504015, 0.0081653892993927, 0.011141202412545681, 0.0075710187666118145, 0.008864137344062328, 0.008040892891585827, 0.008756104856729507, 0.0077028037048876286, 0.01566505804657936, 0.007408641744405031, 0.007461968809366226, 0.009333222173154354, 0.0071341064758598804, 0.010635614395141602, 0.007750810589641333, 0.008847024291753769, 0.008305410854518414, 0.007521658204495907, 0.010066932998597622, 0.008389750495553017, 0.00934135727584362, 0.00897966232150793, 0.00882837362587452, 0.010946616530418396, 0.009488213807344437, 0.00823347456753254, 0.0077690305188298225, 0.0139218894764781, 0.008036633022129536, 0.009107740595936775, 0.009300632402300835, 0.008381345309317112, 0.007963825017213821, 0.008973216637969017, 0.010320406407117844, 0.013481111265718937, 0.009344339370727539, 0.008067777380347252, 0.00845949538052082, 0.008187644183635712, 0.00750818382948637, 0.00884835422039032, 0.010582213290035725, 0.0109281986951828, 0.014696846716105938, 0.008212265558540821], "weapon_probs": [0.02761077880859375, 0.02361423522233963, 0.019574780017137527, 0.008670018054544926, 0.009783899411559105, 0.02534490078687668, 0.01006883755326271, 0.008337165229022503, 0.016647644340991974, 0.011869602836668491, 0.013106416910886765, 0.014409912750124931, 0.013958312571048737, 0.009872393682599068, 0.008123207837343216, 0.010180811397731304, 0.013805648311972618, 0.00816269963979721, 0.008513794280588627, 0.00833822600543499, 0.007479819469153881, 0.008475596085190773, 0.008443308062851429, 0.011125793680548668, 0.007160633336752653, 0.010075016878545284, 0.010274776257574558, 0.008916421793401241, 0.02279200777411461, 0.01353214681148529, 0.011875960975885391, 0.012914545834064484, 0.00974796712398529, 0.007867664098739624, 0.010391397401690483, 0.009816652163863182, 0.009262623265385628, 0.01274151261895895, 0.007704488933086395, 0.008886684663593769, 0.008284421637654305, 0.011076096445322037, 0.01420605182647705, 0.007332345936447382, 0.008365334942936897, 0.010070119984447956, 0.014452926814556122, 0.00950835645198822, 0.010091681964695454, 0.017156589776277542, 0.010495245456695557, 0.011462302878499031, 0.010346012189984322, 0.02203463204205036, 0.00981222465634346, 0.011229772120714188, 0.011248365044593811, 0.007787080015987158, 0.0085745919495821]}