{"loss": -0.14936354756355286, "character_probs": [0.015760023146867752, 0.020433181896805763, 0.012741850689053535, 0.013888608664274216, 0.011511752381920815, 0.009125476703047752, 0.015383129008114338, 0.008242434822022915, 0.007534182630479336, 0.012120109051465988, 0.01107354462146759, 0.011483293026685715, 0.00775919109582901, 0.008688727393746376, 0.012988723814487457, 0.007929427549242973, 0.010839840397238731, 0.010226240381598473, 0.012974996119737625, 0.008887523785233498, 0.007498267572373152, 0.0076242657378315926, 0.008244498632848263, 0.01193597074598074, 0.008661815896630287, 0.007538141682744026, 0.0076750959269702435, 0.01015795860439539, 0.008710852824151516, 0.007419098634272814, 0.008607075549662113, 0.007798349484801292, 0.009237928315997124, 0.00781833752989769, 0.010545274242758751, 0.00800168514251709, 0.010112056508660316, 0.008726038970053196, 0.008989914320409298, 0.007159125991165638, 0.007498347200453281, 0.009334661066532135, 0.007849091663956642, 0.007496812380850315, 0.0099526047706604, 0.009326350875198841, 0.00777391716837883, 0.008242224343121052, 0.008146323263645172, 0.008924636989831924, 0.009593604132533073, 0.0076383003033697605, 0.012095358222723007, 0.0110571114346385, 0.00785656739026308, 0.009346427395939827, 0.007454887498170137, 0.007359187118709087, 0.007234492339193821, 0.00725545221939683, 0.010157683864235878, 0.01994086429476738, 0.008399496786296368, 0.008099529892206192, 0.008818596601486206, 0.007570933550596237, 0.008559935726225376, 0.007563160266727209, 0.01799634099006653, 0.008227274753153324, 0.009375015273690224, 0.00864710845053196, 0.007584060542285442, 0.007402514573186636, 0.008621759712696075, 0.008888964541256428, 0.007474899757653475, 0.008574776351451874, 0.01159301120787859], "weapon_probs": [0.01171862706542015, 0.02724209800362587, 0.020510071888566017, 0.015911638736724854, 0.011643199250102043, 0.016166500747203827, 0.008731779642403126, 0.02757718786597252, 0.00921765249222517, 0.012323403730988503, 0.015144888311624527, 0.01037018746137619, 0.007595640607178211, 0.013342523947358131, 0.014164930209517479, 0.008018916472792625, 0.03529411554336548, 0.007694529369473457, 0.008528677746653557, 0.008392727002501488, 0.008136010728776455, 0.008195807226002216, 0.008524737320840359, 0.00903445016592741, 0.010158042423427105, 0.014008529484272003, 0.007969358935952187, 0.0073075005784630775, 0.007887356914579868, 0.008281954564154148, 0.010687722824513912, 0.010054504498839378, 0.008210203610360622, 0.009717827662825584, 0.00770916324108839, 0.008312072604894638, 0.01925000175833702, 0.00900476984679699, 0.007895024493336678, 0.008006193675100803, 0.010049641132354736, 0.008328613825142384, 0.007885850965976715, 0.011143958196043968, 0.01496959663927555, 0.015914522111415863, 0.00748474569991231, 0.007360175251960754, 0.010181999765336514, 0.010783379897475243, 0.00897684134542942, 0.009369119070470333, 0.010305715724825859, 0.007782442960888147, 0.00877288170158863, 0.01066590379923582, 0.010864526964724064, 0.009067188017070293, 0.010699789971113205]}