{"loss": 0.41583752632141113, "character_probs": [0.019445262849330902, 0.014957836829125881, 0.00914239976555109, 0.020273476839065552, 0.011181778274476528, 0.008897854015231133, 0.007965413853526115, 0.00913221575319767, 0.013015863485634327, 0.007649119012057781, 0.015509071759879589, 0.007364463526755571, 0.007726225536316633, 0.008762708865106106, 0.021280981600284576, 0.007435350213199854, 0.007496256846934557, 0.00892073567956686, 0.008712612092494965, 0.007354151923209429, 0.014527184888720512, 0.007945405319333076, 0.008468324318528175, 0.00765517121180892, 0.008523540571331978, 0.007969229482114315, 0.009709364734590054, 0.007517563179135323, 0.008494614623486996, 0.009951479732990265, 0.007687037345021963, 0.007405861746519804, 0.007287272252142429, 0.00811272207647562, 0.01016594935208559, 0.008148938417434692, 0.010120012797415257, 0.007247863803058863, 0.007680837064981461, 0.012134025804698467, 0.008617627434432507, 0.007731922902166843, 0.008405076339840889, 0.011535363271832466, 0.010646475479006767, 0.012039262801408768, 0.008400265127420425, 0.011094454675912857, 0.007578520569950342, 0.011108903214335442, 0.00733904866501689, 0.009773964062333107, 0.0076949275098741055, 0.007736237719655037, 0.011116597801446915, 0.00785127654671669, 0.008990762755274773, 0.00759577052667737, 0.008243352174758911, 0.008075090125203133, 0.00868594367057085, 0.009393539279699326, 0.009764902293682098, 0.008951682597398758, 0.010135325603187084, 0.01392050925642252, 0.008407036773860455, 0.009222205728292465, 0.010075187310576439, 0.01108371652662754, 0.014815288595855236, 0.007253470830619335, 0.008398509584367275, 0.007528035435825586, 0.007549628149718046, 0.013949224725365639, 0.00803526770323515, 0.010123636573553085, 0.00948514137417078], "weapon_probs": [0.03682054951786995, 0.016242701560258865, 0.020088795572519302, 0.014843090437352657, 0.013421335257589817, 0.0155188525095582, 0.008358452469110489, 0.01867847889661789, 0.01603008061647415, 0.008280476555228233, 0.013921692967414856, 0.01331382431089878, 0.01496105920523405, 0.008913977071642876, 0.008453764021396637, 0.008127806708216667, 0.007586240768432617, 0.008024651557207108, 0.008067547343671322, 0.008977093733847141, 0.009306887164711952, 0.017593009397387505, 0.008654484525322914, 0.009602297097444534, 0.013847283087670803, 0.00903541874140501, 0.008851524442434311, 0.007970384322106838, 0.008535565808415413, 0.009779328480362892, 0.00855663325637579, 0.008388908579945564, 0.007229697424918413, 0.010669036768376827, 0.00981185957789421, 0.010780228301882744, 0.007537500467151403, 0.008182866498827934, 0.008144932799041271, 0.021199975162744522, 0.008004306815564632, 0.011475624516606331, 0.01021232083439827, 0.011396892368793488, 0.011578574776649475, 0.01203177310526371, 0.012370566837489605, 0.018168291077017784, 0.008420949801802635, 0.013584078289568424, 0.008620664477348328, 0.012559501454234123, 0.011488515883684158, 0.01158105581998825, 0.00942170713096857, 0.009173694998025894, 0.013079814612865448, 0.012800568714737892, 0.007337688468396664]}