{"loss": 0.5106363296508789, "character_probs": [0.03477099537849426, 0.008299589157104492, 0.014514070935547352, 0.013304823078215122, 0.007784110028296709, 0.012123284861445427, 0.010499468073248863, 0.00778539851307869, 0.014149775728583336, 0.009598667733371258, 0.010026156902313232, 0.012241797521710396, 0.009693157859146595, 0.011049874126911163, 0.011313244700431824, 0.007471083197742701, 0.008159011602401733, 0.008056513965129852, 0.007650525309145451, 0.009083099663257599, 0.007999932393431664, 0.007891055196523666, 0.0076821669936180115, 0.008662840351462364, 0.007716105319559574, 0.008309358730912209, 0.012940702959895134, 0.007945246063172817, 0.0074508218094706535, 0.0075347209349274635, 0.009933150373399258, 0.010214188136160374, 0.0073410579934716225, 0.008884865790605545, 0.008006125688552856, 0.00736226374283433, 0.008306224830448627, 0.008863359689712524, 0.007502113934606314, 0.010394589975476265, 0.009988533332943916, 0.007326012477278709, 0.008232186548411846, 0.00764234084635973, 0.00795302726328373, 0.009201349690556526, 0.010655488818883896, 0.008328976109623909, 0.008551112376153469, 0.007775319740176201, 0.008453689515590668, 0.00800328515470028, 0.009421838447451591, 0.007300110999494791, 0.007166875060647726, 0.014983266592025757, 0.010005943477153778, 0.008207901380956173, 0.008606537245213985, 0.007549735251814127, 0.016700126230716705, 0.008511869236826897, 0.009453445672988892, 0.007623668294399977, 0.0078201899304986, 0.0075534931384027, 0.008926133625209332, 0.013821450062096119, 0.007503644563257694, 0.007792424876242876, 0.010780460201203823, 0.007804275490343571, 0.010434608906507492, 0.00834974180907011, 0.009782977402210236, 0.011394821107387543, 0.009580191224813461, 0.007903356105089188, 0.008169015869498253], "weapon_probs": [0.05300012230873108, 0.010808633640408516, 0.022820252925157547, 0.012169004417955875, 0.010901841334998608, 0.019446494057774544, 0.012828485108911991, 0.007473403122276068, 0.007790548726916313, 0.011674231849610806, 0.010020570829510689, 0.013833167031407356, 0.009294617921113968, 0.011859973892569542, 0.008455930277705193, 0.00920746847987175, 0.007982581853866577, 0.00771557679399848, 0.007632643915712833, 0.008631646633148193, 0.014895687811076641, 0.007507717702537775, 0.010089562274515629, 0.007881027646362782, 0.011662165634334087, 0.012278826907277107, 0.011692821979522705, 0.01015046238899231, 0.008040366694331169, 0.007137572858482599, 0.008341007865965366, 0.007961953990161419, 0.020104173570871353, 0.007548871915787458, 0.009403777308762074, 0.0074506038799881935, 0.007963678799569607, 0.009197104722261429, 0.011022469028830528, 0.014901595190167427, 0.0093851238489151, 0.018438277766108513, 0.012293852865695953, 0.01033710315823555, 0.00907908845692873, 0.010858316905796528, 0.007743956055492163, 0.009115020744502544, 0.00752684660255909, 0.009811555035412312, 0.02983418107032776, 0.010102592408657074, 0.00949731096625328, 0.007112355437129736, 0.007995185442268848, 0.010285849682986736, 0.009634322486817837, 0.02380797639489174, 0.00955253653228283]}