{"loss": 0.691047191619873, "character_probs": [0.014798259362578392, 0.020865246653556824, 0.014019126072525978, 0.009170528501272202, 0.01670794188976288, 0.011754577979445457, 0.00872897170484066, 0.008449660614132881, 0.018909163773059845, 0.009290956892073154, 0.00839261244982481, 0.008224590681493282, 0.008207780309021473, 0.011290935799479485, 0.007614509202539921, 0.00972780492156744, 0.007524571847170591, 0.011923125013709068, 0.00799806322902441, 0.007921638898551464, 0.00804459024220705, 0.008612647652626038, 0.009284977801144123, 0.011447731405496597, 0.008782677352428436, 0.013858538120985031, 0.007920610718429089, 0.009953342378139496, 0.008282202295958996, 0.008245628327131271, 0.0074540311470627785, 0.007624106481671333, 0.007970527745783329, 0.009839870035648346, 0.007606680504977703, 0.007615074981004, 0.00715224863961339, 0.0074034580029547215, 0.011743859387934208, 0.007618907373398542, 0.00863499566912651, 0.008303090929985046, 0.011705880053341389, 0.0072644734755158424, 0.011591688729822636, 0.007195118814706802, 0.007910816930234432, 0.013019782491028309, 0.007844743318855762, 0.007645345292985439, 0.008431852795183659, 0.007225323002785444, 0.007313231937587261, 0.014904567040503025, 0.007186506874859333, 0.009923632256686687, 0.01370818167924881, 0.011213492602109909, 0.007833774201571941, 0.010223595425486565, 0.007697232533246279, 0.007484025787562132, 0.0077681755647063255, 0.008335464634001255, 0.008478852920234203, 0.008194462396204472, 0.008125241845846176, 0.010323806665837765, 0.008669068105518818, 0.013439500704407692, 0.00862545520067215, 0.008735439740121365, 0.0074413372203707695, 0.01887872815132141, 0.01071416586637497, 0.009279875084757805, 0.01616104692220688, 0.007913717068731785, 0.012253394350409508], "weapon_probs": [0.028619468212127686, 0.015624106861650944, 0.014231577515602112, 0.015430193394422531, 0.010806189849972725, 0.023056719452142715, 0.023420684039592743, 0.00808274932205677, 0.010985305532813072, 0.008908413350582123, 0.023281224071979523, 0.01163463108241558, 0.008135728538036346, 0.008672202937304974, 0.011060867458581924, 0.021438077092170715, 0.007653273642063141, 0.009159971959888935, 0.010840053670108318, 0.01403053104877472, 0.008103013969957829, 0.01011444628238678, 0.008639818988740444, 0.00814143382012844, 0.010828744620084763, 0.00897704903036356, 0.007271964102983475, 0.007469309493899345, 0.008143027313053608, 0.00874489638954401, 0.008407880552113056, 0.008662459440529346, 0.012003295123577118, 0.00957037229090929, 0.01028569508343935, 0.016021884977817535, 0.007981115952134132, 0.009622644633054733, 0.009982419200241566, 0.010778282769024372, 0.010701321065425873, 0.008435357362031937, 0.009520135819911957, 0.007706791162490845, 0.013521969318389893, 0.008215333335101604, 0.014169457368552685, 0.015056731179356575, 0.011344177648425102, 0.01980826072394848, 0.010367831215262413, 0.008430593647062778, 0.009506055153906345, 0.007952779531478882, 0.013947311788797379, 0.007418226450681686, 0.011792540550231934, 0.013564260676503181, 0.011320846155285835]}