{"loss": 0.9684587121009827, "character_probs": [0.019318342208862305, 0.016661155968904495, 0.014869878999888897, 0.011558424681425095, 0.009813048876821995, 0.009152230806648731, 0.0106734000146389, 0.008366321213543415, 0.007766101509332657, 0.018007956445217133, 0.011603845283389091, 0.014239592477679253, 0.0071718571707606316, 0.013467077165842056, 0.007258714642375708, 0.007881741039454937, 0.008218914270401001, 0.011544426903128624, 0.007839721627533436, 0.010176926851272583, 0.009625833481550217, 0.008361324667930603, 0.010985863395035267, 0.0073424214497208595, 0.007520781364291906, 0.007828911766409874, 0.007588165812194347, 0.008811509236693382, 0.008865649811923504, 0.008292675949633121, 0.007866580039262772, 0.007406024727970362, 0.009749779477715492, 0.008449973538517952, 0.00907703023403883, 0.008129909634590149, 0.012812705710530281, 0.009840856306254864, 0.007847851142287254, 0.00987295527011156, 0.007996642030775547, 0.008901127614080906, 0.008111639879643917, 0.008106623776257038, 0.00822935625910759, 0.007347945123910904, 0.010744818486273289, 0.011731557548046112, 0.013383375480771065, 0.007654687389731407, 0.007340770680457354, 0.008392175659537315, 0.008263790048658848, 0.013784892857074738, 0.009014395996928215, 0.008656758815050125, 0.007472569588571787, 0.011599461548030376, 0.011173074133694172, 0.007590508088469505, 0.007516844198107719, 0.01312178373336792, 0.007309476379305124, 0.00751422019675374, 0.00961860828101635, 0.0073145306669175625, 0.009212842211127281, 0.01120644249022007, 0.008037426508963108, 0.010904927738010883, 0.00857602246105671, 0.009450729936361313, 0.007268702145665884, 0.008986744098365307, 0.00827853474766016, 0.00826404057443142, 0.00932985544204712, 0.007618231698870659, 0.0074417549185454845], "weapon_probs": [0.04219545051455498, 0.016241755336523056, 0.016154497861862183, 0.014535007998347282, 0.011932704597711563, 0.016018476337194443, 0.008700374513864517, 0.013495477847754955, 0.008217910304665565, 0.00898070354014635, 0.00932353362441063, 0.009809644892811775, 0.01497732475399971, 0.011582799255847931, 0.010485421866178513, 0.013798459433019161, 0.030109085142612457, 0.009666779078543186, 0.008983185514807701, 0.010186221450567245, 0.008088983595371246, 0.008500752970576286, 0.007993236184120178, 0.008266991004347801, 0.0077079664915800095, 0.008528964594006538, 0.01221475936472416, 0.008815162815153599, 0.008486369624733925, 0.009533664211630821, 0.009072045795619488, 0.007400532718747854, 0.010793120600283146, 0.010294277220964432, 0.016460169106721878, 0.011849318630993366, 0.0086855199187994, 0.01294070016592741, 0.008290054276585579, 0.008127397857606411, 0.008076366037130356, 0.009196671657264233, 0.015776969492435455, 0.00843846332281828, 0.009944895282387733, 0.008355781435966492, 0.012998290359973907, 0.012756066396832466, 0.007857133634388447, 0.009905312210321426, 0.009087711572647095, 0.01350413914769888, 0.01296505331993103, 0.007693214807659388, 0.009418632835149765, 0.00805975403636694, 0.011768298223614693, 0.009435154497623444, 0.018769556656479836]}