{"loss": -0.9427554607391357, "character_probs": [0.011033779010176659, 0.020196277648210526, 0.012228352017700672, 0.020231124013662338, 0.013660206459462643, 0.008183689787983894, 0.009223755449056625, 0.012439124286174774, 0.01121984887868166, 0.00932974461466074, 0.008690907619893551, 0.009561925195157528, 0.008427777327597141, 0.009925639256834984, 0.011260841973125935, 0.008359873667359352, 0.009445381350815296, 0.011002183891832829, 0.007477522827684879, 0.01527382805943489, 0.00765047874301672, 0.007348337210714817, 0.013099810108542442, 0.009976252913475037, 0.0077017368748784065, 0.007325568236410618, 0.009778587147593498, 0.007821857929229736, 0.011264237575232983, 0.008034871891140938, 0.007551656104624271, 0.00792456790804863, 0.008133169263601303, 0.008012733422219753, 0.010690981522202492, 0.00755566218867898, 0.007474038749933243, 0.008608799427747726, 0.008962024003267288, 0.009417210705578327, 0.008579269051551819, 0.008150051347911358, 0.00941349845379591, 0.008109955117106438, 0.007781741209328175, 0.009581726044416428, 0.009266000241041183, 0.00928677711635828, 0.00789057370275259, 0.008884227834641933, 0.00938891340047121, 0.010337501764297485, 0.008139175362884998, 0.009662600234150887, 0.013747548684477806, 0.007612189278006554, 0.008441206999123096, 0.008753716945648193, 0.007968956604599953, 0.00952573586255312, 0.009390409104526043, 0.008654269389808178, 0.008984021842479706, 0.011907640844583511, 0.00926150567829609, 0.007986272685229778, 0.007283657789230347, 0.007486950606107712, 0.008027724921703339, 0.008573492057621479, 0.01354149915277958, 0.007299266755580902, 0.008543698117136955, 0.010951217263936996, 0.022323105484247208, 0.007770484313368797, 0.012587599456310272, 0.015430380590260029, 0.008079306222498417], "weapon_probs": [0.01853599026799202, 0.02572188526391983, 0.03353472799062729, 0.01088104397058487, 0.021540328860282898, 0.010041131637990475, 0.025360222905874252, 0.008509412407875061, 0.007285822182893753, 0.007879749871790409, 0.010264101438224316, 0.009967891499400139, 0.009494740515947342, 0.012285555712878704, 0.010051250457763672, 0.007806533947587013, 0.010578596964478493, 0.00788741186261177, 0.008908869698643684, 0.00916948914527893, 0.009103992953896523, 0.009017648175358772, 0.008952165953814983, 0.007668137550354004, 0.009582371450960636, 0.008387603797018528, 0.008146792650222778, 0.019016284495592117, 0.012799512594938278, 0.013870470225811005, 0.01130648609250784, 0.01140543818473816, 0.009861396625638008, 0.009353116154670715, 0.00939624011516571, 0.01622104085981846, 0.007761409971863031, 0.017341818660497665, 0.008559423498809338, 0.012858642265200615, 0.007342779543250799, 0.0077249230816960335, 0.0087610874325037, 0.014318767003715038, 0.009631196036934853, 0.008034911006689072, 0.00845684576779604, 0.0076037803664803505, 0.011048650369048119, 0.008331924676895142, 0.011713007465004921, 0.01519653107970953, 0.02022193744778633, 0.008845631033182144, 0.01349729299545288, 0.011698968708515167, 0.014720999635756016, 0.010700950399041176, 0.017855435609817505]}