{"loss": -0.9938517212867737, "character_probs": [0.021647006273269653, 0.014680081978440285, 0.014267846941947937, 0.009815779514610767, 0.016873111948370934, 0.012720591388642788, 0.012161370366811752, 0.00821777991950512, 0.01051328144967556, 0.008386068977415562, 0.007928689941763878, 0.008048475719988346, 0.01101810485124588, 0.007358547765761614, 0.009488029405474663, 0.011493487283587456, 0.00947614386677742, 0.007154388818889856, 0.010012159124016762, 0.008084466680884361, 0.008327588438987732, 0.01045891921967268, 0.008144000545144081, 0.01376943290233612, 0.007431784179061651, 0.008925436064600945, 0.009152425453066826, 0.01018885150551796, 0.007148211356252432, 0.007498893886804581, 0.011660661548376083, 0.0074058882892131805, 0.009245936758816242, 0.009810062125325203, 0.007526353467255831, 0.009193971753120422, 0.010333320125937462, 0.010285267606377602, 0.009194782003760338, 0.008410774171352386, 0.00868434552103281, 0.009776623919606209, 0.008314522914588451, 0.007585098035633564, 0.007828516885638237, 0.00825970247387886, 0.009600324556231499, 0.010267042554914951, 0.010611303150653839, 0.007974039763212204, 0.007558724842965603, 0.007678097579628229, 0.009739363566040993, 0.008576284162700176, 0.007251379080116749, 0.007481064181774855, 0.009531314484775066, 0.007609485182911158, 0.007572575006633997, 0.010326172225177288, 0.017703063786029816, 0.008196946233510971, 0.007585051003843546, 0.013369650579988956, 0.011172782629728317, 0.007898952811956406, 0.008601400069892406, 0.007983427494764328, 0.008227975107729435, 0.010851360857486725, 0.009717639535665512, 0.018079552799463272, 0.00864514522254467, 0.0077399020083248615, 0.008327777497470379, 0.0075590102933347225, 0.009637780487537384, 0.009528256952762604, 0.007521722465753555], "weapon_probs": [0.017171017825603485, 0.023028023540973663, 0.0146307572722435, 0.03361514210700989, 0.009031091816723347, 0.007738065905869007, 0.02107219398021698, 0.01284726895391941, 0.012995894998311996, 0.010452326387166977, 0.008262235671281815, 0.018392691388726234, 0.009069250896573067, 0.008689392358064651, 0.01254756934940815, 0.00931641086935997, 0.013559436425566673, 0.009968511760234833, 0.012186484411358833, 0.009138811379671097, 0.008297882974147797, 0.008616851642727852, 0.016081657260656357, 0.01111215353012085, 0.009949170053005219, 0.01107197254896164, 0.007325098384171724, 0.008281558752059937, 0.009152969345450401, 0.01117254700511694, 0.008330099284648895, 0.009497489780187607, 0.007877407595515251, 0.00998744834214449, 0.010455263778567314, 0.013427846133708954, 0.007575476076453924, 0.008772751316428185, 0.009737742133438587, 0.014551406726241112, 0.010263124480843544, 0.010960839688777924, 0.008864891715347767, 0.008120158687233925, 0.00823278073221445, 0.008137926459312439, 0.019246390089392662, 0.019350267946720123, 0.021956346929073334, 0.008962182328104973, 0.008193064481019974, 0.008157954551279545, 0.021777210757136345, 0.01812666654586792, 0.0072197443805634975, 0.011150308884680271, 0.007755207363516092, 0.008747672662138939, 0.008992440067231655]}