{"loss": 0.9158665537834167, "character_probs": [0.03378470614552498, 0.011922655627131462, 0.011060778051614761, 0.012842905707657337, 0.00872007291764021, 0.011354425922036171, 0.00884916726499796, 0.008289650082588196, 0.00866096280515194, 0.009591232053935528, 0.011665089055895805, 0.008401095867156982, 0.008195256814360619, 0.012086383998394012, 0.0096672922372818, 0.0095403753221035, 0.008235749788582325, 0.008475621230900288, 0.01152956672012806, 0.007930398918688297, 0.008124619722366333, 0.007433476857841015, 0.007670882157981396, 0.012706466019153595, 0.008921103551983833, 0.013968933373689651, 0.00741644948720932, 0.008001179434359074, 0.011823362670838833, 0.007413316052407026, 0.00963555183261633, 0.010119808837771416, 0.007513333577662706, 0.014366385526955128, 0.007252297829836607, 0.008567743934690952, 0.007837909273803234, 0.008318905718624592, 0.008924727328121662, 0.009236855432391167, 0.007975593209266663, 0.007976652123034, 0.007560273632407188, 0.007710609119385481, 0.007256959564983845, 0.008843635208904743, 0.007338142022490501, 0.007297733332961798, 0.00823206827044487, 0.009458131156861782, 0.007444328628480434, 0.007573686074465513, 0.007745540700852871, 0.012470368295907974, 0.016273237764835358, 0.010683086700737476, 0.007654477842152119, 0.010439316742122173, 0.0077404784969985485, 0.009374473243951797, 0.00808077584952116, 0.007415848784148693, 0.009795553050935268, 0.010338573716580868, 0.009472168050706387, 0.008539758622646332, 0.008418557234108448, 0.009882137179374695, 0.00784896221011877, 0.00862813275307417, 0.007716656196862459, 0.007456952705979347, 0.007471106015145779, 0.009075358510017395, 0.013255760073661804, 0.014355428516864777, 0.017652321606874466, 0.009527990594506264, 0.009505708701908588], "weapon_probs": [0.01291270088404417, 0.012065846472978592, 0.020353414118289948, 0.024391040205955505, 0.01901259832084179, 0.01942932978272438, 0.012990654446184635, 0.0185154527425766, 0.007652211003005505, 0.01400725170969963, 0.01727457344532013, 0.011931706219911575, 0.008383730426430702, 0.009348330087959766, 0.01595250889658928, 0.014368783682584763, 0.007727369666099548, 0.007608144078403711, 0.007760610431432724, 0.009985084645450115, 0.013516023755073547, 0.008032877929508686, 0.009334475733339787, 0.013764606788754463, 0.007290826644748449, 0.0072392369620501995, 0.014117121696472168, 0.014879665337502956, 0.0102235684171319, 0.00883239321410656, 0.009006140753626823, 0.010417405515909195, 0.009384587407112122, 0.011090840213000774, 0.009928740561008453, 0.008680207654833794, 0.01563217118382454, 0.013758664950728416, 0.008489026688039303, 0.00824740994721651, 0.008580380119383335, 0.013623811304569244, 0.01146643329411745, 0.011792078614234924, 0.012189462780952454, 0.0093800975009799, 0.007393903099000454, 0.008119630627334118, 0.00898960791528225, 0.009688269346952438, 0.008622975088655949, 0.013539271429181099, 0.009680576622486115, 0.011949079111218452, 0.008011245168745518, 0.030767317861318588, 0.014504730701446533, 0.008753358386456966, 0.011063561774790287]}