{"loss": -0.7201061248779297, "character_probs": [0.009638584218919277, 0.012054754421114922, 0.02379469946026802, 0.011367878876626492, 0.014947164803743362, 0.008659406565129757, 0.008796514011919498, 0.0175460334867239, 0.009346244856715202, 0.007460455875843763, 0.020740356296300888, 0.007930008694529533, 0.007775041740387678, 0.00951341912150383, 0.009573893621563911, 0.009941266849637032, 0.007624733727425337, 0.010599656961858273, 0.007961390540003777, 0.007915260270237923, 0.009209989570081234, 0.007436351850628853, 0.008680407889187336, 0.007714724168181419, 0.008474592119455338, 0.009237516671419144, 0.009087319485843182, 0.008062432520091534, 0.009707608260214329, 0.00837584026157856, 0.007936698384582996, 0.009009427390992641, 0.007737619802355766, 0.00757518969476223, 0.008007118478417397, 0.00826963596045971, 0.0074039027094841, 0.008438748307526112, 0.007466547191143036, 0.009588804095983505, 0.009001223370432854, 0.009213654324412346, 0.007137429900467396, 0.008361965417861938, 0.019399328157305717, 0.009190897457301617, 0.008766205981373787, 0.01327124610543251, 0.0077585321851074696, 0.009396699257194996, 0.007952870801091194, 0.01631939969956875, 0.007907923310995102, 0.010171373374760151, 0.018459150567650795, 0.008318292908370495, 0.007227964233607054, 0.007556779310107231, 0.008445877581834793, 0.007391741499304771, 0.009167160838842392, 0.007298305630683899, 0.007747158408164978, 0.014247715473175049, 0.007618679665029049, 0.008264862932264805, 0.00874034408479929, 0.010938655585050583, 0.007643173914402723, 0.011924004182219505, 0.008473485708236694, 0.01031529251486063, 0.008945990353822708, 0.01065995916724205, 0.007268906105309725, 0.0076817600056529045, 0.010531913489103317, 0.008388122543692589, 0.01423814706504345], "weapon_probs": [0.01666015386581421, 0.012272891588509083, 0.02830963209271431, 0.032631438225507736, 0.008203552104532719, 0.010090852156281471, 0.011274468153715134, 0.015560423955321312, 0.00848874170333147, 0.014211609959602356, 0.021752899512648582, 0.017838869243860245, 0.00989172700792551, 0.008320668712258339, 0.013086195103824139, 0.010191801935434341, 0.009254205971956253, 0.010838549584150314, 0.009522270411252975, 0.007819884456694126, 0.009024448692798615, 0.008254642598330975, 0.00917020719498396, 0.008034746162593365, 0.008707224391400814, 0.008459320291876793, 0.00975830852985382, 0.011680717580020428, 0.009036790579557419, 0.007106778211891651, 0.010911902412772179, 0.007802645210176706, 0.00807094480842352, 0.010532587766647339, 0.013884589076042175, 0.019687846302986145, 0.02105732262134552, 0.008901003748178482, 0.010960323736071587, 0.007631408516317606, 0.007492562290281057, 0.008217553608119488, 0.007684887852519751, 0.009468640200793743, 0.008251847699284554, 0.00979726854711771, 0.009098739363253117, 0.008379596285521984, 0.008855599910020828, 0.009988216683268547, 0.01966022700071335, 0.031134668737649918, 0.01057941373437643, 0.012751208618283272, 0.021482493728399277, 0.0077275861985981464, 0.010290417820215225, 0.010229614563286304, 0.022844761610031128]}