{"loss": -0.8119655251502991, "character_probs": [0.012180635705590248, 0.010789481922984123, 0.01948937214910984, 0.022409062832593918, 0.01207105815410614, 0.008218883536756039, 0.008095216006040573, 0.016729945316910744, 0.008114426396787167, 0.014204049482941628, 0.00938562024384737, 0.009693499654531479, 0.01056409627199173, 0.007770590018481016, 0.009941556490957737, 0.009406580589711666, 0.008279363624751568, 0.007357515394687653, 0.009816157631576061, 0.008357156999409199, 0.013558262027800083, 0.007722062058746815, 0.0076652634888887405, 0.007858931086957455, 0.007203172892332077, 0.007709053810685873, 0.00926888082176447, 0.010109225288033485, 0.0077512916177511215, 0.009876609779894352, 0.007659560069441795, 0.008584411814808846, 0.008889058604836464, 0.00884447805583477, 0.007431842386722565, 0.007298963610082865, 0.008784765377640724, 0.00824075099080801, 0.007604267448186874, 0.007864395156502724, 0.0074253869242966175, 0.008807391859591007, 0.008639505133032799, 0.00808960571885109, 0.011484392918646336, 0.00823966320604086, 0.008721311576664448, 0.008109040558338165, 0.00814139936119318, 0.007374031934887171, 0.015797413885593414, 0.015497353859245777, 0.008366873487830162, 0.00823711697012186, 0.009585774503648281, 0.008638447150588036, 0.008549356833100319, 0.012547286227345467, 0.011121472343802452, 0.013745206408202648, 0.007963646203279495, 0.009469098411500454, 0.010880406945943832, 0.00955274235457182, 0.010137228295207024, 0.011038028635084629, 0.009221017360687256, 0.009865429252386093, 0.008516685105860233, 0.010351978242397308, 0.010820128954946995, 0.010739421471953392, 0.011576997116208076, 0.008149794302880764, 0.010676057077944279, 0.007441067602485418, 0.007429306395351887, 0.01076382864266634, 0.009767088107764721], "weapon_probs": [0.03778591379523277, 0.016287896782159805, 0.011621740646660328, 0.014390520751476288, 0.008835534565150738, 0.01384085975587368, 0.015341985039412975, 0.01119480561465025, 0.03438488766551018, 0.010602605529129505, 0.011730412021279335, 0.010602358728647232, 0.012323955073952675, 0.007844164967536926, 0.0073352111503481865, 0.008669001050293446, 0.011090964078903198, 0.012566747143864632, 0.008551162667572498, 0.0076154181733727455, 0.008272971026599407, 0.008963772095739841, 0.009090635925531387, 0.00974153820425272, 0.009942513890564442, 0.007954470813274384, 0.007885171100497246, 0.007849955931305885, 0.01770419254899025, 0.01149161159992218, 0.009223121218383312, 0.008469872176647186, 0.007641340605914593, 0.010161513462662697, 0.014644671231508255, 0.015780314803123474, 0.008878209628164768, 0.008893683552742004, 0.016735777258872986, 0.007860466837882996, 0.013219148851931095, 0.007268619257956743, 0.011320994235575199, 0.009913388639688492, 0.007999926805496216, 0.01460452750325203, 0.007991980761289597, 0.012414352968335152, 0.009163938462734222, 0.01373381819576025, 0.007454761769622564, 0.01565590128302574, 0.015545238740742207, 0.008250368759036064, 0.01079597044736147, 0.00911287683993578, 0.011350175365805626, 0.015097430907189846, 0.013071502558887005]}