{"loss": 0.8553187847137451, "character_probs": [0.017012882977724075, 0.012624087743461132, 0.014832648448646069, 0.021853916347026825, 0.013387460261583328, 0.0102227833122015, 0.00801357813179493, 0.009653653018176556, 0.008178516291081905, 0.007994470186531544, 0.00872343871742487, 0.008810769766569138, 0.010570498183369637, 0.01137501746416092, 0.010361259803175926, 0.011559137143194675, 0.007274605333805084, 0.00916866585612297, 0.00821000151336193, 0.008109305053949356, 0.011927762068808079, 0.009242614731192589, 0.009304197505116463, 0.008335117250680923, 0.011733870021998882, 0.008362197317183018, 0.011296057142317295, 0.008806411176919937, 0.008178388699889183, 0.010079776868224144, 0.007732932921499014, 0.010759487748146057, 0.007765898481011391, 0.007902098819613457, 0.008242281153798103, 0.007963942363858223, 0.008310536853969097, 0.007219952531158924, 0.008440297096967697, 0.007772372104227543, 0.01127400528639555, 0.007683142088353634, 0.011204559355974197, 0.008749300613999367, 0.009290099143981934, 0.011307230219244957, 0.009705650620162487, 0.007830209098756313, 0.00756055535748601, 0.008285006508231163, 0.008243522606790066, 0.010557929053902626, 0.010764765553176403, 0.015594549477100372, 0.008722110651433468, 0.007661378011107445, 0.008661524392664433, 0.007341581396758556, 0.007300740107893944, 0.0077843088656663895, 0.009217134676873684, 0.014673510566353798, 0.007423694711178541, 0.01082057598978281, 0.008617245592176914, 0.007708852179348469, 0.007609530817717314, 0.008553639054298401, 0.009077878668904305, 0.007495731581002474, 0.010629255324602127, 0.010661845095455647, 0.008729360066354275, 0.012626253068447113, 0.0076398043893277645, 0.014061588793992996, 0.009143001399934292, 0.017933839932084084, 0.00916308630257845], "weapon_probs": [0.03250842168927193, 0.019555211067199707, 0.015507977455854416, 0.012671669945120811, 0.01126946322619915, 0.03596024960279465, 0.010147630237042904, 0.013942420482635498, 0.007795677985996008, 0.01056498009711504, 0.010496336966753006, 0.008637551218271255, 0.014073480851948261, 0.01545281894505024, 0.0085400165989995, 0.008574814535677433, 0.010080201551318169, 0.008577421307563782, 0.01012430340051651, 0.016152624040842056, 0.008339671418070793, 0.01825658604502678, 0.00931425392627716, 0.00896296463906765, 0.008918740786612034, 0.007642270065844059, 0.008458033204078674, 0.00857426505535841, 0.009197011590003967, 0.0074147111736238, 0.008769658394157887, 0.012479469180107117, 0.007905390113592148, 0.008591231890022755, 0.007785515394061804, 0.008350932970643044, 0.009268470108509064, 0.007797869388014078, 0.015367559157311916, 0.007772292010486126, 0.012604676187038422, 0.008123972453176975, 0.007880914025008678, 0.00760476291179657, 0.00833370815962553, 0.008475988171994686, 0.010561920702457428, 0.014972327277064323, 0.013053547590970993, 0.020564502105116844, 0.00826472882181406, 0.008194823749363422, 0.012567272409796715, 0.011418161913752556, 0.012203250080347061, 0.010932150296866894, 0.008455274626612663, 0.012510208413004875, 0.02361489087343216]}