{"loss": -0.3112638294696808, "character_probs": [0.027518093585968018, 0.009752869606018066, 0.0088748037815094, 0.010260089300572872, 0.013834379613399506, 0.0166684091091156, 0.007211738266050816, 0.009785276837646961, 0.01716175302863121, 0.009445980191230774, 0.008325668051838875, 0.007189455442130566, 0.010756773874163628, 0.012289455160498619, 0.008331767283380032, 0.009269406087696552, 0.010920398868620396, 0.009374056942760944, 0.010894683189690113, 0.009216979146003723, 0.0076431771740317345, 0.007636519614607096, 0.008684523403644562, 0.008036594837903976, 0.009180380962789059, 0.008888683281838894, 0.009752435609698296, 0.0075828987173736095, 0.008424957282841206, 0.015745043754577637, 0.00714254891499877, 0.007348496932536364, 0.007485261652618647, 0.008059296756982803, 0.007527609821408987, 0.007117473985999823, 0.009472272358834743, 0.0076681035570800304, 0.011869868263602257, 0.008276973851025105, 0.007656319532543421, 0.010766617022454739, 0.007622942328453064, 0.0076569607481360435, 0.009440560825169086, 0.007225662469863892, 0.007598718628287315, 0.011953515000641346, 0.011470766738057137, 0.007421648595482111, 0.008555356413125992, 0.008320813067257404, 0.009417681954801083, 0.008482348173856735, 0.009162708185613155, 0.007197204977273941, 0.0071647884324193, 0.007426965981721878, 0.01979910023510456, 0.007625479716807604, 0.0077532315626740456, 0.00720421364530921, 0.011799606494605541, 0.007685631513595581, 0.01242175605148077, 0.010044852271676064, 0.009789916686713696, 0.010016411542892456, 0.007700575049966574, 0.010122401639819145, 0.008004847913980484, 0.008667725138366222, 0.009839491918683052, 0.010275314562022686, 0.012342877686023712, 0.012838901951909065, 0.007365785539150238, 0.013482545502483845, 0.00924605131149292], "weapon_probs": [0.01391516998410225, 0.019693709909915924, 0.018361549824476242, 0.010384198278188705, 0.03019166737794876, 0.009582292288541794, 0.020718233659863472, 0.013872123323380947, 0.007958795875310898, 0.010140819475054741, 0.028891541063785553, 0.012443864718079567, 0.008880880661308765, 0.008859104476869106, 0.012708889320492744, 0.008048348128795624, 0.008110973052680492, 0.008308752439916134, 0.007711481768637896, 0.009114349260926247, 0.00958450697362423, 0.011707750149071217, 0.008350096642971039, 0.01053420640528202, 0.009671024978160858, 0.009364048019051552, 0.007663645315915346, 0.00778434332460165, 0.01789846271276474, 0.01083684153854847, 0.010239815339446068, 0.009451638907194138, 0.010116777382791042, 0.016125116497278214, 0.00826694630086422, 0.009533719159662724, 0.009359048679471016, 0.01042865589261055, 0.00774475559592247, 0.007606757804751396, 0.009524520486593246, 0.00871764961630106, 0.018324457108974457, 0.007412209175527096, 0.014142535626888275, 0.010244808159768581, 0.01892624795436859, 0.008034451864659786, 0.0129640968516469, 0.026996050029993057, 0.011343435384333134, 0.011533929035067558, 0.008395751006901264, 0.023302409797906876, 0.013649977743625641, 0.008697413839399815, 0.019328780472278595, 0.019960738718509674, 0.011105133220553398]}