{"loss": 0.2750319838523865, "character_probs": [0.014821832999587059, 0.00998477078974247, 0.014937476254999638, 0.00992925837635994, 0.01575174555182457, 0.011338140815496445, 0.014385810121893883, 0.01718556322157383, 0.008053412660956383, 0.008251850493252277, 0.010539667680859566, 0.013947464525699615, 0.013588949106633663, 0.008572090417146683, 0.007620855234563351, 0.008592664264142513, 0.010383831337094307, 0.009567566215991974, 0.008239063434302807, 0.007322252262383699, 0.007397136650979519, 0.008452298119664192, 0.007735817227512598, 0.009302141144871712, 0.00890117697417736, 0.007231296040117741, 0.01312289759516716, 0.007218912243843079, 0.009331241250038147, 0.009420249611139297, 0.007433714345097542, 0.012056710198521614, 0.007379094138741493, 0.00955713540315628, 0.0071847103536129, 0.008175095543265343, 0.0085909990593791, 0.009608620777726173, 0.013776088133454323, 0.008033491671085358, 0.009477140381932259, 0.007453544531017542, 0.007625933736562729, 0.007631247863173485, 0.010018842294812202, 0.00779949314892292, 0.00981687568128109, 0.007698189001530409, 0.007665939629077911, 0.00799562782049179, 0.007791252341121435, 0.018613845109939575, 0.007694955915212631, 0.01198515109717846, 0.007676430977880955, 0.007354178000241518, 0.009199877269566059, 0.011571628972887993, 0.009252266958355904, 0.014594323001801968, 0.0076635368168354034, 0.007515365723520517, 0.011762640438973904, 0.008369483053684235, 0.007204475812613964, 0.007508041802793741, 0.00754072330892086, 0.009166495874524117, 0.015277998521924019, 0.008896286599338055, 0.012723793275654316, 0.012691875919699669, 0.007555688731372356, 0.0074887871742248535, 0.008319051936268806, 0.009266907349228859, 0.011090761981904507, 0.008384231477975845, 0.008205379359424114], "weapon_probs": [0.02495652437210083, 0.021187787875533104, 0.01724463701248169, 0.011114581488072872, 0.014484787359833717, 0.009702361188828945, 0.021540623158216476, 0.01497486513108015, 0.011819988489151001, 0.008104144595563412, 0.013454729691147804, 0.0293101966381073, 0.008160320110619068, 0.010647805407643318, 0.008520410396158695, 0.012883985415101051, 0.00922248512506485, 0.010651279240846634, 0.007524884305894375, 0.00824282318353653, 0.01307651400566101, 0.012002645060420036, 0.01137478556483984, 0.017035307362675667, 0.008043159730732441, 0.0083454055711627, 0.007702887058258057, 0.00835912860929966, 0.009066876024007797, 0.008669000118970871, 0.013950001448392868, 0.0076541593298316, 0.008045155555009842, 0.00988314114511013, 0.009813426993787289, 0.008599785156548023, 0.009528078138828278, 0.011181412264704704, 0.007570510730147362, 0.014647431671619415, 0.007676591165363789, 0.007858806289732456, 0.007722783833742142, 0.007738443091511726, 0.013190975412726402, 0.008970917202532291, 0.014343731105327606, 0.012912813574075699, 0.009258533827960491, 0.01054298970848322, 0.013437863439321518, 0.012720683589577675, 0.011942220851778984, 0.010839469730854034, 0.008781930431723595, 0.02326935902237892, 0.010955695994198322, 0.018607378005981445, 0.023344703018665314]}