{"loss": -0.9645227789878845, "character_probs": [0.03186988830566406, 0.017452778294682503, 0.008845296688377857, 0.008650975301861763, 0.01048441044986248, 0.009233805350959301, 0.013348892331123352, 0.007955938577651978, 0.010127454996109009, 0.010145945474505424, 0.012762228026986122, 0.007115298882126808, 0.008034215308725834, 0.009747304022312164, 0.008928187191486359, 0.009721418842673302, 0.010344721376895905, 0.007697060704231262, 0.007988320663571358, 0.008223326876759529, 0.00882280059158802, 0.010859922505915165, 0.008195566944777966, 0.011631429195404053, 0.007505255751311779, 0.007254656404256821, 0.008899400010704994, 0.008102118968963623, 0.008918865583837032, 0.00847325474023819, 0.00943419523537159, 0.008022110909223557, 0.0075887758284807205, 0.007973385974764824, 0.007917425595223904, 0.012966686859726906, 0.008750773966312408, 0.007135115563869476, 0.015376302413642406, 0.008658045902848244, 0.00784104224294424, 0.007198872044682503, 0.00832228921353817, 0.010285770520567894, 0.0073370854370296, 0.014840234071016312, 0.008424617350101471, 0.011178473010659218, 0.008461502380669117, 0.007365114521235228, 0.008934609591960907, 0.007439014967530966, 0.010242866352200508, 0.009474278427660465, 0.007744625210762024, 0.008764130994677544, 0.007784553337842226, 0.012288219295442104, 0.00958158727735281, 0.008054307661950588, 0.016929825767874718, 0.0074584526009857655, 0.00743526266887784, 0.01104080118238926, 0.007830530405044556, 0.007829348556697369, 0.00825249869376421, 0.008392132818698883, 0.00844070129096508, 0.009547020308673382, 0.009011054411530495, 0.01169956848025322, 0.015141029842197895, 0.009041986428201199, 0.00803921278566122, 0.007260838057845831, 0.00750475749373436, 0.009699474088847637, 0.009360821917653084], "weapon_probs": [0.023670349270105362, 0.009756301529705524, 0.021793976426124573, 0.01840250752866268, 0.019784193485975266, 0.0109042227268219, 0.016703344881534576, 0.009085537865757942, 0.01565144956111908, 0.017100481316447258, 0.013679780066013336, 0.011667494662106037, 0.014217672869563103, 0.010938629508018494, 0.008939437568187714, 0.007913375273346901, 0.008345977403223515, 0.00991995818912983, 0.014805980958044529, 0.009794165380299091, 0.008746224455535412, 0.008447119034826756, 0.009459796361625195, 0.007984068244695663, 0.019881369546055794, 0.008134710602462292, 0.009656555950641632, 0.009122021496295929, 0.01377059891819954, 0.007493235170841217, 0.013757135719060898, 0.015200058929622173, 0.008041555061936378, 0.00932344514876604, 0.008028676733374596, 0.01192074827849865, 0.012654099613428116, 0.007554058916866779, 0.009021418169140816, 0.012080728076398373, 0.008503605611622334, 0.009072385728359222, 0.01627126708626747, 0.008988717570900917, 0.008759967982769012, 0.008445791900157928, 0.016551509499549866, 0.01220765057951212, 0.008522886782884598, 0.009583676233887672, 0.010406344197690487, 0.009802134707570076, 0.010040953755378723, 0.014694535173475742, 0.00967731885612011, 0.009123578667640686, 0.018946301192045212, 0.009534199722111225, 0.007807642221450806]}