{"loss": 0.9196417927742004, "character_probs": [0.03450663760304451, 0.008755318820476532, 0.015686217695474625, 0.012758820317685604, 0.007715082727372646, 0.009417742490768433, 0.008121371269226074, 0.007804811000823975, 0.00867901835590601, 0.012519237585365772, 0.00741988280788064, 0.015728436410427094, 0.00837013404816389, 0.00819805171340704, 0.008190648630261421, 0.009369071573019028, 0.009821395389735699, 0.012705707922577858, 0.010370850563049316, 0.007573064416646957, 0.007532268762588501, 0.008030520752072334, 0.008194994181394577, 0.008856863714754581, 0.01093023456633091, 0.009284359402954578, 0.00747135141864419, 0.007964701391756535, 0.009807858616113663, 0.0075735547579824924, 0.008978082798421383, 0.0073163858614861965, 0.008132707327604294, 0.008258459158241749, 0.007778178434818983, 0.00797855481505394, 0.008201109245419502, 0.007804430089890957, 0.008759483695030212, 0.008099370636045933, 0.007613095920532942, 0.007501333951950073, 0.010428955778479576, 0.008362092077732086, 0.01904207095503807, 0.009097863920032978, 0.008207164704799652, 0.008429359644651413, 0.010085620917379856, 0.011836009100079536, 0.00854578334838152, 0.016279201954603195, 0.007472166791558266, 0.01176569052040577, 0.007367497310042381, 0.010927723720669746, 0.011628746055066586, 0.008524197153747082, 0.0080665098503232, 0.008257904089987278, 0.010007868520915508, 0.007351025007665157, 0.012854427099227905, 0.008920662105083466, 0.00743878772482276, 0.008284916169941425, 0.009356945753097534, 0.0081397145986557, 0.007462704088538885, 0.008107312023639679, 0.008159704506397247, 0.008798069320619106, 0.008531128987669945, 0.007418989669531584, 0.008807605132460594, 0.009179779328405857, 0.01317664235830307, 0.008303024806082249, 0.014901991002261639], "weapon_probs": [0.024113144725561142, 0.03294827416539192, 0.012186812236905098, 0.024636901915073395, 0.0111459381878376, 0.018189849331974983, 0.008817355148494244, 0.00858393870294094, 0.011613704264163971, 0.023731037974357605, 0.014887232333421707, 0.008460215292870998, 0.008262830786406994, 0.009356118738651276, 0.009996644221246243, 0.007690088357776403, 0.00762159051373601, 0.00815765280276537, 0.018324144184589386, 0.009178976528346539, 0.011175069957971573, 0.008667674846947193, 0.008443186059594154, 0.007880008779466152, 0.007847313769161701, 0.0077058481983840466, 0.008351479656994343, 0.010363293811678886, 0.008981005288660526, 0.007205387111753225, 0.01116887480020523, 0.010358883067965508, 0.012088842689990997, 0.007852597162127495, 0.01065923273563385, 0.01655317097902298, 0.008157214149832726, 0.015811536461114883, 0.007729529868811369, 0.010405163280665874, 0.016124319285154343, 0.008583223447203636, 0.00941277015954256, 0.008830067701637745, 0.009836406446993351, 0.011365128681063652, 0.010903609916567802, 0.011094577610492706, 0.008355090394616127, 0.013760445639491081, 0.008824828080832958, 0.008674629963934422, 0.009741902351379395, 0.01261183712631464, 0.007869530469179153, 0.008581936359405518, 0.012495347298681736, 0.016423668712377548, 0.028880488127470016]}