{"loss": -0.5551386475563049, "character_probs": [0.020359762012958527, 0.021115295588970184, 0.010181529447436333, 0.010833431035280228, 0.016283120959997177, 0.013443605974316597, 0.0077843014150857925, 0.0078003122471272945, 0.00909289438277483, 0.008731109090149403, 0.00970718078315258, 0.010233690030872822, 0.013173028826713562, 0.01099757757037878, 0.008918379433453083, 0.00799066387116909, 0.010206361301243305, 0.011770792305469513, 0.007465387228876352, 0.007732865400612354, 0.009804829955101013, 0.007809691596776247, 0.008917462080717087, 0.009982082061469555, 0.009601155295968056, 0.009455807507038116, 0.009107928723096848, 0.008816003799438477, 0.007520035840570927, 0.009101524017751217, 0.008282419294118881, 0.00932129006832838, 0.008037778548896313, 0.008335205726325512, 0.007263030856847763, 0.008291326463222504, 0.00782785564661026, 0.009876920841634274, 0.008309523575007915, 0.010972384363412857, 0.007455150596797466, 0.007620158139616251, 0.009286737069487572, 0.00789694208651781, 0.009294947609305382, 0.00781214889138937, 0.007480625994503498, 0.01223535742610693, 0.0074266092851758, 0.010191850364208221, 0.008125889115035534, 0.009699448011815548, 0.008294719271361828, 0.008379489183425903, 0.008023256435990334, 0.00800222996622324, 0.013441383838653564, 0.007829030975699425, 0.007705068215727806, 0.009083816781640053, 0.009035566821694374, 0.012050808407366276, 0.014809848740696907, 0.007560075260698795, 0.010110143572092056, 0.008614625781774521, 0.008763706311583519, 0.008168649859726429, 0.008112506940960884, 0.011274411343038082, 0.008781290613114834, 0.010158159770071507, 0.01906624808907509, 0.01430538296699524, 0.011384360492229462, 0.01170535571873188, 0.007825666107237339, 0.007670136634260416, 0.009312896057963371], "weapon_probs": [0.0359719954431057, 0.03319186717271805, 0.009554903022944927, 0.00890728086233139, 0.008910590782761574, 0.01746436394751072, 0.011920511722564697, 0.017752882093191147, 0.012221588753163815, 0.01403319463133812, 0.009666510857641697, 0.007670914754271507, 0.009230218827724457, 0.011606140062212944, 0.007651033345609903, 0.011146694421768188, 0.010153237730264664, 0.010547757148742676, 0.011197860352694988, 0.0103463064879179, 0.008087072521448135, 0.010097086429595947, 0.010382886044681072, 0.01241614855825901, 0.010240924544632435, 0.007966450415551662, 0.008022532798349857, 0.010051102377474308, 0.010033712722361088, 0.008501037955284119, 0.00923920702189207, 0.007832212373614311, 0.0076349154114723206, 0.019568204879760742, 0.010325290262699127, 0.009110940620303154, 0.013929799199104309, 0.009546015411615372, 0.012729255482554436, 0.00793173536658287, 0.007935960777103901, 0.009746875613927841, 0.010727673768997192, 0.011741666123270988, 0.020947223529219627, 0.010320039466023445, 0.011032674461603165, 0.013102958910167217, 0.012011213228106499, 0.010112125426530838, 0.02338968962430954, 0.010012660175561905, 0.010325550101697445, 0.012772839516401291, 0.008709962479770184, 0.011593909934163094, 0.009145809337496758, 0.010608641430735588, 0.010611830279231071]}