{"loss": 0.9501899480819702, "character_probs": [0.017464280128479004, 0.032539527863264084, 0.014629832468926907, 0.012296635657548904, 0.01227865181863308, 0.011883093044161797, 0.008187420666217804, 0.008332437835633755, 0.009817352518439293, 0.012785680592060089, 0.00736678671091795, 0.0077867209911346436, 0.008390731178224087, 0.009136900305747986, 0.011421646922826767, 0.007699328009039164, 0.009049303829669952, 0.009814111515879631, 0.008740927092730999, 0.007639918476343155, 0.007754275109618902, 0.007976310327649117, 0.007425255142152309, 0.009692382998764515, 0.009682096540927887, 0.009125120006501675, 0.007204226218163967, 0.010728007182478905, 0.007445671129971743, 0.00795693788677454, 0.008301571942865849, 0.007379210088402033, 0.007367695681750774, 0.007228530012071133, 0.0076940031722188, 0.007169859483838081, 0.00852213241159916, 0.007897178642451763, 0.007913275621831417, 0.009347259998321533, 0.00923103280365467, 0.009252132847905159, 0.009382045827805996, 0.008232616819441319, 0.00854530744254589, 0.009110471233725548, 0.009541786275804043, 0.00857115350663662, 0.01103002205491066, 0.01089959591627121, 0.008231707848608494, 0.007515766192227602, 0.011583752930164337, 0.010147415101528168, 0.007523105479776859, 0.010541597381234169, 0.010125878266990185, 0.007294169161468744, 0.010106570087373257, 0.00791131891310215, 0.01073802262544632, 0.008548673242330551, 0.007715935818850994, 0.011645924299955368, 0.011236906051635742, 0.008019346743822098, 0.007809532806277275, 0.008427456021308899, 0.008488326333463192, 0.008608910255134106, 0.011648304760456085, 0.008303961716592312, 0.009756078943610191, 0.01475849375128746, 0.02069825492799282, 0.008690787479281425, 0.007842100225389004, 0.00973964761942625, 0.008040254935622215], "weapon_probs": [0.03856329619884491, 0.013670574873685837, 0.023641083389520645, 0.008882442489266396, 0.017433930188417435, 0.01465439610183239, 0.012698393315076828, 0.014803633093833923, 0.008769414387643337, 0.012534018605947495, 0.008286787196993828, 0.009276199154555798, 0.007906590588390827, 0.011809542775154114, 0.0100859384983778, 0.018947139382362366, 0.01161916833370924, 0.014260465279221535, 0.00786010641604662, 0.011665917932987213, 0.012529217638075352, 0.007620042655616999, 0.011724114418029785, 0.008790526539087296, 0.007756771054118872, 0.007932801730930805, 0.010531309060752392, 0.007700926158577204, 0.00844830647110939, 0.007413389161229134, 0.009068768471479416, 0.009777925908565521, 0.009851912967860699, 0.011171042919158936, 0.01160557009279728, 0.019270475953817368, 0.0072192843072116375, 0.009079352021217346, 0.0077507286332547665, 0.012533936649560928, 0.008735119365155697, 0.010858939960598946, 0.010706423781812191, 0.01579677313566208, 0.008714413270354271, 0.01007240079343319, 0.007936089299619198, 0.008052205666899681, 0.010619379580020905, 0.008961188606917858, 0.014720415696501732, 0.013111250475049019, 0.014884784817695618, 0.013471070677042007, 0.0258902907371521, 0.009782698936760426, 0.007872273214161396, 0.010994181036949158, 0.013219160959124565]}