{"loss": 0.9623051285743713, "character_probs": [0.02572905272245407, 0.010308124125003815, 0.013229170814156532, 0.013171525672078133, 0.008085567504167557, 0.01827314868569374, 0.011808312498033047, 0.008802606724202633, 0.008168972097337246, 0.014117991551756859, 0.01027403399348259, 0.0073186676017940044, 0.00886972714215517, 0.008015915751457214, 0.007416795939207077, 0.0072450824081897736, 0.008216258138418198, 0.012624077498912811, 0.01022926066070795, 0.011583816260099411, 0.008006138727068901, 0.01037109550088644, 0.008467174135148525, 0.009114274755120277, 0.0076170144602656364, 0.008798930794000626, 0.008900159038603306, 0.008794980123639107, 0.012151781469583511, 0.010045429691672325, 0.007803307380527258, 0.011661718599498272, 0.008249379694461823, 0.008440201170742512, 0.008105258457362652, 0.007535451091825962, 0.008011076599359512, 0.009921682067215443, 0.007376883178949356, 0.008399042300879955, 0.007868497632443905, 0.01006024144589901, 0.007913235574960709, 0.010287255980074406, 0.007854427210986614, 0.00888944324105978, 0.00942842848598957, 0.01393190585076809, 0.007807188667356968, 0.01231917180120945, 0.007931923493742943, 0.008495761081576347, 0.008086570538580418, 0.009865515865385532, 0.007970294915139675, 0.007355904206633568, 0.00822235643863678, 0.010268011130392551, 0.008988618850708008, 0.009641962125897408, 0.008022070862352848, 0.011008880101144314, 0.007358855567872524, 0.008288144133985043, 0.010658622719347477, 0.007372204214334488, 0.007467932067811489, 0.00832077395170927, 0.00802719034254551, 0.007766736205667257, 0.00837750919163227, 0.0076935673132538795, 0.009418703615665436, 0.010575233958661556, 0.009492931887507439, 0.010341918095946312, 0.009546777233481407, 0.019951019436120987, 0.013254713267087936], "weapon_probs": [0.02423904463648796, 0.018621012568473816, 0.021472778171300888, 0.02325090393424034, 0.02090301178395748, 0.011968180537223816, 0.007688934449106455, 0.011734072118997574, 0.008818556554615498, 0.010720713064074516, 0.008336826227605343, 0.0112716443836689, 0.010347182862460613, 0.007714531384408474, 0.009275710210204124, 0.026250116527080536, 0.007702055852860212, 0.010095499455928802, 0.009726413525640965, 0.015086386352777481, 0.009787015616893768, 0.007619544863700867, 0.010099819861352444, 0.007177603431046009, 0.00782838836312294, 0.008231215178966522, 0.024510525166988373, 0.008364303037524223, 0.009015960618853569, 0.009365798905491829, 0.017895333468914032, 0.0072998120449483395, 0.008470050990581512, 0.009945971891283989, 0.01183447428047657, 0.007566891144961119, 0.00930117629468441, 0.008896812796592712, 0.00795326940715313, 0.008071238175034523, 0.00800992175936699, 0.01185651496052742, 0.025887664407491684, 0.01169358380138874, 0.01960137113928795, 0.007330537308007479, 0.007379711139947176, 0.00793970562517643, 0.008129319176077843, 0.007745177950710058, 0.008114389143884182, 0.00896310992538929, 0.008877821266651154, 0.009786776266992092, 0.00905161164700985, 0.00961832795292139, 0.012384826317429543, 0.009529662318527699, 0.016505569219589233]}