{"loss": -0.7736820578575134, "character_probs": [0.014564746990799904, 0.025647923350334167, 0.010916046798229218, 0.01460263878107071, 0.015528978779911995, 0.007914487272500992, 0.007719989400357008, 0.007282088045030832, 0.007678775116801262, 0.007970291189849377, 0.007632353808730841, 0.007980698719620705, 0.008644954301416874, 0.010576029308140278, 0.007701830938458443, 0.013839427381753922, 0.012897364795207977, 0.007222791202366352, 0.010924624279141426, 0.009541038423776627, 0.01029584277421236, 0.009237555786967278, 0.010693664662539959, 0.0075943004339933395, 0.007237083278596401, 0.008019715547561646, 0.007177382707595825, 0.00746312877163291, 0.01687171310186386, 0.007506499532610178, 0.013895764015614986, 0.01024008821696043, 0.007329799700528383, 0.008609621785581112, 0.008415644988417625, 0.008524898439645767, 0.010861491784453392, 0.007866737432777882, 0.008797287940979004, 0.007284132298082113, 0.008299296721816063, 0.007807768881320953, 0.01082898210734129, 0.010172884911298752, 0.008394408039748669, 0.00857889000326395, 0.010754471644759178, 0.008323808200657368, 0.007705821190029383, 0.008189837448298931, 0.015745345503091812, 0.008949745446443558, 0.009217425249516964, 0.01043291762471199, 0.014289021492004395, 0.008595449849963188, 0.007660425268113613, 0.01249003130942583, 0.008132290095090866, 0.007244897074997425, 0.010382071137428284, 0.00778682716190815, 0.008141810074448586, 0.007990413345396519, 0.007707390934228897, 0.008824163116514683, 0.00924083311110735, 0.010685563087463379, 0.011768253520131111, 0.008306685835123062, 0.008609738200902939, 0.00981916394084692, 0.009229297749698162, 0.0073038446716964245, 0.009337338618934155, 0.013782531023025513, 0.00976147036999464, 0.00939750112593174, 0.018166765570640564], "weapon_probs": [0.06372154504060745, 0.014436416327953339, 0.009615316987037659, 0.02315853163599968, 0.008729016408324242, 0.008787781931459904, 0.007494620978832245, 0.008249403908848763, 0.010608324781060219, 0.013690149411559105, 0.01669040508568287, 0.0074403858743608, 0.014365925453603268, 0.013651371002197266, 0.01692502573132515, 0.008232565596699715, 0.008404110558331013, 0.009459048509597778, 0.008253877982497215, 0.008013056591153145, 0.008763439953327179, 0.008377691730856895, 0.007511460222303867, 0.009422814473509789, 0.009202810004353523, 0.007826869376003742, 0.0077919745817780495, 0.007796666584908962, 0.007804953958839178, 0.009694090113043785, 0.007662334479391575, 0.008977344259619713, 0.011284176260232925, 0.008358501829206944, 0.007477349601686001, 0.013348573818802834, 0.007882566191256046, 0.010395580902695656, 0.0075393011793494225, 0.010763626545667648, 0.009664691984653473, 0.010291127488017082, 0.01389390230178833, 0.0165531188249588, 0.010402927175164223, 0.008359660394489765, 0.010254377499222755, 0.012503964826464653, 0.010854997672140598, 0.012392213568091393, 0.010265755467116833, 0.011285306885838509, 0.011212391778826714, 0.009988000616431236, 0.012963823042809963, 0.011160081252455711, 0.009885376319289207, 0.010328128933906555, 0.017646078020334244]}