{"loss": 0.06752905249595642, "character_probs": [0.01744106039404869, 0.013241922482848167, 0.010229423642158508, 0.014984089881181717, 0.01564299315214157, 0.00984496995806694, 0.009594045579433441, 0.010747415013611317, 0.012474779039621353, 0.01627381518483162, 0.007819654420018196, 0.009827585890889168, 0.007953379303216934, 0.010215546935796738, 0.014274341985583305, 0.008795175701379776, 0.008658770471811295, 0.0074226828292012215, 0.007664724253118038, 0.012247242964804173, 0.008135514333844185, 0.007457788567990065, 0.014533559791743755, 0.007714306004345417, 0.007934425957500935, 0.007473923731595278, 0.00791748147457838, 0.0075523266568779945, 0.007801316678524017, 0.007867737673223019, 0.00727408193051815, 0.01068086177110672, 0.007820066064596176, 0.00858220737427473, 0.01368957944214344, 0.007857774384319782, 0.008455232717096806, 0.009887554682791233, 0.007533892523497343, 0.00751779368147254, 0.007215606514364481, 0.007733178790658712, 0.007412116974592209, 0.007576866075396538, 0.008619333617389202, 0.00953496154397726, 0.008034922182559967, 0.00853237509727478, 0.01611115038394928, 0.008042589761316776, 0.011035887524485588, 0.008538348600268364, 0.007891539484262466, 0.019314177334308624, 0.007410900667309761, 0.007241758517920971, 0.008992867544293404, 0.008220069110393524, 0.009446167387068272, 0.008004452101886272, 0.0073110489174723625, 0.012072024866938591, 0.007572812028229237, 0.009069784544408321, 0.01320662535727024, 0.009790059179067612, 0.008173782378435135, 0.014637952670454979, 0.008584612049162388, 0.013000748120248318, 0.007945481687784195, 0.008354832418262959, 0.008814964443445206, 0.008781684562563896, 0.00930762942880392, 0.012549632228910923, 0.009950959123671055, 0.014116967096924782, 0.008726353757083416], "weapon_probs": [0.0707230195403099, 0.008633160963654518, 0.01235460489988327, 0.007697840221226215, 0.009080860763788223, 0.012686960399150848, 0.02991517260670662, 0.012056684121489525, 0.009175301529467106, 0.011762531474232674, 0.007697108667343855, 0.008920717984437943, 0.007707618176937103, 0.009818511083722115, 0.009746396914124489, 0.010516641661524773, 0.00868249498307705, 0.007869365625083447, 0.008812805637717247, 0.007607143372297287, 0.009412231855094433, 0.007662389427423477, 0.009241701103746891, 0.007661649025976658, 0.010586450807750225, 0.010474681854248047, 0.00726074306294322, 0.009150447323918343, 0.008456159383058548, 0.0073228259570896626, 0.007877394556999207, 0.013371974229812622, 0.013163210824131966, 0.007360993884503841, 0.013991381041705608, 0.008839449845254421, 0.009759065695106983, 0.008418990299105644, 0.020341478288173676, 0.00934934988617897, 0.008588631637394428, 0.011326366104185581, 0.008252431638538837, 0.008250056765973568, 0.008814285509288311, 0.008568445220589638, 0.008807200007140636, 0.014719601720571518, 0.00890635047107935, 0.009332163259387016, 0.008563552983105183, 0.012152956798672676, 0.007740268483757973, 0.01481715589761734, 0.010129351168870926, 0.011851230636239052, 0.01628763973712921, 0.014064431190490723, 0.008388390764594078]}