{"loss": 0.9489318132400513, "character_probs": [0.034629009664058685, 0.009810419753193855, 0.013591998256742954, 0.012006731703877449, 0.009148169308900833, 0.009483114816248417, 0.013012107461690903, 0.012943634763360023, 0.007745087146759033, 0.01095761451870203, 0.009939135983586311, 0.008323059417307377, 0.007509717717766762, 0.009776243939995766, 0.0084659019485116, 0.007766311056911945, 0.010606490075588226, 0.00753973750397563, 0.009523414075374603, 0.00844370387494564, 0.007475646678358316, 0.009411754086613655, 0.007808393333107233, 0.007886173203587532, 0.009959972463548183, 0.012161411345005035, 0.00739680789411068, 0.00821336917579174, 0.007698733359575272, 0.009154846891760826, 0.007789570838212967, 0.00827686209231615, 0.007283052429556847, 0.013527225703001022, 0.008364999666810036, 0.012641939334571362, 0.0076336986385285854, 0.008693922311067581, 0.008739740587770939, 0.008166542276740074, 0.008492227643728256, 0.008845614269375801, 0.0135288555175066, 0.007410224061459303, 0.008102541789412498, 0.007431130390614271, 0.00935844611376524, 0.00970509648323059, 0.008898906409740448, 0.009246496483683586, 0.010046092793345451, 0.00857941061258316, 0.008205042220652103, 0.008507381193339825, 0.008251562714576721, 0.0072478968650102615, 0.007908426225185394, 0.011775198392570019, 0.0076443832367658615, 0.007472418248653412, 0.010572944767773151, 0.00926815066486597, 0.008586456999182701, 0.011484207585453987, 0.008734464645385742, 0.008006181567907333, 0.007954563945531845, 0.0075797270983457565, 0.00822970736771822, 0.02285318821668625, 0.01199386641383171, 0.010195491835474968, 0.010303493589162827, 0.007597956340759993, 0.007642680779099464, 0.008930434472858906, 0.00931105948984623, 0.009037796407938004, 0.012874159030616283], "weapon_probs": [0.01968749798834324, 0.026616588234901428, 0.0198446586728096, 0.021821903064846992, 0.00916697084903717, 0.009158402681350708, 0.019639454782009125, 0.015337918885052204, 0.009138048626482487, 0.009249117225408554, 0.014497119933366776, 0.011700206436216831, 0.011844764463603497, 0.01601509004831314, 0.009227653965353966, 0.007977963425219059, 0.00895779114216566, 0.009489267133176327, 0.008910728618502617, 0.007226759567856789, 0.013359079137444496, 0.0075306883081793785, 0.00743608083575964, 0.011805643327534199, 0.007870604284107685, 0.007261383347213268, 0.02043662592768669, 0.013538094237446785, 0.011120514944195747, 0.013658486306667328, 0.008864051662385464, 0.008761988021433353, 0.010900123976171017, 0.01139809750020504, 0.007438821252435446, 0.010614724829792976, 0.008767492137849331, 0.0082149812951684, 0.011001378297805786, 0.008011864498257637, 0.00731654092669487, 0.010727917775511742, 0.016761135309934616, 0.00946864951401949, 0.00968327559530735, 0.011548137292265892, 0.01141839288175106, 0.007548601366579533, 0.03710290044546127, 0.010059474036097527, 0.011941874399781227, 0.007852604612708092, 0.009348595514893532, 0.013981224969029427, 0.007480721455067396, 0.008381999097764492, 0.007584856357425451, 0.02081536129117012, 0.011768377386033535]}