{"loss": 0.836319088935852, "character_probs": [0.024052433669567108, 0.02154449000954628, 0.00855455081909895, 0.011860856786370277, 0.00984957255423069, 0.011868128553032875, 0.007935390807688236, 0.009019291028380394, 0.010070189833641052, 0.013095088303089142, 0.010377991944551468, 0.008740810677409172, 0.007189357653260231, 0.012412089854478836, 0.010781059972941875, 0.007596248295158148, 0.010580170899629593, 0.008366558700799942, 0.012071262113749981, 0.008335202001035213, 0.008312600664794445, 0.008832158520817757, 0.007310125976800919, 0.00871992763131857, 0.011456748470664024, 0.008426325395703316, 0.008903306908905506, 0.007482253480702639, 0.009000811725854874, 0.008333398029208183, 0.00805616658180952, 0.008043099194765091, 0.007773084565997124, 0.0137887978926301, 0.007675147149711847, 0.010222889482975006, 0.007453028578311205, 0.012232664041221142, 0.00926964171230793, 0.007340314798057079, 0.007652441039681435, 0.007614081259816885, 0.008772488683462143, 0.00816079881042242, 0.007481738459318876, 0.007351386360824108, 0.007450972683727741, 0.007948397658765316, 0.007476313505321741, 0.01378140039741993, 0.007791547570377588, 0.008179593831300735, 0.018662743270397186, 0.00964505784213543, 0.007231983821839094, 0.009380976669490337, 0.010787472128868103, 0.010487067513167858, 0.00799061544239521, 0.010678821243345737, 0.009062681347131729, 0.0097348028793931, 0.0077968318946659565, 0.00980293471366167, 0.00875981617718935, 0.00780028011649847, 0.009965529665350914, 0.010578397661447525, 0.008054153993725777, 0.008151975460350513, 0.009312490932643414, 0.008412276394665241, 0.008207167498767376, 0.009507250040769577, 0.0075492034666240215, 0.009973597712814808, 0.008142928592860699, 0.011112024076282978, 0.008523517288267612], "weapon_probs": [0.016085147857666016, 0.033890318125486374, 0.017426731064915657, 0.01798028126358986, 0.015013258904218674, 0.011851311661303043, 0.014525710605084896, 0.010493694804608822, 0.011549444869160652, 0.009540015831589699, 0.014891588129103184, 0.013472974300384521, 0.010946878232061863, 0.017047127708792686, 0.013299564830958843, 0.007845887914299965, 0.007386933546513319, 0.0075747789815068245, 0.010708561167120934, 0.008413013070821762, 0.008901424705982208, 0.011755392886698246, 0.02097979187965393, 0.007187554147094488, 0.010915800929069519, 0.009160172194242477, 0.008376219309866428, 0.007581023965030909, 0.011311367154121399, 0.007923278026282787, 0.007799220737069845, 0.008947238326072693, 0.013586056418716908, 0.012244272977113724, 0.012616906315088272, 0.011573275551199913, 0.008298909291625023, 0.008889478631317616, 0.007583911996334791, 0.013104910962283611, 0.01214268896728754, 0.010790184140205383, 0.010488064959645271, 0.013857407495379448, 0.008080574683845043, 0.010199129581451416, 0.008289330638945103, 0.010276442393660545, 0.008883647620677948, 0.012104452587664127, 0.014604019932448864, 0.008565454743802547, 0.011954756453633308, 0.012134269811213017, 0.010883236303925514, 0.010284787975251675, 0.00896485336124897, 0.012028376571834087, 0.010567035526037216]}