{"loss": -0.28858649730682373, "character_probs": [0.01140482909977436, 0.021451663225889206, 0.014255307614803314, 0.012612076476216316, 0.009752471931278706, 0.012187874875962734, 0.013176348060369492, 0.008592217229306698, 0.010264784097671509, 0.013603474013507366, 0.0077834962867200375, 0.007893621921539307, 0.009730430319905281, 0.01209634356200695, 0.010353382676839828, 0.007544149644672871, 0.008566460572183132, 0.010164097882807255, 0.0072380732744932175, 0.008018622174859047, 0.015835173428058624, 0.015096982941031456, 0.007567562162876129, 0.013424934819340706, 0.008137144148349762, 0.008985565975308418, 0.007336961105465889, 0.0083586685359478, 0.007803740911185741, 0.009817964397370815, 0.010017559863626957, 0.009899545460939407, 0.007977381348609924, 0.0076609584502875805, 0.008012260310351849, 0.008130132220685482, 0.007716155145317316, 0.007594591472297907, 0.007571491412818432, 0.010419627651572227, 0.007347287144511938, 0.007313542068004608, 0.008517930284142494, 0.008109405636787415, 0.007544101215898991, 0.008171473629772663, 0.007897645235061646, 0.008243088610470295, 0.009123286232352257, 0.008120732381939888, 0.0074044158682227135, 0.013961121439933777, 0.007494738791137934, 0.008666249923408031, 0.008169258013367653, 0.010248852893710136, 0.007240665145218372, 0.010008077137172222, 0.007433799095451832, 0.018063902854919434, 0.0077118584886193275, 0.008690307848155499, 0.012663465924561024, 0.007610467728227377, 0.011158175766468048, 0.007659976836293936, 0.012609627097845078, 0.007513527758419514, 0.01247425191104412, 0.0077271657064557076, 0.011676960624754429, 0.007811448536813259, 0.009072557091712952, 0.00872555747628212, 0.010037769563496113, 0.012727323919534683, 0.01591503620147705, 0.00811857171356678, 0.0075318277813494205], "weapon_probs": [0.028039511293172836, 0.011984718963503838, 0.019804060459136963, 0.02731795608997345, 0.00841432623565197, 0.014967026188969612, 0.008535491302609444, 0.01696126163005829, 0.014210822060704231, 0.009607717394828796, 0.022821728140115738, 0.008581702597439289, 0.012552575208246708, 0.01569450832903385, 0.009702565148472786, 0.012748735956847668, 0.008297564461827278, 0.00786714069545269, 0.011655391193926334, 0.011162802577018738, 0.011627795174717903, 0.00804940890520811, 0.008472765795886517, 0.009518041275441647, 0.010985206812620163, 0.009033987298607826, 0.007429386023432016, 0.00891016609966755, 0.010054128244519234, 0.008479931391775608, 0.007537065539509058, 0.008303423412144184, 0.011144259013235569, 0.009695806540548801, 0.010206455364823341, 0.0133360605686903, 0.007846939377486706, 0.0109248086810112, 0.008091564290225506, 0.007795133627951145, 0.008295099250972271, 0.008914439007639885, 0.015570426359772682, 0.012050884775817394, 0.012111015617847443, 0.009067362174391747, 0.01687166653573513, 0.01501658745110035, 0.012628473341464996, 0.01141283754259348, 0.008611929602921009, 0.010416890494525433, 0.015067831613123417, 0.009772936813533306, 0.009848598390817642, 0.007844062522053719, 0.007365213241428137, 0.015478690154850483, 0.018637847155332565]}