{"loss": 0.0355948805809021, "character_probs": [0.013326538726687431, 0.02027169242501259, 0.014428128488361835, 0.011313117109239101, 0.00839693658053875, 0.013793859630823135, 0.01678263023495674, 0.013660535216331482, 0.009203756228089333, 0.010018467903137207, 0.008838190697133541, 0.007530008442699909, 0.01139032281935215, 0.007199706044048071, 0.00920057948678732, 0.0076886750757694244, 0.010267050005495548, 0.0072081927210092545, 0.007451173849403858, 0.01164256501942873, 0.009463364258408546, 0.007635190617293119, 0.008393765427172184, 0.017960257828235626, 0.007529128342866898, 0.007897954434156418, 0.007935825735330582, 0.009588992223143578, 0.0074625806882977486, 0.008709095418453217, 0.008404179476201534, 0.010456465184688568, 0.01280648447573185, 0.007146434858441353, 0.008184120990335941, 0.007194056175649166, 0.008847017772495747, 0.010199790820479393, 0.007540538441389799, 0.0073759229853749275, 0.007407899480313063, 0.009152546525001526, 0.010627541691064835, 0.007384738884866238, 0.009316278621554375, 0.009333995170891285, 0.008214299567043781, 0.013827163726091385, 0.009050439111888409, 0.010023011825978756, 0.007408142555505037, 0.007550649344921112, 0.007740909233689308, 0.008258093148469925, 0.007449722848832607, 0.008004877716302872, 0.01690099760890007, 0.008150923997163773, 0.009031577967107296, 0.008557463996112347, 0.008023213595151901, 0.0074141924269497395, 0.010474891401827335, 0.008225258439779282, 0.00982736051082611, 0.010448235087096691, 0.0083854328840971, 0.007585084997117519, 0.01004122570157051, 0.008083147928118706, 0.02039390429854393, 0.00730395782738924, 0.00864572636783123, 0.00925812404602766, 0.009920776821672916, 0.015530691482126713, 0.01159527525305748, 0.007798399310559034, 0.0078079355880618095], "weapon_probs": [0.03345059975981712, 0.010003967210650444, 0.013029573485255241, 0.023669492453336716, 0.012646084651350975, 0.00956036988645792, 0.013109564781188965, 0.02430225908756256, 0.015287124551832676, 0.01395795401185751, 0.009065277874469757, 0.012282105162739754, 0.00755189498886466, 0.019378088414669037, 0.008943152613937855, 0.008362837135791779, 0.01198151707649231, 0.00749183539301157, 0.009315491653978825, 0.01571006514132023, 0.008363739587366581, 0.010609150864183903, 0.008341746404767036, 0.007727121468633413, 0.011356117203831673, 0.009607946500182152, 0.009071893990039825, 0.007898551411926746, 0.00820138305425644, 0.014870147220790386, 0.008323238231241703, 0.0074593559838831425, 0.010740331374108791, 0.0135542843490839, 0.008319376036524773, 0.007713998667895794, 0.00729922391474247, 0.00878569670021534, 0.0248732753098011, 0.008341764099895954, 0.008086398243904114, 0.011622774414718151, 0.00956616923213005, 0.00843713991343975, 0.011580667458474636, 0.014958074316382408, 0.00856751948595047, 0.02223501354455948, 0.01125518698245287, 0.007340528536587954, 0.008546143770217896, 0.00840994156897068, 0.00896153599023819, 0.00956372544169426, 0.010404729284346104, 0.009412823244929314, 0.012399319559335709, 0.007321027107536793, 0.009799070656299591]}