{"loss": -0.7532289624214172, "character_probs": [0.02548254281282425, 0.015179118141531944, 0.010287883691489697, 0.009854614734649658, 0.008098745718598366, 0.012320267036557198, 0.013142876327037811, 0.009730223566293716, 0.015233553946018219, 0.007768657989799976, 0.009172751568257809, 0.008724094368517399, 0.010267333127558231, 0.008852704428136349, 0.007929276674985886, 0.008341480046510696, 0.008709524758160114, 0.013785012066364288, 0.010446847416460514, 0.009379888884723186, 0.008073459379374981, 0.00891485158354044, 0.007606289349496365, 0.007806512527167797, 0.009007222950458527, 0.009237083606421947, 0.008033093065023422, 0.009619157761335373, 0.007542603183537722, 0.008992111310362816, 0.010159865021705627, 0.009133715182542801, 0.013198783621191978, 0.007466980256140232, 0.007862787693738937, 0.007684209384024143, 0.00730252917855978, 0.007825030945241451, 0.007363435346633196, 0.009805850684642792, 0.007735484279692173, 0.00950703676789999, 0.014450944028794765, 0.007073220796883106, 0.007164463400840759, 0.0080967852845788, 0.015988029539585114, 0.007328453008085489, 0.0077631003223359585, 0.00848447997123003, 0.01321763452142477, 0.008718080818653107, 0.008331257849931717, 0.009825523011386395, 0.008027629926800728, 0.013835306279361248, 0.00938011147081852, 0.00812208466231823, 0.011463548988103867, 0.009164554998278618, 0.008147376589477062, 0.010753268375992775, 0.008553862571716309, 0.009303845465183258, 0.009364340454339981, 0.008309000171720982, 0.0073910984210669994, 0.014669505879282951, 0.011129612103104591, 0.00996717531234026, 0.007679420057684183, 0.007450919598340988, 0.012302429415285587, 0.010307732038199902, 0.009700647555291653, 0.013029595836997032, 0.007929190993309021, 0.008165317587554455, 0.008199102245271206], "weapon_probs": [0.020618030801415443, 0.025288697332143784, 0.01958473026752472, 0.009944253601133823, 0.01089947298169136, 0.022043656557798386, 0.01305336132645607, 0.009849386289715767, 0.010489079169929028, 0.015058297663927078, 0.007918947376310825, 0.023076575249433517, 0.023922082036733627, 0.007956907153129578, 0.01016400195658207, 0.009990263730287552, 0.013313587754964828, 0.007652977015823126, 0.009217742830514908, 0.007692383136600256, 0.007379766553640366, 0.012639464810490608, 0.007845659740269184, 0.011562429368495941, 0.008453712798655033, 0.008791076950728893, 0.011805540882050991, 0.008608557283878326, 0.009643271565437317, 0.008383444510400295, 0.007370238658040762, 0.00786263681948185, 0.008560874499380589, 0.011725504882633686, 0.014574270695447922, 0.008138719014823437, 0.0074117970652878284, 0.013841520994901657, 0.010035406798124313, 0.008030591532588005, 0.009683582931756973, 0.020482033491134644, 0.007623753510415554, 0.02152910828590393, 0.013940081000328064, 0.010231810621917248, 0.00964253768324852, 0.009260931052267551, 0.015410805121064186, 0.009295816533267498, 0.007966501638293266, 0.010941242799162865, 0.008451209403574467, 0.008122147060930729, 0.00852756667882204, 0.008685892447829247, 0.008750556968152523, 0.014931624755263329, 0.014261990785598755]}