{"loss": 0.5290420055389404, "character_probs": [0.0258164219558239, 0.011068398132920265, 0.010675039142370224, 0.00852937251329422, 0.019729822874069214, 0.00851391814649105, 0.008033341728150845, 0.029496684670448303, 0.009644690901041031, 0.007780549582093954, 0.007414298132061958, 0.008324630558490753, 0.012763824313879013, 0.00937604159116745, 0.007870424538850784, 0.011543473228812218, 0.007469933480024338, 0.008821986615657806, 0.007707460783421993, 0.009101774543523788, 0.0071405330672860146, 0.008245334960520267, 0.007976824417710304, 0.007386610843241215, 0.008712599985301495, 0.007444904651492834, 0.010040998458862305, 0.009262900799512863, 0.0081598199903965, 0.0074738613329827785, 0.007960869930684566, 0.0074835834093391895, 0.007167524192482233, 0.008577162399888039, 0.009342294186353683, 0.010316984727978706, 0.009115571156144142, 0.009880514815449715, 0.008400018326938152, 0.008716372773051262, 0.007380176801234484, 0.00820437166839838, 0.009001647122204304, 0.008551384322345257, 0.010819514282047749, 0.007199463900178671, 0.00803704559803009, 0.008409641683101654, 0.0072802104987204075, 0.008101841434836388, 0.00880481768399477, 0.010953066870570183, 0.010062864981591702, 0.00798403937369585, 0.009563724510371685, 0.008005758747458458, 0.008384618908166885, 0.009169308468699455, 0.00794755294919014, 0.00749047240242362, 0.014047747477889061, 0.009468359872698784, 0.011589639820158482, 0.009256340563297272, 0.011741572991013527, 0.014122866094112396, 0.010531185194849968, 0.00798293761909008, 0.01005726307630539, 0.009358426555991173, 0.010496077127754688, 0.0073009212501347065, 0.007984688505530357, 0.007912738248705864, 0.009408902376890182, 0.011361467652022839, 0.011951452121138573, 0.009220968931913376, 0.017194734886288643], "weapon_probs": [0.012787096202373505, 0.04725613072514534, 0.016859423369169235, 0.01452624425292015, 0.007824779488146305, 0.011092147789895535, 0.01434106845408678, 0.010124425403773785, 0.017373349517583847, 0.00884455256164074, 0.017162462696433067, 0.011228067800402641, 0.010959620587527752, 0.014296239241957664, 0.00981111079454422, 0.007937443442642689, 0.014060458168387413, 0.0074844262562692165, 0.009961949661374092, 0.007549390196800232, 0.008532151579856873, 0.01006897259503603, 0.00985590647906065, 0.009723085910081863, 0.007930116727948189, 0.009530827403068542, 0.0074323504231870174, 0.010069744661450386, 0.00810148660093546, 0.008096161298453808, 0.010358632542192936, 0.02915262058377266, 0.009723147377371788, 0.008455020375549793, 0.010323930531740189, 0.010330744087696075, 0.00999602023512125, 0.008758040145039558, 0.007686483208090067, 0.009749654680490494, 0.009424243122339249, 0.007428020238876343, 0.009464326314628124, 0.01632632315158844, 0.008945237845182419, 0.011082633398473263, 0.008770940825343132, 0.007420273497700691, 0.017588239163160324, 0.021821770817041397, 0.013011252507567406, 0.012917893007397652, 0.009911725297570229, 0.008603058755397797, 0.009079192765057087, 0.009620584547519684, 0.019763007760047913, 0.0076280394569039345, 0.007563283666968346]}