{"loss": 0.887837290763855, "character_probs": [0.024294748902320862, 0.011423872783780098, 0.007929043844342232, 0.012359997257590294, 0.017698250710964203, 0.020547568798065186, 0.011462368071079254, 0.009491128847002983, 0.007243325933814049, 0.012798208743333817, 0.008189087733626366, 0.007445847149938345, 0.011090323328971863, 0.012237130664288998, 0.011352179571986198, 0.007830952294170856, 0.012153362855315208, 0.007539875339716673, 0.007814344950020313, 0.008479002863168716, 0.011033030226826668, 0.007606576196849346, 0.008019616827368736, 0.007985703647136688, 0.007504490204155445, 0.009760396555066109, 0.007799286395311356, 0.00729034561663866, 0.008038785308599472, 0.007567825727164745, 0.0071906098164618015, 0.008032500743865967, 0.007827628403902054, 0.011614678427577019, 0.007256877608597279, 0.007309946697205305, 0.007647098042070866, 0.007434889208525419, 0.007770489901304245, 0.009815569967031479, 0.007998226210474968, 0.007500645238906145, 0.008182493969798088, 0.007839810103178024, 0.008599920198321342, 0.007523967418819666, 0.0072787050157785416, 0.008194511756300926, 0.012554586865007877, 0.00772142456844449, 0.007365349680185318, 0.01703018695116043, 0.011324351653456688, 0.009460480883717537, 0.009012565016746521, 0.011002011597156525, 0.010390326380729675, 0.007103245705366135, 0.007558213546872139, 0.007550604175776243, 0.015617852099239826, 0.015064955689013004, 0.007825734093785286, 0.011311281472444534, 0.007519252132624388, 0.007951505482196808, 0.01147434301674366, 0.011664610356092453, 0.007880574092268944, 0.009139059111475945, 0.009610955603420734, 0.00934617780148983, 0.007946251891553402, 0.008149274624884129, 0.009615611284971237, 0.008367559872567654, 0.008031055331230164, 0.022768083959817886, 0.008688120171427727], "weapon_probs": [0.00873311422765255, 0.03442227095365524, 0.013892479240894318, 0.008502909913659096, 0.012077735736966133, 0.013603145256638527, 0.01639658771455288, 0.013041986152529716, 0.03194395452737808, 0.008160244673490524, 0.02717643603682518, 0.010142640210688114, 0.008112783543765545, 0.01513927336782217, 0.010414591990411282, 0.011564936488866806, 0.010529041290283203, 0.010345254093408585, 0.008063899353146553, 0.014106202870607376, 0.008085323497653008, 0.0078089176677167416, 0.007285291329026222, 0.007421313785016537, 0.009289611130952835, 0.00873394962400198, 0.00822944100946188, 0.013356193900108337, 0.007742260582745075, 0.008216477930545807, 0.010543218813836575, 0.009186457842588425, 0.008163421414792538, 0.010391151532530785, 0.010422900319099426, 0.008550083264708519, 0.009509092196822166, 0.008285028859972954, 0.011498771607875824, 0.010354007594287395, 0.009352728724479675, 0.012967096641659737, 0.008553581312298775, 0.023238718509674072, 0.008256540633738041, 0.008470358327031136, 0.011037677526473999, 0.00796680711209774, 0.01645904779434204, 0.008727212436497211, 0.01190087478607893, 0.007628530263900757, 0.018598180264234543, 0.010871130973100662, 0.03657731041312218, 0.011028960347175598, 0.008588817901909351, 0.0117654325440526, 0.009854402393102646]}