{"loss": 0.8929513692855835, "character_probs": [0.01763475313782692, 0.019479719921946526, 0.012377779930830002, 0.008963273838162422, 0.009687249548733234, 0.010684936307370663, 0.017358165234327316, 0.01260051317512989, 0.010905778966844082, 0.013329914771020412, 0.007169193588197231, 0.008509861305356026, 0.009111572988331318, 0.01184712816029787, 0.007645849138498306, 0.011985543183982372, 0.0076814256608486176, 0.008494391106069088, 0.011743729002773762, 0.007244734093546867, 0.008723021484911442, 0.008033370599150658, 0.007830322720110416, 0.009010974317789078, 0.009011533111333847, 0.007536487188190222, 0.008725501596927643, 0.0076574222184717655, 0.009941546246409416, 0.013269701041281223, 0.008069198578596115, 0.007493635639548302, 0.007689601741731167, 0.007624056190252304, 0.0086201261729002, 0.007298879791051149, 0.010615380480885506, 0.008067174814641476, 0.009002289734780788, 0.013963569886982441, 0.007719585672020912, 0.008416857570409775, 0.0075854286551475525, 0.009449729695916176, 0.008998843841254711, 0.007736460771411657, 0.007714135572314262, 0.009409754537045956, 0.011251471936702728, 0.008071918040513992, 0.007265855558216572, 0.015731601044535637, 0.008948380127549171, 0.008193964138627052, 0.008135230280458927, 0.010684327222406864, 0.007401742041110992, 0.009833927266299725, 0.00946772936731577, 0.010261776857078075, 0.00860266201198101, 0.008722709491848946, 0.01080277282744646, 0.009064840152859688, 0.00833170861005783, 0.008163798600435257, 0.012722419574856758, 0.009494873695075512, 0.01079410221427679, 0.00741872051730752, 0.009091810323297977, 0.007839187979698181, 0.012499040924012661, 0.015169275924563408, 0.007547073997557163, 0.007385618053376675, 0.00851389393210411, 0.007299127988517284, 0.009571201168000698], "weapon_probs": [0.014592619612812996, 0.04213296249508858, 0.015574725344777107, 0.008745337836444378, 0.012882866896688938, 0.013051433488726616, 0.009622824378311634, 0.01640971750020981, 0.0189701858907938, 0.013599414378404617, 0.017730504274368286, 0.008558200672268867, 0.007607690524309874, 0.007931919768452644, 0.010243471711874008, 0.01750163733959198, 0.008377977646887302, 0.007787866517901421, 0.008031479083001614, 0.00820168387144804, 0.007901576347649097, 0.010396694764494896, 0.008973242715001106, 0.008121662773191929, 0.01847950741648674, 0.011822341941297054, 0.009600543417036533, 0.008665039204061031, 0.012691918760538101, 0.017368316650390625, 0.007717111147940159, 0.008245967328548431, 0.008725065737962723, 0.01585528999567032, 0.00978496391326189, 0.008152356371283531, 0.010691506788134575, 0.008556125685572624, 0.00808157678693533, 0.016347836703062057, 0.012999104335904121, 0.016551045700907707, 0.008653529919683933, 0.009845799766480923, 0.008296140469610691, 0.009140743874013424, 0.009163363836705685, 0.0075842635706067085, 0.013736073859035969, 0.011025026440620422, 0.009533373638987541, 0.008455962873995304, 0.011099012568593025, 0.008902755565941334, 0.007712813559919596, 0.008793594315648079, 0.009591110050678253, 0.010687533766031265, 0.008814681321382523]}