{"loss": 0.9188167452812195, "character_probs": [0.016653988510370255, 0.01330774836242199, 0.011258158832788467, 0.014394024387001991, 0.019240116700530052, 0.008135594427585602, 0.011167042888700962, 0.010354200378060341, 0.00868414156138897, 0.008723363280296326, 0.009419378824532032, 0.011842755600810051, 0.010067461058497429, 0.007965962402522564, 0.019299212843179703, 0.008158097043633461, 0.008894369937479496, 0.007741788402199745, 0.007251963019371033, 0.009147565811872482, 0.007136613130569458, 0.01029842346906662, 0.008047891780734062, 0.009018484503030777, 0.008514720015227795, 0.008525229059159756, 0.015460874885320663, 0.008237399160861969, 0.00801716186106205, 0.007919586263597012, 0.007455278653651476, 0.007820957340300083, 0.008299415931105614, 0.008028280921280384, 0.007663965690881014, 0.013008303940296173, 0.007404230069369078, 0.015207157470285892, 0.008049583062529564, 0.01205865666270256, 0.008000005036592484, 0.007661213167011738, 0.007364623248577118, 0.019116755574941635, 0.007319653406739235, 0.007543501909822226, 0.007451975252479315, 0.009949209168553352, 0.007393056992441416, 0.008823473006486893, 0.008624764159321785, 0.008340314030647278, 0.008336737751960754, 0.00847364030778408, 0.007937466725707054, 0.00882742740213871, 0.007255956064909697, 0.007766291499137878, 0.00848223827779293, 0.007829920388758183, 0.007962157018482685, 0.008836446329951286, 0.01043614186346531, 0.01120924111455679, 0.009588886983692646, 0.009708299301564693, 0.009942308999598026, 0.010594259947538376, 0.007329705636948347, 0.009211073629558086, 0.009243992157280445, 0.007710134144872427, 0.010925058275461197, 0.018140660598874092, 0.008912961930036545, 0.007192389573901892, 0.008767081424593925, 0.009143381379544735, 0.007529931608587503], "weapon_probs": [0.031887102872133255, 0.02363668382167816, 0.01051904633641243, 0.019811969250440598, 0.010644195601344109, 0.012756237760186195, 0.021505266427993774, 0.018217790871858597, 0.00906667485833168, 0.010934529826045036, 0.007822257466614246, 0.008719241246581078, 0.011087203398346901, 0.0072825015522539616, 0.009410996921360493, 0.0108180595561862, 0.02068142592906952, 0.00968626607209444, 0.014100493863224983, 0.00966388825327158, 0.011225476861000061, 0.008071641437709332, 0.00834343396127224, 0.010672050528228283, 0.007946116849780083, 0.007823344320058823, 0.009626617655158043, 0.008771293796598911, 0.007968917489051819, 0.015385742299258709, 0.009116259403526783, 0.011260714381933212, 0.013835638761520386, 0.01366574876010418, 0.008668463677167892, 0.00808953307569027, 0.008582674898207188, 0.009443093091249466, 0.009425096213817596, 0.008502666838467121, 0.007893777452409267, 0.008011513389647007, 0.009407068602740765, 0.011556100100278854, 0.022365771234035492, 0.008873675018548965, 0.014544770121574402, 0.00781556498259306, 0.011142238974571228, 0.009461630135774612, 0.011107785627245903, 0.007522266823798418, 0.00806204043328762, 0.010674461722373962, 0.00901164673268795, 0.026647526770830154, 0.009258085861802101, 0.009118408896028996, 0.007605921942740679]}