{"loss": -0.425991028547287, "character_probs": [0.022202733904123306, 0.010538105852901936, 0.015024826861917973, 0.020741909742355347, 0.01100175827741623, 0.010206488892436028, 0.008564319461584091, 0.008986713364720345, 0.008347824215888977, 0.011601789854466915, 0.00906190276145935, 0.007292616181075573, 0.011079259216785431, 0.008385625667870045, 0.009446573443710804, 0.008117623627185822, 0.007510343100875616, 0.01437385380268097, 0.008275369182229042, 0.00751393660902977, 0.009621795266866684, 0.007680916227400303, 0.010044535622000694, 0.007067995145916939, 0.011114541441202164, 0.008253972046077251, 0.00757900346070528, 0.008109098300337791, 0.00732977082952857, 0.008160391822457314, 0.009303136728703976, 0.00785585306584835, 0.008200555108487606, 0.014015136286616325, 0.011518673039972782, 0.014150895178318024, 0.008265660144388676, 0.00846159178763628, 0.010068977251648903, 0.009536359459161758, 0.007602675352245569, 0.009125079028308392, 0.007305485662072897, 0.007877626456320286, 0.009999042376875877, 0.01063529308885336, 0.008325707167387009, 0.009465381503105164, 0.009375818073749542, 0.007911383174359798, 0.00954770389944315, 0.007523050997406244, 0.008018984459340572, 0.013663693331182003, 0.010777465999126434, 0.009565208107233047, 0.0071478658355772495, 0.007540747057646513, 0.008447078987956047, 0.007241263519972563, 0.009794170036911964, 0.013124492019414902, 0.00788083951920271, 0.00958194024860859, 0.008273908868432045, 0.007912750355899334, 0.01403757743537426, 0.00996051449328661, 0.007824024185538292, 0.017229609191417694, 0.007843113504350185, 0.007743570487946272, 0.012314529158174992, 0.011700425297021866, 0.008500690571963787, 0.008560561574995518, 0.008550512604415417, 0.012456562370061874, 0.012866387143731117], "weapon_probs": [0.020043764263391495, 0.01882994920015335, 0.02051525190472603, 0.01753988489508629, 0.01555910985916853, 0.011818489991128445, 0.02079712599515915, 0.010185683146119118, 0.00940128043293953, 0.013349691405892372, 0.007590625900775194, 0.007628795225173235, 0.02269214391708374, 0.011717257089912891, 0.009769377298653126, 0.00985724851489067, 0.009720582515001297, 0.021524153649806976, 0.009156079962849617, 0.008585255593061447, 0.015278167091310024, 0.008864383213222027, 0.00982454139739275, 0.00931135006248951, 0.010724584572017193, 0.007746778428554535, 0.0078038303181529045, 0.007551818620413542, 0.00889566820114851, 0.008405440486967564, 0.008359141647815704, 0.018267257139086723, 0.007718791253864765, 0.0073835887014865875, 0.012320417910814285, 0.011393481865525246, 0.008815471082925797, 0.008323772810399532, 0.011468429118394852, 0.010722044855356216, 0.009212194010615349, 0.007788807153701782, 0.009588238783180714, 0.021713241934776306, 0.011075072921812534, 0.009749759919941425, 0.014809442684054375, 0.009936170652508736, 0.009897307492792606, 0.01647046208381653, 0.016875652596354485, 0.00872676633298397, 0.010288544930517673, 0.009893793612718582, 0.01356765627861023, 0.010269072838127613, 0.018230613321065903, 0.008304115384817123, 0.010775313712656498]}