{"loss": 0.396581768989563, "character_probs": [0.015900084748864174, 0.013463946059346199, 0.02430209517478943, 0.01203620620071888, 0.007901951670646667, 0.013238221406936646, 0.011891378089785576, 0.013777169398963451, 0.008340348489582539, 0.007635594345629215, 0.008051909506320953, 0.009607953019440174, 0.007807988673448563, 0.010556732304394245, 0.00877754483371973, 0.010177872143685818, 0.010378316044807434, 0.008037998341023922, 0.011293090879917145, 0.009718913584947586, 0.012004957534372807, 0.0075643062591552734, 0.007437622640281916, 0.008745999075472355, 0.0073122866451740265, 0.007419274654239416, 0.009006812237203121, 0.00882670283317566, 0.009588569402694702, 0.010222727432847023, 0.008074039593338966, 0.009642328135669231, 0.0070849256590008736, 0.007629243191331625, 0.007830263115465641, 0.012267561629414558, 0.010883580893278122, 0.007992785423994064, 0.009230446070432663, 0.007723728660494089, 0.007856719195842743, 0.00932694785296917, 0.00977864395827055, 0.0077439164742827415, 0.007471245713531971, 0.00996239110827446, 0.007484508212655783, 0.01199345849454403, 0.007812286727130413, 0.008245742879807949, 0.01491398736834526, 0.010375446639955044, 0.008135159499943256, 0.00794911291450262, 0.007548778783529997, 0.007474156096577644, 0.01094825193285942, 0.007997187785804272, 0.013886731117963791, 0.007986519485712051, 0.007890014909207821, 0.01799948327243328, 0.009267489425837994, 0.008085155859589577, 0.0078073665499687195, 0.007355501875281334, 0.008746268227696419, 0.007262514438480139, 0.010895570740103722, 0.007212494499981403, 0.014606986194849014, 0.01099303923547268, 0.0075196772813797, 0.008615498431026936, 0.007888284511864185, 0.009204961359500885, 0.013851331546902657, 0.015479459427297115, 0.008273729123175144], "weapon_probs": [0.018987787887454033, 0.01989549770951271, 0.040754351764917374, 0.013252753764390945, 0.011615682393312454, 0.010354313999414444, 0.017140692099928856, 0.009661633521318436, 0.008804833516478539, 0.009804327972233295, 0.019375070929527283, 0.012101054191589355, 0.008095663972198963, 0.00810224749147892, 0.009662462398409843, 0.010022906586527824, 0.0076400949619710445, 0.008256439119577408, 0.007981772534549236, 0.020284928381443024, 0.01416178047657013, 0.012195444665849209, 0.011249843053519726, 0.0086256954818964, 0.007257992401719093, 0.007727635558694601, 0.008434047922492027, 0.008716577664017677, 0.013043485581874847, 0.008287530392408371, 0.010075275786221027, 0.007813435979187489, 0.007345170713961124, 0.009473537094891071, 0.009587833657860756, 0.007823196239769459, 0.010656943544745445, 0.013873815536499023, 0.009593945927917957, 0.013716405257582664, 0.00993414968252182, 0.00871452409774065, 0.009692223742604256, 0.018808692693710327, 0.017229583114385605, 0.015731990337371826, 0.014281566254794598, 0.01256597600877285, 0.008241652511060238, 0.010338636115193367, 0.007560261525213718, 0.008006670512259007, 0.009151973761618137, 0.013431696221232414, 0.009472751058638096, 0.018910549581050873, 0.008179249241948128, 0.008835157379508018, 0.029142282903194427]}