{"loss": 0.9538462162017822, "character_probs": [0.010844944976270199, 0.014663180336356163, 0.021809730678796768, 0.014996981248259544, 0.011776959523558617, 0.008028681389987469, 0.009485132992267609, 0.015270768664777279, 0.01231355406343937, 0.009286167100071907, 0.011805405840277672, 0.00783386081457138, 0.0096675343811512, 0.010792193934321404, 0.007667715661227703, 0.00908183678984642, 0.008864758536219597, 0.00938631035387516, 0.01038084365427494, 0.007883726619184017, 0.00989832915365696, 0.0071547976695001125, 0.007820414379239082, 0.007408117409795523, 0.007975736632943153, 0.007926808670163155, 0.007771792821586132, 0.010974720120429993, 0.010664490051567554, 0.0084926076233387, 0.008243143558502197, 0.015859782695770264, 0.007074072957038879, 0.008984585292637348, 0.01305221114307642, 0.00950641743838787, 0.007364075165241957, 0.008309845812618732, 0.007399400696158409, 0.010221822187304497, 0.007386519107967615, 0.008131605572998524, 0.011250868439674377, 0.007444117218255997, 0.008646409958600998, 0.012309843674302101, 0.007730165496468544, 0.007391131948679686, 0.009105868637561798, 0.011008085682988167, 0.008357707411050797, 0.007203511893749237, 0.00867617316544056, 0.00762991514056921, 0.00861328188329935, 0.009179162792861462, 0.014910473488271236, 0.00819412898272276, 0.008370641618967056, 0.01014588214457035, 0.008748166263103485, 0.010712207295000553, 0.008616084232926369, 0.007845493964850903, 0.009812724776566029, 0.0073493774980306625, 0.007986441254615784, 0.011025754734873772, 0.009208905510604382, 0.00789392925798893, 0.007495674770325422, 0.010182835161685944, 0.020020265132188797, 0.016187818720936775, 0.008108658716082573, 0.00912525039166212, 0.009151572361588478, 0.008341263048350811, 0.008590021170675755], "weapon_probs": [0.02713026851415634, 0.01832893304526806, 0.018149077892303467, 0.013667194172739983, 0.011745419353246689, 0.038057148456573486, 0.01276595052331686, 0.01016818918287754, 0.00879446230828762, 0.007675487082451582, 0.009127846919000149, 0.012344012968242168, 0.009153015911579132, 0.015119408257305622, 0.008480723947286606, 0.00946061685681343, 0.009853930212557316, 0.008297491818666458, 0.00912341196089983, 0.025984324514865875, 0.011023510247468948, 0.007922159507870674, 0.009778275154531002, 0.008102292194962502, 0.009760958142578602, 0.008630042895674706, 0.008672413416206837, 0.008943694643676281, 0.008359492756426334, 0.01878354512155056, 0.010885026305913925, 0.009136770851910114, 0.008629854768514633, 0.007718995213508606, 0.008318079635500908, 0.007855642586946487, 0.007230775896459818, 0.008309531025588512, 0.015688449144363403, 0.009284228086471558, 0.011607528664171696, 0.008616907522082329, 0.007268089801073074, 0.007709044497460127, 0.013449599966406822, 0.007458644453436136, 0.009858648292720318, 0.008405187167227268, 0.010910197161138058, 0.007713706232607365, 0.015605957247316837, 0.012007204815745354, 0.00940437987446785, 0.0077558280900120735, 0.029151443392038345, 0.009987849742174149, 0.008627720177173615, 0.01487168949097395, 0.012948263436555862]}