{"loss": 0.6614239811897278, "character_probs": [0.03653671592473984, 0.01428748294711113, 0.008419837802648544, 0.011113235726952553, 0.012112502939999104, 0.011285502463579178, 0.008822586387395859, 0.008169815875589848, 0.0077233100309967995, 0.014353953301906586, 0.011896511539816856, 0.009124698117375374, 0.009524188004434109, 0.010119069367647171, 0.008909881114959717, 0.008360219188034534, 0.007258616387844086, 0.00738458102568984, 0.009900364093482494, 0.009059501811861992, 0.007961397990584373, 0.010558972135186195, 0.010762378573417664, 0.00923694483935833, 0.00802784226834774, 0.007929451763629913, 0.007764869835227728, 0.007633348926901817, 0.007813903503119946, 0.009899045340716839, 0.008676891215145588, 0.008369067683815956, 0.00779592152684927, 0.007440320681780577, 0.008051264099776745, 0.007205119356513023, 0.012938106432557106, 0.008119349367916584, 0.007618983741849661, 0.008102718740701675, 0.0076379477977752686, 0.0077623026445508, 0.009223267436027527, 0.009310074150562286, 0.007277389522641897, 0.011231467127799988, 0.0074861315079033375, 0.007959151640534401, 0.016595127061009407, 0.008314392529428005, 0.008238792419433594, 0.007486262358725071, 0.008652515709400177, 0.007320757023990154, 0.00752772344276309, 0.00982560683041811, 0.00914076529443264, 0.00801901426166296, 0.010730819776654243, 0.010761020705103874, 0.010701431892812252, 0.009246345609426498, 0.008940649218857288, 0.010442184284329414, 0.007676003035157919, 0.008389239199459553, 0.00817913468927145, 0.010858298279345036, 0.01264521386474371, 0.009147542528808117, 0.0072472975589334965, 0.010303040966391563, 0.007214082404971123, 0.009765936993062496, 0.015443104319274426, 0.01412438228726387, 0.010432164184749126, 0.007730355020612478, 0.010325537994503975], "weapon_probs": [0.026041913777589798, 0.01997338980436325, 0.019109554588794708, 0.015188820660114288, 0.011160101741552353, 0.014599534682929516, 0.03155010566115379, 0.015431943349540234, 0.01126113347709179, 0.008357429876923561, 0.014685465022921562, 0.007636401802301407, 0.011979170143604279, 0.012454545125365257, 0.007064132019877434, 0.01137024350464344, 0.007455939427018166, 0.01048844400793314, 0.01312941499054432, 0.007362512405961752, 0.008977677673101425, 0.011889315210282803, 0.009137118235230446, 0.0080605773255229, 0.007853629067540169, 0.00767535949125886, 0.008135698735713959, 0.008846158161759377, 0.01144859567284584, 0.011108199134469032, 0.008970490656793118, 0.008456208743155003, 0.01075316034257412, 0.008467650972306728, 0.0076217311434447765, 0.013023869134485722, 0.008170810528099537, 0.010603188537061214, 0.0077778249979019165, 0.008381676860153675, 0.02849958837032318, 0.007563876453787088, 0.014258255250751972, 0.008335079997777939, 0.022664107382297516, 0.00807487964630127, 0.008221670985221863, 0.015110984444618225, 0.010091924108564854, 0.007606164552271366, 0.009075372479856014, 0.009532780386507511, 0.008335213176906109, 0.00769108347594738, 0.009263771586120129, 0.011855406686663628, 0.011797190643846989, 0.0077590481378138065, 0.011171679012477398]}