{"loss": 0.05274781584739685, "character_probs": [0.02455604076385498, 0.01190306805074215, 0.015622900798916817, 0.00956142321228981, 0.012064170092344284, 0.011804665438830853, 0.008393845520913601, 0.007780661806464195, 0.010398656129837036, 0.008685753680765629, 0.011501096189022064, 0.010484031401574612, 0.007651953957974911, 0.011889994144439697, 0.011422066017985344, 0.010027139447629452, 0.008740624412894249, 0.008646052330732346, 0.009055981412529945, 0.013123879209160805, 0.008863727562129498, 0.008090179413557053, 0.011457324028015137, 0.0071243359707295895, 0.008399100042879581, 0.009035691618919373, 0.00880996510386467, 0.0076839211396873, 0.007163009140640497, 0.008387207984924316, 0.012795940041542053, 0.00797273125499487, 0.011750703677535057, 0.007203906774520874, 0.008073276840150356, 0.00741267716512084, 0.008026748895645142, 0.007397451438009739, 0.0071910228580236435, 0.009891388937830925, 0.011920146644115448, 0.014364193193614483, 0.010622765868902206, 0.009102769196033478, 0.007568826898932457, 0.008386265486478806, 0.00844064261764288, 0.008194929920136929, 0.008280174806714058, 0.00770721398293972, 0.010926991701126099, 0.008358202874660492, 0.009533651173114777, 0.009091828018426895, 0.007451657205820084, 0.007872072979807854, 0.009091125801205635, 0.00760687468573451, 0.007355900481343269, 0.01398814469575882, 0.012253311462700367, 0.014381409622728825, 0.008228073827922344, 0.008639686740934849, 0.009837192483246326, 0.009323801845312119, 0.008577222004532814, 0.011800034902989864, 0.007796451449394226, 0.007373084779828787, 0.00962406862527132, 0.013590219430625439, 0.007716987282037735, 0.007985078729689121, 0.00849949475377798, 0.01337345689535141, 0.009994860738515854, 0.009576535783708096, 0.009822498075664043], "weapon_probs": [0.015802636742591858, 0.010401951149106026, 0.026079222559928894, 0.029499422758817673, 0.012758618220686913, 0.013095082715153694, 0.017420660704374313, 0.00900392234325409, 0.011622671037912369, 0.01406904123723507, 0.019290393218398094, 0.014050440862774849, 0.009854055009782314, 0.008785063400864601, 0.015107444487512112, 0.013612998649477959, 0.008530642837285995, 0.008367241360247135, 0.008403931744396687, 0.009350738488137722, 0.007772224955260754, 0.012034453451633453, 0.01603265479207039, 0.008143505081534386, 0.009735429659485817, 0.012647444382309914, 0.0073481067083776, 0.008664765395224094, 0.009005297906696796, 0.008235395886003971, 0.010988006368279457, 0.0075861429795622826, 0.007519011851400137, 0.014250103384256363, 0.009042478166520596, 0.009292200207710266, 0.0072776502929627895, 0.008240784518420696, 0.008350674994289875, 0.011152511462569237, 0.012511867098510265, 0.008143304847180843, 0.010467774234712124, 0.008027847856283188, 0.009693868458271027, 0.01305452361702919, 0.00820167176425457, 0.009574349969625473, 0.021636441349983215, 0.02579464390873909, 0.020954351872205734, 0.008553586900234222, 0.009238971397280693, 0.010150478221476078, 0.02015054225921631, 0.011038796976208687, 0.008286135271191597, 0.01554048527032137, 0.015384061262011528]}