{"loss": -0.011759787797927856, "character_probs": [0.016273749992251396, 0.009154128842055798, 0.016725758090615273, 0.01665351912379265, 0.01034044660627842, 0.010259605944156647, 0.014675180427730083, 0.008822482079267502, 0.016265321522951126, 0.010727795772254467, 0.010950857773423195, 0.007417605258524418, 0.008335364982485771, 0.012944288551807404, 0.008316791616380215, 0.012243463657796383, 0.008369946852326393, 0.008855244144797325, 0.007619846146553755, 0.007729712408035994, 0.00983317568898201, 0.008574883453547955, 0.012371685355901718, 0.011295188218355179, 0.008643889799714088, 0.009472919628024101, 0.007646440993994474, 0.008059286512434483, 0.008250019513070583, 0.009789043106138706, 0.007260734215378761, 0.007204604335129261, 0.007665239740163088, 0.009683043695986271, 0.008293728344142437, 0.010261347517371178, 0.008076142519712448, 0.008631707169115543, 0.009867376647889614, 0.008733313530683517, 0.00882375705987215, 0.007372185587882996, 0.007120991125702858, 0.007675590459257364, 0.008806906640529633, 0.008045819588005543, 0.00990289170295, 0.007915673777461052, 0.00873014610260725, 0.009915555827319622, 0.008678097277879715, 0.008924595080316067, 0.007632466033101082, 0.012279505841434002, 0.0073668742552399635, 0.009248025715351105, 0.008719047531485558, 0.007713301572948694, 0.007615276612341404, 0.007934259250760078, 0.00742484163492918, 0.030802149325609207, 0.007475779391825199, 0.0077049932442605495, 0.00910368375480175, 0.009455418214201927, 0.007867511361837387, 0.007618684321641922, 0.010364025831222534, 0.010175399482250214, 0.008570916019380093, 0.007604502607136965, 0.007913858629763126, 0.008250482380390167, 0.022102173417806625, 0.0095739234238863, 0.008617140352725983, 0.008138347417116165, 0.009412986226379871], "weapon_probs": [0.025836050510406494, 0.021007750183343887, 0.03298654779791832, 0.01151995174586773, 0.015748199075460434, 0.009723042137920856, 0.013440287671983242, 0.014821899123489857, 0.009134933352470398, 0.007838232442736626, 0.010749952867627144, 0.009388402104377747, 0.00887305848300457, 0.009044215083122253, 0.01697709783911705, 0.020038088783621788, 0.00979641079902649, 0.012570926919579506, 0.009814414195716381, 0.007803577464073896, 0.01130419597029686, 0.008249791339039803, 0.011429142206907272, 0.010676094330847263, 0.010715372860431671, 0.007952756248414516, 0.008337424136698246, 0.008647958748042583, 0.011805511079728603, 0.007306773215532303, 0.00970558263361454, 0.009087503887712955, 0.008499585092067719, 0.009772702120244503, 0.009386030025780201, 0.009683523327112198, 0.008090135641396046, 0.008010310120880604, 0.020447079092264175, 0.011470647528767586, 0.0071097775362432, 0.013020273298025131, 0.010414093732833862, 0.013124523684382439, 0.008510272949934006, 0.01683250069618225, 0.008826990611851215, 0.010908285155892372, 0.009552261792123318, 0.009532393887639046, 0.014820408076047897, 0.008147643879055977, 0.009081807918846607, 0.010421933606266975, 0.009153622202575207, 0.007260456681251526, 0.008539990521967411, 0.010349581949412823, 0.010827038437128067]}