{"loss": -0.9475641846656799, "character_probs": [0.03224054351449013, 0.011805175803601742, 0.01071241870522499, 0.009188703261315823, 0.007947721518576145, 0.011085115373134613, 0.015542153269052505, 0.008334556594491005, 0.008214602246880531, 0.014100438915193081, 0.01123104803264141, 0.00883248820900917, 0.009660298936069012, 0.009317351505160332, 0.012078670784831047, 0.007541840896010399, 0.007994988933205605, 0.009482605382800102, 0.007564113941043615, 0.007989891804754734, 0.008097373880445957, 0.007938409224152565, 0.008875549770891666, 0.012600521557033062, 0.007932741194963455, 0.007169331423938274, 0.010712666437029839, 0.00882842019200325, 0.0075406464748084545, 0.007119275629520416, 0.008260391652584076, 0.007668487727642059, 0.007905341684818268, 0.014608828350901604, 0.008284593932330608, 0.008770320564508438, 0.008077100850641727, 0.009437954053282738, 0.00874547939747572, 0.010376840829849243, 0.009357985109090805, 0.008116515353322029, 0.009325576946139336, 0.0078078992664813995, 0.007587901316583157, 0.010629018768668175, 0.008274990133941174, 0.0083899712190032, 0.010327709838747978, 0.00858767144382, 0.007763624656945467, 0.01316084899008274, 0.007532511372119188, 0.010035342536866665, 0.007532848510891199, 0.009362069889903069, 0.007619289681315422, 0.008490878157317638, 0.008943081833422184, 0.01858491078019142, 0.009930085390806198, 0.009789555333554745, 0.009118188172578812, 0.010169721208512783, 0.010078360326588154, 0.009484237991273403, 0.008968747220933437, 0.008310297504067421, 0.008064438588917255, 0.010528141632676125, 0.007867003791034222, 0.00812919344753027, 0.009273278526961803, 0.009235380217432976, 0.011346418410539627, 0.010934427380561829, 0.008216015994548798, 0.007491377182304859, 0.009316472336649895], "weapon_probs": [0.016483450308442116, 0.028378233313560486, 0.018433641642332077, 0.03956689313054085, 0.010763324797153473, 0.01230060588568449, 0.01026378944516182, 0.011289836838841438, 0.008109821006655693, 0.008014771156013012, 0.010750084184110165, 0.009936630725860596, 0.00800519809126854, 0.01100737415254116, 0.013303380459547043, 0.007496941834688187, 0.02606198564171791, 0.00808393768966198, 0.008659176528453827, 0.0093041080981493, 0.011543912813067436, 0.00805889442563057, 0.009202861227095127, 0.008383716456592083, 0.0074718305841088295, 0.007358971517533064, 0.007649282459169626, 0.008370276540517807, 0.008782324381172657, 0.0101758548989892, 0.009919778443872929, 0.010424112901091576, 0.008773023262619972, 0.019619859755039215, 0.012915274128317833, 0.00730545911937952, 0.011987665668129921, 0.008362074382603168, 0.007870303466916084, 0.010741941630840302, 0.010288460180163383, 0.02029990404844284, 0.010156981647014618, 0.008988785557448864, 0.008299514651298523, 0.00835113599896431, 0.011956963688135147, 0.00822737067937851, 0.011132007464766502, 0.010329445824027061, 0.01845511794090271, 0.009364397265017033, 0.011755933985114098, 0.011146880686283112, 0.01998196542263031, 0.02591656520962715, 0.01219976507127285, 0.01140307541936636, 0.012485018000006676]}