{"loss": 0.28461915254592896, "character_probs": [0.011086320504546165, 0.021651525050401688, 0.008811641484498978, 0.01560564711689949, 0.012900266796350479, 0.020763445645570755, 0.010155845433473587, 0.010729143396019936, 0.007869462482631207, 0.01282181590795517, 0.007777723949402571, 0.008091523312032223, 0.008479291573166847, 0.007297895848751068, 0.010375314392149448, 0.015525657683610916, 0.009344568476080894, 0.008986800909042358, 0.007952259853482246, 0.008191228844225407, 0.007402902469038963, 0.007561543490737677, 0.008193275891244411, 0.009201044216752052, 0.009221913293004036, 0.008115601725876331, 0.0077875349670648575, 0.008742290548980236, 0.007701285183429718, 0.0076215616427361965, 0.008399369195103645, 0.012283273041248322, 0.007600425276905298, 0.007620247080922127, 0.00814916379749775, 0.01100110076367855, 0.00841367058455944, 0.008601841516792774, 0.008218321017920971, 0.01264123059809208, 0.007460367400199175, 0.011466596275568008, 0.01189389917999506, 0.008708316832780838, 0.00797236431390047, 0.008729115128517151, 0.014099804684519768, 0.00792257022112608, 0.007548853754997253, 0.008097751066088676, 0.010820130817592144, 0.008607755415141582, 0.0086636608466506, 0.010098868049681187, 0.010896516963839531, 0.011492721736431122, 0.008056371472775936, 0.00844991859048605, 0.007935636676847935, 0.011307599022984505, 0.008541066199541092, 0.007547512650489807, 0.008390858769416809, 0.009280748665332794, 0.009001148864626884, 0.007597095798701048, 0.007841519080102444, 0.008897551335394382, 0.00912785716354847, 0.00914746057242155, 0.008658293634653091, 0.011026108637452126, 0.009828087873756886, 0.010498987510800362, 0.008137387223541737, 0.012189848348498344, 0.01797102391719818, 0.013526076450943947, 0.007965867407619953], "weapon_probs": [0.0278690867125988, 0.014879349619150162, 0.02537790685892105, 0.015168966725468636, 0.011964123696088791, 0.01543323416262865, 0.013119918294250965, 0.009064668789505959, 0.01265357993543148, 0.010402612388134003, 0.00940763857215643, 0.014373818412423134, 0.012466518208384514, 0.011952403001487255, 0.009753475897014141, 0.013234388083219528, 0.008580511435866356, 0.008543501608073711, 0.008618972264230251, 0.009710711427032948, 0.015831995755434036, 0.0073931459337472916, 0.011438224464654922, 0.008390155620872974, 0.008661304600536823, 0.009533441625535488, 0.008772522211074829, 0.01440605241805315, 0.014510128647089005, 0.011049704626202583, 0.008506127633154392, 0.0077674961648881435, 0.025732342153787613, 0.012800056487321854, 0.008060963824391365, 0.008134741336107254, 0.00774310203269124, 0.008574134670197964, 0.009579803794622421, 0.011667737737298012, 0.019394168630242348, 0.00925703626126051, 0.007789179682731628, 0.008473405614495277, 0.012819528579711914, 0.0077088070102036, 0.007403654046356678, 0.015563303604722023, 0.008145323023200035, 0.013651758432388306, 0.012045539915561676, 0.010363530367612839, 0.019443722441792488, 0.015199772082269192, 0.017873866483569145, 0.011371547356247902, 0.009862867183983326, 0.010145421139895916, 0.014119377359747887]}