{"loss": -0.7007322311401367, "character_probs": [0.013553399592638016, 0.009752030484378338, 0.025292757898569107, 0.014131952077150345, 0.008097337558865547, 0.01187162660062313, 0.013907698914408684, 0.009084791876375675, 0.014639083296060562, 0.007519350852817297, 0.00877746008336544, 0.01292288675904274, 0.00785963237285614, 0.01396248210221529, 0.007980162277817726, 0.009072869084775448, 0.007560539059340954, 0.007881333120167255, 0.0071128602139651775, 0.00956498272716999, 0.007854681462049484, 0.009494274854660034, 0.007728703320026398, 0.0077379485592246056, 0.007943243719637394, 0.008017291314899921, 0.007552608847618103, 0.007882580161094666, 0.012748762965202332, 0.008226549252867699, 0.00881476141512394, 0.008058407343924046, 0.00900400523096323, 0.007342368829995394, 0.009057193994522095, 0.009072909131646156, 0.00817081332206726, 0.015468546189367771, 0.009185055270791054, 0.007522347383201122, 0.007797865197062492, 0.00906541757285595, 0.009205720387399197, 0.010686559602618217, 0.007748739328235388, 0.007511782925575972, 0.00869837123900652, 0.010305101051926613, 0.013464534655213356, 0.007534431293606758, 0.007194455247372389, 0.008109884336590767, 0.013422710821032524, 0.011444078758358955, 0.008137023076415062, 0.010455033741891384, 0.007930032908916473, 0.00882741529494524, 0.008055162616074085, 0.008181169629096985, 0.03057088702917099, 0.007680301088839769, 0.007916737347841263, 0.007876711897552013, 0.007303406484425068, 0.011379564180970192, 0.0075674583204090595, 0.013367291539907455, 0.007630335167050362, 0.009816640987992287, 0.007190435193479061, 0.007344850338995457, 0.008221508003771305, 0.00906991958618164, 0.010348852723836899, 0.011535542085766792, 0.00777528015896678, 0.010794822126626968, 0.02080914005637169], "weapon_probs": [0.01654735952615738, 0.025484692305326462, 0.015170609578490257, 0.017994772642850876, 0.011396897956728935, 0.011227300390601158, 0.02015034854412079, 0.01181933842599392, 0.011661889031529427, 0.011895788833498955, 0.012581709772348404, 0.013094741851091385, 0.013828732073307037, 0.012396135367453098, 0.019573358818888664, 0.008376175537705421, 0.010640332475304604, 0.010067112743854523, 0.009209791198372841, 0.013514037244021893, 0.009100623428821564, 0.008747035637497902, 0.008993446826934814, 0.007937334477901459, 0.01918686367571354, 0.010243270546197891, 0.007437469437718391, 0.009349625557661057, 0.007780088577419519, 0.008821343071758747, 0.009623357094824314, 0.011503559537231922, 0.007605823688209057, 0.021869193762540817, 0.010113086551427841, 0.008376752957701683, 0.009137963876128197, 0.012012684717774391, 0.01333659142255783, 0.009436051361262798, 0.010994704440236092, 0.009075552225112915, 0.010464930906891823, 0.0091515202075243, 0.008984518237411976, 0.012377006933093071, 0.008374949917197227, 0.007549563888460398, 0.011029626242816448, 0.008192048408091068, 0.01105792261660099, 0.029377810657024384, 0.010147524066269398, 0.01000033039599657, 0.007255206815898418, 0.008345297537744045, 0.008033056743443012, 0.014091070741415024, 0.013378695584833622]}