{"loss": 0.68616783618927, "character_probs": [0.01916821114718914, 0.014182236045598984, 0.014117995277047157, 0.013370368629693985, 0.008216808550059795, 0.02109542489051819, 0.009727727621793747, 0.009237587451934814, 0.009476318955421448, 0.01250545121729374, 0.007944042794406414, 0.00866324920207262, 0.015653658658266068, 0.009273814037442207, 0.007103456649929285, 0.008641033433377743, 0.008230618201196194, 0.010467009618878365, 0.008680414408445358, 0.007719558198004961, 0.009076753631234169, 0.01110478863120079, 0.007328024134039879, 0.01038900576531887, 0.008251853287220001, 0.008540432900190353, 0.008474985137581825, 0.009036380797624588, 0.007333734072744846, 0.007467919494956732, 0.00845325831323862, 0.007317196577787399, 0.008867667056620121, 0.008220701478421688, 0.007926528342068195, 0.007460888475179672, 0.0073263440281152725, 0.009105096571147442, 0.012274203822016716, 0.009781554341316223, 0.009823380038142204, 0.010910730808973312, 0.010589592158794403, 0.008059290237724781, 0.00964537262916565, 0.007617542520165443, 0.007520330138504505, 0.009819993749260902, 0.011521200649440289, 0.008783223107457161, 0.011646649800240993, 0.007191650103777647, 0.00990944355726242, 0.010640358552336693, 0.00819107610732317, 0.007348405197262764, 0.007793492171913385, 0.007553499191999435, 0.007909232750535011, 0.008179891854524612, 0.0076416232623159885, 0.012877266854047775, 0.013510171324014664, 0.007821588777005672, 0.012856611981987953, 0.007194111123681068, 0.009317419491708279, 0.010523039847612381, 0.007993767037987709, 0.008304821327328682, 0.008952388539910316, 0.011073026806116104, 0.007564058527350426, 0.01515131164342165, 0.010702796280384064, 0.011164354160428047, 0.010079191997647285, 0.008050944656133652, 0.008865403942763805], "weapon_probs": [0.028125837445259094, 0.026105720549821854, 0.010225470177829266, 0.009688007645308971, 0.01204601302742958, 0.02624373510479927, 0.012698736041784286, 0.011006523855030537, 0.01219859067350626, 0.015040758065879345, 0.011032448150217533, 0.00896443985402584, 0.0078080762177705765, 0.007331488188356161, 0.02188761718571186, 0.011913804337382317, 0.007308490574359894, 0.007885705679655075, 0.007648540660738945, 0.007231801748275757, 0.014074595645070076, 0.007694373372942209, 0.009678691625595093, 0.009902410209178925, 0.011258069425821304, 0.014390788972377777, 0.025227252393960953, 0.007697327993810177, 0.012997731566429138, 0.007608973886817694, 0.010874936357140541, 0.008937967009842396, 0.009198464453220367, 0.0077679953537881374, 0.008379914797842503, 0.013157518580555916, 0.007863358594477177, 0.009185907430946827, 0.009161545895040035, 0.00930397305637598, 0.008664598688483238, 0.016691595315933228, 0.010108946822583675, 0.012595241889357567, 0.015060116536915302, 0.010501677170395851, 0.00974435918033123, 0.008245950564742088, 0.009523083455860615, 0.009373608976602554, 0.008938752114772797, 0.00889783725142479, 0.011654829606413841, 0.02043299376964569, 0.015201847068965435, 0.014719480648636818, 0.007634610868990421, 0.009185075759887695, 0.01585318148136139]}