{"loss": 0.9704242944717407, "character_probs": [0.0184056144207716, 0.01101677492260933, 0.013979827985167503, 0.0147877037525177, 0.01040736585855484, 0.020436197519302368, 0.007734880317002535, 0.012284420430660248, 0.014940149150788784, 0.008364411070942879, 0.007977485656738281, 0.010950731113553047, 0.009379217401146889, 0.010654864832758904, 0.0085675660520792, 0.01237425860017538, 0.007391451392322779, 0.008095153607428074, 0.007461288943886757, 0.011925952509045601, 0.010344425216317177, 0.011513609439134598, 0.00844308827072382, 0.007725697010755539, 0.008727144449949265, 0.01045577134937048, 0.007862132973968983, 0.007693606894463301, 0.008023482747375965, 0.009120546281337738, 0.007743011694401503, 0.007951968349516392, 0.009055204689502716, 0.00798184983432293, 0.009427225217223167, 0.007280002348124981, 0.007149254437536001, 0.009870072826743126, 0.012642808258533478, 0.007919220253825188, 0.00730480533093214, 0.009206779301166534, 0.009492460638284683, 0.007236108183860779, 0.00796683318912983, 0.007423334755003452, 0.012539608404040337, 0.007590152323246002, 0.007503763306885958, 0.007754163816571236, 0.007850134745240211, 0.008321595378220081, 0.009433639235794544, 0.007804493885487318, 0.008023852482438087, 0.008027742616832256, 0.007888345047831535, 0.010320629924535751, 0.0115436352789402, 0.007385400589555502, 0.010794930160045624, 0.009907134808599949, 0.009495516307651997, 0.010761796496808529, 0.011859617196023464, 0.009783691726624966, 0.008894158527255058, 0.007329680025577545, 0.010367822833359241, 0.009113894775509834, 0.007576268631964922, 0.008260877802968025, 0.009164455346763134, 0.007904352620244026, 0.01911764033138752, 0.007696451153606176, 0.007626247592270374, 0.014566726982593536, 0.00804761704057455], "weapon_probs": [0.02589401975274086, 0.009404127486050129, 0.0357348695397377, 0.00998842902481556, 0.008908281102776527, 0.03371915966272354, 0.010034711100161076, 0.00842536985874176, 0.0076895966194570065, 0.022507600486278534, 0.011197246611118317, 0.007765462622046471, 0.016469426453113556, 0.010610874742269516, 0.011903630569577217, 0.011950054205954075, 0.008916185237467289, 0.008073597215116024, 0.00866024848073721, 0.014847350306808949, 0.008052734658122063, 0.008728822693228722, 0.007857677526772022, 0.008694490417838097, 0.009602164849638939, 0.00722051365301013, 0.013070333749055862, 0.00947057455778122, 0.008169854059815407, 0.008991813287138939, 0.010790852829813957, 0.007342110387980938, 0.007237874902784824, 0.009300993755459785, 0.011287077330052853, 0.012735573574900627, 0.008254499174654484, 0.018774565309286118, 0.008347684517502785, 0.008946237154304981, 0.009647425264120102, 0.009095326997339725, 0.00965050607919693, 0.008621800690889359, 0.011235438287258148, 0.011061028577387333, 0.01003354974091053, 0.00891899038106203, 0.007976471446454525, 0.013559399172663689, 0.008773766458034515, 0.009199445135891438, 0.01363830640912056, 0.017139285802841187, 0.019711675122380257, 0.008540627546608448, 0.00995597429573536, 0.02594064176082611, 0.013675757683813572]}