{"loss": 0.6729897260665894, "character_probs": [0.03432732820510864, 0.01442397478967905, 0.01370694488286972, 0.008019295521080494, 0.009766011498868465, 0.0085041094571352, 0.012932483106851578, 0.009706457145512104, 0.01067234668880701, 0.011553924530744553, 0.007308565080165863, 0.007567062508314848, 0.009244122542440891, 0.0089285708963871, 0.009489404037594795, 0.012111864984035492, 0.007305237930268049, 0.010678214952349663, 0.007568632252514362, 0.007241405081003904, 0.012737183831632137, 0.007407719735056162, 0.007296775467693806, 0.007734914310276508, 0.010205995291471481, 0.007385446690022945, 0.007965204305946827, 0.007250445894896984, 0.00896755512803793, 0.007959800772368908, 0.009701019152998924, 0.007842177525162697, 0.007232348434627056, 0.008790764026343822, 0.01042381301522255, 0.008661683648824692, 0.007699229288846254, 0.011524442583322525, 0.011652180925011635, 0.00897599384188652, 0.008384174667298794, 0.0084134042263031, 0.010345088317990303, 0.007582554593682289, 0.012134721502661705, 0.01201955322176218, 0.007132105063647032, 0.007262995466589928, 0.009997207671403885, 0.011634716764092445, 0.008762769401073456, 0.007276562042534351, 0.007446215488016605, 0.008622443303465843, 0.012231659144163132, 0.008355272002518177, 0.007282297592610121, 0.007706854492425919, 0.008683822117745876, 0.007688998710364103, 0.00910564698278904, 0.007507712114602327, 0.010472001507878304, 0.009539296850562096, 0.008613222278654575, 0.013810649514198303, 0.011396028101444244, 0.010189523920416832, 0.00925974640995264, 0.0073936618864536285, 0.011521751992404461, 0.00987162347882986, 0.007970878854393959, 0.010093463584780693, 0.01587562821805477, 0.007186134811490774, 0.008961645886301994, 0.013535672798752785, 0.009961314499378204], "weapon_probs": [0.021857984364032745, 0.03710649907588959, 0.011506352573633194, 0.010271668434143066, 0.0167476125061512, 0.014214737340807915, 0.008981537073850632, 0.01656441017985344, 0.014738199301064014, 0.010922450572252274, 0.008902250789105892, 0.00784996896982193, 0.018274877220392227, 0.010695448145270348, 0.008809471502900124, 0.012715879827737808, 0.014504816383123398, 0.010043734684586525, 0.010379360988736153, 0.007831200025975704, 0.011172007769346237, 0.008593155071139336, 0.009802615270018578, 0.012615116313099861, 0.008172661066055298, 0.008652521297335625, 0.013973181135952473, 0.007853195071220398, 0.008633204735815525, 0.008001971058547497, 0.007273456547409296, 0.009375719353556633, 0.02519858628511429, 0.008940843865275383, 0.010986995883286, 0.008122768253087997, 0.00857209600508213, 0.008370064198970795, 0.009872428141534328, 0.016337253153324127, 0.008550725877285004, 0.012092359364032745, 0.007626676931977272, 0.009591708891093731, 0.009852832183241844, 0.01188663113862276, 0.012817146256566048, 0.00996040552854538, 0.007996806874871254, 0.009694453328847885, 0.010666037909686565, 0.009643238969147205, 0.010768438689410686, 0.01108674518764019, 0.010424849577248096, 0.02369508147239685, 0.012595642358064651, 0.012953006662428379, 0.00785081461071968]}