{"loss": 0.8749310374259949, "character_probs": [0.02081361971795559, 0.025256235152482986, 0.009211243130266666, 0.01124332845211029, 0.00844605639576912, 0.011147781275212765, 0.009335000067949295, 0.008166491985321045, 0.009570454247295856, 0.011821859516203403, 0.010238466784358025, 0.011537938378751278, 0.009843732230365276, 0.009221360087394714, 0.008497483097016811, 0.011033403687179089, 0.015054148621857166, 0.014882741495966911, 0.008053643628954887, 0.007769484538584948, 0.008024579845368862, 0.008139201439917088, 0.009607823565602303, 0.009003059938549995, 0.0076630013063549995, 0.008058954030275345, 0.009128815494477749, 0.007596611510962248, 0.007850554771721363, 0.008223442360758781, 0.01282685250043869, 0.00753244012594223, 0.008396506309509277, 0.007363078184425831, 0.00725621497258544, 0.007854322902858257, 0.007897504605352879, 0.007526681292802095, 0.00795258954167366, 0.007863621227443218, 0.010184620507061481, 0.0086158262565732, 0.007301403675228357, 0.010043323040008545, 0.009465398266911507, 0.00769788445904851, 0.007933488115668297, 0.007308647967875004, 0.01894216611981392, 0.008927810937166214, 0.009173493832349777, 0.007363061420619488, 0.007550970185548067, 0.008539974689483643, 0.007787143345922232, 0.009321803227066994, 0.008145967498421669, 0.010031971149146557, 0.010062453337013721, 0.008508877828717232, 0.008176137693226337, 0.008011535741388798, 0.008669884875416756, 0.007255918346345425, 0.009832357987761497, 0.014573507010936737, 0.009612182155251503, 0.008686734363436699, 0.00866005104035139, 0.01013167668133974, 0.008601067587733269, 0.011381176300346851, 0.009867400862276554, 0.00727593619376421, 0.008843944407999516, 0.008940426632761955, 0.009666748344898224, 0.007267264183610678, 0.011724047362804413], "weapon_probs": [0.017413893714547157, 0.019630301743745804, 0.02186945267021656, 0.015268371440470219, 0.009183931164443493, 0.01563252881169319, 0.02336849644780159, 0.013707596808671951, 0.015371674671769142, 0.01910601183772087, 0.009579228237271309, 0.015903497114777565, 0.008786364458501339, 0.011439543217420578, 0.008159246295690536, 0.008747967891395092, 0.010037144646048546, 0.009825523011386395, 0.011354662477970123, 0.010721730068325996, 0.008959866128861904, 0.010333489626646042, 0.00880932155996561, 0.00862770527601242, 0.013428667560219765, 0.007406111340969801, 0.010687255300581455, 0.01129310391843319, 0.008721747435629368, 0.008422525599598885, 0.011125186458230019, 0.00787543598562479, 0.014607546851038933, 0.008919501677155495, 0.009500021114945412, 0.013151349499821663, 0.011537272483110428, 0.011824339628219604, 0.008364727720618248, 0.012422923929989338, 0.009782050736248493, 0.010832231491804123, 0.010777074843645096, 0.010260878130793571, 0.012967439368367195, 0.008915642276406288, 0.009348845109343529, 0.01317327469587326, 0.008222883567214012, 0.0118491780012846, 0.009952984750270844, 0.009674109518527985, 0.010256703943014145, 0.00877831969410181, 0.02621746063232422, 0.02377239242196083, 0.00910185370594263, 0.008175316266715527, 0.008175987750291824]}