{"loss": -0.9733337163925171, "character_probs": [0.026675071567296982, 0.009594490751624107, 0.011051056906580925, 0.015417186543345451, 0.009309248998761177, 0.01391148753464222, 0.0074297040700912476, 0.013174260035157204, 0.009686768054962158, 0.008298136293888092, 0.01586258038878441, 0.010830404236912727, 0.007838232442736626, 0.00932332593947649, 0.014796034432947636, 0.00792504008859396, 0.00739376712590456, 0.010662836953997612, 0.007366003468632698, 0.008752160705626011, 0.007367446552962065, 0.0105171212926507, 0.007857338525354862, 0.008184150792658329, 0.007447759620845318, 0.007253793068230152, 0.007788757793605328, 0.007709691300988197, 0.011399395763874054, 0.008363533765077591, 0.008290765807032585, 0.007676129229366779, 0.010711154900491238, 0.007237411104142666, 0.008409203961491585, 0.008459370583295822, 0.008666660636663437, 0.0146732022985816, 0.0074519007466733456, 0.008170968852937222, 0.007928968407213688, 0.009711112827062607, 0.011918149888515472, 0.007883829064667225, 0.008742283098399639, 0.008686755783855915, 0.008689439855515957, 0.009591618552803993, 0.008812621235847473, 0.007688091602176428, 0.009048279374837875, 0.007802352774888277, 0.012741273269057274, 0.0078002577647566795, 0.009597628377377987, 0.008356156758964062, 0.012220825999975204, 0.007459289859980345, 0.012057892978191376, 0.00846797600388527, 0.010727271437644958, 0.007384465076029301, 0.009894892573356628, 0.007644209545105696, 0.015310272574424744, 0.007287954445928335, 0.007848790846765041, 0.007884846068918705, 0.010911885648965836, 0.009579495526850224, 0.007506847381591797, 0.007680383510887623, 0.01369784027338028, 0.008245198987424374, 0.013645147904753685, 0.009207009337842464, 0.008814596571028233, 0.01646168902516365, 0.012641770765185356], "weapon_probs": [0.0260869562625885, 0.016270913183689117, 0.02231505513191223, 0.02277584746479988, 0.010255826637148857, 0.020189467817544937, 0.009618110954761505, 0.0075140041299164295, 0.023234311491250992, 0.00830034539103508, 0.007207387592643499, 0.00785576831549406, 0.01075769029557705, 0.0185684971511364, 0.008610418066382408, 0.007871212437748909, 0.008933356031775475, 0.007871972396969795, 0.00904765073210001, 0.009057160466909409, 0.008914141915738583, 0.009892451576888561, 0.01966814324259758, 0.012727787718176842, 0.0076743243262171745, 0.009564856067299843, 0.007851854898035526, 0.013189921155571938, 0.0136213768273592, 0.008820139802992344, 0.008020538836717606, 0.008889050222933292, 0.008837616071105003, 0.007963012903928757, 0.010882377624511719, 0.015139312483370304, 0.009537656791508198, 0.01120141800493002, 0.017589036375284195, 0.011907609179615974, 0.008683353662490845, 0.008349345065653324, 0.007944286800920963, 0.012057759799063206, 0.008692014962434769, 0.009910552762448788, 0.01982428878545761, 0.01441917009651661, 0.015153762884438038, 0.007606089115142822, 0.011729213409125805, 0.008297590538859367, 0.008252065628767014, 0.013391037471592426, 0.02204311452805996, 0.00999472290277481, 0.01005569938570261, 0.014882000163197517, 0.015547032468020916]}