{"loss": -0.9766060709953308, "character_probs": [0.013645581901073456, 0.029821079224348068, 0.014494938775897026, 0.012675225734710693, 0.008679134771227837, 0.008265245705842972, 0.010601725429296494, 0.011140836402773857, 0.007577524986118078, 0.011100031435489655, 0.008792130276560783, 0.009687990881502628, 0.010460412129759789, 0.012920180335640907, 0.007859984412789345, 0.009638840332627296, 0.014369873329997063, 0.008498401381075382, 0.007591825909912586, 0.007920930162072182, 0.007410094141960144, 0.00837027095258236, 0.009775115177035332, 0.009866610169410706, 0.0077441539615392685, 0.0082410192117095, 0.008456413634121418, 0.008706411346793175, 0.007826863788068295, 0.011075750924646854, 0.008208990097045898, 0.011830543167889118, 0.00882937852293253, 0.01042871456593275, 0.007389622740447521, 0.007924948818981647, 0.007626526523381472, 0.007363020442426205, 0.007239490747451782, 0.007324157282710075, 0.010570546612143517, 0.00805172324180603, 0.007329365238547325, 0.007414769846946001, 0.007834737189114094, 0.00997079536318779, 0.008876231499016285, 0.010213450528681278, 0.010404333472251892, 0.008123606443405151, 0.009571680799126625, 0.007637527771294117, 0.009459699504077435, 0.0092752855271101, 0.010905317030847073, 0.008097337558865547, 0.009424250572919846, 0.007744149770587683, 0.009018665179610252, 0.008735934272408485, 0.009443370625376701, 0.009569517336785793, 0.009535050019621849, 0.00957550946623087, 0.017813611775636673, 0.009088428691029549, 0.009721069596707821, 0.007842528633773327, 0.008043593727052212, 0.01345041673630476, 0.0074783386662602425, 0.009164731949567795, 0.009941425174474716, 0.008893324062228203, 0.014669989235699177, 0.01037112157791853, 0.009329957887530327, 0.009121401235461235, 0.008458445779979229], "weapon_probs": [0.01200112421065569, 0.028822019696235657, 0.014768333174288273, 0.010896001942455769, 0.04031658172607422, 0.017313843593001366, 0.012050697579979897, 0.009725194424390793, 0.007725289091467857, 0.012063127011060715, 0.008169837296009064, 0.008773144334554672, 0.011438474990427494, 0.009661145508289337, 0.012181057594716549, 0.009121187962591648, 0.009714586660265923, 0.007255149073898792, 0.0093223350122571, 0.015200745314359665, 0.009914137423038483, 0.010638565756380558, 0.010029039345681667, 0.009066961705684662, 0.009558438323438168, 0.013926692306995392, 0.01143883727490902, 0.012048060074448586, 0.012138319201767445, 0.011178120039403439, 0.010812952183187008, 0.0109510263428092, 0.010354332625865936, 0.007511173374950886, 0.008066116832196712, 0.010387497022747993, 0.008697937242686749, 0.011060336604714394, 0.009874160401523113, 0.008648043498396873, 0.008773092180490494, 0.013467395678162575, 0.017896031960844994, 0.01796434074640274, 0.009571264497935772, 0.018055282533168793, 0.007927265018224716, 0.009829677641391754, 0.015170601196587086, 0.012308776378631592, 0.009079288691282272, 0.011789675801992416, 0.010500666685402393, 0.009117850102484226, 0.009574961848556995, 0.007725395727902651, 0.010842964053153992, 0.008085335604846478, 0.012845152989029884]}