{"loss": -0.5203349590301514, "character_probs": [0.010615351609885693, 0.025772150605916977, 0.01482327189296484, 0.00757139315828681, 0.010668093338608742, 0.020704377442598343, 0.015169812366366386, 0.008020366542041302, 0.009631617926061153, 0.009980368427932262, 0.010868729092180729, 0.008472057990729809, 0.007189230527728796, 0.00830781739205122, 0.011810092255473137, 0.008517301641404629, 0.007889877073466778, 0.00908895954489708, 0.011427421122789383, 0.007391440682113171, 0.008178619667887688, 0.007190092466771603, 0.007174426689743996, 0.008876903913915157, 0.007518658880144358, 0.007684585638344288, 0.007239926606416702, 0.009074892848730087, 0.009705753065645695, 0.007465112488716841, 0.007509105838835239, 0.008327914401888847, 0.008989209309220314, 0.007290718611329794, 0.009229186922311783, 0.012823458760976791, 0.007488999981433153, 0.007208262570202351, 0.00937600526958704, 0.007584589999169111, 0.007339347619563341, 0.01206677034497261, 0.009726551361382008, 0.012703442014753819, 0.008460142649710178, 0.01152600534260273, 0.009094374254345894, 0.00774172879755497, 0.007371900603175163, 0.008982693776488304, 0.010721934027969837, 0.010290829464793205, 0.011544264853000641, 0.007658606395125389, 0.007531182840466499, 0.013880494982004166, 0.009869142435491085, 0.01585524156689644, 0.012299889698624611, 0.008095337077975273, 0.0074661592952907085, 0.010580414906144142, 0.009345406666398048, 0.010723419487476349, 0.007599227130413055, 0.007904252968728542, 0.008317345753312111, 0.00768009340390563, 0.01595037616789341, 0.007945156656205654, 0.007932435721158981, 0.010033078491687775, 0.011883249506354332, 0.01108976174145937, 0.00814068503677845, 0.01737852580845356, 0.010591480880975723, 0.01214681752026081, 0.007718853652477264], "weapon_probs": [0.03439750149846077, 0.011029074899852276, 0.01387527771294117, 0.0095598129555583, 0.018735436722636223, 0.02171180583536625, 0.012912017293274403, 0.013629520311951637, 0.014362882822751999, 0.009434030391275883, 0.008345266804099083, 0.020633377134799957, 0.009689093567430973, 0.012517544440925121, 0.007679162546992302, 0.008404566906392574, 0.010754263028502464, 0.00911559909582138, 0.00862132292240858, 0.0075365277007222176, 0.009843437001109123, 0.008021456189453602, 0.009687617421150208, 0.008719493634998798, 0.014596356078982353, 0.00839869026094675, 0.011474626138806343, 0.00729798711836338, 0.008908998221158981, 0.009560810402035713, 0.01266440749168396, 0.00807134062051773, 0.009028543718159199, 0.008965239860117435, 0.029888823628425598, 0.012924062088131905, 0.01841151714324951, 0.00920807383954525, 0.013866125606000423, 0.008708296343684196, 0.0076935808174312115, 0.007967141456902027, 0.019604984670877457, 0.007224616128951311, 0.012251868844032288, 0.00871196947991848, 0.013396498747169971, 0.00816328078508377, 0.013881450518965721, 0.009979457594454288, 0.009603266604244709, 0.01363811083137989, 0.011417010799050331, 0.009151270613074303, 0.018358353525400162, 0.016711411997675896, 0.010252276435494423, 0.010457625612616539, 0.013760633766651154]}