{"loss": 0.7271600961685181, "character_probs": [0.013986486941576004, 0.013748491182923317, 0.013697774149477482, 0.013769669458270073, 0.008653750643134117, 0.014215721748769283, 0.022751130163669586, 0.00901404395699501, 0.014885158278048038, 0.01038752868771553, 0.008422071114182472, 0.007871187292039394, 0.01407925970852375, 0.007557658478617668, 0.009699374437332153, 0.008416534401476383, 0.009155627340078354, 0.012448872439563274, 0.007881964556872845, 0.007807061076164246, 0.0074617257341742516, 0.007757015526294708, 0.008244719356298447, 0.007253204006701708, 0.007611047010868788, 0.007842466235160828, 0.007088833022862673, 0.012707515619695187, 0.00754203088581562, 0.011058136820793152, 0.009172708727419376, 0.011760832741856575, 0.008382181636989117, 0.0075250533409416676, 0.010421715676784515, 0.008020041510462761, 0.009703726507723331, 0.007220219820737839, 0.008984370157122612, 0.007978233508765697, 0.0112980417907238, 0.0076482039876282215, 0.007790425792336464, 0.008272402919828892, 0.009347565472126007, 0.008918100968003273, 0.007648888044059277, 0.007711495738476515, 0.00960633996874094, 0.011054124683141708, 0.007527910638600588, 0.009853904135525227, 0.009422593750059605, 0.011320846155285835, 0.007814109325408936, 0.00876118615269661, 0.007471165619790554, 0.008170499466359615, 0.008237061090767384, 0.008676627650856972, 0.007309882901608944, 0.008045435883104801, 0.010026762261986732, 0.009734436869621277, 0.00883375946432352, 0.007637277245521545, 0.011014698073267937, 0.008419337682425976, 0.013377126306295395, 0.008633995428681374, 0.01171588059514761, 0.009218665771186352, 0.009182131849229336, 0.010452481918036938, 0.01316162757575512, 0.010620270855724812, 0.008146604523062706, 0.011002815328538418, 0.007289090659469366], "weapon_probs": [0.012020589783787727, 0.04844440519809723, 0.011937431991100311, 0.010282586328685284, 0.008171825669705868, 0.016941912472248077, 0.01089593768119812, 0.027868233621120453, 0.008888540789484978, 0.009094342589378357, 0.021281659603118896, 0.009924687445163727, 0.01088776160031557, 0.007939133793115616, 0.014288002625107765, 0.008176076225936413, 0.008499881252646446, 0.010398298501968384, 0.007895898073911667, 0.00796347763389349, 0.009646954946219921, 0.011227952316403389, 0.012851189821958542, 0.012415383011102676, 0.008149373345077038, 0.009686420671641827, 0.010017423890531063, 0.008855600841343403, 0.012324288487434387, 0.007434578146785498, 0.014072908088564873, 0.01393839530646801, 0.007739382330328226, 0.00844675861299038, 0.00803188793361187, 0.00914283562451601, 0.012867821380496025, 0.008094601333141327, 0.008009380660951138, 0.008571869693696499, 0.008996659889817238, 0.00937570445239544, 0.008232314139604568, 0.012531066313385963, 0.011608650907874107, 0.01165014412254095, 0.011004256084561348, 0.011248587630689144, 0.010081658139824867, 0.011793731711804867, 0.011061097495257854, 0.01125526987016201, 0.016978401690721512, 0.00949663296341896, 0.01090045552700758, 0.007932368665933609, 0.011131363920867443, 0.008215051144361496, 0.010434802621603012]}