{"loss": 0.9291707277297974, "character_probs": [0.02336621657013893, 0.008235041983425617, 0.009567944332957268, 0.012279087677598, 0.011730596423149109, 0.01097681000828743, 0.011509688571095467, 0.013440260663628578, 0.01577567495405674, 0.010675711557269096, 0.0073707448318600655, 0.008512921631336212, 0.014170661568641663, 0.00959145836532116, 0.00792001560330391, 0.018242299556732178, 0.007768190931528807, 0.007781665772199631, 0.012224106118083, 0.008262459188699722, 0.008256853558123112, 0.0094800079241395, 0.0072984336875379086, 0.007566619664430618, 0.0077513824217021465, 0.010133125819265842, 0.008052080869674683, 0.00754316383972764, 0.00795567873865366, 0.01423307042568922, 0.008438162505626678, 0.008104905486106873, 0.007428388111293316, 0.008839688263833523, 0.007914047688245773, 0.0072650425136089325, 0.0079936059191823, 0.0073800478130578995, 0.007660434115678072, 0.007781306281685829, 0.007449563592672348, 0.012628993019461632, 0.00928547978401184, 0.009159359149634838, 0.00866924598813057, 0.009211104363203049, 0.011004965752363205, 0.008262365125119686, 0.008065784350037575, 0.0077133020386099815, 0.011861199513077736, 0.007593638263642788, 0.008803383447229862, 0.01254957914352417, 0.010345526039600372, 0.008387302979826927, 0.008097266778349876, 0.011659305542707443, 0.008818660862743855, 0.008914976380765438, 0.010082773864269257, 0.00956580601632595, 0.010080096311867237, 0.00830148346722126, 0.009400593116879463, 0.008299760520458221, 0.007548792287707329, 0.010889478959143162, 0.009137118235230446, 0.007804242894053459, 0.008413383737206459, 0.007489144802093506, 0.00823122262954712, 0.010688764974474907, 0.01343933679163456, 0.010818885639309883, 0.016025453805923462, 0.010640610009431839, 0.009939385578036308], "weapon_probs": [0.026722446084022522, 0.025651320815086365, 0.01314244233071804, 0.02870139107108116, 0.007459292188286781, 0.00817528460174799, 0.010847331024706364, 0.013177614659070969, 0.016798734664916992, 0.008097320795059204, 0.017351415008306503, 0.008782611228525639, 0.012826437130570412, 0.009366683661937714, 0.011049531400203705, 0.007815994322299957, 0.009599531069397926, 0.008272284641861916, 0.023532625287771225, 0.009690888226032257, 0.0156777985394001, 0.008644675835967064, 0.008826636709272861, 0.008198535069823265, 0.00858401507139206, 0.008005117066204548, 0.01115325652062893, 0.009904870763421059, 0.007483704015612602, 0.00884086824953556, 0.012549245730042458, 0.00865482073277235, 0.007621969096362591, 0.011108366772532463, 0.010328378528356552, 0.01194605603814125, 0.008901266381144524, 0.008999550715088844, 0.007691148668527603, 0.011221498250961304, 0.010480087250471115, 0.008823368698358536, 0.008666550740599632, 0.025196269154548645, 0.008197186514735222, 0.010027818381786346, 0.009368961676955223, 0.008751938119530678, 0.0201030895113945, 0.011774608865380287, 0.012769696302711964, 0.008427854627370834, 0.009122290648519993, 0.014666789211332798, 0.011377218179404736, 0.008711523376405239, 0.007777422200888395, 0.014261685311794281, 0.020893171429634094]}