{"loss": 0.9436365365982056, "character_probs": [0.010232564993202686, 0.023397423326969147, 0.010790546424686909, 0.012657497078180313, 0.017230723053216934, 0.012936652638018131, 0.012662321329116821, 0.009605581872165203, 0.01091538742184639, 0.00834222324192524, 0.007427651435136795, 0.009272714145481586, 0.012588324956595898, 0.012726830318570137, 0.00746537372469902, 0.008561543188989162, 0.009240970015525818, 0.0074062226340174675, 0.008832627907395363, 0.00848555751144886, 0.013076962903141975, 0.0081104077398777, 0.007275804411619902, 0.008999153971672058, 0.009363497607409954, 0.012922891415655613, 0.007272571790963411, 0.008368976414203644, 0.012773608788847923, 0.007693799678236246, 0.007388893514871597, 0.008760638535022736, 0.008979147300124168, 0.008881418965756893, 0.007451413199305534, 0.011969299986958504, 0.00722374115139246, 0.007900688797235489, 0.009275766089558601, 0.008210455067455769, 0.007240667007863522, 0.007677446585148573, 0.007511453703045845, 0.013257695361971855, 0.00804254598915577, 0.007939748466014862, 0.00871657021343708, 0.010146860033273697, 0.008388398215174675, 0.009101692587137222, 0.008233161643147469, 0.009030023589730263, 0.007458866108208895, 0.007448771968483925, 0.0086791031062603, 0.016095206141471863, 0.007244473788887262, 0.007766352966427803, 0.007579124998301268, 0.007874668575823307, 0.00851399451494217, 0.011493798345327377, 0.007810940500348806, 0.008646703325212002, 0.014494072645902634, 0.007668676786124706, 0.010010630823671818, 0.0075752646662294865, 0.01304648071527481, 0.00968528725206852, 0.00922638364136219, 0.008494475856423378, 0.011827569454908371, 0.013695478439331055, 0.009695245884358883, 0.010292972438037395, 0.007771191652864218, 0.007518176920711994, 0.017687007784843445], "weapon_probs": [0.014060956425964832, 0.028897017240524292, 0.02657361328601837, 0.013578753918409348, 0.016346972435712814, 0.014156588353216648, 0.014411413110792637, 0.01002146489918232, 0.018372245132923126, 0.007303448393940926, 0.008189568296074867, 0.011571953073143959, 0.008460838347673416, 0.009521168656647205, 0.012517435476183891, 0.018848083913326263, 0.014400327578186989, 0.010531649924814701, 0.00949757918715477, 0.008676777593791485, 0.010626189410686493, 0.007902543991804123, 0.007297094911336899, 0.009807942435145378, 0.008715235628187656, 0.008246412500739098, 0.008096336387097836, 0.019436299800872803, 0.008149675093591213, 0.014005368575453758, 0.008056487888097763, 0.010055516846477985, 0.008390969596803188, 0.008667056448757648, 0.012136907316744328, 0.008037797175347805, 0.007823701947927475, 0.008140579797327518, 0.007614533416926861, 0.015862781554460526, 0.013226484879851341, 0.01611301861703396, 0.014451982453465462, 0.011131055653095245, 0.008888539858162403, 0.008708653040230274, 0.007452720310539007, 0.014734843745827675, 0.011233379133045673, 0.009272031486034393, 0.012032132595777512, 0.009027396328747272, 0.00892421044409275, 0.009590430185198784, 0.018082663416862488, 0.027005121111869812, 0.009612356312572956, 0.008406726643443108, 0.012860864400863647]}