{"loss": -0.9619801044464111, "character_probs": [0.011626077815890312, 0.016141759231686592, 0.011988919228315353, 0.01881413534283638, 0.009204351343214512, 0.010813260450959206, 0.00926718208938837, 0.008817295543849468, 0.012922551482915878, 0.007955573499202728, 0.009215184487402439, 0.01673019304871559, 0.012269310653209686, 0.020726222544908524, 0.009106850251555443, 0.007967383600771427, 0.009044473990797997, 0.007947556674480438, 0.007346265017986298, 0.009110442362725735, 0.007167855277657509, 0.00835012923926115, 0.007096285931766033, 0.007320786826312542, 0.008824307471513748, 0.007196155376732349, 0.0071210600435733795, 0.008404585532844067, 0.00779690919443965, 0.015105029568076134, 0.007558894343674183, 0.009034307673573494, 0.007874062284827232, 0.0073792897164821625, 0.012783391401171684, 0.008186439983546734, 0.010030149482190609, 0.007264138199388981, 0.0081692636013031, 0.012668196111917496, 0.0072807688266038895, 0.012464215978980064, 0.007631941698491573, 0.009140025824308395, 0.008604402653872967, 0.010523874312639236, 0.008827397599816322, 0.007562635466456413, 0.00923050194978714, 0.007597531192004681, 0.007869528606534004, 0.009580288082361221, 0.009916494600474834, 0.012993295677006245, 0.012056254781782627, 0.007968948222696781, 0.00845529418438673, 0.008381558582186699, 0.011065570637583733, 0.008683052845299244, 0.010288060642778873, 0.01110679842531681, 0.008028827607631683, 0.008673865348100662, 0.011670931242406368, 0.009144988842308521, 0.008073507808148861, 0.011856818571686745, 0.007865157909691334, 0.008706542663276196, 0.008520220406353474, 0.007644027471542358, 0.00870868843048811, 0.009079601615667343, 0.009649582207202911, 0.011431783437728882, 0.008893785066902637, 0.009990216232836246, 0.008126286789774895], "weapon_probs": [0.02257905714213848, 0.018387120217084885, 0.01960308477282524, 0.019953221082687378, 0.01804702915251255, 0.016762368381023407, 0.011685427278280258, 0.013457255437970161, 0.014947229065001011, 0.007298396434634924, 0.009297380223870277, 0.008437213487923145, 0.015759477391839027, 0.007379977032542229, 0.008489169180393219, 0.00798551831394434, 0.007910446263849735, 0.014377078972756863, 0.014023132622241974, 0.008683319203555584, 0.008523856289684772, 0.012167252600193024, 0.00956956297159195, 0.008625835180282593, 0.009732872247695923, 0.008123606443405151, 0.012612633407115936, 0.008010831661522388, 0.009675626643002033, 0.01474359817802906, 0.007783578708767891, 0.007485618349164724, 0.010165266692638397, 0.007672217674553394, 0.03298994526267052, 0.010363743640482426, 0.00852782279253006, 0.009839882142841816, 0.019508685916662216, 0.007776634767651558, 0.011798586696386337, 0.018260687589645386, 0.009173030965030193, 0.01579410955309868, 0.007416581269353628, 0.010247183963656425, 0.007853240706026554, 0.012019762769341469, 0.009384269826114178, 0.008813113905489445, 0.008600146509706974, 0.010270516388118267, 0.009175891056656837, 0.015298036858439445, 0.009726946242153645, 0.008303055539727211, 0.01819581165909767, 0.01023835502564907, 0.028511296957731247]}