{"loss": 0.36839982867240906, "character_probs": [0.014792731031775475, 0.027707889676094055, 0.010651007294654846, 0.009901748038828373, 0.008105653338134289, 0.014172718860208988, 0.01314731128513813, 0.01504984125494957, 0.007662234362214804, 0.008733201771974564, 0.00997284147888422, 0.0072992113418877125, 0.007534186355769634, 0.011118498630821705, 0.007617253344506025, 0.00932660885155201, 0.00924841221421957, 0.008048409596085548, 0.008584864437580109, 0.007684639655053616, 0.009615153074264526, 0.008228708989918232, 0.010932957753539085, 0.0157286636531353, 0.00888848677277565, 0.0077895307913422585, 0.007456765975803137, 0.007530342787504196, 0.007237186189740896, 0.007580565754324198, 0.011759563349187374, 0.007576844654977322, 0.010417439043521881, 0.01018359325826168, 0.008671821095049381, 0.007578136865049601, 0.01493004523217678, 0.007683410309255123, 0.007530450355261564, 0.007459161337465048, 0.008112026378512383, 0.007391887251287699, 0.007439620327204466, 0.013630365952849388, 0.00951478909701109, 0.007693067193031311, 0.007706872653216124, 0.007532175630331039, 0.008107144385576248, 0.008079465478658676, 0.007505328394472599, 0.00925277080386877, 0.010873688384890556, 0.007369679864495993, 0.01104176789522171, 0.010378813371062279, 0.010123973712325096, 0.00828012265264988, 0.013600694015622139, 0.011146441102027893, 0.008319930173456669, 0.008372881449759007, 0.007554688956588507, 0.011208685114979744, 0.008345684967935085, 0.012791723012924194, 0.007423905655741692, 0.009705320000648499, 0.009640848264098167, 0.008806904777884483, 0.01764991506934166, 0.012191860005259514, 0.008197233080863953, 0.008873818442225456, 0.012533516623079777, 0.0077614267356693745, 0.00719017069786787, 0.008868100121617317, 0.010423882864415646], "weapon_probs": [0.012247258797287941, 0.016201980412006378, 0.015120952390134335, 0.04142843186855316, 0.02524399757385254, 0.01145833358168602, 0.012060639448463917, 0.010536041110754013, 0.010646861046552658, 0.009909220039844513, 0.014559591189026833, 0.01412936020642519, 0.018049096688628197, 0.0078671770170331, 0.0073553952388465405, 0.00781906396150589, 0.009578914381563663, 0.008317428641021252, 0.012585479766130447, 0.008134720847010612, 0.007660951931029558, 0.00969474483281374, 0.009026539511978626, 0.009357577189803123, 0.015451216138899326, 0.007535160519182682, 0.007821573875844479, 0.008029015734791756, 0.009189140051603317, 0.010212170891463757, 0.007759730797261, 0.011724988929927349, 0.011230839416384697, 0.007603397127240896, 0.008913042023777962, 0.008202706463634968, 0.008589834906160831, 0.017875302582979202, 0.009995803236961365, 0.01284321304410696, 0.01286799181252718, 0.022428806871175766, 0.007725855801254511, 0.0076996334828436375, 0.010967887938022614, 0.011517143808305264, 0.00865977443754673, 0.008271630853414536, 0.01984487473964691, 0.010783662088215351, 0.013967765495181084, 0.014594167470932007, 0.009491095319390297, 0.013970764353871346, 0.0082095330581069, 0.00976536888629198, 0.010747674852609634, 0.01424366794526577, 0.012267984449863434]}