{"loss": 0.11542993783950806, "character_probs": [0.01152525469660759, 0.010703064501285553, 0.01684371754527092, 0.019611235707998276, 0.009015324525535107, 0.01462515164166689, 0.010761899873614311, 0.009782228618860245, 0.012082922272384167, 0.00972104724496603, 0.008351031690835953, 0.00799129344522953, 0.018860694020986557, 0.007336679846048355, 0.007658503949642181, 0.01018771156668663, 0.010182220488786697, 0.009616212919354439, 0.014787906780838966, 0.007590502500534058, 0.010489542037248611, 0.007806728128343821, 0.007629266008734703, 0.008223610930144787, 0.0076255458407104015, 0.009562931954860687, 0.007582695689052343, 0.009299586527049541, 0.009104046039283276, 0.008171949535608292, 0.010703541338443756, 0.007261926773935556, 0.007567029446363449, 0.009486081078648567, 0.008049427531659603, 0.011189176701009274, 0.008284543640911579, 0.007692296523600817, 0.008231289684772491, 0.010885519906878471, 0.008084230124950409, 0.008257600478827953, 0.008390139788389206, 0.010542075149714947, 0.007534651085734367, 0.007876758463680744, 0.007506934460252523, 0.010056545026600361, 0.007763753645122051, 0.01282203383743763, 0.009050662629306316, 0.008552233688533306, 0.01049630343914032, 0.010916238650679588, 0.007784553337842226, 0.011596424505114555, 0.01166573166847229, 0.008410623297095299, 0.0074653103947639465, 0.009707977995276451, 0.00833207555115223, 0.00802637729793787, 0.007444124668836594, 0.009164632298052311, 0.007327530067414045, 0.009128590114414692, 0.00833897665143013, 0.012673167511820793, 0.010957779362797737, 0.00784793309867382, 0.016736021265387535, 0.008800292387604713, 0.01068907044827938, 0.007406048942357302, 0.0171777606010437, 0.008658040314912796, 0.008927898481488228, 0.008662240579724312, 0.00933714210987091], "weapon_probs": [0.023436307907104492, 0.01833450049161911, 0.020993757992982864, 0.009501740336418152, 0.025166258215904236, 0.014945318922400475, 0.008889436721801758, 0.013145246542990208, 0.012463154271245003, 0.007697475142776966, 0.014367267489433289, 0.0132313696667552, 0.010178964585065842, 0.008974788710474968, 0.018126115202903748, 0.013956662267446518, 0.008574035950005054, 0.008632819168269634, 0.011653071269392967, 0.015095102600753307, 0.014207460917532444, 0.011613208800554276, 0.008786034770309925, 0.011666584759950638, 0.009196426719427109, 0.008029194548726082, 0.009580867365002632, 0.009860922582447529, 0.00792692881077528, 0.008456348441541195, 0.009269109927117825, 0.011063504964113235, 0.008261115290224552, 0.010587107390165329, 0.00861393939703703, 0.010223131626844406, 0.00899032223969698, 0.009017128497362137, 0.009867995977401733, 0.009805998764932156, 0.010225379839539528, 0.019633958116173744, 0.00745084835216403, 0.009618854150176048, 0.01056989561766386, 0.02423860877752304, 0.010127260349690914, 0.008722572587430477, 0.008939707651734352, 0.011955378577113152, 0.007823828607797623, 0.011380957439541817, 0.012311475351452827, 0.007869953289628029, 0.009451664984226227, 0.011922931298613548, 0.00842406414449215, 0.010382357984781265, 0.015868373215198517]}