{"loss": 0.841200053691864, "character_probs": [0.013908438384532928, 0.016116756945848465, 0.010087897069752216, 0.008668862283229828, 0.015685442835092545, 0.024232421070337296, 0.009344855323433876, 0.015853919088840485, 0.00905919261276722, 0.007983841001987457, 0.009596803225576878, 0.008999601937830448, 0.00875904317945242, 0.007107778452336788, 0.008531125262379646, 0.011883588507771492, 0.01162475161254406, 0.007860906422138214, 0.01665707491338253, 0.008862139657139778, 0.007663198746740818, 0.010815740562975407, 0.0078051104210317135, 0.008028766140341759, 0.007287819404155016, 0.008039845153689384, 0.007759595289826393, 0.007206255570054054, 0.00852151494473219, 0.008090467192232609, 0.007559401914477348, 0.007642242591828108, 0.010672638192772865, 0.009751243516802788, 0.007303152699023485, 0.0073377108201384544, 0.012010243721306324, 0.009404088370501995, 0.009076382964849472, 0.010629587806761265, 0.007888652384281158, 0.009321175515651703, 0.007464318070560694, 0.007487100549042225, 0.007475457154214382, 0.015464980155229568, 0.007666255347430706, 0.00838426686823368, 0.007493660785257816, 0.007843905128538609, 0.009580596350133419, 0.010108201764523983, 0.007718771696090698, 0.009910823777318, 0.007245386019349098, 0.01084827072918415, 0.007798957638442516, 0.00857356283813715, 0.00794465932995081, 0.01402345485985279, 0.008577407337725163, 0.009896853007376194, 0.008165396749973297, 0.008108514361083508, 0.012109903618693352, 0.0097628403455019, 0.009627608582377434, 0.007576486561447382, 0.007843362167477608, 0.010762437246739864, 0.008553110994398594, 0.008447837084531784, 0.00844847783446312, 0.008947509340941906, 0.007534797769039869, 0.007587425410747528, 0.020929355174303055, 0.007577734068036079, 0.007884552702307701], "weapon_probs": [0.011803712695837021, 0.010378001257777214, 0.013429155573248863, 0.024083349853754044, 0.03625701740384102, 0.018747707828879356, 0.016765601933002472, 0.02155310846865177, 0.010420522652566433, 0.008255807682871819, 0.009112478233873844, 0.008338233456015587, 0.009720318019390106, 0.00876666884869337, 0.008485007099807262, 0.01980394870042801, 0.0074984352104365826, 0.013807760551571846, 0.011838451027870178, 0.008198430761694908, 0.0071670315228402615, 0.008606472983956337, 0.008813012391328812, 0.009491180069744587, 0.01318332925438881, 0.0073523023165762424, 0.007583106867969036, 0.0075837732292711735, 0.009772131219506264, 0.009573535062372684, 0.010425882413983345, 0.009186899289488792, 0.0074956826865673065, 0.011953368782997131, 0.02123405411839485, 0.008402553386986256, 0.012504838407039642, 0.007556076627224684, 0.007834317162632942, 0.012508437037467957, 0.01750456541776657, 0.018647685647010803, 0.008017068728804588, 0.01448066160082817, 0.011128797195851803, 0.008428419008851051, 0.009106578305363655, 0.007560124155133963, 0.00845341756939888, 0.010677853599190712, 0.009266330860555172, 0.009356196038424969, 0.012703041546046734, 0.010833893902599812, 0.010345791466534138, 0.03202509880065918, 0.009209069423377514, 0.01577886939048767, 0.015706829726696014]}