{"loss": -0.8884577751159668, "character_probs": [0.01760282926261425, 0.011407808400690556, 0.014132192358374596, 0.015446426346898079, 0.01232376042753458, 0.010853604413568974, 0.018772706389427185, 0.012572821229696274, 0.008278708904981613, 0.008138081058859825, 0.012843426316976547, 0.013221188448369503, 0.009487507864832878, 0.009553146548569202, 0.008027429692447186, 0.007238502148538828, 0.00779804727062583, 0.007909979671239853, 0.008552327752113342, 0.009205741807818413, 0.007498429622501135, 0.009349952451884747, 0.010405812412500381, 0.008763780817389488, 0.00769072026014328, 0.008475789800286293, 0.009460195899009705, 0.00868559256196022, 0.008056540973484516, 0.00803228560835123, 0.007771078962832689, 0.009744109585881233, 0.007592677138745785, 0.009311981499195099, 0.007882487028837204, 0.008325367234647274, 0.008798744529485703, 0.008325884118676186, 0.009022187441587448, 0.008574046194553375, 0.00751960463821888, 0.008060077205300331, 0.009104935452342033, 0.008715726435184479, 0.011086797341704369, 0.007212726399302483, 0.008996043354272842, 0.009083343669772148, 0.008409326896071434, 0.008204719983041286, 0.01687321439385414, 0.008264753967523575, 0.008290406316518784, 0.008877750486135483, 0.0127456896007061, 0.007381374016404152, 0.007339700125157833, 0.01598053053021431, 0.013906426727771759, 0.010038619861006737, 0.00750800920650363, 0.007118681445717812, 0.007399586960673332, 0.00816710852086544, 0.007586990483105183, 0.012262290343642235, 0.008786835707724094, 0.02175464853644371, 0.010539652779698372, 0.007582853548228741, 0.009316547773778439, 0.008583770133554935, 0.00940636359155178, 0.009418822824954987, 0.007816001772880554, 0.007473605219274759, 0.008632897399365902, 0.00808093324303627, 0.008124778978526592], "weapon_probs": [0.018259728327393532, 0.03950237110257149, 0.012789111584424973, 0.0086686871945858, 0.01870938204228878, 0.012616327963769436, 0.015673181042075157, 0.0087155532091856, 0.015771005302667618, 0.007989593781530857, 0.020199351012706757, 0.009388200007379055, 0.008699290454387665, 0.00993900466710329, 0.009025661274790764, 0.008719943463802338, 0.027954980731010437, 0.014657844789326191, 0.008861574344336987, 0.008639096282422543, 0.007712921593338251, 0.010543858632445335, 0.009725960902869701, 0.007211195770651102, 0.00780462147668004, 0.007906757295131683, 0.007933903485536575, 0.00773833692073822, 0.010759016498923302, 0.007527926005423069, 0.009449751116335392, 0.00895046815276146, 0.00850197859108448, 0.011549444869160652, 0.008043293841183186, 0.008719226345419884, 0.010304020717740059, 0.013427556492388248, 0.010608021169900894, 0.01549723744392395, 0.010021349415183067, 0.008176585659384727, 0.025293972343206406, 0.009645774960517883, 0.007725629024207592, 0.008163237944245338, 0.007866869680583477, 0.009810756891965866, 0.019346941262483597, 0.009726096875965595, 0.008177417330443859, 0.00820027757436037, 0.009487763047218323, 0.012250598520040512, 0.012011596001684666, 0.010356200858950615, 0.013199676759541035, 0.017096197232604027, 0.01294966135174036]}