{"loss": 0.15106135606765747, "character_probs": [0.01422932930290699, 0.012640777975320816, 0.018594902008771896, 0.009870439767837524, 0.01411984208971262, 0.016910118982195854, 0.015325438231229782, 0.009101352654397488, 0.007690908387303352, 0.012556370347738266, 0.012766001746058464, 0.007424019277095795, 0.0077281733974814415, 0.012319669127464294, 0.00873945839703083, 0.00803257804363966, 0.009765412658452988, 0.009874895215034485, 0.00848190113902092, 0.008800948038697243, 0.008168262429535389, 0.0092704426497221, 0.007734924554824829, 0.0077184345573186874, 0.008686346933245659, 0.008160390891134739, 0.007524378132075071, 0.007930760271847248, 0.008630938827991486, 0.01727665401995182, 0.007376367226243019, 0.009670879691839218, 0.008023340255022049, 0.007621427066624165, 0.008906587958335876, 0.007305426523089409, 0.008059771731495857, 0.007992524653673172, 0.0075940461829304695, 0.008317122235894203, 0.008742528967559338, 0.01308651827275753, 0.007825365290045738, 0.008234425447881222, 0.007399347145110369, 0.011372036300599575, 0.007389532867819071, 0.0073593612760305405, 0.00756482407450676, 0.011363470926880836, 0.008214005269110203, 0.011725006625056267, 0.007320798002183437, 0.008984344080090523, 0.01371318381279707, 0.007512868382036686, 0.007488556671887636, 0.010735832154750824, 0.007629503961652517, 0.007501162122935057, 0.007733403239399195, 0.016084279865026474, 0.008568573743104935, 0.008290838450193405, 0.016399692744016647, 0.008730536326766014, 0.008713874965906143, 0.008623544126749039, 0.010789979249238968, 0.007626709062606096, 0.007648719009011984, 0.011668438091874123, 0.009539032354950905, 0.007517519872635603, 0.015244879759848118, 0.008344221860170364, 0.009308463893830776, 0.016756996512413025, 0.008964433334767818], "weapon_probs": [0.035737499594688416, 0.012692560441792011, 0.017450939863920212, 0.021240077912807465, 0.010202809236943722, 0.017394855618476868, 0.012246381491422653, 0.008035955019295216, 0.011035861447453499, 0.008279964327812195, 0.013799672946333885, 0.010808396153151989, 0.007668803445994854, 0.018782755360007286, 0.00790659710764885, 0.022887300699949265, 0.009002415463328362, 0.0072326078079640865, 0.00920749269425869, 0.00917308870702982, 0.013510550372302532, 0.01069832406938076, 0.008193126879632473, 0.009402287192642689, 0.008537599816918373, 0.00777173088863492, 0.011401219293475151, 0.011394396424293518, 0.009699246846139431, 0.009425356984138489, 0.011932464316487312, 0.013040581718087196, 0.007509082090109587, 0.008284439332783222, 0.01057114452123642, 0.007378313224762678, 0.008868798613548279, 0.010889298282563686, 0.01358707994222641, 0.014999520033597946, 0.020588435232639313, 0.007652969099581242, 0.010154473595321178, 0.011683011427521706, 0.013294671662151814, 0.008978824131190777, 0.008823446929454803, 0.007888942956924438, 0.01703050546348095, 0.011195678263902664, 0.013007136061787605, 0.008511909283697605, 0.009203163906931877, 0.008684317581355572, 0.011409562081098557, 0.009915819391608238, 0.01623697206377983, 0.008999884128570557, 0.008945153094828129]}