{"loss": 0.3576352298259735, "character_probs": [0.011167865246534348, 0.019945506006479263, 0.030034776777029037, 0.010042386129498482, 0.008599555119872093, 0.011786982417106628, 0.007998715154826641, 0.015309762209653854, 0.011201311834156513, 0.00761712621897459, 0.011158600449562073, 0.007582344114780426, 0.008194771595299244, 0.009307213127613068, 0.0077130235731601715, 0.007431417237967253, 0.009535119868814945, 0.008114701136946678, 0.00835513137280941, 0.011810487136244774, 0.00954018160700798, 0.0075951931066811085, 0.007817581295967102, 0.008177848532795906, 0.009794501587748528, 0.009164510294795036, 0.010078974068164825, 0.007559486664831638, 0.007251631934195757, 0.008805629797279835, 0.0071330806240439415, 0.010960574261844158, 0.009460970759391785, 0.01211533322930336, 0.007861444726586342, 0.01003173179924488, 0.007351655047386885, 0.009391332976520061, 0.007938585244119167, 0.008250509388744831, 0.007857200689613819, 0.009122257120907307, 0.007630905602127314, 0.009647369384765625, 0.011900598183274269, 0.009382062591612339, 0.00728707667440176, 0.008543061092495918, 0.010766438208520412, 0.007681341841816902, 0.007793452590703964, 0.008760182186961174, 0.009135406464338303, 0.0079466812312603, 0.007995529100298882, 0.00908606592565775, 0.007207586895674467, 0.008006559684872627, 0.0072357370518147945, 0.008097561076283455, 0.015801958739757538, 0.009693609550595284, 0.011366404592990875, 0.009725827723741531, 0.008351778611540794, 0.008394725620746613, 0.012801462784409523, 0.016374653205275536, 0.01144946925342083, 0.008725977502763271, 0.00817122682929039, 0.007208402268588543, 0.012415772303938866, 0.007508452981710434, 0.016108958050608635, 0.007636351510882378, 0.009058475494384766, 0.009075047448277473, 0.009080884046852589], "weapon_probs": [0.01882246695458889, 0.027446724474430084, 0.021215789020061493, 0.011690253391861916, 0.01986057311296463, 0.02360253781080246, 0.009543769992887974, 0.011906884610652924, 0.00865003652870655, 0.009383664466440678, 0.016114525496959686, 0.008970431983470917, 0.009592842310667038, 0.008419421501457691, 0.00806367490440607, 0.007741434965282679, 0.014487838372588158, 0.008644538931548595, 0.011276569217443466, 0.01972847618162632, 0.008213556371629238, 0.008423699997365475, 0.010718601755797863, 0.009994803927838802, 0.009986501187086105, 0.008743536658585072, 0.009342371486127377, 0.009145557880401611, 0.012477263808250427, 0.007700346875935793, 0.007644592318683863, 0.013906661421060562, 0.013296100310981274, 0.008553506806492805, 0.008442713879048824, 0.018268117681145668, 0.008512778207659721, 0.00789172388613224, 0.007275869604200125, 0.008116418495774269, 0.02028976008296013, 0.008687660098075867, 0.009492859244346619, 0.011270790360867977, 0.011551599949598312, 0.017392560839653015, 0.009724300354719162, 0.008815893903374672, 0.009203225374221802, 0.01782214641571045, 0.011678680777549744, 0.011800159700214863, 0.011049258522689342, 0.009695934131741524, 0.007748201489448547, 0.010453743860125542, 0.012117646634578705, 0.008441035635769367, 0.018370099365711212]}