{"loss": -0.49854665994644165, "character_probs": [0.015694119036197662, 0.019078712910413742, 0.009634960442781448, 0.019564293324947357, 0.009729143232107162, 0.017886869609355927, 0.008698785677552223, 0.008778621442615986, 0.009557832963764668, 0.009189268574118614, 0.007822276093065739, 0.00903061218559742, 0.009719929657876492, 0.008392310701310635, 0.007334727328270674, 0.007900412194430828, 0.015237030573189259, 0.010346167720854282, 0.00815421249717474, 0.008954391814768314, 0.00872828159481287, 0.007283092010766268, 0.011621227487921715, 0.008214922621846199, 0.009570290334522724, 0.012075105682015419, 0.008306999690830708, 0.01105864904820919, 0.007895595394074917, 0.009350534528493881, 0.007669708225876093, 0.007979746907949448, 0.007740076165646315, 0.007770126219838858, 0.012673885561525822, 0.007150201592594385, 0.00752190500497818, 0.007409682031720877, 0.009350281208753586, 0.008220834657549858, 0.007609672844409943, 0.00809679739177227, 0.007413786835968494, 0.011513661593198776, 0.012891724705696106, 0.007820013910531998, 0.01119425892829895, 0.008332977071404457, 0.009683692827820778, 0.007996723055839539, 0.009785396978259087, 0.007709509693086147, 0.008855961263179779, 0.00975736789405346, 0.01002352312207222, 0.008180031552910805, 0.010509619489312172, 0.009680269286036491, 0.011000593192875385, 0.008964364416897297, 0.008533707819879055, 0.008377257734537125, 0.009785529226064682, 0.00980219617486, 0.007544929627329111, 0.008698100224137306, 0.008448261767625809, 0.008396582677960396, 0.008299816399812698, 0.01126031018793583, 0.009877391159534454, 0.014649707823991776, 0.008505886420607567, 0.02218122035264969, 0.009936467744410038, 0.008689106442034245, 0.013802092522382736, 0.00794681441038847, 0.007621674798429012], "weapon_probs": [0.020245324820280075, 0.013267407193779945, 0.026283059269189835, 0.010430678725242615, 0.013150263577699661, 0.013872428797185421, 0.012591232545673847, 0.017086084932088852, 0.01496795006096363, 0.0105459438636899, 0.015332838520407677, 0.008024681359529495, 0.009360691532492638, 0.010680642910301685, 0.007442536763846874, 0.017226215451955795, 0.01906784065067768, 0.008369364775717258, 0.00831014383584261, 0.012381795793771744, 0.012371763586997986, 0.009241596795618534, 0.010274502448737621, 0.009639209136366844, 0.008194793947041035, 0.007386594079434872, 0.008210670202970505, 0.008909621275961399, 0.01812869682908058, 0.008869722485542297, 0.008202296681702137, 0.01085062138736248, 0.007886742241680622, 0.009956545196473598, 0.007506829220801592, 0.007721331436187029, 0.009274834766983986, 0.02355967089533806, 0.016296610236167908, 0.009742994792759418, 0.009332814253866673, 0.011964589357376099, 0.00794446375221014, 0.00811844039708376, 0.007589892018586397, 0.05944029241800308, 0.008459537290036678, 0.009848687797784805, 0.01189231127500534, 0.013109018094837666, 0.007335417438298464, 0.009161513298749924, 0.010706035420298576, 0.01007686834782362, 0.007587998639792204, 0.007609357126057148, 0.01858123391866684, 0.007928604260087013, 0.012377037666738033]}