{"loss": 0.7334850430488586, "character_probs": [0.010775179602205753, 0.021039467304944992, 0.018192268908023834, 0.009233531542122364, 0.011251754127442837, 0.012248759157955647, 0.01840338483452797, 0.009591042064130306, 0.01141870953142643, 0.014033894054591656, 0.007834071293473244, 0.00888356938958168, 0.008856074884533882, 0.010091369971632957, 0.009084952995181084, 0.007428075186908245, 0.00783645547926426, 0.008259703405201435, 0.00806962326169014, 0.00794028490781784, 0.007583730388432741, 0.014306485652923584, 0.0077317943796515465, 0.0075762621127069, 0.012143731117248535, 0.007690188474953175, 0.011357750743627548, 0.009261343628168106, 0.007683943957090378, 0.0077481926418840885, 0.007836204022169113, 0.007484460715204477, 0.007216340396553278, 0.007140554487705231, 0.01675962284207344, 0.00923367403447628, 0.0073372479528188705, 0.008313414640724659, 0.008305997587740421, 0.0076169767417013645, 0.010205168277025223, 0.010970416478812695, 0.007692183833569288, 0.008464081212878227, 0.008004995994269848, 0.007800508756190538, 0.008962036110460758, 0.010769505985081196, 0.007870018482208252, 0.008630774915218353, 0.008756536990404129, 0.012717806734144688, 0.008145976811647415, 0.007879693061113358, 0.007392026949673891, 0.013241972774267197, 0.010119177401065826, 0.007617998868227005, 0.007494681514799595, 0.008475464768707752, 0.007886332459747791, 0.010527284815907478, 0.009270912036299706, 0.008620976470410824, 0.007261211983859539, 0.009425459429621696, 0.008033882826566696, 0.009017549455165863, 0.012793382629752159, 0.008331254124641418, 0.00789698027074337, 0.011867513880133629, 0.008851311169564724, 0.009064887650310993, 0.011028274893760681, 0.007694213651120663, 0.010950530879199505, 0.007527473848313093, 0.00860280729830265], "weapon_probs": [0.03589969128370285, 0.021354250609874725, 0.01843886449933052, 0.01663970574736595, 0.014152571558952332, 0.014340043067932129, 0.013013839721679688, 0.008944275788962841, 0.007789606228470802, 0.010062053799629211, 0.013198815286159515, 0.009926734492182732, 0.008734090253710747, 0.014204287901520729, 0.011362172663211823, 0.010663874447345734, 0.007644250523298979, 0.01080747414380312, 0.00919806957244873, 0.009902983903884888, 0.014392132870852947, 0.010528424754738808, 0.008477612398564816, 0.008655157871544361, 0.007630850654095411, 0.008496694266796112, 0.01099034771323204, 0.015130209736526012, 0.01031174510717392, 0.008026390336453915, 0.014810651540756226, 0.009507658891379833, 0.011865849606692791, 0.007440465502440929, 0.00791600439697504, 0.016941288486123085, 0.011890145018696785, 0.009603330865502357, 0.008314876817166805, 0.00708715058863163, 0.01690375804901123, 0.009857931174337864, 0.012856334447860718, 0.007703549228608608, 0.0071401894092559814, 0.012214010581374168, 0.011142922565340996, 0.016923509538173676, 0.012197212316095829, 0.008205887861549854, 0.012318123131990433, 0.0101451575756073, 0.01428759004920721, 0.012502320110797882, 0.009587222710251808, 0.00969828199595213, 0.010791605338454247, 0.008053788915276527, 0.008438428863883018]}