{"loss": 0.7382546663284302, "character_probs": [0.02352115511894226, 0.011412516236305237, 0.012136542238295078, 0.014219069853425026, 0.014406288042664528, 0.011831184849143028, 0.012591971084475517, 0.008061937056481838, 0.008295002393424511, 0.01465746108442545, 0.016913006082177162, 0.007559634745121002, 0.010364132933318615, 0.00867935549467802, 0.007790821138769388, 0.009690937586128712, 0.008462370373308659, 0.010784835554659367, 0.0071409353986382484, 0.01060343999415636, 0.009059660136699677, 0.008451300673186779, 0.007309203501790762, 0.0076823472045362, 0.007684967014938593, 0.007526712026447058, 0.007455920334905386, 0.007985971868038177, 0.007729618810117245, 0.008349481970071793, 0.009756452403962612, 0.009082888253033161, 0.009420125745236874, 0.00985830556601286, 0.01037262100726366, 0.007819052785634995, 0.008497312664985657, 0.007253322750329971, 0.0076391929760575294, 0.0076978858560323715, 0.007719101384282112, 0.008570503443479538, 0.007543731015175581, 0.008461656980216503, 0.0094391368329525, 0.009639696218073368, 0.007782815955579281, 0.010281611233949661, 0.007441949564963579, 0.011150981299579144, 0.011719956994056702, 0.009311949834227562, 0.008523840457201004, 0.016539130359888077, 0.008156033232808113, 0.008603181689977646, 0.008727195672690868, 0.011502960696816444, 0.007480069994926453, 0.009174528531730175, 0.008161511272192001, 0.007798326201736927, 0.011791970580816269, 0.011292669922113419, 0.00911704171448946, 0.009518079459667206, 0.008314055390655994, 0.008019594475626945, 0.007540182210505009, 0.008063916116952896, 0.007734263781458139, 0.012040285393595695, 0.011477846652269363, 0.012058095075190067, 0.01001687627285719, 0.007122525945305824, 0.007752354256808758, 0.013814701698720455, 0.009696779772639275], "weapon_probs": [0.02483014017343521, 0.02957639843225479, 0.011888803914189339, 0.009236618876457214, 0.018683230504393578, 0.00992628000676632, 0.015233229845762253, 0.021708641201257706, 0.0121050626039505, 0.008027315139770508, 0.00968717597424984, 0.01574663631618023, 0.010641427710652351, 0.011768875643610954, 0.016878869384527206, 0.012284724041819572, 0.008777656592428684, 0.007594741880893707, 0.00987198669463396, 0.008834196254611015, 0.0105344383046031, 0.011176737025380135, 0.012043600901961327, 0.008942264132201672, 0.008137545548379421, 0.010383297689259052, 0.007578652817755938, 0.008541923016309738, 0.011189430952072144, 0.014878300949931145, 0.018181752413511276, 0.008684452623128891, 0.012013384141027927, 0.007965989410877228, 0.009709347039461136, 0.011149510741233826, 0.00889019388705492, 0.00843658298254013, 0.012164924293756485, 0.00811516959220171, 0.01504705473780632, 0.007647474762052298, 0.007196446880698204, 0.008461998775601387, 0.00997520424425602, 0.007518033497035503, 0.008657801896333694, 0.0101311719045043, 0.008543175645172596, 0.009869573637843132, 0.011425444856286049, 0.0103511493653059, 0.013888782821595669, 0.00993408914655447, 0.01940818317234516, 0.009134901687502861, 0.019940316677093506, 0.01215452142059803, 0.009198065847158432]}