{"loss": -0.5673184990882874, "character_probs": [0.01597202755510807, 0.02112390287220478, 0.012485887855291367, 0.014289401471614838, 0.012287508696317673, 0.010004001669585705, 0.011591941118240356, 0.008098139427602291, 0.008884793147444725, 0.010585987940430641, 0.008392293006181717, 0.0072481511160731316, 0.01328799407929182, 0.008111792616546154, 0.008212076500058174, 0.008014569990336895, 0.010994212701916695, 0.014091466553509235, 0.02052626758813858, 0.007195587269961834, 0.007656267378479242, 0.010761449113488197, 0.007857262156903744, 0.008099387399852276, 0.007235981058329344, 0.009065555408596992, 0.008610036224126816, 0.007351175416260958, 0.007992057129740715, 0.007472915109246969, 0.007444541901350021, 0.007207650225609541, 0.007755586411803961, 0.00912751816213131, 0.008078020066022873, 0.009607333689928055, 0.007808553986251354, 0.009609248489141464, 0.007108063902705908, 0.007784699555486441, 0.020172394812107086, 0.007579190656542778, 0.008932052180171013, 0.007546874228864908, 0.008275666274130344, 0.007527372799813747, 0.008307037875056267, 0.008392835035920143, 0.008516587316989899, 0.008560593239963055, 0.008146736770868301, 0.01083154696971178, 0.008726192638278008, 0.012341849505901337, 0.007801377680152655, 0.009528186172246933, 0.007123088464140892, 0.007952133193612099, 0.008605842478573322, 0.008015232160687447, 0.00757763534784317, 0.0205790176987648, 0.007166312541812658, 0.00738784484565258, 0.008788703009486198, 0.007652602158486843, 0.008583465591073036, 0.007434824015945196, 0.01126953586935997, 0.010062769055366516, 0.009561515413224697, 0.010991302318871021, 0.012164580635726452, 0.010477902367711067, 0.01004661526530981, 0.011108560487627983, 0.00952228158712387, 0.009721769019961357, 0.008169397711753845], "weapon_probs": [0.013394747860729694, 0.017398353666067123, 0.017929766327142715, 0.03696528449654579, 0.008192680776119232, 0.011787028051912785, 0.009567981585860252, 0.020059216767549515, 0.01744972914457321, 0.007929615676403046, 0.01157115027308464, 0.014119140803813934, 0.01230653002858162, 0.008691929280757904, 0.010424704290926456, 0.00790474284440279, 0.007967018522322178, 0.0108133964240551, 0.009114266373217106, 0.008168433792889118, 0.01662548817694187, 0.01320335641503334, 0.01120282057672739, 0.007545683067291975, 0.010987184941768646, 0.00826883316040039, 0.007426637224853039, 0.013350901193916798, 0.017145009711384773, 0.011005925014615059, 0.008217308670282364, 0.007525225169956684, 0.009449783712625504, 0.007881821133196354, 0.014605473726987839, 0.014110258780419827, 0.009100819006562233, 0.008189627900719643, 0.013574903830885887, 0.0094846710562706, 0.014910222962498665, 0.007256002631038427, 0.007790210656821728, 0.012922054156661034, 0.012568114325404167, 0.011457890272140503, 0.010519211180508137, 0.00810103490948677, 0.01071964018046856, 0.011409273371100426, 0.03783556818962097, 0.008223950862884521, 0.007957039400935173, 0.009679766371846199, 0.009057363495230675, 0.008436582051217556, 0.017759382724761963, 0.009164986200630665, 0.007796868681907654]}