{"loss": -0.9811063408851624, "character_probs": [0.05068183317780495, 0.010425637476146221, 0.009951077401638031, 0.010559078305959702, 0.008802742697298527, 0.00903034396469593, 0.0086143147200346, 0.008228465914726257, 0.009677998721599579, 0.007711953483521938, 0.011042274534702301, 0.008591732941567898, 0.008091702125966549, 0.0076261297799646854, 0.008188461884856224, 0.007901076227426529, 0.00881746131926775, 0.0076850526966154575, 0.007637692149728537, 0.008870824240148067, 0.007253434043377638, 0.0074375527910888195, 0.008078512735664845, 0.007573277689516544, 0.01585238426923752, 0.007314643822610378, 0.007216682657599449, 0.00823192298412323, 0.010653205215930939, 0.008351345546543598, 0.008459771052002907, 0.008300244808197021, 0.00893186591565609, 0.007526058703660965, 0.007784835062921047, 0.008879104629158974, 0.011599300429224968, 0.008462974801659584, 0.007659507915377617, 0.011606162413954735, 0.007271025329828262, 0.008918176405131817, 0.0082058971747756, 0.009227882139384747, 0.009477117098867893, 0.009768679738044739, 0.007608995772898197, 0.007905542850494385, 0.0077440072782337666, 0.011759432032704353, 0.009495420381426811, 0.00914002489298582, 0.012817570008337498, 0.009246721863746643, 0.009233650751411915, 0.01000697910785675, 0.007403173949569464, 0.011160285212099552, 0.00879359245300293, 0.008282696828246117, 0.010247178375720978, 0.007269101683050394, 0.010547422803938389, 0.007661201525479555, 0.013961944729089737, 0.009000820107758045, 0.008483972400426865, 0.010324482806026936, 0.00851844809949398, 0.008152221329510212, 0.010404568165540695, 0.008087385445833206, 0.007837693206965923, 0.02032925747334957, 0.009468221105635166, 0.013314742594957352, 0.008991495706140995, 0.007229054346680641, 0.011229507625102997], "weapon_probs": [0.012452284805476665, 0.017627064138650894, 0.037093404680490494, 0.020750325173139572, 0.011442596092820168, 0.008579958230257034, 0.015740197151899338, 0.016319606453180313, 0.022276658564805984, 0.011977054178714752, 0.00931656826287508, 0.011863958090543747, 0.011528805829584599, 0.0085718659684062, 0.010572629049420357, 0.012228217907249928, 0.007626177277415991, 0.007759829051792622, 0.008108492009341717, 0.0076011368073523045, 0.008743854239583015, 0.008587375283241272, 0.01042177900671959, 0.010459558106958866, 0.007650862447917461, 0.008225573226809502, 0.008394462987780571, 0.009040421806275845, 0.010685396380722523, 0.009189520962536335, 0.010867195203900337, 0.010393359698355198, 0.007299068383872509, 0.020940300077199936, 0.008518397808074951, 0.009868644177913666, 0.01191260851919651, 0.013523498550057411, 0.016499865800142288, 0.007812041789293289, 0.008219617418944836, 0.009168646298348904, 0.009675322100520134, 0.007575036492198706, 0.014447560533881187, 0.010444806888699532, 0.007167912553995848, 0.008076531812548637, 0.016815343871712685, 0.026635151356458664, 0.010866561904549599, 0.017161205410957336, 0.017002124339342117, 0.014228281565010548, 0.009856248274445534, 0.023877490311861038, 0.009634053334593773, 0.00817778892815113, 0.014853853732347488]}