{"loss": -0.9993642568588257, "character_probs": [0.03657884895801544, 0.010138515383005142, 0.009465733543038368, 0.014395954087376595, 0.008921859785914421, 0.011217457242310047, 0.008309148252010345, 0.007849961519241333, 0.007455963641405106, 0.014345698058605194, 0.0072981007397174835, 0.024764209985733032, 0.007352083921432495, 0.00778931425884366, 0.01110934093594551, 0.007664721924811602, 0.007675933185964823, 0.007474851328879595, 0.00891193002462387, 0.009162453934550285, 0.00780813954770565, 0.007831908762454987, 0.007514272816479206, 0.007418657187372446, 0.007263758685439825, 0.0072989859618246555, 0.007776450831443071, 0.007649509236216545, 0.007820525206625462, 0.010454120114445686, 0.008442528545856476, 0.007410782389342785, 0.008847355842590332, 0.011797083541750908, 0.008575617335736752, 0.008235985413193703, 0.00860714539885521, 0.007263729348778725, 0.007376521360129118, 0.008038679137825966, 0.008847295306622982, 0.008692163974046707, 0.008509911596775055, 0.007527882233262062, 0.00772687466815114, 0.007755618542432785, 0.01650170609354973, 0.007975970394909382, 0.009872239083051682, 0.01585729978978634, 0.008471530862152576, 0.009401310235261917, 0.008200586773455143, 0.007827290333807468, 0.008033056743443012, 0.012989714741706848, 0.010754639282822609, 0.008246558718383312, 0.007809648755937815, 0.009737787768244743, 0.014371711760759354, 0.008384492248296738, 0.00888794008642435, 0.00975511223077774, 0.007868845015764236, 0.009636631235480309, 0.009145906195044518, 0.009340407326817513, 0.007883204147219658, 0.00906822644174099, 0.008572212420403957, 0.011046617291867733, 0.00934084877371788, 0.011891378089785576, 0.008714842610061169, 0.00834442675113678, 0.007297217845916748, 0.009395133703947067, 0.008545792661607265], "weapon_probs": [0.03481968492269516, 0.010314502753317356, 0.01679716259241104, 0.011402999982237816, 0.023461241275072098, 0.011029262095689774, 0.010216712951660156, 0.011363856494426727, 0.01157618872821331, 0.016719656065106392, 0.008824276737868786, 0.02050132490694523, 0.008448290638625622, 0.011065847240388393, 0.013736044988036156, 0.013495025224983692, 0.009847654029726982, 0.008118836209177971, 0.008580231107771397, 0.008319523185491562, 0.007759411819279194, 0.010883040726184845, 0.021335920318961143, 0.0092484001070261, 0.009312769398093224, 0.008658521808683872, 0.008116533979773521, 0.010903436690568924, 0.017350703477859497, 0.008004500530660152, 0.00929183978587389, 0.007196979597210884, 0.008642886765301228, 0.00828078854829073, 0.007827886380255222, 0.010163628496229649, 0.008212807588279247, 0.01017746888101101, 0.008619280532002449, 0.012592573650181293, 0.011991748586297035, 0.015752218663692474, 0.008916017599403858, 0.009152892976999283, 0.022770538926124573, 0.010941730812191963, 0.009178949519991875, 0.010440491139888763, 0.015978548675775528, 0.0073977322317659855, 0.0073295882903039455, 0.007812316529452801, 0.012284139171242714, 0.0103575699031353, 0.024303913116455078, 0.022447120398283005, 0.0076783583499491215, 0.01642743870615959, 0.009617251344025135]}