{"loss": -0.9407138824462891, "character_probs": [0.01620900258421898, 0.027925502508878708, 0.013021696358919144, 0.010724138468503952, 0.008586274459958076, 0.011934523470699787, 0.007680730428546667, 0.008677366189658642, 0.009020978584885597, 0.008451951667666435, 0.008421877399086952, 0.011126158758997917, 0.011804407462477684, 0.010831783525645733, 0.009339606389403343, 0.010700436308979988, 0.008446904830634594, 0.0117365512996912, 0.009550301358103752, 0.008280701003968716, 0.01060501392930746, 0.008051551878452301, 0.007961640134453773, 0.00827047135680914, 0.007882763631641865, 0.008846762590110302, 0.0075275893323123455, 0.007389767095446587, 0.009449031203985214, 0.007905980572104454, 0.007512928918004036, 0.013618463650345802, 0.008398821577429771, 0.007900077849626541, 0.00827477965503931, 0.00850626826286316, 0.007941612042486668, 0.007882789708673954, 0.012136237695813179, 0.010684695094823837, 0.010821561329066753, 0.01273375004529953, 0.009999686852097511, 0.007685007061809301, 0.007237730547785759, 0.007840636186301708, 0.007363792508840561, 0.007611650973558426, 0.009089837782084942, 0.012089535593986511, 0.0134066641330719, 0.007396800443530083, 0.008048008196055889, 0.011409102007746696, 0.008609971031546593, 0.012126918882131577, 0.00808235164731741, 0.009785540401935577, 0.007442993577569723, 0.00821361131966114, 0.008228286169469357, 0.008188080973923206, 0.00854982528835535, 0.007407665718346834, 0.01087879203259945, 0.009648175910115242, 0.007602338213473558, 0.008003187365829945, 0.013767470605671406, 0.011893106624484062, 0.010058456100523472, 0.007837096229195595, 0.008494054898619652, 0.014158431440591812, 0.008201932534575462, 0.007596163544803858, 0.020164854824543, 0.011600937694311142, 0.013511458411812782], "weapon_probs": [0.016425903886556625, 0.06153715401887894, 0.009987672790884972, 0.010337572544813156, 0.01074609812349081, 0.014076397754251957, 0.01602102443575859, 0.011409217491745949, 0.008172614499926567, 0.009468301199376583, 0.008444368839263916, 0.008938005194067955, 0.011610928922891617, 0.009163550101220608, 0.0204617977142334, 0.009901946410536766, 0.007516953162848949, 0.012568363919854164, 0.008705748245120049, 0.009432862512767315, 0.00917852483689785, 0.007632431108504534, 0.011844536289572716, 0.0077566648833453655, 0.008196978829801083, 0.009648174978792667, 0.009083472192287445, 0.0074068098329007626, 0.00922052189707756, 0.009706820361316204, 0.007922724820673466, 0.008855081163346767, 0.010070699267089367, 0.009509088471531868, 0.014855808578431606, 0.007691103965044022, 0.009579678997397423, 0.01294240914285183, 0.012162979692220688, 0.008531059138476849, 0.008613009005784988, 0.008750010281801224, 0.00808124989271164, 0.021599233150482178, 0.018739214166998863, 0.008072705008089542, 0.011190291494131088, 0.011045529507100582, 0.009475094266235828, 0.007343586068600416, 0.01679420843720436, 0.010838259011507034, 0.00773684773594141, 0.010509083978831768, 0.014733895659446716, 0.009675266221165657, 0.026224225759506226, 0.010704798623919487, 0.010094478726387024]}