{"loss": 0.1715432107448578, "character_probs": [0.02513473853468895, 0.014632219448685646, 0.01024569384753704, 0.007982752285897732, 0.013895485550165176, 0.011326887644827366, 0.007671525236219168, 0.02092905156314373, 0.015150721184909344, 0.007922797463834286, 0.008936991915106773, 0.010672524571418762, 0.007350011263042688, 0.0072757829912006855, 0.009433036670088768, 0.009683296084403992, 0.007686850614845753, 0.007188017014414072, 0.01095596794039011, 0.008108513429760933, 0.009219108149409294, 0.007287550251930952, 0.010242974385619164, 0.009389887563884258, 0.01236775889992714, 0.007574661169201136, 0.009931815788149834, 0.007649948820471764, 0.007864723913371563, 0.00731813395395875, 0.008928381837904453, 0.010812693275511265, 0.0076026408933103085, 0.008000783622264862, 0.007969832047820091, 0.00876394473016262, 0.007346814963966608, 0.007993405684828758, 0.009098311886191368, 0.007226987276226282, 0.009180964902043343, 0.007886981591582298, 0.012493062764406204, 0.007494312711060047, 0.010008769109845161, 0.008379511535167694, 0.007062619086354971, 0.007907062768936157, 0.01082506962120533, 0.010167456232011318, 0.007745185401290655, 0.009269118309020996, 0.01012379676103592, 0.008406251668930054, 0.008473613299429417, 0.00765269435942173, 0.008787794038653374, 0.011205579154193401, 0.011436492204666138, 0.007496892474591732, 0.025012332946062088, 0.008847909979522228, 0.00838623009622097, 0.008666781708598137, 0.007644191384315491, 0.007398628164082766, 0.008871646597981453, 0.009164056740701199, 0.008169476874172688, 0.007982958108186722, 0.008496527560055256, 0.007976834662258625, 0.019131453707814217, 0.010466150008141994, 0.011151410639286041, 0.008259570226073265, 0.0073601361364126205, 0.007366909645497799, 0.007648209109902382], "weapon_probs": [0.022544967010617256, 0.023949548602104187, 0.022226037457585335, 0.016641933470964432, 0.014078835025429726, 0.014055643230676651, 0.00925915502011776, 0.012205556035041809, 0.013303819112479687, 0.015866773203015327, 0.008059777319431305, 0.0073688519187271595, 0.007779471110552549, 0.007981041446328163, 0.021733853965997696, 0.009125828742980957, 0.014272795990109444, 0.011694076471030712, 0.008125477470457554, 0.00787796638906002, 0.020512588322162628, 0.008025476709008217, 0.0083082914352417, 0.007815433666110039, 0.007816794328391552, 0.011725755408406258, 0.00964521337300539, 0.011392943561077118, 0.008304795250296593, 0.008165276609361172, 0.00799238495528698, 0.00820091925561428, 0.01175929419696331, 0.024034246802330017, 0.010633058845996857, 0.01156813744455576, 0.008482703007757664, 0.010543636046350002, 0.008386610075831413, 0.012744005769491196, 0.009252563118934631, 0.009628978557884693, 0.009611943736672401, 0.007482281420379877, 0.009174502454698086, 0.010543634183704853, 0.00948655977845192, 0.008519157767295837, 0.009034376591444016, 0.01595587283372879, 0.008065403439104557, 0.018997013568878174, 0.016994714736938477, 0.007891068235039711, 0.01786802150309086, 0.028327777981758118, 0.008550111204385757, 0.010301060974597931, 0.010360377840697765]}