{"loss": 0.4063901901245117, "character_probs": [0.01628795638680458, 0.015953335911035538, 0.020733989775180817, 0.010245593264698982, 0.012820066884160042, 0.007837146520614624, 0.01549153495579958, 0.015173793770372868, 0.009466791525483131, 0.009052524343132973, 0.008456586860120296, 0.007331583648920059, 0.011473607271909714, 0.008115085773169994, 0.009553502313792706, 0.007266506552696228, 0.016566090285778046, 0.009527740068733692, 0.007826224900782108, 0.007140417583286762, 0.007482527755200863, 0.008396810851991177, 0.008046253584325314, 0.007718627341091633, 0.008099343627691269, 0.009625759907066822, 0.007797520142048597, 0.007274047937244177, 0.008021518588066101, 0.008270970545709133, 0.007767149247229099, 0.010157136246562004, 0.008620679378509521, 0.007634338922798634, 0.008540906012058258, 0.01745600253343582, 0.007548451889306307, 0.008859403431415558, 0.010096381418406963, 0.007299630902707577, 0.00891407486051321, 0.00915841106325388, 0.0073145972564816475, 0.010874483734369278, 0.007942329160869122, 0.008631890639662743, 0.008807680569589138, 0.007668627426028252, 0.007727386895567179, 0.007938317954540253, 0.009046988561749458, 0.008154002949595451, 0.010215028189122677, 0.008749180473387241, 0.015993645414710045, 0.008563956245779991, 0.009162859991192818, 0.008228805847465992, 0.008755004964768887, 0.007314747199416161, 0.007352661807090044, 0.010354789905250072, 0.010783545672893524, 0.00944533571600914, 0.009341051802039146, 0.009939625859260559, 0.008527947589755058, 0.008913405239582062, 0.01678166165947914, 0.00733403442427516, 0.00834802258759737, 0.01380864717066288, 0.007979676127433777, 0.011326848529279232, 0.00759145338088274, 0.00884296651929617, 0.011578643694519997, 0.0073227658867836, 0.010913446545600891], "weapon_probs": [0.03550359234213829, 0.01873474195599556, 0.014126289635896683, 0.011179013177752495, 0.03447187319397926, 0.012620128691196442, 0.00765060493722558, 0.012443074956536293, 0.007421541027724743, 0.009812736883759499, 0.015510913915932178, 0.009209811687469482, 0.01252694521099329, 0.007965861819684505, 0.007640776224434376, 0.011815346777439117, 0.009443805553019047, 0.009257117286324501, 0.008380315266549587, 0.007654430810362101, 0.008161040022969246, 0.014604790136218071, 0.01666148006916046, 0.007661489304155111, 0.007886710576713085, 0.007856322452425957, 0.01066963467746973, 0.007384467404335737, 0.018131617456674576, 0.007859273813664913, 0.0077733746729791164, 0.008036702871322632, 0.010584050789475441, 0.008977385237812996, 0.0100651690736413, 0.00819242000579834, 0.012446112930774689, 0.02432883530855179, 0.007664456497877836, 0.00870820228010416, 0.008598418906331062, 0.009119492024183273, 0.010681113228201866, 0.017724700272083282, 0.011000994592905045, 0.013450566679239273, 0.011798784136772156, 0.011828543618321419, 0.010282861068844795, 0.012267171405255795, 0.011603334918618202, 0.00822641234844923, 0.011403054930269718, 0.009191560558974743, 0.014043208211660385, 0.010189902037382126, 0.012299397960305214, 0.008551165461540222, 0.01841365545988083]}