{"loss": -0.1909729540348053, "character_probs": [0.013160757720470428, 0.03150004893541336, 0.007907764986157417, 0.009517456404864788, 0.00793230440467596, 0.011698486283421516, 0.021309783682227135, 0.007748372852802277, 0.009595969691872597, 0.008756724186241627, 0.011789923533797264, 0.013639185577630997, 0.008942712098360062, 0.008243996649980545, 0.012957271188497543, 0.008172846399247646, 0.008313793689012527, 0.008043456822633743, 0.00871315412223339, 0.010639974847435951, 0.008922133594751358, 0.0075897169299423695, 0.008212612941861153, 0.008807869628071785, 0.00724579906091094, 0.007082016672939062, 0.00960489735007286, 0.009900948964059353, 0.007152558770030737, 0.009261375293135643, 0.007869957946240902, 0.007795438636094332, 0.008321201428771019, 0.008093692362308502, 0.007850537076592445, 0.007442838978022337, 0.007850534282624722, 0.007685597520321608, 0.009542401880025864, 0.008022181689739227, 0.007900147698819637, 0.015938393771648407, 0.007797679398208857, 0.008182099089026451, 0.007744239643216133, 0.009804804809391499, 0.00744666438549757, 0.008782959543168545, 0.009867683053016663, 0.010046230629086494, 0.008263464085757732, 0.008491851389408112, 0.01809774339199066, 0.008108657784759998, 0.009743232280015945, 0.009527517482638359, 0.007223626598715782, 0.012061033397912979, 0.007308790925890207, 0.008184529840946198, 0.012925761751830578, 0.00769520178437233, 0.008141916245222092, 0.009097358211874962, 0.010099152103066444, 0.007622506469488144, 0.007390499580651522, 0.013484787195920944, 0.008558893576264381, 0.007676832377910614, 0.007295106537640095, 0.008329796604812145, 0.008031797595322132, 0.009207752533257008, 0.009856021963059902, 0.00826411321759224, 0.009221428073942661, 0.010561445727944374, 0.008703377097845078], "weapon_probs": [0.02526012808084488, 0.017326315864920616, 0.017386075109243393, 0.017194543033838272, 0.021841255947947502, 0.023306194692850113, 0.012171328067779541, 0.008940685540437698, 0.011460657231509686, 0.0076685394160449505, 0.008767733350396156, 0.020745642483234406, 0.009773519821465015, 0.011263173073530197, 0.010462942533195019, 0.015737373381853104, 0.009191643446683884, 0.00801179464906454, 0.009123199619352818, 0.010287884622812271, 0.008918420411646366, 0.0177510567009449, 0.012296818196773529, 0.007159685716032982, 0.008116395212709904, 0.013744130730628967, 0.012326983734965324, 0.008260104805231094, 0.00842516403645277, 0.010828027501702309, 0.009800205938518047, 0.008081097155809402, 0.00975169986486435, 0.007181673310697079, 0.008179491385817528, 0.00949905440211296, 0.007871215231716633, 0.00985803920775652, 0.01353766955435276, 0.009301327168941498, 0.007375879213213921, 0.00748116709291935, 0.009169226512312889, 0.009101849980652332, 0.012041345238685608, 0.013757839798927307, 0.00931340828537941, 0.007993594743311405, 0.007876463234424591, 0.021069824695587158, 0.008019265718758106, 0.00883231870830059, 0.00981292873620987, 0.008352144621312618, 0.007946407422423363, 0.01538935862481594, 0.012508421204984188, 0.01651199907064438, 0.011810153722763062]}