{"loss": -0.9153062105178833, "character_probs": [0.03394665569067001, 0.010279064998030663, 0.013784182257950306, 0.007329534273594618, 0.010177047923207283, 0.015243382193148136, 0.011541299521923065, 0.00834619253873825, 0.00827038660645485, 0.01073259487748146, 0.0076066371984779835, 0.010274330154061317, 0.008813511580228806, 0.007501264102756977, 0.008783256635069847, 0.00991219375282526, 0.007816506549715996, 0.008136341348290443, 0.010083025321364403, 0.01044917106628418, 0.0072689657099545, 0.007157629821449518, 0.008392509073019028, 0.015874583274126053, 0.007353351917117834, 0.009877920150756836, 0.008609029464423656, 0.008306560106575489, 0.009414036758244038, 0.007167060859501362, 0.0081309974193573, 0.007437372580170631, 0.00912961084395647, 0.009733755141496658, 0.007597107905894518, 0.008820273913443089, 0.007228481583297253, 0.01171228475868702, 0.011290648952126503, 0.0076533169485628605, 0.009753636084496975, 0.008542087860405445, 0.007677188143134117, 0.008025207556784153, 0.009246276691555977, 0.008464444428682327, 0.008813822641968727, 0.009354956448078156, 0.014925702475011349, 0.01005597971379757, 0.00808353815227747, 0.007502095308154821, 0.008610987104475498, 0.00865803100168705, 0.00750431464985013, 0.009896540082991123, 0.010164555162191391, 0.01356186717748642, 0.014654895290732384, 0.0076149762608110905, 0.007927834056317806, 0.012043002992868423, 0.010442748665809631, 0.008345577865839005, 0.00796414166688919, 0.00854935310781002, 0.011156107299029827, 0.009329978376626968, 0.007726480718702078, 0.01216275617480278, 0.012230182066559792, 0.007803209591656923, 0.007237450685352087, 0.012872204184532166, 0.00885069090873003, 0.00887800008058548, 0.010396664962172508, 0.008296729065477848, 0.008059211075305939], "weapon_probs": [0.036334969103336334, 0.01709478721022606, 0.015729248523712158, 0.011754384264349937, 0.016449440270662308, 0.007796258665621281, 0.014525717124342918, 0.011712640523910522, 0.010075424797832966, 0.01208808459341526, 0.008871547877788544, 0.01416052971035242, 0.010719363577663898, 0.010274790227413177, 0.028286702930927277, 0.007725787814706564, 0.010841256007552147, 0.01983071118593216, 0.010678007267415524, 0.007596228737384081, 0.008543144911527634, 0.0073885624296963215, 0.00977281853556633, 0.009802423417568207, 0.007453016471117735, 0.010327874682843685, 0.008043689653277397, 0.008915622718632221, 0.012147380039095879, 0.009958484210073948, 0.007481639739125967, 0.008677737787365913, 0.010189779102802277, 0.016391197219491005, 0.010049031116068363, 0.010624040849506855, 0.008684859611093998, 0.013080396689474583, 0.014973669312894344, 0.008987663313746452, 0.008280503563582897, 0.00762824434787035, 0.01195664331316948, 0.007588173728436232, 0.010263812728226185, 0.009700924158096313, 0.008306910283863544, 0.009326022118330002, 0.0079909423366189, 0.014268222264945507, 0.01718302071094513, 0.010714486241340637, 0.012490695342421532, 0.015843678265810013, 0.012682796455919743, 0.015228738076984882, 0.011368824169039726, 0.009517631493508816, 0.01204713061451912]}