{"loss": -0.20063459873199463, "character_probs": [0.03137417510151863, 0.023184996098279953, 0.009174779988825321, 0.008059508167207241, 0.009226132184267044, 0.008383804932236671, 0.007702064234763384, 0.025455445051193237, 0.010478164069354534, 0.007993968203663826, 0.007691680453717709, 0.007813761942088604, 0.008028422482311726, 0.007515057921409607, 0.01135169342160225, 0.0075272442772984505, 0.008344565518200397, 0.008883124217391014, 0.007713910657912493, 0.009351987391710281, 0.007828126661479473, 0.007271020673215389, 0.009337708353996277, 0.007638753857463598, 0.008013858459889889, 0.008196861483156681, 0.007304887752979994, 0.007867364212870598, 0.007298287004232407, 0.013204541057348251, 0.008692042902112007, 0.00768379308283329, 0.007219627033919096, 0.00807290617376566, 0.007781844586133957, 0.008142223581671715, 0.012160103768110275, 0.007250439375638962, 0.008170319721102715, 0.0104671660810709, 0.009686801582574844, 0.00815039873123169, 0.007382959593087435, 0.01016937755048275, 0.009298990480601788, 0.011262256652116776, 0.008517565205693245, 0.008372548036277294, 0.008777102455496788, 0.007482409011572599, 0.008455674163997173, 0.00994337722659111, 0.011912615969777107, 0.009903285652399063, 0.01140814833343029, 0.011966057121753693, 0.009450184181332588, 0.007729601114988327, 0.009362469427287579, 0.007422720082104206, 0.009311175905168056, 0.009165570139884949, 0.009537001140415668, 0.008852261118590832, 0.007759913336485624, 0.007157527841627598, 0.008493529632687569, 0.009091553278267384, 0.009588036686182022, 0.008019507862627506, 0.011585898697376251, 0.009758862666785717, 0.007286539766937494, 0.009832201525568962, 0.008247350342571735, 0.011846723034977913, 0.008530993945896626, 0.01106940396130085, 0.01583150029182434], "weapon_probs": [0.015294753015041351, 0.022939320653676987, 0.02526017278432846, 0.014845063909888268, 0.019979557022452354, 0.010635213926434517, 0.009820559062063694, 0.016075260937213898, 0.022166259586811066, 0.00808599404990673, 0.008329060859978199, 0.012850258499383926, 0.020487651228904724, 0.0126812644302845, 0.011062076315283775, 0.01017354428768158, 0.0073142098262906075, 0.010612701997160912, 0.00784196238964796, 0.008314321748912334, 0.009989194571971893, 0.007468114141374826, 0.007449867203831673, 0.007535226177424192, 0.00824714545160532, 0.00819737184792757, 0.010248113423585892, 0.01892152428627014, 0.010345407761633396, 0.00814862921833992, 0.01304660551249981, 0.011821465566754341, 0.009980492293834686, 0.01610586978495121, 0.009703414514660835, 0.009534047916531563, 0.014627331867814064, 0.010241265408694744, 0.009172006510198116, 0.007254165131598711, 0.008156424388289452, 0.008022290654480457, 0.008624927140772343, 0.008078805170953274, 0.008102118968963623, 0.015237291343510151, 0.01132982037961483, 0.007923886179924011, 0.021325454115867615, 0.008043364621698856, 0.008773410692811012, 0.010416396893560886, 0.008298969827592373, 0.01722637377679348, 0.010759228840470314, 0.008279851637780666, 0.01404702290892601, 0.024909798055887222, 0.007406279910355806]}