{"loss": -0.992118775844574, "character_probs": [0.010335798375308514, 0.024793509393930435, 0.009016282856464386, 0.009766215458512306, 0.01046023890376091, 0.025478411465883255, 0.009242444299161434, 0.009822393767535686, 0.010163136757910252, 0.009859461337327957, 0.008002623915672302, 0.009276963770389557, 0.009609299711883068, 0.01176387444138527, 0.007243999745696783, 0.007926233112812042, 0.007434109691530466, 0.012736259028315544, 0.010297499597072601, 0.00734394695609808, 0.008199762552976608, 0.008756786584854126, 0.0073526944033801556, 0.01235918328166008, 0.008763382211327553, 0.008649777621030807, 0.0076445285230875015, 0.007230489980429411, 0.010425042361021042, 0.007652937434613705, 0.008900638669729233, 0.008351768366992474, 0.007716086693108082, 0.010873360559344292, 0.008899004198610783, 0.008481549099087715, 0.007830135524272919, 0.011048429645597935, 0.008195595815777779, 0.007838054560124874, 0.015982093289494514, 0.010084893554449081, 0.00949828326702118, 0.008153626695275307, 0.008770079351961613, 0.00711530027911067, 0.012085423804819584, 0.009284362196922302, 0.009731249883770943, 0.00740581750869751, 0.011373966932296753, 0.011509314179420471, 0.007499463856220245, 0.007629424333572388, 0.012088951654732227, 0.008240650407969952, 0.010108193382620811, 0.0097032580524683, 0.008349425159394741, 0.008520299568772316, 0.008811690844595432, 0.007483707275241613, 0.012498743832111359, 0.008652077987790108, 0.007485876325517893, 0.008468239568173885, 0.008561957627534866, 0.007653967011719942, 0.01109202578663826, 0.010121325962245464, 0.011182558722794056, 0.008535287342965603, 0.009756705723702908, 0.014038017950952053, 0.007806523237377405, 0.008064172230660915, 0.011641964316368103, 0.008329962380230427, 0.009391656145453453], "weapon_probs": [0.022030586376786232, 0.025377098470926285, 0.02705272287130356, 0.014094911515712738, 0.008704464882612228, 0.015712061896920204, 0.009655418805778027, 0.009943732991814613, 0.010211165994405746, 0.007959393784403801, 0.01823832467198372, 0.013860957697033882, 0.007967316545546055, 0.008032494224607944, 0.007305491715669632, 0.020135309547185898, 0.008006292395293713, 0.01622287929058075, 0.011024003848433495, 0.009178140200674534, 0.013575691729784012, 0.009312767535448074, 0.012384014204144478, 0.007416598964482546, 0.00729273771867156, 0.00960271805524826, 0.012735607102513313, 0.010923019610345364, 0.008455727249383926, 0.008001108653843403, 0.01135970838367939, 0.008993617258965969, 0.010535184293985367, 0.014735260047018528, 0.009295635856688023, 0.00955203827470541, 0.007715437561273575, 0.011861240491271019, 0.01121898740530014, 0.007611394859850407, 0.00827416218817234, 0.0294245183467865, 0.009310209192335606, 0.0071363323368132114, 0.00818211305886507, 0.011170306243002415, 0.017279962077736855, 0.007434726692736149, 0.008036145009100437, 0.007374771870672703, 0.029884692281484604, 0.00911627896130085, 0.007544979453086853, 0.012967526912689209, 0.014889553189277649, 0.009596173651516438, 0.010589302517473698, 0.008885156363248825, 0.007929193787276745]}