{"loss": -0.9550429582595825, "character_probs": [0.015435540117323399, 0.01741815358400345, 0.00996995996683836, 0.02064349502325058, 0.00857037864625454, 0.01180445495992899, 0.013684689067304134, 0.0126271303743124, 0.008032819256186485, 0.007741561159491539, 0.007780931424349546, 0.010323010385036469, 0.018069997429847717, 0.007304659578949213, 0.009829767979681492, 0.009907138533890247, 0.007509242743253708, 0.00917869620025158, 0.007263354025781155, 0.01375198271125555, 0.00823498796671629, 0.007618115749210119, 0.007779800333082676, 0.007481762208044529, 0.007586163934320211, 0.00738840876147151, 0.010859750211238861, 0.007951165549457073, 0.00858339760452509, 0.008241232484579086, 0.00858700554817915, 0.007938259281218052, 0.008042794652283192, 0.007421707268804312, 0.009218228980898857, 0.007359986659139395, 0.007453893311321735, 0.007743483409285545, 0.007894431240856647, 0.011584537103772163, 0.007574825081974268, 0.012891877442598343, 0.008219477720558643, 0.010037203319370747, 0.013913300819694996, 0.009394973516464233, 0.017085228115320206, 0.008677445352077484, 0.007515956647694111, 0.011037513613700867, 0.0074814846739172935, 0.007356103044003248, 0.00737803103402257, 0.007198842708021402, 0.009026588872075081, 0.009997007437050343, 0.011750216595828533, 0.007826332934200764, 0.011100299656391144, 0.011438367888331413, 0.00804909598082304, 0.008518868125975132, 0.01621485874056816, 0.008904282003641129, 0.0073691788129508495, 0.008093096315860748, 0.009475139901041985, 0.010875183157622814, 0.011351484805345535, 0.007874664850533009, 0.012632640078663826, 0.007810465060174465, 0.008341999724507332, 0.007680448703467846, 0.007988258264958858, 0.007301317993551493, 0.008720931597054005, 0.00860572513192892, 0.007620078511536121], "weapon_probs": [0.01953745260834694, 0.01624002307653427, 0.019128937274217606, 0.02184615656733513, 0.010583195835351944, 0.008825807832181454, 0.015816818922758102, 0.013283420354127884, 0.0148680554702878, 0.00894223153591156, 0.013063497841358185, 0.013689149171113968, 0.012335481122136116, 0.016065632924437523, 0.010055364109575748, 0.01593257114291191, 0.020070862025022507, 0.00784201268106699, 0.007535908371210098, 0.007398462854325771, 0.008482313714921474, 0.012669880874454975, 0.008040275424718857, 0.019885964691638947, 0.007598287425935268, 0.012874559499323368, 0.009372997097671032, 0.011909665539860725, 0.007514501456171274, 0.007872777990996838, 0.009985795244574547, 0.00835849717259407, 0.007909804582595825, 0.008135204203426838, 0.008465432561933994, 0.008009952493011951, 0.010830473154783249, 0.01063412893563509, 0.007692508399486542, 0.019444214180111885, 0.013236524537205696, 0.009703900665044785, 0.012572681531310081, 0.009205952286720276, 0.011566851288080215, 0.01258594635874033, 0.0111541748046875, 0.008632978424429893, 0.02080116793513298, 0.009479195810854435, 0.012723993510007858, 0.01220055390149355, 0.00855017825961113, 0.02540617808699608, 0.01025516539812088, 0.013162420131266117, 0.010655115358531475, 0.012988119386136532, 0.007929017767310143]}