{"loss": 0.48911264538764954, "character_probs": [0.018130768090486526, 0.015152147971093655, 0.013818824663758278, 0.008477848954498768, 0.012379016727209091, 0.017334235832095146, 0.008135225623846054, 0.012566836550831795, 0.01843622513115406, 0.009560536593198776, 0.010791757144033909, 0.007992995902895927, 0.008555264212191105, 0.007689210120588541, 0.009084288030862808, 0.010157125070691109, 0.007741653360426426, 0.011158059351146221, 0.010718697682023048, 0.008763398975133896, 0.007341464050114155, 0.008336647413671017, 0.0076465546153485775, 0.010454071685671806, 0.007440099027007818, 0.007534890901297331, 0.008764013648033142, 0.008601974695920944, 0.008140217512845993, 0.00854598730802536, 0.008473845198750496, 0.007504916749894619, 0.012340348213911057, 0.007979851216077805, 0.007864155806601048, 0.008316729217767715, 0.00998044665902853, 0.007359645329415798, 0.007353521883487701, 0.009299974888563156, 0.007550730835646391, 0.013431418687105179, 0.007191547658294439, 0.008395803160965443, 0.008778315037488937, 0.007986985146999359, 0.007868029177188873, 0.008282287046313286, 0.021082138642668724, 0.012533973902463913, 0.007958421483635902, 0.011375587433576584, 0.011484644375741482, 0.007224414497613907, 0.007909856736660004, 0.008361225947737694, 0.007652739528566599, 0.008975634351372719, 0.009123212657868862, 0.008150079287588596, 0.00883595272898674, 0.00787114817649126, 0.010024131275713444, 0.007872562855482101, 0.007787609938532114, 0.008445204235613346, 0.009311186149716377, 0.007490689866244793, 0.008326197043061256, 0.007518186699599028, 0.010821161791682243, 0.008177370764315128, 0.009369590319693089, 0.011783521622419357, 0.011905254796147346, 0.010296529158949852, 0.011125333607196808, 0.00863461010158062, 0.009739067405462265], "weapon_probs": [0.024607278406620026, 0.028784576803445816, 0.01592317596077919, 0.023940768092870712, 0.011960307136178017, 0.012730573303997517, 0.010290056467056274, 0.010411682538688183, 0.008896778337657452, 0.008730193600058556, 0.012287205085158348, 0.015575201250612736, 0.013378314673900604, 0.008467054925858974, 0.01611924171447754, 0.00811297632753849, 0.008599130436778069, 0.01012456975877285, 0.013169107027351856, 0.013668591156601906, 0.011019911617040634, 0.008037070743739605, 0.010670550167560577, 0.011771089397370815, 0.007503384258598089, 0.012082792818546295, 0.008234716020524502, 0.008097670041024685, 0.007478625979274511, 0.00825728289783001, 0.008853517472743988, 0.014756551943719387, 0.008682072162628174, 0.008075563237071037, 0.014364080503582954, 0.008334263227880001, 0.009556420147418976, 0.010554264299571514, 0.014687661081552505, 0.013969849795103073, 0.015517624095082283, 0.008025730960071087, 0.008474791422486305, 0.012729333713650703, 0.008954176679253578, 0.015429583378136158, 0.010927155613899231, 0.007997559383511543, 0.00891607441008091, 0.012903887778520584, 0.008288053795695305, 0.008485420607030392, 0.007996265776455402, 0.010981222614645958, 0.01316886767745018, 0.01537378877401352, 0.009247761219739914, 0.011588619090616703, 0.0077689895406365395]}