{"loss": -0.8975695967674255, "character_probs": [0.01501892413944006, 0.019618093967437744, 0.00729376869276166, 0.01366965752094984, 0.012771869078278542, 0.018227748572826385, 0.007992778904736042, 0.011181598529219627, 0.01297164335846901, 0.01440708339214325, 0.0074476092122495174, 0.015310347080230713, 0.00845622643828392, 0.008361312560737133, 0.008534072898328304, 0.007605629041790962, 0.010720549151301384, 0.009119576774537563, 0.010688211768865585, 0.008624110370874405, 0.009328808635473251, 0.007532063871622086, 0.008908518590033054, 0.008915681391954422, 0.007381522562354803, 0.007142710965126753, 0.007194035220891237, 0.008292178623378277, 0.010030843317508698, 0.007655529771000147, 0.007253567688167095, 0.007126107811927795, 0.009764734655618668, 0.007244348060339689, 0.0077560823410749435, 0.00812690332531929, 0.007818888872861862, 0.008631953038275242, 0.011777909472584724, 0.008111139759421349, 0.007329845335334539, 0.007918935269117355, 0.007573192473500967, 0.010782917961478233, 0.011172853410243988, 0.023347340524196625, 0.008621029555797577, 0.007693794555962086, 0.009193969890475273, 0.008031703531742096, 0.0076446980237960815, 0.008992452174425125, 0.008651056326925755, 0.007345385849475861, 0.008826006203889847, 0.008453461341559887, 0.007412221748381853, 0.007305521983653307, 0.010295159183442593, 0.007927767001092434, 0.010197079740464687, 0.013565062545239925, 0.008965454064309597, 0.012571408413350582, 0.009231014177203178, 0.007733735255897045, 0.009751413017511368, 0.007538327947258949, 0.011291015893220901, 0.00939230341464281, 0.007811591494828463, 0.009861566126346588, 0.00866642314940691, 0.011520539410412312, 0.020278766751289368, 0.007617211434990168, 0.00810192245990038, 0.009489445015788078, 0.007495905738323927], "weapon_probs": [0.03338633105158806, 0.029639173299074173, 0.01318378560245037, 0.00916803814470768, 0.014932787045836449, 0.014602364972233772, 0.014445800334215164, 0.008322088047862053, 0.010144316591322422, 0.011263823136687279, 0.012963893823325634, 0.007448118180036545, 0.009075488895177841, 0.009343782439827919, 0.007968148216605186, 0.009042608551681042, 0.009966612793505192, 0.03762016072869301, 0.007391393184661865, 0.009192880243062973, 0.00742377620190382, 0.013612012378871441, 0.007525106891989708, 0.007998967543244362, 0.007377024739980698, 0.008070780895650387, 0.008101385086774826, 0.009993978776037693, 0.010468634776771069, 0.008720824494957924, 0.007849502377212048, 0.007777856197208166, 0.007417774293571711, 0.01042530220001936, 0.0074632675386965275, 0.008383050560951233, 0.02948189526796341, 0.007815467193722725, 0.011438894085586071, 0.008286372758448124, 0.009409008547663689, 0.00896227452903986, 0.02285781502723694, 0.00850069522857666, 0.010852236300706863, 0.009365435689687729, 0.010174249298870564, 0.007337586954236031, 0.008350670337677002, 0.021138861775398254, 0.00929610338062048, 0.0102170929312706, 0.013566680252552032, 0.020475560799241066, 0.009552912786602974, 0.02095302939414978, 0.011699582450091839, 0.018437791615724564, 0.009026196785271168]}