{"loss": -0.9058433771133423, "character_probs": [0.02654176950454712, 0.017157379537820816, 0.012460929341614246, 0.01318337768316269, 0.011085255071520805, 0.008277402259409428, 0.008840329945087433, 0.008372515439987183, 0.007461189292371273, 0.013378236442804337, 0.011830557137727737, 0.009488901123404503, 0.008132366463541985, 0.00840607937425375, 0.008589696139097214, 0.007784532383084297, 0.014932915568351746, 0.007990744896233082, 0.009009279310703278, 0.007817184552550316, 0.011301036924123764, 0.007689629215747118, 0.0115866269916296, 0.0075372993014752865, 0.009554951451718807, 0.00813862681388855, 0.010144519619643688, 0.007160213775932789, 0.008886978030204773, 0.008186501450836658, 0.007152500096708536, 0.01094818115234375, 0.00803350005298853, 0.010787997394800186, 0.0074086361564695835, 0.011845431290566921, 0.01059945859014988, 0.008035428822040558, 0.008301072753965855, 0.007181190419942141, 0.007455088663846254, 0.008346201851963997, 0.008193730376660824, 0.008688559755682945, 0.008017432875931263, 0.011016828939318657, 0.009914067573845387, 0.009009250439703465, 0.011987950652837753, 0.007981407456099987, 0.012308073230087757, 0.009796266444027424, 0.007202384062111378, 0.007817529141902924, 0.008389808237552643, 0.010133889503777027, 0.007129460107535124, 0.008170326240360737, 0.007541059050709009, 0.008856164291501045, 0.008711811155080795, 0.008416462689638138, 0.010004361160099506, 0.009060271084308624, 0.007830812595784664, 0.012551628053188324, 0.008603792637586594, 0.010943029075860977, 0.007917523384094238, 0.008104772306978703, 0.010984592139720917, 0.011820744723081589, 0.015753746032714844, 0.008008959703147411, 0.009075234644114971, 0.010557356290519238, 0.00840266514569521, 0.01604960672557354, 0.007502391934394836], "weapon_probs": [0.023019392043352127, 0.02940480038523674, 0.009992308914661407, 0.019141457974910736, 0.009485742077231407, 0.009496953338384628, 0.015028491616249084, 0.012172792106866837, 0.018009431660175323, 0.014780916273593903, 0.012891526333987713, 0.033140964806079865, 0.009241223335266113, 0.010296367108821869, 0.0075394827872514725, 0.012601673603057861, 0.008251059800386429, 0.009085264056921005, 0.008187256753444672, 0.009222195483744144, 0.007469872012734413, 0.014709586277604103, 0.008506907150149345, 0.008255032822489738, 0.01040094718337059, 0.008205180056393147, 0.010879609733819962, 0.010153425857424736, 0.0101066455245018, 0.0075754462741315365, 0.00750002171844244, 0.00828541163355112, 0.008253278210759163, 0.010201020166277885, 0.007412150036543608, 0.009201016277074814, 0.00895711686462164, 0.007926622405648232, 0.00778039637953043, 0.013394828885793686, 0.0077659389935433865, 0.01783929392695427, 0.008821177296340466, 0.016612786799669266, 0.010550823993980885, 0.009183655492961407, 0.009689750149846077, 0.017905034124851227, 0.009565003216266632, 0.00833630096167326, 0.010346833616495132, 0.015297947451472282, 0.00990422535687685, 0.012708170339465141, 0.008798913098871708, 0.008314499631524086, 0.015573229640722275, 0.011952294036746025, 0.024043366312980652]}