{"loss": -0.8724910616874695, "character_probs": [0.017859434708952904, 0.01971050165593624, 0.011390924453735352, 0.009729096665978432, 0.016851263120770454, 0.00869626272469759, 0.012481605634093285, 0.009177010506391525, 0.008914236910641193, 0.008620494976639748, 0.009745515882968903, 0.00999913364648819, 0.009130477905273438, 0.009476825594902039, 0.008551506325602531, 0.010211965069174767, 0.014998630620539188, 0.011617463082075119, 0.008461724035441875, 0.009061812423169613, 0.007895699702203274, 0.008441628888249397, 0.009268056601285934, 0.009859931655228138, 0.01340346410870552, 0.007749185897409916, 0.007455200422555208, 0.00788379181176424, 0.007812653668224812, 0.009058778174221516, 0.009605411440134048, 0.011334387585520744, 0.00743551691994071, 0.007546881679445505, 0.008068318478763103, 0.00820369552820921, 0.0076079582795500755, 0.007526525296270847, 0.007898282259702682, 0.010239499621093273, 0.00788706075400114, 0.008849945850670338, 0.008922887034714222, 0.01213907916098833, 0.00868703331798315, 0.010804599151015282, 0.00787897314876318, 0.007610413245856762, 0.007581944577395916, 0.008513356558978558, 0.007623095531016588, 0.009531049989163876, 0.009046202525496483, 0.009619815275073051, 0.011162471026182175, 0.007508765906095505, 0.008535097353160381, 0.007668906822800636, 0.010093886405229568, 0.011324875056743622, 0.008233349770307541, 0.009572931565344334, 0.009706230834126472, 0.013921951875090599, 0.010274594649672508, 0.007827424444258213, 0.008656489662826061, 0.009771440178155899, 0.007460250519216061, 0.007127902004867792, 0.010607966221868992, 0.016653403639793396, 0.02066730707883835, 0.009014885872602463, 0.015194578096270561, 0.009727454744279385, 0.007625139318406582, 0.0099026532843709, 0.013441698625683784], "weapon_probs": [0.03671278804540634, 0.013839168474078178, 0.022892922163009644, 0.011385983787477016, 0.010405857115983963, 0.009595529176294804, 0.008440114557743073, 0.022097386419773102, 0.00828742515295744, 0.012665229849517345, 0.014535916037857533, 0.010071296244859695, 0.017947111278772354, 0.008438619785010815, 0.012532706372439861, 0.009346166625618935, 0.007626895792782307, 0.011982577852904797, 0.009467286989092827, 0.014740608632564545, 0.015456311404705048, 0.00872533954679966, 0.0077921319752931595, 0.007253948599100113, 0.011683032847940922, 0.0075147999450564384, 0.009346743114292622, 0.023790273815393448, 0.0071624405682086945, 0.009697135537862778, 0.00791960209608078, 0.012677300721406937, 0.008633699268102646, 0.009849301539361477, 0.008020587265491486, 0.00999068096280098, 0.011630898341536522, 0.015445523895323277, 0.008131577633321285, 0.009451122023165226, 0.007662360556423664, 0.016492851078510284, 0.0085939085111022, 0.00988122820854187, 0.011499030515551567, 0.00945237372070551, 0.010301920585334301, 0.007704464718699455, 0.010691373609006405, 0.010275316424667835, 0.010130489245057106, 0.00769096240401268, 0.00771132530644536, 0.012715107761323452, 0.012114113196730614, 0.009352024644613266, 0.012356228195130825, 0.012248095124959946, 0.010529879480600357]}