{"loss": -0.9722400307655334, "character_probs": [0.015015682205557823, 0.013747986406087875, 0.015386225655674934, 0.012128952890634537, 0.01583346538245678, 0.00968512799590826, 0.011243179440498352, 0.01198385190218687, 0.013529922813177109, 0.009827758185565472, 0.007828956469893456, 0.010315027087926865, 0.007384743075817823, 0.010502820834517479, 0.010117360390722752, 0.009216571226716042, 0.009636551141738892, 0.009078697301447392, 0.0128732705488801, 0.007736510597169399, 0.010089456103742123, 0.009512108750641346, 0.008297023363411427, 0.009072847664356232, 0.009234247729182243, 0.007067091763019562, 0.013260750100016594, 0.008592333644628525, 0.00717338128015399, 0.008027774281799793, 0.008039767853915691, 0.009788986295461655, 0.009714994579553604, 0.009019255638122559, 0.008472664281725883, 0.008309240452945232, 0.008150383830070496, 0.007263537496328354, 0.013272404670715332, 0.008996906690299511, 0.011522872373461723, 0.00920078530907631, 0.007239201106131077, 0.008325247094035149, 0.008362901397049427, 0.007671497296541929, 0.007913228124380112, 0.00843324139714241, 0.008543654344975948, 0.007705607917159796, 0.009794564917683601, 0.00728066498413682, 0.008059360086917877, 0.010721247643232346, 0.009571682661771774, 0.007740195374935865, 0.01470137108117342, 0.010916506871581078, 0.009829133749008179, 0.009173923172056675, 0.008745381608605385, 0.007667232770472765, 0.008707573637366295, 0.00905613787472248, 0.007965506054461002, 0.008338306099176407, 0.008223788812756538, 0.008796395733952522, 0.007859756238758564, 0.009954224340617657, 0.010982858948409557, 0.009767447598278522, 0.01753009855747223, 0.013417595066130161, 0.007930546998977661, 0.007874803617596626, 0.00912342220544815, 0.013476697728037834, 0.009412594139575958], "weapon_probs": [0.010408921167254448, 0.040600404143333435, 0.013920584693551064, 0.01320639904588461, 0.01483103632926941, 0.01722266525030136, 0.00881674699485302, 0.007925870828330517, 0.02397198975086212, 0.010156741365790367, 0.00958977360278368, 0.008446088060736656, 0.009208581410348415, 0.011551342904567719, 0.008654403500258923, 0.025167081505060196, 0.007485492620617151, 0.013596512377262115, 0.008487631566822529, 0.0129243154078722, 0.0096688037738204, 0.011112691834568977, 0.007992326281964779, 0.00823710672557354, 0.016334744170308113, 0.00889842864125967, 0.009544717147946358, 0.011308185756206512, 0.011688705533742905, 0.008605819195508957, 0.01099945418536663, 0.008657499216496944, 0.007843567989766598, 0.008998993784189224, 0.008834457024931908, 0.010622240602970123, 0.014836432412266731, 0.00877018366008997, 0.009519720450043678, 0.008576646447181702, 0.011814906261861324, 0.009418444707989693, 0.011717138811945915, 0.00811238307505846, 0.010120684280991554, 0.008824929594993591, 0.00913782138377428, 0.023015424609184265, 0.013576868921518326, 0.01257462427020073, 0.010142245329916477, 0.00794963538646698, 0.0100547531619668, 0.0084780128672719, 0.009343484416604042, 0.015392430126667023, 0.011814869940280914, 0.03226131200790405, 0.013981850817799568]}