{"loss": -0.6670750379562378, "character_probs": [0.014774499461054802, 0.021659543737769127, 0.009550023823976517, 0.01759294979274273, 0.007990682497620583, 0.012093347497284412, 0.01195143535733223, 0.010574160143733025, 0.011279051192104816, 0.007694417145103216, 0.010893336497247219, 0.009829167276620865, 0.00910345558077097, 0.008427344262599945, 0.007974190637469292, 0.008737684227526188, 0.009161568246781826, 0.013166980817914009, 0.008131150156259537, 0.0077352989464998245, 0.017028585076332092, 0.007489375304430723, 0.0085025979205966, 0.008999045938253403, 0.007344827521592379, 0.00915510207414627, 0.008114654570817947, 0.010237057693302631, 0.010759634897112846, 0.008217904716730118, 0.010844556614756584, 0.008310320787131786, 0.009338165633380413, 0.009728919714689255, 0.008152807131409645, 0.009065446443855762, 0.010618221014738083, 0.007523025386035442, 0.008376472629606724, 0.009330266155302525, 0.007681472692638636, 0.007353318389505148, 0.007285512518137693, 0.008381063118577003, 0.007804348599165678, 0.0073072402738034725, 0.007860704325139523, 0.008613131940364838, 0.007608781103044748, 0.008096851408481598, 0.008566673845052719, 0.009913608431816101, 0.011201489716768265, 0.010132723487913609, 0.010964874178171158, 0.007754899561405182, 0.00941446516662836, 0.008933303877711296, 0.009260807186365128, 0.009319532662630081, 0.0098545141518116, 0.009416159242391586, 0.012455755844712257, 0.008389768190681934, 0.02102634496986866, 0.00877258088439703, 0.007723994553089142, 0.007512467913329601, 0.008703280240297318, 0.00927989836782217, 0.01028883270919323, 0.008587243035435677, 0.00824824534356594, 0.008021385408937931, 0.010408299043774605, 0.007803038693964481, 0.020820148289203644, 0.013349315151572227, 0.01085561141371727], "weapon_probs": [0.010148894973099232, 0.027487650513648987, 0.023147862404584885, 0.01066756621003151, 0.017211785539984703, 0.018023494631052017, 0.011284513399004936, 0.014744272455573082, 0.01629597321152687, 0.013884181156754494, 0.009251251816749573, 0.014793457463383675, 0.009919626638293266, 0.0077597470954060555, 0.012089953757822514, 0.010573332197964191, 0.009750355035066605, 0.00848829559981823, 0.007553329691290855, 0.009800320491194725, 0.0121696125715971, 0.016582828015089035, 0.00761992996558547, 0.0165778286755085, 0.009289233013987541, 0.015526765957474709, 0.009004797786474228, 0.009279657155275345, 0.01330995187163353, 0.011254936456680298, 0.008664519526064396, 0.009274918586015701, 0.007362475618720055, 0.009352201595902443, 0.010830260813236237, 0.009701695293188095, 0.01863810420036316, 0.010447409935295582, 0.007776251994073391, 0.008907237090170383, 0.013293832540512085, 0.009935721755027771, 0.00763687863945961, 0.009277109056711197, 0.00857727974653244, 0.01669309288263321, 0.007571615744382143, 0.009027285501360893, 0.01694367825984955, 0.013676458969712257, 0.010650824755430222, 0.009617003612220287, 0.01090362761169672, 0.011330070905387402, 0.009750835597515106, 0.00971442274749279, 0.010272709652781487, 0.011053675785660744, 0.010021168738603592]}