{"loss": 0.45437315106391907, "character_probs": [0.016770005226135254, 0.012742357328534126, 0.012836810201406479, 0.010326914489269257, 0.024756938219070435, 0.011171740479767323, 0.009477376937866211, 0.010975116863846779, 0.007544135674834251, 0.009883751161396503, 0.014131571166217327, 0.009056287817656994, 0.00772970961406827, 0.012916196137666702, 0.009061088785529137, 0.009901626035571098, 0.00879646185785532, 0.008086555637419224, 0.009650842286646366, 0.008162323385477066, 0.017206013202667236, 0.00774705596268177, 0.007728323340415955, 0.008496844209730625, 0.007846781983971596, 0.008054949343204498, 0.009407700970768929, 0.008161056786775589, 0.008200068958103657, 0.007842564955353737, 0.008412945084273815, 0.008265302516520023, 0.009639766067266464, 0.00797198060899973, 0.00922462623566389, 0.007204120047390461, 0.0075418888591229916, 0.007294400595128536, 0.007934324443340302, 0.014252180233597755, 0.008149859495460987, 0.007715674117207527, 0.008073734119534492, 0.007379692513495684, 0.008703107014298439, 0.010984623804688454, 0.008434366434812546, 0.008870578370988369, 0.010789601132273674, 0.009281385689973831, 0.008137417957186699, 0.007466585375368595, 0.007283096667379141, 0.009492192417383194, 0.013863465748727322, 0.010017266497015953, 0.00808196421712637, 0.008988864719867706, 0.008910156786441803, 0.007698905188590288, 0.007847107946872711, 0.0074923355132341385, 0.008163422346115112, 0.008698003366589546, 0.007561918813735247, 0.0076928529888391495, 0.007985816337168217, 0.01599973253905773, 0.015996944159269333, 0.009592918679118156, 0.010723146609961987, 0.011947959661483765, 0.007138608489185572, 0.008304926566779613, 0.010101553052663803, 0.009067636914551258, 0.008197519928216934, 0.009423110634088516, 0.008388446643948555], "weapon_probs": [0.030866656452417374, 0.009773085825145245, 0.015886005014181137, 0.01381249912083149, 0.029013577848672867, 0.015084289945662022, 0.012759316712617874, 0.010708081535995007, 0.008229305036365986, 0.009910041466355324, 0.01538202352821827, 0.008547479286789894, 0.011397643014788628, 0.02375493198633194, 0.013381388038396835, 0.008784353733062744, 0.013216106221079826, 0.009389521554112434, 0.010403098538517952, 0.010442505590617657, 0.00837000273168087, 0.007614986505359411, 0.008512996137142181, 0.010219544172286987, 0.009011641144752502, 0.007806658279150724, 0.008237961679697037, 0.013467137701809406, 0.012743489816784859, 0.0074709816835820675, 0.009781746193766594, 0.007566967513412237, 0.008846220560371876, 0.007645012810826302, 0.0074289035983383656, 0.020764485001564026, 0.007943966425955296, 0.008731331676244736, 0.008861305192112923, 0.014875059947371483, 0.009932257235050201, 0.010095222853124142, 0.008554101921617985, 0.016659121960401535, 0.009066279046237469, 0.009843050502240658, 0.0077052670530974865, 0.01785299926996231, 0.008218429051339626, 0.010907677933573723, 0.007520824205130339, 0.01024545542895794, 0.014180105179548264, 0.02887297421693802, 0.007494173478335142, 0.009617432951927185, 0.010635912418365479, 0.014592841267585754, 0.02574276179075241]}