{"loss": 0.34710875153541565, "character_probs": [0.023307207971811295, 0.019405869767069817, 0.009116780944168568, 0.009582444094121456, 0.009627576917409897, 0.018071407452225685, 0.014626054093241692, 0.008815544657409191, 0.011029526591300964, 0.009230170398950577, 0.009918419644236565, 0.00883778091520071, 0.00875892210751772, 0.007145855575799942, 0.009066654369235039, 0.007476226892322302, 0.009709687903523445, 0.00901965331286192, 0.007947131060063839, 0.008871572092175484, 0.00811354536563158, 0.007266697008162737, 0.009470383636653423, 0.007331579923629761, 0.007731239777058363, 0.007846510969102383, 0.007425310090184212, 0.008720532059669495, 0.0072774519212543964, 0.009956751950085163, 0.011695994064211845, 0.007525807246565819, 0.01783222332596779, 0.012831596657633781, 0.009730935096740723, 0.010993266478180885, 0.008723164908587933, 0.0072034127078950405, 0.007151148281991482, 0.008692163974046707, 0.0074283527210354805, 0.007389047648757696, 0.00997206848114729, 0.008022828958928585, 0.010162806138396263, 0.007919985800981522, 0.010251457802951336, 0.008542622439563274, 0.00879240408539772, 0.008836965076625347, 0.013485174626111984, 0.009039768949151039, 0.00848679430782795, 0.007910281419754028, 0.007817517966032028, 0.007546629756689072, 0.0074604894034564495, 0.01300632581114769, 0.007177019026130438, 0.0074313306249678135, 0.011693697422742844, 0.011180838569998741, 0.01136680506169796, 0.010236868634819984, 0.008326640352606773, 0.011893494985997677, 0.009479709900915623, 0.007480193395167589, 0.008582312613725662, 0.007465883158147335, 0.008597110398113728, 0.010537481866776943, 0.010395573452115059, 0.011014685034751892, 0.007976305671036243, 0.011459325440227985, 0.008364995941519737, 0.010966576635837555, 0.007829263806343079], "weapon_probs": [0.02433323860168457, 0.020723652094602585, 0.014270465821027756, 0.030712727457284927, 0.011934256181120872, 0.014134680852293968, 0.011071894317865372, 0.009376626461744308, 0.0170854814350605, 0.008795283734798431, 0.009713869541883469, 0.011463548988103867, 0.01646498218178749, 0.010341363959014416, 0.011129358783364296, 0.008181620389223099, 0.01263936422765255, 0.008485352620482445, 0.015170524828135967, 0.009689896367490292, 0.00771379005163908, 0.008151999674737453, 0.014543509110808372, 0.009203122928738594, 0.009087758138775826, 0.008250593207776546, 0.008136244490742683, 0.007905863225460052, 0.01195803377777338, 0.012002170085906982, 0.009182004258036613, 0.007701848167926073, 0.010204169899225235, 0.012749511748552322, 0.009448966011404991, 0.011573954485356808, 0.00947364792227745, 0.00912435632199049, 0.012414076365530491, 0.009834653697907925, 0.01325804553925991, 0.011217343620955944, 0.019827451556921005, 0.011416392400860786, 0.012198005802929401, 0.014328757300972939, 0.008636288344860077, 0.007986914366483688, 0.00975269079208374, 0.0091925747692585, 0.00939081609249115, 0.010881191119551659, 0.008904910646378994, 0.009512968361377716, 0.0096776457503438, 0.007833387702703476, 0.012457515113055706, 0.009170843288302422, 0.015181261114776134]}