{"loss": 0.8788248300552368, "character_probs": [0.014355108141899109, 0.01279105432331562, 0.020597372204065323, 0.017404526472091675, 0.008768757805228233, 0.008696322329342365, 0.012872334569692612, 0.01769706979393959, 0.0077102393843233585, 0.011643990874290466, 0.009735731407999992, 0.008583566173911095, 0.007811550050973892, 0.008132047951221466, 0.008124761283397675, 0.01048301998525858, 0.008507880382239819, 0.008866263553500175, 0.008081096224486828, 0.009050841443240643, 0.01222948357462883, 0.007646778132766485, 0.007261740509420633, 0.007556182332336903, 0.01509801670908928, 0.011061165481805801, 0.008217853493988514, 0.007886392995715141, 0.008868437260389328, 0.008865786716341972, 0.01076827198266983, 0.007381109055131674, 0.009168623946607113, 0.0071473694406449795, 0.007370909675955772, 0.0071938252076506615, 0.008825331926345825, 0.009689072147011757, 0.007527169771492481, 0.010653397999703884, 0.00834877323359251, 0.009492536075413227, 0.008441321551799774, 0.007173678372055292, 0.008513689041137695, 0.009718048386275768, 0.00874379277229309, 0.0070761931128799915, 0.009310317225754261, 0.011783905327320099, 0.008828404359519482, 0.008755780756473541, 0.007735328748822212, 0.014834005385637283, 0.008278356865048409, 0.009630324319005013, 0.007907532155513763, 0.007636599708348513, 0.008138272911310196, 0.009248476475477219, 0.00821681134402752, 0.008590100333094597, 0.013854270800948143, 0.012406766414642334, 0.007879726588726044, 0.012404730543494225, 0.008127296343445778, 0.007487860508263111, 0.009432252496480942, 0.007345702964812517, 0.017800169065594673, 0.008111672475934029, 0.009142369031906128, 0.013616295531392097, 0.007876705378293991, 0.007823101244866848, 0.007160949986428022, 0.00925489142537117, 0.014103764668107033], "weapon_probs": [0.01669279858469963, 0.04345325753092766, 0.009193778038024902, 0.013871310278773308, 0.0106325913220644, 0.008705327287316322, 0.008574138395488262, 0.044165365397930145, 0.007860067300498486, 0.008143048733472824, 0.01371677778661251, 0.01031992956995964, 0.008043770678341389, 0.009180068969726562, 0.01017186138778925, 0.007916553877294064, 0.008811289444565773, 0.007104101125150919, 0.010602892376482487, 0.009796490892767906, 0.01090063527226448, 0.010382765904068947, 0.008678174577653408, 0.014019614085555077, 0.009187694638967514, 0.008821025490760803, 0.014277269132435322, 0.009777680039405823, 0.007540139369666576, 0.008100999519228935, 0.01274441834539175, 0.016468234360218048, 0.012630301527678967, 0.009476404637098312, 0.009323131293058395, 0.008913327008485794, 0.008035635575652122, 0.007501570042222738, 0.01257204171270132, 0.008784514851868153, 0.008002204820513725, 0.0123535031452775, 0.009145453572273254, 0.013468872755765915, 0.0076323882676661015, 0.007675630040466785, 0.010554173029959202, 0.011828778311610222, 0.018307622522115707, 0.00943642295897007, 0.014631349593400955, 0.008143207989633083, 0.009271782822906971, 0.014408983290195465, 0.02370637282729149, 0.009408267214894295, 0.007398810237646103, 0.015615078620612621, 0.0191478468477726]}