{"loss": -0.6062192916870117, "character_probs": [0.021659914404153824, 0.015104545280337334, 0.013302702456712723, 0.00920509546995163, 0.020799018442630768, 0.008807173930108547, 0.011660449206829071, 0.010601075366139412, 0.008407706394791603, 0.009029123932123184, 0.008679928258061409, 0.011879587545990944, 0.008706707507371902, 0.008840931579470634, 0.00879716407507658, 0.007397690787911415, 0.011321952566504478, 0.008012368343770504, 0.007887164130806923, 0.007371239829808474, 0.007372933439910412, 0.008780148811638355, 0.010937144048511982, 0.007939301431179047, 0.01154096145182848, 0.012749416753649712, 0.007739118300378323, 0.007654900196939707, 0.007688418962061405, 0.008402167819440365, 0.009796872735023499, 0.007411239203065634, 0.008065075613558292, 0.008426278829574585, 0.008933245204389095, 0.007926099002361298, 0.00826475489884615, 0.008068070746958256, 0.013072535395622253, 0.008490322157740593, 0.01058495044708252, 0.008946316316723824, 0.012067611329257488, 0.007885007187724113, 0.007623156998306513, 0.010426830500364304, 0.00728036230430007, 0.009138310328125954, 0.016763314604759216, 0.007173029240220785, 0.011401700787246227, 0.010026847012341022, 0.009283491410315037, 0.008216150104999542, 0.007951878011226654, 0.008010819554328918, 0.007318495307117701, 0.008955630473792553, 0.007844099774956703, 0.00848008319735527, 0.009235111996531487, 0.011663241311907768, 0.0082600899040699, 0.0075828563421964645, 0.008704721927642822, 0.014315348118543625, 0.010657474398612976, 0.008589566685259342, 0.012249911203980446, 0.01385970413684845, 0.007315127644687891, 0.00911478791385889, 0.00849822349846363, 0.010957583785057068, 0.007365691475570202, 0.011175609193742275, 0.010098832659423351, 0.009859011508524418, 0.007974748499691486], "weapon_probs": [0.03628624975681305, 0.01140023022890091, 0.009420981630682945, 0.024284742772579193, 0.009384572505950928, 0.017286885529756546, 0.012415709905326366, 0.016452502459287643, 0.016001645475625992, 0.011217596009373665, 0.009749186225235462, 0.007928559556603432, 0.00836184248328209, 0.017647257074713707, 0.010361394844949245, 0.011016006581485271, 0.01286287046968937, 0.00773540697991848, 0.009611141867935658, 0.008794290944933891, 0.009049381129443645, 0.007345796097069979, 0.007886959239840508, 0.015303394757211208, 0.010530821047723293, 0.0072919465601444244, 0.008027743548154831, 0.012371544726192951, 0.008223919197916985, 0.025696564465761185, 0.00838925689458847, 0.011050833389163017, 0.013443507254123688, 0.008005288429558277, 0.007340836338698864, 0.008451581932604313, 0.008610730990767479, 0.013795275241136551, 0.008880265057086945, 0.008789598941802979, 0.007382372859865427, 0.01107197254896164, 0.014262806624174118, 0.010542366653680801, 0.009807752445340157, 0.016094565391540527, 0.012025216594338417, 0.008428371511399746, 0.01362235564738512, 0.013756191357970238, 0.010465607047080994, 0.012998564168810844, 0.011526715010404587, 0.012845216318964958, 0.015412933193147182, 0.00877492967993021, 0.008325912058353424, 0.0328761450946331, 0.02154158614575863]}