{"loss": -0.781481921672821, "character_probs": [0.029398642480373383, 0.014147734269499779, 0.009641872718930244, 0.0103217251598835, 0.011799562722444534, 0.01124450471252203, 0.00934549793601036, 0.007769192568957806, 0.008390657603740692, 0.014494718983769417, 0.008110307157039642, 0.012003222480416298, 0.007751177530735731, 0.008269774727523327, 0.008840181864798069, 0.007928594946861267, 0.008001985028386116, 0.01005508191883564, 0.007222613785415888, 0.008765037171542645, 0.008387073874473572, 0.00767997931689024, 0.013667488470673561, 0.01579718105494976, 0.010793138295412064, 0.008503652177751064, 0.007260809652507305, 0.007713659666478634, 0.009540995582938194, 0.009137504734098911, 0.008749847300350666, 0.009431598708033562, 0.008958900347352028, 0.0073919170536100864, 0.007797627709805965, 0.00870640017092228, 0.0071790204383432865, 0.0078348433598876, 0.008049719035625458, 0.008273820392787457, 0.012230363674461842, 0.008949382230639458, 0.010570801794528961, 0.014579315669834614, 0.007647968828678131, 0.007440219633281231, 0.0073320199735462666, 0.00850993674248457, 0.012334337458014488, 0.010426073335111141, 0.00959885772317648, 0.008571646176278591, 0.007510489784181118, 0.007341536693274975, 0.008458578959107399, 0.008465941995382309, 0.010132994502782822, 0.012237804010510445, 0.00843347143381834, 0.007511838339269161, 0.013611320406198502, 0.00846396666020155, 0.009720061905682087, 0.011640175245702267, 0.010525972582399845, 0.010146724060177803, 0.007450897246599197, 0.007268269546329975, 0.0075728739611804485, 0.00905453972518444, 0.010184974409639835, 0.010969339869916439, 0.008530406281352043, 0.015326254069805145, 0.007593902293592691, 0.01666266657412052, 0.012004876509308815, 0.01054043136537075, 0.012029321864247322], "weapon_probs": [0.01689576730132103, 0.02682739868760109, 0.016449671238660812, 0.023447304964065552, 0.016216132789850235, 0.010810405015945435, 0.020081358030438423, 0.010028960183262825, 0.011903611943125725, 0.010913189500570297, 0.007964415475726128, 0.010934550315141678, 0.009829597547650337, 0.0102364681661129, 0.010612434707581997, 0.0306592658162117, 0.0099407359957695, 0.009295283816754818, 0.009593342430889606, 0.009260513819754124, 0.007803803309798241, 0.007270644884556532, 0.007973359897732735, 0.011544821783900261, 0.008735202252864838, 0.011961765587329865, 0.009980512782931328, 0.009836144745349884, 0.009946800768375397, 0.00897106621414423, 0.010439585894346237, 0.007962143048644066, 0.009760611690580845, 0.007497244048863649, 0.010055297054350376, 0.009654204361140728, 0.008673991076648235, 0.009640282019972801, 0.008262984454631805, 0.00908751506358385, 0.008357162587344646, 0.010989153757691383, 0.017699599266052246, 0.013720418326556683, 0.007936461828649044, 0.008974369615316391, 0.01220330223441124, 0.008786567486822605, 0.008990206755697727, 0.011016967706382275, 0.018270641565322876, 0.015593412332236767, 0.0075876303017139435, 0.011474879458546638, 0.011512136086821556, 0.04866538569331169, 0.009654927998781204, 0.01060994528234005, 0.011580806225538254]}