{"loss": -0.998816192150116, "character_probs": [0.016482966020703316, 0.021079987287521362, 0.011120852082967758, 0.00848531536757946, 0.010910529643297195, 0.016453348100185394, 0.015533753670752048, 0.007915067486464977, 0.011298775672912598, 0.012795349583029747, 0.007834624499082565, 0.01049063727259636, 0.008227366022765636, 0.008097385987639427, 0.01924257166683674, 0.008370375260710716, 0.007685309275984764, 0.009465956129133701, 0.008201420307159424, 0.007456792052835226, 0.00860811397433281, 0.0074843186885118484, 0.009423376992344856, 0.0075986855663359165, 0.008261611685156822, 0.008198254741728306, 0.009541118517518044, 0.007299776189029217, 0.007249831221997738, 0.011976270005106926, 0.008185764774680138, 0.007902390323579311, 0.01003318838775158, 0.008187118917703629, 0.007665424607694149, 0.008308500982820988, 0.007345677353441715, 0.007421193644404411, 0.008860434405505657, 0.008204310201108456, 0.00869872234761715, 0.007718508131802082, 0.008716876618564129, 0.01302140299230814, 0.008055374026298523, 0.01204315572977066, 0.009840654209256172, 0.0076301805675029755, 0.009279304184019566, 0.011518381536006927, 0.00953204371035099, 0.008256047032773495, 0.00904608704149723, 0.007697314023971558, 0.010506046935915947, 0.011943412944674492, 0.008104554377496243, 0.008842308074235916, 0.0073235915042459965, 0.008386113680899143, 0.007908651605248451, 0.020662793889641762, 0.0084244878962636, 0.007652321830391884, 0.008596302010118961, 0.007912578992545605, 0.009488949552178383, 0.011131968349218369, 0.007760453969240189, 0.0086111044511199, 0.007557928562164307, 0.008495203219354153, 0.008329885080456734, 0.009070060215890408, 0.00778920529410243, 0.00854547694325447, 0.007624780759215355, 0.00792476162314415, 0.019207388162612915], "weapon_probs": [0.03782452642917633, 0.008361278101801872, 0.009896484203636646, 0.011452759616076946, 0.018864057958126068, 0.0205494686961174, 0.011577418074011803, 0.021580040454864502, 0.012922616675496101, 0.016185883432626724, 0.0116899274289608, 0.008220202289521694, 0.010428348556160927, 0.01999121718108654, 0.008217820897698402, 0.008423802442848682, 0.009804397821426392, 0.011245528236031532, 0.008475669659674168, 0.009012933820486069, 0.009060301817953587, 0.007523558102548122, 0.0078107379376888275, 0.007673073094338179, 0.013186201453208923, 0.0246913880109787, 0.00813728105276823, 0.011685360223054886, 0.009153622202575207, 0.014621281996369362, 0.008976100943982601, 0.007468306925147772, 0.00813037995249033, 0.007824691012501717, 0.00872863456606865, 0.010380597785115242, 0.007594682276248932, 0.009511909447610378, 0.01070147380232811, 0.01076866127550602, 0.007787414360791445, 0.011893639340996742, 0.007865361869335175, 0.007840556092560291, 0.009172458201646805, 0.017848823219537735, 0.007942800410091877, 0.008881991729140282, 0.010403734631836414, 0.010005533695220947, 0.010604009963572025, 0.008145690895617008, 0.008402479812502861, 0.011882716789841652, 0.011927147395908833, 0.015545117668807507, 0.027987148612737656, 0.01656045764684677, 0.010381782427430153]}