{"loss": 0.5680016279220581, "character_probs": [0.015748314559459686, 0.014066625386476517, 0.011002955958247185, 0.009099381044507027, 0.018948711454868317, 0.011377398855984211, 0.027315177023410797, 0.00878949649631977, 0.009763114154338837, 0.008228353224694729, 0.009373528882861137, 0.011674819514155388, 0.01368868537247181, 0.007719059940427542, 0.007995898835361004, 0.007727028802037239, 0.009349286556243896, 0.008621474727988243, 0.007441305555403233, 0.00789094902575016, 0.007750328630208969, 0.008271819911897182, 0.008838790468871593, 0.007252775598317385, 0.007348092272877693, 0.0075987051241099834, 0.007386126555502415, 0.008191163651645184, 0.007705057039856911, 0.008950566872954369, 0.01039898581802845, 0.008373681455850601, 0.009609878994524479, 0.008201830089092255, 0.011100264266133308, 0.012539993971586227, 0.007409552112221718, 0.01040370762348175, 0.0071664974093437195, 0.00928215216845274, 0.007506631314754486, 0.00954466126859188, 0.0073708402924239635, 0.007338618393987417, 0.009769854135811329, 0.008219986222684383, 0.01845463179051876, 0.007758772931993008, 0.008222079835832119, 0.0079423226416111, 0.0075035132467746735, 0.009420287795364857, 0.00964684970676899, 0.00883056502789259, 0.007482883054763079, 0.010491362772881985, 0.00946346390992403, 0.009016396477818489, 0.009473673067986965, 0.007942534983158112, 0.017951902002096176, 0.007574113551527262, 0.009705719538033009, 0.009553398936986923, 0.008799252100288868, 0.007345296908169985, 0.008624148555099964, 0.007362740114331245, 0.008132618851959705, 0.007253260351717472, 0.014255115762352943, 0.007520225830376148, 0.007118009962141514, 0.00836824718862772, 0.007625105325132608, 0.008108695968985558, 0.017157964408397675, 0.01173941045999527, 0.0078385965898633], "weapon_probs": [0.03262648358941078, 0.018704919144511223, 0.013264424167573452, 0.015352222137153149, 0.017365116626024246, 0.010051128454506397, 0.014432654716074467, 0.03220335766673088, 0.010313761420547962, 0.0127467792481184, 0.00934495497494936, 0.012520655989646912, 0.009592161513864994, 0.012628545984625816, 0.011198844760656357, 0.007938637398183346, 0.007569179870188236, 0.009500776417553425, 0.007703965064138174, 0.01267530582845211, 0.0084438631311059, 0.007614871021360159, 0.008269657380878925, 0.007387813646346331, 0.009154824540019035, 0.0077198040671646595, 0.012742824852466583, 0.007510573603212833, 0.00811706017702818, 0.016370318830013275, 0.017185313627123833, 0.008906814269721508, 0.007806799374520779, 0.008138176053762436, 0.012275148183107376, 0.00862414576113224, 0.011684571392834187, 0.007895883172750473, 0.008617601357400417, 0.0073259733617305756, 0.009055308066308498, 0.010727055370807648, 0.009336356073617935, 0.016497774049639702, 0.008074034005403519, 0.009634073823690414, 0.0242234468460083, 0.011586611159145832, 0.00921521708369255, 0.010083328932523727, 0.010223534889519215, 0.008214353583753109, 0.008317890577018261, 0.007493377663195133, 0.007444136310368776, 0.012387476861476898, 0.012964792549610138, 0.016424404457211494, 0.009650006890296936]}