{"loss": 0.9601011872291565, "character_probs": [0.015362681820988655, 0.02422625571489334, 0.00970251765102148, 0.02254798635840416, 0.014464136213064194, 0.012544955126941204, 0.008159833960235119, 0.010470874607563019, 0.008646330796182156, 0.007300619967281818, 0.010993651114404202, 0.009175590239465237, 0.011697597801685333, 0.007289420813322067, 0.009792417287826538, 0.010291149839758873, 0.009178687818348408, 0.007190530654042959, 0.007634181994944811, 0.007436930201947689, 0.008548238314688206, 0.007818732410669327, 0.008250255137681961, 0.008027696050703526, 0.007673237007111311, 0.009234065189957619, 0.007190020754933357, 0.007203436456620693, 0.008643018081784248, 0.0083207031711936, 0.008084473200142384, 0.007639861200004816, 0.011441368609666824, 0.008419428020715714, 0.01211998239159584, 0.008156945928931236, 0.007352436892688274, 0.007376045919954777, 0.012220335192978382, 0.008979442529380322, 0.007939920760691166, 0.011676223948597908, 0.00951533205807209, 0.008313238620758057, 0.008695662021636963, 0.009341846220195293, 0.007494298741221428, 0.00870188232511282, 0.008210316300392151, 0.00788868311792612, 0.008291885256767273, 0.014712236821651459, 0.008527594618499279, 0.008661250583827496, 0.0072252387180924416, 0.0085781654343009, 0.007566284388303757, 0.011366833932697773, 0.015221710316836834, 0.007737950421869755, 0.007695912383496761, 0.009953402914106846, 0.0184519961476326, 0.00757270772010088, 0.008860585279762745, 0.007829277776181698, 0.00860598310828209, 0.008823883719742298, 0.008644003421068192, 0.010189758613705635, 0.009717032313346863, 0.007398565765470266, 0.008611826226115227, 0.009131336584687233, 0.00759732723236084, 0.007780175656080246, 0.010855074971914291, 0.01051676832139492, 0.011980587616562843], "weapon_probs": [0.025795135647058487, 0.01920449733734131, 0.011695899069309235, 0.025161415338516235, 0.011008105240762234, 0.01077349204570055, 0.013749044388532639, 0.01699068397283554, 0.012675795704126358, 0.008268449455499649, 0.015295784920454025, 0.014617301523685455, 0.015599999576807022, 0.01334601640701294, 0.013565342873334885, 0.01005571149289608, 0.01608644798398018, 0.008817731402814388, 0.010933544486761093, 0.011657961644232273, 0.007905631326138973, 0.009055707603693008, 0.008231362327933311, 0.010814548470079899, 0.009098662063479424, 0.007632561028003693, 0.008779319003224373, 0.010120597667992115, 0.010149335488677025, 0.012281408533453941, 0.007899399846792221, 0.010640302672982216, 0.009073448367416859, 0.00994578842073679, 0.012661125510931015, 0.00786482822149992, 0.013893568888306618, 0.008997947908937931, 0.007962523959577084, 0.008328844793140888, 0.01662982627749443, 0.007662479765713215, 0.011909586377441883, 0.010534885339438915, 0.007724589668214321, 0.008302725851535797, 0.014075339771807194, 0.007631595712155104, 0.013488683849573135, 0.010078230872750282, 0.008067856542766094, 0.009539048187434673, 0.009638972580432892, 0.010647508315742016, 0.010309036821126938, 0.0130116306245327, 0.008687915280461311, 0.013825485482811928, 0.011493770405650139]}