{"loss": 0.8957803249359131, "character_probs": [0.02063755877315998, 0.018576249480247498, 0.010783160105347633, 0.01065704133361578, 0.009946653619408607, 0.012479884549975395, 0.012907241471111774, 0.009210731834173203, 0.012283498421311378, 0.008327554911375046, 0.010470863431692123, 0.008620473556220531, 0.007892186753451824, 0.007500812411308289, 0.011172663420438766, 0.013103346340358257, 0.008291194215416908, 0.007582103833556175, 0.007953919470310211, 0.013382550328969955, 0.0078102825209498405, 0.010026290081441402, 0.008396894671022892, 0.007853424176573753, 0.010442988015711308, 0.01140069030225277, 0.00953013077378273, 0.007558614946901798, 0.007845649495720863, 0.007876154035329819, 0.01184066478163004, 0.008856872096657753, 0.007769761607050896, 0.008946500718593597, 0.008275333791971207, 0.007473377976566553, 0.007572804111987352, 0.010221607983112335, 0.00882036704570055, 0.01601191982626915, 0.009187311865389347, 0.010551482439041138, 0.009507516399025917, 0.010399168357253075, 0.007791625801473856, 0.008439891040325165, 0.009472262114286423, 0.007414079271256924, 0.009011335670948029, 0.007914598099887371, 0.0076538207940757275, 0.008211616426706314, 0.008606715127825737, 0.008643239736557007, 0.012783980928361416, 0.008073529228568077, 0.00905159767717123, 0.007491710130125284, 0.008207686245441437, 0.008835619315505028, 0.00977005809545517, 0.010943016037344933, 0.007513722404837608, 0.010422514751553535, 0.00828257855027914, 0.007688300684094429, 0.007483272347599268, 0.00890676211565733, 0.011238740757107735, 0.010985489003360271, 0.009128222241997719, 0.009418852627277374, 0.009009775705635548, 0.008029362186789513, 0.007477700710296631, 0.008861599490046501, 0.008491089567542076, 0.018124088644981384, 0.00920945592224598], "weapon_probs": [0.01884489692747593, 0.03567760810256004, 0.024411965161561966, 0.013133475556969643, 0.010281960479915142, 0.016225876286625862, 0.013790903612971306, 0.013050100766122341, 0.012997305020689964, 0.01191654708236456, 0.007817924953997135, 0.010587716475129128, 0.008980195969343185, 0.012793319299817085, 0.010173022747039795, 0.01467086747288704, 0.01487815286964178, 0.010355212725698948, 0.008012943901121616, 0.007455930113792419, 0.01083798985928297, 0.01548459567129612, 0.007950729690492153, 0.010399878025054932, 0.012651356868445873, 0.00982927717268467, 0.009021133184432983, 0.008210020139813423, 0.009488721378147602, 0.008563653565943241, 0.009018627926707268, 0.010250326246023178, 0.008193990215659142, 0.010389436036348343, 0.00794318038970232, 0.009369404055178165, 0.01186244748532772, 0.00762867322191596, 0.008328288793563843, 0.008129236288368702, 0.0076989782974123955, 0.01239918451756239, 0.008387230336666107, 0.010519417934119701, 0.007867608219385147, 0.00968342274427414, 0.02563883364200592, 0.007861449383199215, 0.009149203076958656, 0.010911575518548489, 0.01078126858919859, 0.014291585423052311, 0.00792195089161396, 0.008965140208601952, 0.009353576228022575, 0.00751625606790185, 0.013136728666722775, 0.008845463395118713, 0.009033020585775375]}