{"loss": -0.8913313150405884, "character_probs": [0.017279336228966713, 0.017129212617874146, 0.016515225172042847, 0.00938880629837513, 0.010957537218928337, 0.008131667971611023, 0.011952031403779984, 0.010340764187276363, 0.010895813815295696, 0.00939961802214384, 0.01045537181198597, 0.009638356044888496, 0.008350897580385208, 0.007810020353645086, 0.011226393282413483, 0.017304236069321632, 0.007829967886209488, 0.008513287641108036, 0.008942143060266972, 0.00936586782336235, 0.00832449272274971, 0.008052523247897625, 0.009139960631728172, 0.007726386655122042, 0.015997443348169327, 0.01354830339550972, 0.00874932948499918, 0.008094881661236286, 0.008162682875990868, 0.010116618126630783, 0.007320401258766651, 0.007892297580838203, 0.007268532179296017, 0.007200431544333696, 0.007506181485950947, 0.00827709399163723, 0.008420661091804504, 0.012497570365667343, 0.00863235630095005, 0.007535943295806646, 0.00731915608048439, 0.01599748805165291, 0.008460182696580887, 0.007461640518158674, 0.008600511588156223, 0.008527948521077633, 0.010319982655346394, 0.007230997085571289, 0.007865137420594692, 0.008144531399011612, 0.008823944255709648, 0.008565058931708336, 0.007787230424582958, 0.010468751192092896, 0.007580845151096582, 0.007508908398449421, 0.010036712512373924, 0.008679074235260487, 0.00774227874353528, 0.018651925027370453, 0.007274236995726824, 0.009435709565877914, 0.007779112551361322, 0.008356275036931038, 0.01069623976945877, 0.011828740127384663, 0.008613082580268383, 0.00878965388983488, 0.009395335800945759, 0.0072433301247656345, 0.011235298588871956, 0.012586666271090508, 0.00815659947693348, 0.00846770592033863, 0.009046119637787342, 0.010256440378725529, 0.007870281115174294, 0.009944012388586998, 0.01854388415813446], "weapon_probs": [0.029749058187007904, 0.009615336544811726, 0.01637927256524563, 0.013897180557250977, 0.012886637821793556, 0.01189410500228405, 0.014774911105632782, 0.023929648101329803, 0.02000059373676777, 0.00843556597828865, 0.008172602392733097, 0.026561331003904343, 0.015463191084563732, 0.008718171156942844, 0.007600507233291864, 0.014245107769966125, 0.007763287052512169, 0.007932066917419434, 0.015223047696053982, 0.009463734924793243, 0.007959392853081226, 0.009447147138416767, 0.01033409871160984, 0.010035553947091103, 0.008116303011775017, 0.008886702358722687, 0.007432583253830671, 0.007902809418737888, 0.017312131822109222, 0.008663717657327652, 0.007636367809027433, 0.009360219351947308, 0.010095392353832722, 0.010986404493451118, 0.01016528345644474, 0.00924356747418642, 0.008702686987817287, 0.00971333496272564, 0.007941488176584244, 0.009500710293650627, 0.009616897441446781, 0.008231425657868385, 0.01646454446017742, 0.009614366106688976, 0.00988801196217537, 0.017276300117373466, 0.011020785197615623, 0.01065460778772831, 0.022463830187916756, 0.00749620795249939, 0.009131371043622494, 0.007920930162072182, 0.010512224398553371, 0.009163497015833855, 0.009421976283192635, 0.01058478094637394, 0.009007582440972328, 0.012131746858358383, 0.014360697939991951]}