{"loss": -0.9974057078361511, "character_probs": [0.028096646070480347, 0.015721788629889488, 0.012474771589040756, 0.015323864296078682, 0.008367616683244705, 0.007897773757576942, 0.0074964421801269054, 0.008102337829768658, 0.010072876699268818, 0.007913379929959774, 0.015065718442201614, 0.014273078180849552, 0.007653498090803623, 0.007676593493670225, 0.007512819021940231, 0.01381690613925457, 0.007584823295474052, 0.010399891994893551, 0.012316331267356873, 0.007689653895795345, 0.007513789925724268, 0.00778299430385232, 0.007449612487107515, 0.00907641090452671, 0.0086576072499156, 0.007600394543260336, 0.007936266250908375, 0.008111721836030483, 0.009042175486683846, 0.008229023776948452, 0.008220149204134941, 0.007755887694656849, 0.00788197759538889, 0.013167070224881172, 0.01077329833060503, 0.008207608014345169, 0.012836450710892677, 0.008959144353866577, 0.009695490822196007, 0.008180693723261356, 0.009709370322525501, 0.008636854588985443, 0.007669764570891857, 0.008523853495717049, 0.013869175687432289, 0.007617320865392685, 0.007957248017191887, 0.007900264114141464, 0.008057793602347374, 0.01011098362505436, 0.0074872965924441814, 0.008835634216666222, 0.008480703458189964, 0.00996043998748064, 0.010305079631507397, 0.00838707946240902, 0.010269013233482838, 0.008366279304027557, 0.00912464689463377, 0.008394799195230007, 0.008018930442631245, 0.008913583122193813, 0.008570818230509758, 0.007840096950531006, 0.008304298855364323, 0.011089585721492767, 0.011449163779616356, 0.009145701304078102, 0.008338036946952343, 0.009120429866015911, 0.011312834918498993, 0.011111490428447723, 0.01573196053504944, 0.008969616144895554, 0.008177321404218674, 0.00850128848105669, 0.009360103867948055, 0.010490561835467815, 0.013450881466269493], "weapon_probs": [0.038978397846221924, 0.018112316727638245, 0.008889592252671719, 0.03180660307407379, 0.013308841735124588, 0.00910177268087864, 0.014499161392450333, 0.010168935172259808, 0.007663944736123085, 0.011045385152101517, 0.011608779430389404, 0.010180728510022163, 0.010244311764836311, 0.014460315927863121, 0.008367729373276234, 0.008343631401658058, 0.010714409872889519, 0.008822078816592693, 0.007566631771624088, 0.007736071944236755, 0.008434590883553028, 0.012240773066878319, 0.00975025910884142, 0.012166503816843033, 0.018094900995492935, 0.008979765698313713, 0.013884402811527252, 0.007614703383296728, 0.007339006289839745, 0.008382240310311317, 0.014720825478434563, 0.00849046092480421, 0.014038633555173874, 0.009645268321037292, 0.008401298895478249, 0.010934241116046906, 0.009673082269728184, 0.008926283568143845, 0.0100673483684659, 0.009956596419215202, 0.008960050530731678, 0.016076810657978058, 0.008394108153879642, 0.010179661214351654, 0.009429696016013622, 0.015699341893196106, 0.013150962069630623, 0.013847140595316887, 0.010539648123085499, 0.01135101355612278, 0.011533485725522041, 0.010957906022667885, 0.01011541485786438, 0.014477526769042015, 0.010401505045592785, 0.009555302560329437, 0.009440934285521507, 0.014312229119241238, 0.025931909680366516]}