{"loss": -0.7845131158828735, "character_probs": [0.017536411061882973, 0.017321594059467316, 0.02951739728450775, 0.009532657451927662, 0.008375061675906181, 0.010598449036478996, 0.009579882957041264, 0.007683462463319302, 0.018549732863903046, 0.00965892430394888, 0.007826080545783043, 0.007328166626393795, 0.007690213620662689, 0.00826328806579113, 0.010588251985609531, 0.00860908254981041, 0.00942168291658163, 0.007345425896346569, 0.007622542791068554, 0.008482005447149277, 0.007219774182885885, 0.009122718125581741, 0.007658803835511208, 0.007155575789511204, 0.007771555334329605, 0.008223362267017365, 0.007727067451924086, 0.008327767252922058, 0.007863325998187065, 0.007129882927983999, 0.010036448016762733, 0.007544822990894318, 0.009784137830138206, 0.014643831178545952, 0.015238799154758453, 0.007558164186775684, 0.008466922678053379, 0.007468191906809807, 0.008203944191336632, 0.00729334307834506, 0.007183479145169258, 0.008027076721191406, 0.009756641462445259, 0.008103015832602978, 0.0074434769339859486, 0.011330727487802505, 0.008544888347387314, 0.00964238028973341, 0.008108394220471382, 0.008124987594783306, 0.011674728244543076, 0.015422217547893524, 0.009301980957388878, 0.008822845295071602, 0.010777663439512253, 0.008281470276415348, 0.00929304864257574, 0.008077695034444332, 0.009354270994663239, 0.007424786686897278, 0.008167751133441925, 0.01148378849029541, 0.01902873069047928, 0.008721655234694481, 0.010057302191853523, 0.0073789567686617374, 0.00927705504000187, 0.007965894415974617, 0.008942259475588799, 0.008435381576418877, 0.008085772395133972, 0.010927574709057808, 0.010912330821156502, 0.00873304158449173, 0.012204126454889774, 0.012721288949251175, 0.01099369302392006, 0.010253219865262508, 0.010630344972014427], "weapon_probs": [0.016821231693029404, 0.026588227599859238, 0.03146408125758171, 0.012041828595101833, 0.015039846301078796, 0.007955255918204784, 0.023279093205928802, 0.014128027483820915, 0.011055558919906616, 0.012525873258709908, 0.008182032965123653, 0.009544525295495987, 0.009253175929188728, 0.01066293939948082, 0.011103564873337746, 0.012826993130147457, 0.008801429532468319, 0.008607390336692333, 0.01143488846719265, 0.008168167434632778, 0.012832771055400372, 0.00807823333889246, 0.012869691476225853, 0.0076980385929346085, 0.007515741977840662, 0.008885041810572147, 0.01285651233047247, 0.009045054204761982, 0.008244742639362812, 0.008092829026281834, 0.012507909908890724, 0.008729133754968643, 0.013233762234449387, 0.007461206056177616, 0.00926993414759636, 0.00997517816722393, 0.009528141468763351, 0.0079934848472476, 0.026429932564496994, 0.010574986226856709, 0.009620415046811104, 0.008996287360787392, 0.00971673708409071, 0.007956965826451778, 0.008352010510861874, 0.00929214060306549, 0.02339334413409233, 0.00917905755341053, 0.009642972610890865, 0.007904918864369392, 0.010583274066448212, 0.011683691293001175, 0.011644442565739155, 0.02623046189546585, 0.008967705070972443, 0.01709611713886261, 0.011555202305316925, 0.016804371029138565, 0.021492909640073776]}