{"loss": 0.19594720005989075, "character_probs": [0.015725692734122276, 0.011309124529361725, 0.024374142289161682, 0.01263749971985817, 0.008040344342589378, 0.01181253232061863, 0.01174769178032875, 0.008338149636983871, 0.015187663026154041, 0.014805289916694164, 0.00890947412699461, 0.00804284680634737, 0.009500628337264061, 0.008025509305298328, 0.007346293423324823, 0.008679463528096676, 0.010628510266542435, 0.007425131741911173, 0.008203256875276566, 0.007260613143444061, 0.009160090237855911, 0.007235766854137182, 0.00887298583984375, 0.008581052534282207, 0.011873399838805199, 0.009216750040650368, 0.007830174639821053, 0.008577925153076649, 0.007285681553184986, 0.008153578266501427, 0.007441071793437004, 0.00920396950095892, 0.008867749944329262, 0.016049670055508614, 0.00792001560330391, 0.007399239111691713, 0.01938553899526596, 0.0085932407528162, 0.007509083952754736, 0.009511776268482208, 0.007985023781657219, 0.0074705034494400024, 0.008594121783971786, 0.009354989975690842, 0.007280409801751375, 0.008682196028530598, 0.007665544748306274, 0.007109634578227997, 0.007173214107751846, 0.008236115798354149, 0.00846526212990284, 0.0077498662285506725, 0.007476941216737032, 0.007780918385833502, 0.01254384033381939, 0.009748535230755806, 0.008678818121552467, 0.012112711556255817, 0.01532885991036892, 0.013183246366679668, 0.007701883092522621, 0.012586219236254692, 0.009505518712103367, 0.009205320850014687, 0.009708061814308167, 0.009868229739367962, 0.011197701096534729, 0.007894666865468025, 0.008275805972516537, 0.008491232059895992, 0.008628573268651962, 0.007749369367957115, 0.008882884867489338, 0.009958216920495033, 0.014528501778841019, 0.010635958053171635, 0.01372935064136982, 0.0076463837176561356, 0.009154612198472023], "weapon_probs": [0.018958603963255882, 0.03685569390654564, 0.01059943437576294, 0.018492307513952255, 0.013815980404615402, 0.014368446543812752, 0.022476879879832268, 0.010062627494335175, 0.008570556528866291, 0.012235265225172043, 0.016894744709134102, 0.017185620963573456, 0.008847806602716446, 0.010097416117787361, 0.0072090416215360165, 0.008313911966979504, 0.010371971875429153, 0.00988792534917593, 0.0076220594346523285, 0.01123254094272852, 0.007483340334147215, 0.007398164365440607, 0.007809297181665897, 0.010892617516219616, 0.008660872466862202, 0.0079277278855443, 0.010640043765306473, 0.009344259276986122, 0.007618445437401533, 0.009599249809980392, 0.010896668769419193, 0.008764920756220818, 0.009381855838000774, 0.011776548810303211, 0.008301369845867157, 0.018243592232465744, 0.007797140162438154, 0.007331669796258211, 0.007511846721172333, 0.019962619990110397, 0.008001578971743584, 0.014068188145756721, 0.014302903786301613, 0.025098856538534164, 0.010011100210249424, 0.009727723896503448, 0.008084016852080822, 0.009367591701447964, 0.010146618820726871, 0.011048814281821251, 0.007840298116207123, 0.023403190076351166, 0.009164503775537014, 0.009433574974536896, 0.007396574132144451, 0.017483236268162727, 0.009672257117927074, 0.010240616276860237, 0.010446104221045971]}