{"loss": -0.8304403424263, "character_probs": [0.01980956830084324, 0.019542478024959564, 0.012709840200841427, 0.013873506337404251, 0.0076308599673211575, 0.01766008697450161, 0.007777870167046785, 0.01413523219525814, 0.012313967570662498, 0.008290230296552181, 0.01029170211404562, 0.008831105194985867, 0.0072112674824893475, 0.009004960767924786, 0.008223460987210274, 0.0076964679174125195, 0.009261053055524826, 0.0072673168033361435, 0.007822882384061813, 0.010845450684428215, 0.007786677684634924, 0.008196579292416573, 0.007952987216413021, 0.0077245356515049934, 0.017233967781066895, 0.008001383394002914, 0.0073594809509813786, 0.007660946808755398, 0.007445672061294317, 0.00840282067656517, 0.007630135864019394, 0.007535175420343876, 0.011761887930333614, 0.00827537477016449, 0.007412556558847427, 0.009926016442477703, 0.008402417413890362, 0.00870281457901001, 0.015277647413313389, 0.007780885323882103, 0.008449755609035492, 0.009566206485033035, 0.008860470727086067, 0.007583244238048792, 0.007835488766431808, 0.007453962694853544, 0.00724412128329277, 0.007603026926517487, 0.015476581640541553, 0.011988550424575806, 0.00923694297671318, 0.007957333698868752, 0.0087913041934371, 0.008153394795954227, 0.008447134867310524, 0.009513910859823227, 0.007490391843020916, 0.01302811037749052, 0.00987336877733469, 0.007787949405610561, 0.015469999983906746, 0.01083235815167427, 0.007997647859156132, 0.00784886535257101, 0.0073417797684669495, 0.007693677209317684, 0.008165303617715836, 0.009266677312552929, 0.007732944097369909, 0.009043971076607704, 0.01552437525242567, 0.008756740018725395, 0.010328849777579308, 0.008523127995431423, 0.01337558962404728, 0.009158137254416943, 0.008535249158740044, 0.010274792090058327, 0.00817828718572855], "weapon_probs": [0.012630205601453781, 0.040781985968351364, 0.013351614587008953, 0.011018908582627773, 0.013156406581401825, 0.02804621309041977, 0.017837004736065865, 0.01100931130349636, 0.009993796236813068, 0.012127544730901718, 0.00820014625787735, 0.009357091970741749, 0.010219702497124672, 0.008602231740951538, 0.012329641729593277, 0.014232879504561424, 0.00999908521771431, 0.009792527183890343, 0.014660360291600227, 0.008993526920676231, 0.008564433082938194, 0.009834541007876396, 0.01018635742366314, 0.010373929515480995, 0.011907885782420635, 0.008725743740797043, 0.009941969998180866, 0.00803118385374546, 0.008508561179041862, 0.009029566310346127, 0.008966759778559208, 0.01154033187776804, 0.009030813351273537, 0.018220849335193634, 0.00817207619547844, 0.008506612852215767, 0.008054336532950401, 0.008450087159872055, 0.009346870705485344, 0.007623988203704357, 0.008209253661334515, 0.01539880782365799, 0.017925702035427094, 0.016444552689790726, 0.007506991270929575, 0.009778751991689205, 0.010594276711344719, 0.009467114694416523, 0.0164706539362669, 0.008673427626490593, 0.007747144438326359, 0.008813923224806786, 0.01534532941877842, 0.012882573530077934, 0.007846381515264511, 0.009107019752264023, 0.00904880091547966, 0.0075807576067745686, 0.0088164322078228]}