{"loss": -0.9773157238960266, "character_probs": [0.013158919289708138, 0.021343231201171875, 0.008446558378636837, 0.01892044022679329, 0.010051820427179337, 0.02672458067536354, 0.008384180255234241, 0.00850529782474041, 0.009355145506560802, 0.011114533990621567, 0.007369741797447205, 0.010102890431880951, 0.012304531410336494, 0.009928172454237938, 0.007969562895596027, 0.00805713701993227, 0.007423754315823317, 0.0074811941012740135, 0.007631439249962568, 0.008395331911742687, 0.008570713922381401, 0.007430744357407093, 0.008413532748818398, 0.008702614344656467, 0.007309496868401766, 0.007235776167362928, 0.00831442978233099, 0.008893884718418121, 0.00791999138891697, 0.007320268079638481, 0.009861454367637634, 0.01347026601433754, 0.008943678811192513, 0.008149994537234306, 0.007192656863480806, 0.007831351831555367, 0.007574455346912146, 0.010676850564777851, 0.008417241275310516, 0.007599661126732826, 0.009476745501160622, 0.019913041964173317, 0.007140294648706913, 0.007286445237696171, 0.007157153449952602, 0.00866791047155857, 0.014311734586954117, 0.00837742816656828, 0.010659974068403244, 0.007368944119662046, 0.007958047091960907, 0.008597396314144135, 0.007848730310797691, 0.008093050681054592, 0.008946467190980911, 0.01715349778532982, 0.00880725309252739, 0.007475127466022968, 0.007666566874831915, 0.008234759792685509, 0.009260689839720726, 0.008044923655688763, 0.013071643188595772, 0.008072763681411743, 0.007462628185749054, 0.010101214051246643, 0.00962422601878643, 0.008259376510977745, 0.010595107451081276, 0.009089173749089241, 0.010234804823994637, 0.0099846376106143, 0.00930710881948471, 0.008181899785995483, 0.008576096966862679, 0.00839780643582344, 0.009205463342368603, 0.02131933532655239, 0.009170091710984707], "weapon_probs": [0.03305622562766075, 0.02614545449614525, 0.014824056066572666, 0.01311473548412323, 0.01065908744931221, 0.013879136182367802, 0.017006922513246536, 0.013075022958219051, 0.007824471220374107, 0.01697365939617157, 0.007480924017727375, 0.010335450991988182, 0.0146584901958704, 0.011675694957375526, 0.010216658003628254, 0.012200198136270046, 0.008230446837842464, 0.013886036351323128, 0.010050233453512192, 0.009129025042057037, 0.009363563731312752, 0.01076664961874485, 0.019376538693904877, 0.00976859126240015, 0.008566210977733135, 0.007220085710287094, 0.008815571665763855, 0.010075334459543228, 0.008490542881190777, 0.010895466431975365, 0.011646544560790062, 0.011315014213323593, 0.011645615100860596, 0.011571241542696953, 0.008285771124064922, 0.00794998463243246, 0.0072942450642585754, 0.008312322199344635, 0.00844759400933981, 0.010211174376308918, 0.009395905770361423, 0.01041337102651596, 0.009526759386062622, 0.009549901820719242, 0.008114594966173172, 0.011260508559644222, 0.014184651896357536, 0.012539206072688103, 0.010993162170052528, 0.009797720238566399, 0.007426366209983826, 0.009799608960747719, 0.008566513657569885, 0.015921717509627342, 0.01104096882045269, 0.009496520273387432, 0.013047344982624054, 0.015166872180998325, 0.01678287610411644]}