{"loss": -0.9526021480560303, "character_probs": [0.027342084795236588, 0.015369300730526447, 0.0158908162266016, 0.01136720459908247, 0.009744742885231972, 0.01262363139539957, 0.00831904448568821, 0.008983168751001358, 0.010701427236199379, 0.0092669278383255, 0.007897071540355682, 0.009714871644973755, 0.009408240206539631, 0.008341817185282707, 0.008600341156125069, 0.007481207139790058, 0.0083006015047431, 0.007689574733376503, 0.009071552194654942, 0.009271933697164059, 0.007153130602091551, 0.015730667859315872, 0.010646595619618893, 0.007225178647786379, 0.010214081034064293, 0.008690943010151386, 0.008610165677964687, 0.007197130937129259, 0.007329182233661413, 0.011457199230790138, 0.007886151783168316, 0.010203015059232712, 0.00873967818915844, 0.007273378781974316, 0.007412109524011612, 0.00866569485515356, 0.01486710924655199, 0.007514700759202242, 0.010649194940924644, 0.00779391685500741, 0.00705710519105196, 0.008762662298977375, 0.010174917988479137, 0.007884498685598373, 0.00846115779131651, 0.009038688614964485, 0.00907289981842041, 0.00804151501506567, 0.010412005707621574, 0.013225214555859566, 0.007651770021766424, 0.010487955063581467, 0.010426423512399197, 0.007780195213854313, 0.007288280408829451, 0.008707385510206223, 0.007596657611429691, 0.010667924769222736, 0.011098243296146393, 0.007683242671191692, 0.007297871168702841, 0.0075542074628174305, 0.007902386598289013, 0.007812687195837498, 0.007167540490627289, 0.01168122235685587, 0.007222659885883331, 0.035538095980882645, 0.007895534858107567, 0.008082312531769276, 0.007623261772096157, 0.008499376475811005, 0.007830571383237839, 0.007857472635805607, 0.009503727778792381, 0.007394914515316486, 0.016127493232488632, 0.007697112392634153, 0.01092793233692646], "weapon_probs": [0.02110213041305542, 0.019042372703552246, 0.023618262261152267, 0.017175868153572083, 0.011703379452228546, 0.009458683431148529, 0.02262634038925171, 0.007877768017351627, 0.010972876101732254, 0.009055692702531815, 0.009206416085362434, 0.014107400551438332, 0.013665078207850456, 0.01222006045281887, 0.00899423286318779, 0.008906844072043896, 0.007977856323122978, 0.008037379011511803, 0.02976376935839653, 0.009143021889030933, 0.00932668149471283, 0.007616519462317228, 0.013708088546991348, 0.008991592563688755, 0.010317673906683922, 0.007362301927059889, 0.010355006903409958, 0.017891984432935715, 0.017894459888339043, 0.008397516794502735, 0.009343395940959454, 0.007606913801282644, 0.00765413511544466, 0.010352883487939835, 0.013485586270689964, 0.009525956586003304, 0.007580217905342579, 0.011830474250018597, 0.009500561282038689, 0.008256105706095695, 0.007785871624946594, 0.009079626761376858, 0.008897002786397934, 0.008899953216314316, 0.01315996702760458, 0.013602860271930695, 0.010857606306672096, 0.013681698590517044, 0.013061078265309334, 0.007982910610735416, 0.0100509999319911, 0.009844441898167133, 0.024646230041980743, 0.02264147251844406, 0.008965290151536465, 0.007665941491723061, 0.00833527185022831, 0.017626158893108368, 0.008259957656264305]}