{"loss": 0.9239000678062439, "character_probs": [0.011002067476511002, 0.018779736012220383, 0.01586715131998062, 0.02414921671152115, 0.010442289523780346, 0.011245732195675373, 0.01243630051612854, 0.007345130667090416, 0.009876851923763752, 0.007772084325551987, 0.01684931293129921, 0.008058719336986542, 0.009415803477168083, 0.008014509454369545, 0.009617975912988186, 0.009128676727414131, 0.009790296666324139, 0.011614536866545677, 0.00849104579538107, 0.009299200028181076, 0.009008129127323627, 0.00859316997230053, 0.011057060211896896, 0.008295271545648575, 0.009947609156370163, 0.008925736881792545, 0.007447808515280485, 0.008157542906701565, 0.009429936297237873, 0.007608306594192982, 0.007283662911504507, 0.008631696924567223, 0.007987421937286854, 0.007666327059268951, 0.007122315000742674, 0.0076453797519207, 0.007773150689899921, 0.008192837238311768, 0.00927721243351698, 0.007289620582014322, 0.007426413241773844, 0.0076543958857655525, 0.008259126916527748, 0.007775743491947651, 0.01275471318513155, 0.009354805573821068, 0.007949002087116241, 0.007410517428070307, 0.010135379619896412, 0.01608201116323471, 0.007574321702122688, 0.008262667804956436, 0.007343008182942867, 0.008146091364324093, 0.008420589379966259, 0.00798063538968563, 0.007947330363094807, 0.014837567694485188, 0.007911479100584984, 0.011434433981776237, 0.01029347162693739, 0.007772587705403566, 0.008984604850411415, 0.008646365255117416, 0.010240810923278332, 0.008756482973694801, 0.0075597926042973995, 0.007330960128456354, 0.01211833581328392, 0.00832695048302412, 0.008171956986188889, 0.00844405684620142, 0.007899689488112926, 0.010060915723443031, 0.014912715181708336, 0.007799438200891018, 0.01037062332034111, 0.009974517859518528, 0.013896024785935879], "weapon_probs": [0.019882358610630035, 0.018075846135616302, 0.018821343779563904, 0.04911844804883003, 0.014037431217730045, 0.008616582490503788, 0.009406940080225468, 0.009512682445347309, 0.013273289427161217, 0.009304765611886978, 0.007733745500445366, 0.008012253791093826, 0.01571393385529518, 0.008425626903772354, 0.013875234872102737, 0.009932080283761024, 0.009094815701246262, 0.007861246354877949, 0.008450910449028015, 0.016582801938056946, 0.009217973798513412, 0.008868450298905373, 0.008052926510572433, 0.008549769409000874, 0.007776028476655483, 0.009325148537755013, 0.011520661413669586, 0.015811162069439888, 0.010594278573989868, 0.007842497900128365, 0.012111700139939785, 0.008470207452774048, 0.008486381731927395, 0.008025296032428741, 0.013258792459964752, 0.009750832803547382, 0.009224099107086658, 0.013449054211378098, 0.008539918810129166, 0.011699368245899677, 0.00815502367913723, 0.014664452522993088, 0.0087285740301013, 0.007776448968797922, 0.008472813293337822, 0.00869094766676426, 0.007233286742120981, 0.01108875498175621, 0.02035699598491192, 0.009779644198715687, 0.0076815723441541195, 0.009602935053408146, 0.015136376023292542, 0.014483420178294182, 0.010651938617229462, 0.01722671091556549, 0.010520250536501408, 0.012658363208174706, 0.018252871930599213]}