{"loss": 0.8805779218673706, "character_probs": [0.016446445137262344, 0.015948668122291565, 0.01251492090523243, 0.020276524126529694, 0.007820832543075085, 0.008827906101942062, 0.024106398224830627, 0.009161442518234253, 0.008301453664898872, 0.007687469478696585, 0.009712043218314648, 0.011202139779925346, 0.007771976757794619, 0.00815444067120552, 0.0074913278222084045, 0.007810910232365131, 0.008074955083429813, 0.01176335010677576, 0.01155267097055912, 0.00819714367389679, 0.007186052389442921, 0.007443611975759268, 0.007756497710943222, 0.0073274290189146996, 0.007387552876025438, 0.008770263753831387, 0.009286223910748959, 0.012677243910729885, 0.008071358315646648, 0.007394857704639435, 0.010877475142478943, 0.008059024810791016, 0.012505185790359974, 0.00996338203549385, 0.007632401306182146, 0.007501101121306419, 0.007863139733672142, 0.009350402280688286, 0.007580241188406944, 0.01145833358168602, 0.007390609476715326, 0.007277443073689938, 0.008465006947517395, 0.01187857985496521, 0.012046046555042267, 0.008443151600658894, 0.007620193529874086, 0.009501398541033268, 0.01047101616859436, 0.008686399087309837, 0.010858483612537384, 0.008584474213421345, 0.009611580520868301, 0.0076721482910215855, 0.013485472649335861, 0.010820042341947556, 0.010713702999055386, 0.00843564048409462, 0.007449330296367407, 0.007275180891156197, 0.008135886862874031, 0.009561311453580856, 0.007117060013115406, 0.01001289114356041, 0.009426792152225971, 0.010050487704575062, 0.008377223275601864, 0.014166172593832016, 0.00883651152253151, 0.009520470164716244, 0.009215917438268661, 0.011594378389418125, 0.012504743412137032, 0.012872530147433281, 0.008211610838770866, 0.00793543178588152, 0.008709661662578583, 0.010112538002431393, 0.010244227014482021], "weapon_probs": [0.018518410623073578, 0.03365137055516243, 0.010118570178747177, 0.016208365559577942, 0.026870496571063995, 0.014071807265281677, 0.009657757356762886, 0.011811953037977219, 0.009463347494602203, 0.010656763799488544, 0.012625208124518394, 0.010953018441796303, 0.011995304375886917, 0.00819129403680563, 0.013164239004254341, 0.008210730738937855, 0.014409633353352547, 0.008728865534067154, 0.015628889203071594, 0.00835272204130888, 0.010808156803250313, 0.012936759740114212, 0.007886498235166073, 0.007754747290164232, 0.009891039691865444, 0.009008224122226238, 0.008790353313088417, 0.013527244329452515, 0.007281319238245487, 0.008605940267443657, 0.011412431485950947, 0.008477974683046341, 0.010930949822068214, 0.008501137606799603, 0.0074598039500415325, 0.013167195953428745, 0.024733055382966995, 0.008946153335273266, 0.00938357226550579, 0.01211576722562313, 0.00885020475834608, 0.0076702069491147995, 0.009145854972302914, 0.018288299441337585, 0.008718255907297134, 0.009964586235582829, 0.008809363469481468, 0.008754683658480644, 0.009470587596297264, 0.009458158165216446, 0.01468503475189209, 0.014884158037602901, 0.017195597290992737, 0.007989734411239624, 0.009337191469967365, 0.010861216112971306, 0.007388366851955652, 0.012305095791816711, 0.007596737705171108]}