{"loss": -0.8703919649124146, "character_probs": [0.013220194727182388, 0.01461329497396946, 0.008426018059253693, 0.014570018276572227, 0.012365968897938728, 0.008211934007704258, 0.014796076342463493, 0.008078391663730145, 0.01241800095885992, 0.018961764872074127, 0.007230823859572411, 0.008118536323308945, 0.023642636835575104, 0.012722037732601166, 0.007544076535850763, 0.007429853547364473, 0.007787600159645081, 0.007423990406095982, 0.007552511524409056, 0.007670912891626358, 0.007154937367886305, 0.010419736616313457, 0.00735356705263257, 0.007329096086323261, 0.007954164408147335, 0.007494036108255386, 0.007539474871009588, 0.007621982600539923, 0.007621347904205322, 0.007153535261750221, 0.015270494855940342, 0.007637861184775829, 0.011417431756854057, 0.011653740890324116, 0.008548234589397907, 0.007841602899134159, 0.00821060873568058, 0.009061960503458977, 0.00775074353441596, 0.007409397512674332, 0.007206276524811983, 0.012884465046226978, 0.010679738596081734, 0.008492170833051205, 0.008030517026782036, 0.008886916562914848, 0.007539774291217327, 0.00795179046690464, 0.009947683662176132, 0.007167148869484663, 0.019165294244885445, 0.012473921291530132, 0.010100102052092552, 0.008159669116139412, 0.009501375257968903, 0.010714679025113583, 0.00727392453700304, 0.007334584835916758, 0.009009689092636108, 0.008823607116937637, 0.008223233744502068, 0.01559387519955635, 0.007360011804848909, 0.008842101320624352, 0.0074541145004332066, 0.008003674447536469, 0.022389158606529236, 0.011171888560056686, 0.00993034616112709, 0.008165741339325905, 0.012968570925295353, 0.007289573084563017, 0.008011654950678349, 0.012760881334543228, 0.012110156938433647, 0.008156384341418743, 0.010662791319191456, 0.00750490790233016, 0.007835796102881432], "weapon_probs": [0.017533155158162117, 0.012034662067890167, 0.03410513699054718, 0.011518239974975586, 0.020228752866387367, 0.013580857776105404, 0.012129062786698341, 0.010262730531394482, 0.011600123718380928, 0.018369756639003754, 0.011523675173521042, 0.012801066040992737, 0.00824352540075779, 0.012517424300312996, 0.009794930927455425, 0.019547114148736, 0.009641478769481182, 0.007612127810716629, 0.010256098583340645, 0.011037247255444527, 0.008004027418792248, 0.00819894764572382, 0.009891916066408157, 0.01089207362383604, 0.009678930975496769, 0.012540755793452263, 0.009999968111515045, 0.007145991548895836, 0.011746805161237717, 0.007811835967004299, 0.016180064529180527, 0.009135991334915161, 0.010168581269681454, 0.014356110244989395, 0.010606745257973671, 0.012012243270874023, 0.008778257295489311, 0.008808258920907974, 0.016511371359229088, 0.009884648025035858, 0.009018825367093086, 0.015114848501980305, 0.009117974899709225, 0.00908725056797266, 0.008519858121871948, 0.010718312114477158, 0.021115288138389587, 0.008929934352636337, 0.00850011594593525, 0.00821995921432972, 0.008918325416743755, 0.008594544604420662, 0.011010661721229553, 0.008212379179894924, 0.015084948390722275, 0.00825908500701189, 0.010508151724934578, 0.009066583588719368, 0.007718347478657961]}