{"loss": -0.8403733968734741, "character_probs": [0.020987719297409058, 0.010612406767904758, 0.012590352445840836, 0.01551869884133339, 0.010261432267725468, 0.009767739102244377, 0.014936004765331745, 0.0077638402581214905, 0.012841291725635529, 0.007696132641285658, 0.009682313539087772, 0.016258498653769493, 0.009942905977368355, 0.0122015830129385, 0.011397246271371841, 0.007740537170320749, 0.00883672758936882, 0.00831556599587202, 0.007768639363348484, 0.008151410147547722, 0.008957711979746819, 0.00868496298789978, 0.008110233582556248, 0.00845145620405674, 0.007529838941991329, 0.00781602505594492, 0.007804775610566139, 0.007465125527232885, 0.01391085609793663, 0.0075992802157998085, 0.008364163339138031, 0.009037553332746029, 0.008060721680521965, 0.00819746870547533, 0.007673647720366716, 0.011764617636799812, 0.009333268739283085, 0.008265405893325806, 0.01021714136004448, 0.008535974659025669, 0.009207325056195259, 0.00790061242878437, 0.00785532221198082, 0.007810072973370552, 0.007403249852359295, 0.00823185220360756, 0.011401928961277008, 0.007401365786790848, 0.0076195793226361275, 0.017610322684049606, 0.009817665442824364, 0.012081943452358246, 0.009258059784770012, 0.008267204277217388, 0.007824912667274475, 0.00985525082796812, 0.00854936521500349, 0.008458057418465614, 0.009505328722298145, 0.009085452184081078, 0.007353941444307566, 0.007908741943538189, 0.019728804007172585, 0.008220293559134007, 0.01021396555006504, 0.007848715409636497, 0.00850302167236805, 0.007791611365973949, 0.008034381084144115, 0.009460598230361938, 0.015598461963236332, 0.009648488834500313, 0.007672296371310949, 0.012051690369844437, 0.011142034083604813, 0.015299524180591106, 0.010963412001729012, 0.00734369084239006, 0.01428261399269104], "weapon_probs": [0.021152373403310776, 0.021827880293130875, 0.017264774069190025, 0.014853117987513542, 0.00967482104897499, 0.012681078165769577, 0.01542843971401453, 0.011816361919045448, 0.007728841155767441, 0.018431905657052994, 0.011951468884944916, 0.01977694220840931, 0.0114312544465065, 0.011219797655940056, 0.0141141377389431, 0.008278748020529747, 0.02209874615073204, 0.008043095469474792, 0.007564151659607887, 0.008491458371281624, 0.011725922115147114, 0.015530003234744072, 0.017327018082141876, 0.00862823985517025, 0.007246534805744886, 0.007878392934799194, 0.008543819189071655, 0.011101427488029003, 0.00923012662678957, 0.007216006983071566, 0.00890684686601162, 0.009550657123327255, 0.010467497631907463, 0.009737315587699413, 0.007490377873182297, 0.009137102402746677, 0.008806874975562096, 0.00822381116449833, 0.008496248163282871, 0.008511503227055073, 0.009369539096951485, 0.023275159299373627, 0.020446762442588806, 0.010030146688222885, 0.008649822324514389, 0.010788366198539734, 0.01647661253809929, 0.008630956523120403, 0.010971860960125923, 0.011349006555974483, 0.010306930169463158, 0.008877922780811787, 0.011946957558393478, 0.011484717950224876, 0.010460584424436092, 0.016275063157081604, 0.008973851799964905, 0.009690973907709122, 0.008812225423753262]}