{"loss": -0.9208382368087769, "character_probs": [0.01676781475543976, 0.010564775206148624, 0.02545589581131935, 0.012160303071141243, 0.008979728445410728, 0.010408143512904644, 0.011271186172962189, 0.014626462012529373, 0.008203016594052315, 0.008839046582579613, 0.008319935761392117, 0.008540865033864975, 0.008842025883495808, 0.012763457372784615, 0.007483237888664007, 0.009556791745126247, 0.014086747542023659, 0.0091811278834939, 0.007838716730475426, 0.010520008392632008, 0.008393554016947746, 0.009007240645587444, 0.008610418066382408, 0.007819751277565956, 0.007565540261566639, 0.007167867384850979, 0.010483731515705585, 0.00838777981698513, 0.007503936067223549, 0.008510581217706203, 0.00973216537386179, 0.007593780290335417, 0.007686964236199856, 0.012365378439426422, 0.008749378845095634, 0.0077279736287891865, 0.008395655080676079, 0.007283578626811504, 0.010496517643332481, 0.007603796198964119, 0.008863561786711216, 0.011403221637010574, 0.0092781288549304, 0.00857227947562933, 0.007427225820720196, 0.011587265878915787, 0.009279904887080193, 0.00786078441888094, 0.008154620416462421, 0.013290638104081154, 0.01604711264371872, 0.0076609826646745205, 0.007754574064165354, 0.009291443973779678, 0.00812492799013853, 0.008530758321285248, 0.007529836148023605, 0.012756576761603355, 0.00819681491702795, 0.009047362022101879, 0.00928779598325491, 0.007608330342918634, 0.00976734608411789, 0.009212637320160866, 0.01329755038022995, 0.008709868416190147, 0.007715772837400436, 0.014330335892736912, 0.008721418678760529, 0.011625530198216438, 0.00813362654298544, 0.007856685668230057, 0.008689258247613907, 0.00887234229594469, 0.010888123884797096, 0.014155812561511993, 0.008263733237981796, 0.009950230829417706, 0.011411715298891068], "weapon_probs": [0.031825706362724304, 0.011430252343416214, 0.020614705979824066, 0.032461680471897125, 0.009890967048704624, 0.01815490797162056, 0.013658758252859116, 0.01314476877450943, 0.00833568349480629, 0.007851187139749527, 0.0075063020922243595, 0.00889413058757782, 0.012873810715973377, 0.021585630252957344, 0.008170027285814285, 0.008350769989192486, 0.008462517522275448, 0.008641562424600124, 0.0071954503655433655, 0.014061367139220238, 0.00820633303374052, 0.010517102666199207, 0.009648141451179981, 0.009173841215670109, 0.008676661178469658, 0.008304883725941181, 0.007290245033800602, 0.014524578116834164, 0.01203775592148304, 0.01611226797103882, 0.007684319745749235, 0.00801077764481306, 0.009546761400997639, 0.008743761107325554, 0.0077486541122198105, 0.014243047684431076, 0.00804074015468359, 0.009463915601372719, 0.01304079219698906, 0.007832621224224567, 0.01036500371992588, 0.01291401032358408, 0.008203133940696716, 0.014509854838252068, 0.008225520141422749, 0.008580761030316353, 0.008574230596423149, 0.010306127369403839, 0.007979581132531166, 0.011904429644346237, 0.009079460985958576, 0.04293229058384895, 0.00741036981344223, 0.008022524416446686, 0.008162328973412514, 0.011264132335782051, 0.011027749627828598, 0.011649394407868385, 0.007398459129035473]}