{"loss": 0.8471211791038513, "character_probs": [0.013084104284644127, 0.02461869642138481, 0.010859143920242786, 0.030306458473205566, 0.008314397186040878, 0.0077720219269394875, 0.007901524193584919, 0.012371020391583443, 0.009179828688502312, 0.008882934227585793, 0.008495320565998554, 0.013556128367781639, 0.009099550545215607, 0.00819503702223301, 0.007603931240737438, 0.008970634080469608, 0.007263780105859041, 0.007766190450638533, 0.009111825376749039, 0.011006097309291363, 0.007822588086128235, 0.007317815441638231, 0.007710382342338562, 0.012042170390486717, 0.007874047383666039, 0.010406176559627056, 0.007733081467449665, 0.008355246856808662, 0.009463255293667316, 0.007736343424767256, 0.007682959083467722, 0.009798314422369003, 0.008347436785697937, 0.010912524536252022, 0.00764814205467701, 0.0074740927666425705, 0.009822485968470573, 0.009276386350393295, 0.01482139527797699, 0.0073495302349328995, 0.007725144270807505, 0.007400160189718008, 0.008528176695108414, 0.010049575008451939, 0.009011881425976753, 0.007640932220965624, 0.01118745282292366, 0.007956275716423988, 0.007660754956305027, 0.007951779291033745, 0.008055170066654682, 0.008071113377809525, 0.00749177485704422, 0.011088589206337929, 0.007340744603425264, 0.009252754040062428, 0.008472040295600891, 0.007786658126860857, 0.007664065808057785, 0.007795092649757862, 0.007227625697851181, 0.013366781175136566, 0.009762933477759361, 0.007297476287931204, 0.013174138031899929, 0.007930848747491837, 0.00940579455345869, 0.007433358114212751, 0.009618687443435192, 0.009434068575501442, 0.01037219725549221, 0.018977925181388855, 0.009320028126239777, 0.013967419043183327, 0.007771638222038746, 0.011600909754633904, 0.00710986228659749, 0.008366690948605537, 0.01681824028491974], "weapon_probs": [0.018749475479125977, 0.023742016404867172, 0.029148515313863754, 0.026007860898971558, 0.011117065325379372, 0.011853446252644062, 0.010564286261796951, 0.009614760056138039, 0.014349060133099556, 0.011941786855459213, 0.01464628055691719, 0.00984269566833973, 0.011482281610369682, 0.008598226122558117, 0.007802280597388744, 0.017299087718129158, 0.013259392231702805, 0.0076176468282938, 0.009974672459065914, 0.008377650752663612, 0.008403967134654522, 0.013207213953137398, 0.008089515380561352, 0.007611589971929789, 0.011468145996332169, 0.008397042751312256, 0.008348338305950165, 0.010223720222711563, 0.01391480304300785, 0.007566578686237335, 0.008546060882508755, 0.010738189332187176, 0.008052640594542027, 0.012035049498081207, 0.01049879565834999, 0.008616568520665169, 0.008639954030513763, 0.008522814139723778, 0.008398831821978092, 0.00860679429024458, 0.010744567960500717, 0.009019063785672188, 0.008647961542010307, 0.008460091426968575, 0.008222202770411968, 0.04139658436179161, 0.008011187426745892, 0.007847703993320465, 0.010078482329845428, 0.009370558895170689, 0.007643688470125198, 0.008125793188810349, 0.011198148131370544, 0.014583025127649307, 0.010098455473780632, 0.01792769506573677, 0.010563713498413563, 0.01957576721906662, 0.013971678912639618]}