{"loss": 0.23702049255371094, "character_probs": [0.022776860743761063, 0.008162654004991055, 0.021719306707382202, 0.008986363187432289, 0.009395952336490154, 0.010350080206990242, 0.008505323901772499, 0.007960299961268902, 0.017440065741539, 0.007913196459412575, 0.008030303753912449, 0.01444531511515379, 0.007728666067123413, 0.009958800859749317, 0.01692063733935356, 0.008434195071458817, 0.00967341661453247, 0.010088613256812096, 0.007954776287078857, 0.007324604783207178, 0.007849200628697872, 0.012498036958277225, 0.00769762322306633, 0.008977008052170277, 0.008377640508115292, 0.00726040406152606, 0.01171947456896305, 0.007218088023364544, 0.0075427633710205555, 0.007142326794564724, 0.008535586297512054, 0.01535611692816019, 0.009455030784010887, 0.007094184402376413, 0.0075395782478153706, 0.008362597785890102, 0.007099843118339777, 0.015039350837469101, 0.008945496752858162, 0.008246663957834244, 0.00732104666531086, 0.00787210650742054, 0.009017721749842167, 0.008184022270143032, 0.007393362000584602, 0.007431205827742815, 0.007255443837493658, 0.00826895423233509, 0.009571215137839317, 0.0073490142822265625, 0.009865262545645237, 0.007188469637185335, 0.008281261660158634, 0.017254848033189774, 0.013013357296586037, 0.007433921564370394, 0.008305110968649387, 0.013201110064983368, 0.007255110889673233, 0.009870113804936409, 0.007700977381318808, 0.010706834495067596, 0.007578006945550442, 0.007661451585590839, 0.009745112620294094, 0.00855429470539093, 0.009058541618287563, 0.009616688825190067, 0.008078045211732388, 0.008462871424853802, 0.007668641395866871, 0.010349273681640625, 0.014466729946434498, 0.010588817298412323, 0.007506832014769316, 0.008142540231347084, 0.009453809820115566, 0.008365489542484283, 0.018647339195013046], "weapon_probs": [0.017678752541542053, 0.022028474137187004, 0.01740027591586113, 0.022314559668302536, 0.015133772045373917, 0.011224020272493362, 0.018784627318382263, 0.011803215369582176, 0.0145404152572155, 0.026586763560771942, 0.009406974539160728, 0.0129763875156641, 0.009582829661667347, 0.0109480582177639, 0.007597378455102444, 0.007776584476232529, 0.008707320317626, 0.007627338171005249, 0.007362742442637682, 0.008328535594046116, 0.013796808198094368, 0.008076717145740986, 0.01303858682513237, 0.0077919489704072475, 0.0078335115686059, 0.009060537442564964, 0.00914938747882843, 0.010047086514532566, 0.012208662927150726, 0.007811238057911396, 0.008704844862222672, 0.027576539665460587, 0.008405868895351887, 0.008156569674611092, 0.00801208894699812, 0.011008129455149174, 0.007543046027421951, 0.017031092196702957, 0.009174251928925514, 0.008694124408066273, 0.013881254941225052, 0.009693455882370472, 0.008529598824679852, 0.012539025396108627, 0.009785754606127739, 0.013355081900954247, 0.008801227435469627, 0.011002649553120136, 0.01012337114661932, 0.008234502747654915, 0.009686469100415707, 0.00977778248488903, 0.009995113126933575, 0.010997764766216278, 0.011987733654677868, 0.011873832903802395, 0.012016166001558304, 0.01202651858329773, 0.009627696126699448]}