{"loss": -0.35765939950942993, "character_probs": [0.022750407457351685, 0.010691818781197071, 0.016642585396766663, 0.011615579016506672, 0.010076569393277168, 0.008698577992618084, 0.011238766834139824, 0.018676690757274628, 0.007834521122276783, 0.008912204764783382, 0.009539719671010971, 0.009340978227555752, 0.010570080950856209, 0.007310593035072088, 0.010566169396042824, 0.014260093681514263, 0.007796062622219324, 0.010741973295807838, 0.007616679649800062, 0.010327624157071114, 0.008063756860792637, 0.011342477053403854, 0.007734023034572601, 0.00851807277649641, 0.00918242521584034, 0.0105054322630167, 0.007356178015470505, 0.007123701274394989, 0.007611576467752457, 0.007439063396304846, 0.007983483374118805, 0.007239708676934242, 0.0081562465056777, 0.007775465492159128, 0.007678321097046137, 0.009017892181873322, 0.007861870341002941, 0.011409630998969078, 0.008862465620040894, 0.009430643171072006, 0.009252183139324188, 0.012735291384160519, 0.009027422405779362, 0.007180848624557257, 0.007612008601427078, 0.010467875748872757, 0.007931833155453205, 0.00836071465164423, 0.009590115398168564, 0.009214060381054878, 0.016152922064065933, 0.010374104604125023, 0.008837379515171051, 0.008233082480728626, 0.007526477798819542, 0.010058382526040077, 0.007925908081233501, 0.00798335112631321, 0.008569174446165562, 0.01122258696705103, 0.009323935955762863, 0.007652601692825556, 0.00789868924766779, 0.007288909517228603, 0.008749976754188538, 0.012913328595459461, 0.009201882407069206, 0.008138971403241158, 0.013733560219407082, 0.008869214914739132, 0.015286396257579327, 0.017554115504026413, 0.010545609518885612, 0.008754400536417961, 0.008553911931812763, 0.01009218767285347, 0.009719024412333965, 0.007672408130019903, 0.0093797966837883], "weapon_probs": [0.030589330941438675, 0.015466572716832161, 0.020982913672924042, 0.02479984238743782, 0.014682093635201454, 0.013652853667736053, 0.009287928231060505, 0.010642960667610168, 0.007589275948703289, 0.00808874610811472, 0.013649240136146545, 0.012909104116261005, 0.012925256043672562, 0.009648066014051437, 0.01379639282822609, 0.007442858535796404, 0.014688242226839066, 0.007895361632108688, 0.012914643622934818, 0.009229138493537903, 0.012152387760579586, 0.00920850969851017, 0.009356477297842503, 0.0083283307030797, 0.008203435689210892, 0.008418971672654152, 0.012235322967171669, 0.01421190146356821, 0.007450064644217491, 0.01354181207716465, 0.011729157529771328, 0.007737510837614536, 0.011781545355916023, 0.007974923588335514, 0.010640628635883331, 0.008026732131838799, 0.009105612523853779, 0.010237272828817368, 0.00778539152815938, 0.012139993719756603, 0.01770704612135887, 0.009365051984786987, 0.013596870936453342, 0.014504695311188698, 0.00882580503821373, 0.007700453978031874, 0.009582405909895897, 0.009834804572165012, 0.012575813569128513, 0.017039181664586067, 0.015344169922173023, 0.012395262718200684, 0.014165136963129044, 0.0073015461675822735, 0.00908195786178112, 0.011222640983760357, 0.01551855355501175, 0.011731602251529694, 0.010112454183399677]}