{"loss": -0.2675745487213135, "character_probs": [0.011016828939318657, 0.015417134389281273, 0.014439806342124939, 0.024655915796756744, 0.007993021979928017, 0.008094030432403088, 0.013946294784545898, 0.012952577322721481, 0.00998975895345211, 0.011814378201961517, 0.00800690334290266, 0.007629574276506901, 0.007638235110789537, 0.007633484899997711, 0.008141781203448772, 0.007972667925059795, 0.007785394787788391, 0.010501398704946041, 0.007711079437285662, 0.010176584124565125, 0.009634931571781635, 0.007473364472389221, 0.011032921262085438, 0.008334801532328129, 0.009451590478420258, 0.01564541831612587, 0.00715307891368866, 0.007321184501051903, 0.007814956828951836, 0.010557341389358044, 0.007196360267698765, 0.007686913013458252, 0.008121874183416367, 0.01912110671401024, 0.0074975150637328625, 0.008437522687017918, 0.00873988214880228, 0.009589114226400852, 0.00891878455877304, 0.0071744960732758045, 0.00937918946146965, 0.00735960528254509, 0.0072042555548250675, 0.008294232189655304, 0.008951637893915176, 0.009157363325357437, 0.011344398371875286, 0.0182704608887434, 0.009056092239916325, 0.010141009464859962, 0.007496576756238937, 0.01059697475284338, 0.0076223439536988735, 0.014537835493683815, 0.008847282268106937, 0.009207088500261307, 0.007591772824525833, 0.008606517687439919, 0.00735454959794879, 0.008992228657007217, 0.007425475865602493, 0.009754296392202377, 0.010194992646574974, 0.007889656350016594, 0.007184888701885939, 0.008020284585654736, 0.00822667870670557, 0.014592506922781467, 0.007585414219647646, 0.009243443608283997, 0.008395349606871605, 0.014369957149028778, 0.010689192451536655, 0.010569609701633453, 0.01651628687977791, 0.011657582595944405, 0.008757999166846275, 0.009314564988017082, 0.009102091193199158], "weapon_probs": [0.03987151011824608, 0.015995698049664497, 0.012277299538254738, 0.007509747985750437, 0.010088447481393814, 0.025894708931446075, 0.01703287661075592, 0.017324883490800858, 0.018601596355438232, 0.009012452326714993, 0.011992658488452435, 0.011712453328073025, 0.013260610401630402, 0.008486260659992695, 0.008208543062210083, 0.008035441860556602, 0.010192831978201866, 0.007382380776107311, 0.007447168231010437, 0.007835724391043186, 0.008286353200674057, 0.008235355839133263, 0.02397313341498375, 0.008778048679232597, 0.00872720405459404, 0.010249790735542774, 0.008447852917015553, 0.010857095941901207, 0.0073935105465352535, 0.010851053521037102, 0.007837025448679924, 0.007494462188333273, 0.011954858899116516, 0.011537948623299599, 0.012058673426508904, 0.008550845086574554, 0.007883410900831223, 0.012891318649053574, 0.009448453783988953, 0.007705900818109512, 0.008142158389091492, 0.008323313668370247, 0.013361381366848946, 0.007829081267118454, 0.00912147294729948, 0.008498232811689377, 0.011078255251049995, 0.0101790064945817, 0.024413075298070908, 0.009478732012212276, 0.008443959057331085, 0.02214534394443035, 0.01102495938539505, 0.013241305947303772, 0.009074783883988857, 0.010182171128690243, 0.013063864782452583, 0.011276593431830406, 0.009166824631392956]}