{"loss": -0.9683892130851746, "character_probs": [0.026165679097175598, 0.024142533540725708, 0.007848294451832771, 0.009745150804519653, 0.010165821760892868, 0.007593918591737747, 0.009197166189551353, 0.007668677251785994, 0.010226558893918991, 0.015570917166769505, 0.010743250139057636, 0.0075496649369597435, 0.010377395898103714, 0.007646221201866865, 0.01045894529670477, 0.008406294509768486, 0.009069269523024559, 0.010330061428248882, 0.00961329322308302, 0.011508181691169739, 0.011438999325037003, 0.007952563464641571, 0.008115812204778194, 0.007500147446990013, 0.007847088389098644, 0.007685702759772539, 0.007388071622699499, 0.009110704064369202, 0.007311316207051277, 0.007720916531980038, 0.0078671770170331, 0.007277046795934439, 0.00778600387275219, 0.00846896693110466, 0.0081480722874403, 0.011526111513376236, 0.011105814017355442, 0.00979299284517765, 0.009906595572829247, 0.007579449564218521, 0.014394021593034267, 0.00972789991647005, 0.007794162258505821, 0.007980228401720524, 0.009045548737049103, 0.007633091416209936, 0.007784182671457529, 0.01211429201066494, 0.009419050998985767, 0.013011248782277107, 0.007972202263772488, 0.009638726711273193, 0.011383866891264915, 0.009057221934199333, 0.007741499226540327, 0.008483588695526123, 0.008810868486762047, 0.009890452027320862, 0.007541591301560402, 0.010309095494449139, 0.007448018994182348, 0.010550734587013721, 0.007392970845103264, 0.008586875163018703, 0.008121808059513569, 0.008317196741700172, 0.015465500764548779, 0.013521116226911545, 0.00806714128702879, 0.010072750970721245, 0.009005888365209103, 0.008651182986795902, 0.009362360462546349, 0.01006331667304039, 0.011600418016314507, 0.009712759405374527, 0.008510686457157135, 0.009208879433572292, 0.00789092667400837], "weapon_probs": [0.022625241428613663, 0.013923518359661102, 0.03419036790728569, 0.009608456864953041, 0.012804309837520123, 0.009422589093446732, 0.010374069213867188, 0.01521302480250597, 0.020700491964817047, 0.017233237624168396, 0.009728520177304745, 0.015016743913292885, 0.012343419715762138, 0.007907760329544544, 0.007510828319936991, 0.010496922768652439, 0.008729764260351658, 0.010601586662232876, 0.00767503073439002, 0.013089235872030258, 0.00707762036472559, 0.010436320677399635, 0.00872969999909401, 0.012874089181423187, 0.008350074291229248, 0.01203985046595335, 0.011652128770947456, 0.0077287582680583, 0.01246141642332077, 0.007616711314767599, 0.017114182934165, 0.008338117972016335, 0.007817053236067295, 0.008655544370412827, 0.0073628975078463554, 0.008640263229608536, 0.021342268213629723, 0.012506507337093353, 0.015896886587142944, 0.009194191545248032, 0.007583165541291237, 0.008878628723323345, 0.01750885881483555, 0.011637125164270401, 0.0095292367041111, 0.007452644873410463, 0.009082535281777382, 0.012027375400066376, 0.018337849527597427, 0.011076364666223526, 0.01049769390374422, 0.014251462183892727, 0.009346485137939453, 0.01017675455659628, 0.013969745486974716, 0.010907663032412529, 0.017539631575345993, 0.009077252820134163, 0.028994720429182053]}