{"loss": 0.8688284158706665, "character_probs": [0.023335523903369904, 0.017200201749801636, 0.008379582315683365, 0.012665875256061554, 0.016266096383333206, 0.014325428754091263, 0.008178703486919403, 0.010563652031123638, 0.008007153868675232, 0.009962813928723335, 0.007803021464496851, 0.009136068634688854, 0.007215547375380993, 0.008365616202354431, 0.009591429494321346, 0.01582169160246849, 0.012184979394078255, 0.007419814355671406, 0.007981430739164352, 0.009460531175136566, 0.010436827316880226, 0.009411939419806004, 0.009821970947086811, 0.007944062352180481, 0.007748187519609928, 0.01258064340800047, 0.007981919683516026, 0.008376585319638252, 0.008829819038510323, 0.008059412240982056, 0.00847073458135128, 0.007771667093038559, 0.007530183997005224, 0.007851740345358849, 0.008593513630330563, 0.007270515896379948, 0.009722703136503696, 0.008020436391234398, 0.008403453975915909, 0.007531746756285429, 0.008547780103981495, 0.007835658267140388, 0.010910449549555779, 0.01103202998638153, 0.009990861639380455, 0.007177033927291632, 0.007368240971118212, 0.007895532995462418, 0.007134608458727598, 0.007536182180047035, 0.008802835829555988, 0.011563285253942013, 0.020560450851917267, 0.011382898315787315, 0.007519708015024662, 0.007818704470992088, 0.007718653883785009, 0.00783511996269226, 0.014091835357248783, 0.010732152499258518, 0.008546051569283009, 0.00761791504919529, 0.007160372566431761, 0.009482059627771378, 0.007962837815284729, 0.00900685228407383, 0.007701549679040909, 0.008062138222157955, 0.007633892819285393, 0.012902606278657913, 0.007839868776500225, 0.007990422658622265, 0.008482825011014938, 0.010975392535328865, 0.008730381727218628, 0.009256197139620781, 0.017046581953763962, 0.011572521179914474, 0.008741090074181557], "weapon_probs": [0.020698167383670807, 0.012449071742594242, 0.025442615151405334, 0.017481397837400436, 0.01335901953279972, 0.011989239603281021, 0.041464924812316895, 0.009651378728449345, 0.013632815331220627, 0.008074574172496796, 0.007476832717657089, 0.016218218952417374, 0.008810468949377537, 0.00800575315952301, 0.012712848372757435, 0.012824579142034054, 0.007444237358868122, 0.008047737181186676, 0.008736823685467243, 0.00785402674227953, 0.008281983435153961, 0.007737957406789064, 0.00886000506579876, 0.012227630242705345, 0.009220607578754425, 0.008326223120093346, 0.012109030038118362, 0.007784005720168352, 0.013595915399491787, 0.012850111350417137, 0.008138730190694332, 0.007565367966890335, 0.011040443554520607, 0.012489400804042816, 0.008374398574233055, 0.010772332549095154, 0.009654996916651726, 0.00870421901345253, 0.009790674783289433, 0.014625386334955692, 0.016087517142295837, 0.013312217779457569, 0.011449199169874191, 0.008700829930603504, 0.01086825504899025, 0.011042569763958454, 0.008753957226872444, 0.009479844942688942, 0.009310676716268063, 0.012422285974025726, 0.012234530411660671, 0.00969083234667778, 0.015189850702881813, 0.010727101936936378, 0.012627393007278442, 0.01069533172994852, 0.009625169448554516, 0.009496713988482952, 0.02166394516825676]}