{"loss": -0.7985501289367676, "character_probs": [0.030856940895318985, 0.009044589474797249, 0.007345795165747404, 0.018626095727086067, 0.010333765298128128, 0.009083542972803116, 0.0124210799112916, 0.008856602013111115, 0.008700833655893803, 0.016437605023384094, 0.009798300452530384, 0.010229826904833317, 0.008330781944096088, 0.012497933581471443, 0.009312593378126621, 0.00730549031868577, 0.010776013135910034, 0.008639474399387836, 0.009180683642625809, 0.007752524223178625, 0.007460820022970438, 0.013447199016809464, 0.008365602232515812, 0.007399141788482666, 0.00784206110984087, 0.008346469141542912, 0.007770431227982044, 0.007641301490366459, 0.009423313662409782, 0.011061713099479675, 0.007486626505851746, 0.007830456830561161, 0.0077231694012880325, 0.007150693796575069, 0.007207897957414389, 0.007384208496659994, 0.007458677981048822, 0.009919235482811928, 0.0077518983744084835, 0.009575211443006992, 0.012759300880134106, 0.008122922852635384, 0.01008545234799385, 0.007815750315785408, 0.007947079837322235, 0.007441030349582434, 0.007363005541265011, 0.008027546107769012, 0.00804520770907402, 0.009569931775331497, 0.010737468488514423, 0.007690333295613527, 0.008579148910939693, 0.019516868516802788, 0.007761520799249411, 0.008128245361149311, 0.008875494822859764, 0.014231378212571144, 0.00874767079949379, 0.0098689841106534, 0.010270253755152225, 0.008525671437382698, 0.007838890887796879, 0.008008938282728195, 0.008049982599914074, 0.01014037150889635, 0.00817629974335432, 0.0132804736495018, 0.008094161748886108, 0.008122782222926617, 0.007779263891279697, 0.009046094492077827, 0.009815549477934837, 0.007236572913825512, 0.018238086253404617, 0.016123086214065552, 0.0132373608648777, 0.007883095182478428, 0.010082269087433815], "weapon_probs": [0.028586696833372116, 0.01671650819480419, 0.01828140765428543, 0.014511844143271446, 0.013395089656114578, 0.016102802008390427, 0.014670606702566147, 0.02218887209892273, 0.009328355081379414, 0.009279114194214344, 0.014675373211503029, 0.009943775832653046, 0.008737278170883656, 0.007197568193078041, 0.009180352091789246, 0.013819005340337753, 0.011569635942578316, 0.013017123565077782, 0.008234608918428421, 0.00903545506298542, 0.007338880095630884, 0.009134109131991863, 0.017878245562314987, 0.01015203446149826, 0.015030489303171635, 0.008026148192584515, 0.009414911270141602, 0.012333128601312637, 0.0082241864874959, 0.011625893414020538, 0.009748075157403946, 0.008972841314971447, 0.00870814360678196, 0.00906785111874342, 0.010350286960601807, 0.01053175050765276, 0.01299967896193266, 0.010365357622504234, 0.01289480272680521, 0.011245457455515862, 0.009116984903812408, 0.009949957951903343, 0.011153725907206535, 0.01070757582783699, 0.010774104855954647, 0.020897574722766876, 0.009011650457978249, 0.008993983268737793, 0.008000894449651241, 0.009215710684657097, 0.007786293048411608, 0.010647009126842022, 0.009839491918683052, 0.01905212551355362, 0.01148498896509409, 0.00816372875124216, 0.012563151307404041, 0.008878523483872414, 0.014920338988304138]}