{"loss": -0.37718090415000916, "character_probs": [0.014549276791512966, 0.016592536121606827, 0.011021257378160954, 0.02064571902155876, 0.009851359762251377, 0.011752679012715816, 0.010624056681990623, 0.00818147324025631, 0.011143749579787254, 0.016614552587270737, 0.00983496941626072, 0.009496042504906654, 0.008742546662688255, 0.007784899324178696, 0.008245752193033695, 0.008041979745030403, 0.011464996263384819, 0.008647901006042957, 0.007383521646261215, 0.0073771364986896515, 0.007653612643480301, 0.014753124676644802, 0.007776035461574793, 0.007528750225901604, 0.008992394432425499, 0.011476591229438782, 0.007818224839866161, 0.01019070390611887, 0.007697391789406538, 0.008856147527694702, 0.009492466226220131, 0.0076337349601089954, 0.007909677922725677, 0.008892876096069813, 0.007372100371867418, 0.007420904003083706, 0.010376779362559319, 0.0073336330242455006, 0.00873519666492939, 0.010099407285451889, 0.007980762049555779, 0.009577734395861626, 0.010764933191239834, 0.009748045355081558, 0.00858336128294468, 0.014477070420980453, 0.007383411284536123, 0.00723317451775074, 0.010138971731066704, 0.008036985993385315, 0.007665711455047131, 0.007300490979105234, 0.008668314665555954, 0.01496909186244011, 0.008741334080696106, 0.009221208281815052, 0.007417633663862944, 0.007804835680872202, 0.009229239076375961, 0.0179449375718832, 0.007994008250534534, 0.008160976693034172, 0.00798302236944437, 0.009196645580232143, 0.01074272021651268, 0.00870080292224884, 0.01931527815759182, 0.008163640275597572, 0.00772247277200222, 0.01031078677624464, 0.00822999607771635, 0.014110403135418892, 0.008158641867339611, 0.009300028905272484, 0.010317342355847359, 0.01106061041355133, 0.008614255115389824, 0.016547955572605133, 0.008182735182344913], "weapon_probs": [0.025612544268369675, 0.024393979460000992, 0.018163960427045822, 0.009981938637793064, 0.008541852235794067, 0.026818860322237015, 0.01719997078180313, 0.01164746843278408, 0.009232526645064354, 0.018488023430109024, 0.009964706376194954, 0.010282013565301895, 0.01476473268121481, 0.011914700269699097, 0.00841484498232603, 0.007723667658865452, 0.011028943583369255, 0.009287233464419842, 0.01134214922785759, 0.014102150686085224, 0.009199516847729683, 0.012714337557554245, 0.00797596387565136, 0.008308966644108295, 0.007503001485019922, 0.008179688826203346, 0.010280463844537735, 0.007314305752515793, 0.009136810898780823, 0.00920856837183237, 0.017412517219781876, 0.008804820477962494, 0.008250986225903034, 0.008518149144947529, 0.007972494699060917, 0.0118124233558774, 0.010216762311756611, 0.011204540729522705, 0.011193336918950081, 0.00746542913839221, 0.007486517541110516, 0.010968156158924103, 0.011262403801083565, 0.00938329566270113, 0.008527454920113087, 0.015526830218732357, 0.010589007288217545, 0.011350355111062527, 0.00806546863168478, 0.018133455887436867, 0.015700213611125946, 0.008439742028713226, 0.020993901416659355, 0.01243736781179905, 0.010833526030182838, 0.015892669558525085, 0.009956644847989082, 0.010367746464908123, 0.013206472620368004]}