{"loss": -0.9957684874534607, "character_probs": [0.020414147526025772, 0.01430540718138218, 0.010696033015847206, 0.012248344719409943, 0.01320461742579937, 0.01305431965738535, 0.013721570372581482, 0.008283041417598724, 0.010282212868332863, 0.008335241116583347, 0.010560648515820503, 0.014138562604784966, 0.007599429227411747, 0.010116130113601685, 0.008139771409332752, 0.013080721721053123, 0.008554156869649887, 0.008848557248711586, 0.007402072660624981, 0.008516963571310043, 0.01384078897535801, 0.008104975335299969, 0.012436563149094582, 0.008874877355992794, 0.01011134497821331, 0.009402528405189514, 0.007487654220312834, 0.007100463379174471, 0.008529799059033394, 0.008962655439972878, 0.007127417251467705, 0.007294902112334967, 0.007896076887845993, 0.007538257632404566, 0.007627331651747227, 0.007474763318896294, 0.008973873220384121, 0.008231716230511665, 0.008075457066297531, 0.007702178321778774, 0.007241001818329096, 0.007868294604122639, 0.007611173205077648, 0.016905933618545532, 0.008750948123633862, 0.008829922415316105, 0.007594363298267126, 0.00834251195192337, 0.012178431265056133, 0.009126067161560059, 0.01240016333758831, 0.014779863879084587, 0.008889208547770977, 0.007776238024234772, 0.008608355186879635, 0.009740009903907776, 0.007738164160400629, 0.00758955255150795, 0.007875906303524971, 0.007948338985443115, 0.008836472406983376, 0.00923612155020237, 0.007952229119837284, 0.012461084872484207, 0.009027893655002117, 0.01039312593638897, 0.00890034157782793, 0.008643531240522861, 0.008930269628763199, 0.00774785690009594, 0.011084754019975662, 0.015444103628396988, 0.008914784528315067, 0.00953722558915615, 0.008265127427875996, 0.013514851219952106, 0.013626733794808388, 0.00825498253107071, 0.011130363680422306], "weapon_probs": [0.03064829856157303, 0.015035302378237247, 0.01854517310857773, 0.019514277577400208, 0.00900937244296074, 0.030108992010354996, 0.009811279363930225, 0.0092948442324996, 0.011197555810213089, 0.014088328927755356, 0.008195020258426666, 0.0074749779887497425, 0.00767547357827425, 0.02112717181444168, 0.009938370436429977, 0.008338537998497486, 0.016705183312296867, 0.008831586688756943, 0.012819313444197178, 0.011079042218625546, 0.010022085160017014, 0.010286924429237843, 0.007366004399955273, 0.007757718674838543, 0.008931725285947323, 0.009632854722440243, 0.007585056126117706, 0.007424389943480492, 0.01497691310942173, 0.010023918002843857, 0.014858090318739414, 0.007731242571026087, 0.009340604767203331, 0.01125362515449524, 0.00788674782961607, 0.008670329116284847, 0.01443571224808693, 0.011064136400818825, 0.008324428461492062, 0.009470129385590553, 0.007545864675194025, 0.007864348590373993, 0.00920227449387312, 0.018893148750066757, 0.008158108219504356, 0.009029245935380459, 0.012331601232290268, 0.008024733513593674, 0.008821242488920689, 0.024560153484344482, 0.011604361236095428, 0.009839624166488647, 0.009276751428842545, 0.01232319138944149, 0.010064123198390007, 0.009654786437749863, 0.009783988818526268, 0.009027198888361454, 0.012617558240890503]}