{"loss": -0.9929770827293396, "character_probs": [0.019348658621311188, 0.02375386282801628, 0.015703897923231125, 0.011877777054905891, 0.00816609337925911, 0.009959585964679718, 0.008526286110281944, 0.011391098611056805, 0.007901094853878021, 0.012096729129552841, 0.007874054834246635, 0.009022763930261135, 0.007254559081047773, 0.008894857950508595, 0.007743081543594599, 0.009529152885079384, 0.012028703466057777, 0.00728950509801507, 0.00843858439475298, 0.009118424728512764, 0.014315541833639145, 0.009375864639878273, 0.00837184488773346, 0.010178293101489544, 0.007923204451799393, 0.007416646461933851, 0.007292410358786583, 0.008753925561904907, 0.008156821131706238, 0.007876048795878887, 0.011470036581158638, 0.007384302094578743, 0.014313537627458572, 0.00792687851935625, 0.007174554746598005, 0.016425730660557747, 0.007261339109390974, 0.007150574121624231, 0.008971039205789566, 0.007633058354258537, 0.009087929502129555, 0.007448536343872547, 0.008951556868851185, 0.009476334787905216, 0.010837316513061523, 0.009271151386201382, 0.007885294035077095, 0.007813540287315845, 0.007269712630659342, 0.009122904390096664, 0.01228686235845089, 0.008122876286506653, 0.01792934536933899, 0.007524516433477402, 0.0077535598538815975, 0.009067654609680176, 0.007377909496426582, 0.007746560964733362, 0.00755093852058053, 0.00923236645758152, 0.014852731488645077, 0.00831777136772871, 0.007964733988046646, 0.007515608798712492, 0.009306132793426514, 0.008510367944836617, 0.0077834706753492355, 0.009085274301469326, 0.007411036174744368, 0.017743084579706192, 0.007547679357230663, 0.007529693655669689, 0.013963986188173294, 0.010608984157443047, 0.00785024557262659, 0.0077960304915905, 0.009940034709870815, 0.01308869943022728, 0.008250861428678036], "weapon_probs": [0.01760280318558216, 0.029612235724925995, 0.014236584305763245, 0.021760214120149612, 0.01723780855536461, 0.009325936436653137, 0.007687590550631285, 0.009032079018652439, 0.01570490375161171, 0.012418979778885841, 0.008988810703158379, 0.018844572827219963, 0.011683417484164238, 0.014565234072506428, 0.007534089032560587, 0.00981403049081564, 0.009817483834922314, 0.011192739009857178, 0.011105350218713284, 0.008174389600753784, 0.022502552717924118, 0.007635422982275486, 0.0097535140812397, 0.00885573960840702, 0.007305583450943232, 0.010654707439243793, 0.0136431148275733, 0.012023765593767166, 0.007461712695658207, 0.007431886624544859, 0.007945210672914982, 0.008218985050916672, 0.008687064051628113, 0.013920735567808151, 0.009469134733080864, 0.03256271779537201, 0.00780276395380497, 0.008488008752465248, 0.007470292039215565, 0.008950971998274326, 0.007445852737873793, 0.008583690971136093, 0.010285750031471252, 0.008581647649407387, 0.008505895733833313, 0.01421383023262024, 0.012894263491034508, 0.008782567456364632, 0.009379159659147263, 0.008135557174682617, 0.008629283867776394, 0.027019154280424118, 0.01567581295967102, 0.0075663188472390175, 0.01631160080432892, 0.009749017655849457, 0.009667519479990005, 0.007390848360955715, 0.009726151823997498]}