{"loss": 0.29620862007141113, "character_probs": [0.028275467455387115, 0.023129533976316452, 0.013377081602811813, 0.00768952677026391, 0.012339750304818153, 0.01152543444186449, 0.009549903683364391, 0.008058002218604088, 0.007649675011634827, 0.007990846410393715, 0.009127344936132431, 0.008443829603493214, 0.007738317828625441, 0.0078039770014584064, 0.007762408349663019, 0.008080333471298218, 0.009180712513625622, 0.013622631318867207, 0.0072621749714016914, 0.0090408306568861, 0.009025451727211475, 0.010540477000176907, 0.008394300006330013, 0.009168490767478943, 0.007951554842293262, 0.009549077600240707, 0.007221368607133627, 0.007217555772513151, 0.010138321667909622, 0.008017395623028278, 0.008694547228515148, 0.007655140943825245, 0.008290025405585766, 0.0073961783200502396, 0.008776525966823101, 0.007226981222629547, 0.013418611139059067, 0.01217532716691494, 0.010005706921219826, 0.011006046086549759, 0.007689307909458876, 0.008222620002925396, 0.008276954293251038, 0.00926128588616848, 0.008701503276824951, 0.012468315660953522, 0.008619779720902443, 0.00967106781899929, 0.010084581561386585, 0.008449682965874672, 0.009897740557789803, 0.007872652262449265, 0.007488851435482502, 0.009824048727750778, 0.010238767601549625, 0.007428388111293316, 0.010146105661988258, 0.008098362945020199, 0.010409483686089516, 0.010754581540822983, 0.011435109190642834, 0.011975439265370369, 0.010239939205348492, 0.007538278121501207, 0.008398221805691719, 0.009483769536018372, 0.008237449452280998, 0.007996131666004658, 0.010396686382591724, 0.010201328434050083, 0.007336385082453489, 0.009939967654645443, 0.02078145369887352, 0.01054393406957388, 0.008638358674943447, 0.00891968049108982, 0.008147402666509151, 0.013105200603604317, 0.007618640083819628], "weapon_probs": [0.029515661299228668, 0.018604155629873276, 0.009887123480439186, 0.016912244260311127, 0.035593658685684204, 0.015667077153921127, 0.009766537696123123, 0.007602975238114595, 0.008941607549786568, 0.012181863188743591, 0.00819178856909275, 0.02170269936323166, 0.007936670444905758, 0.009584058076143265, 0.013155756518244743, 0.01082671619951725, 0.010990621522068977, 0.009865147061645985, 0.008485017344355583, 0.009757638908922672, 0.00875470694154501, 0.009738178923726082, 0.010683640837669373, 0.009467897936701775, 0.009687846526503563, 0.010024228133261204, 0.011056164279580116, 0.008262197487056255, 0.007361794821918011, 0.008290311321616173, 0.008788647130131721, 0.007722948212176561, 0.009670952335000038, 0.008058334700763226, 0.0143785635009408, 0.007349615916609764, 0.0076407077722251415, 0.01064472645521164, 0.01975022442638874, 0.01728992909193039, 0.007507692091166973, 0.010548722930252552, 0.008559541776776314, 0.00737703125923872, 0.01048310473561287, 0.012308863922953606, 0.008658524602651596, 0.012530576437711716, 0.029553186148405075, 0.010192004963755608, 0.00886031985282898, 0.009203137829899788, 0.008049286901950836, 0.011156669817864895, 0.012478632852435112, 0.010298524051904678, 0.008614535443484783, 0.009563717059791088, 0.020411888137459755]}