{"loss": -0.9501528143882751, "character_probs": [0.020656736567616463, 0.011056961491703987, 0.01571429893374443, 0.008501566015183926, 0.010154311545193195, 0.009013921022415161, 0.016148988157510757, 0.007615608628839254, 0.013264519162476063, 0.009843055158853531, 0.02489389479160309, 0.009241397492587566, 0.008264699950814247, 0.009444794617593288, 0.00795698631554842, 0.007737578824162483, 0.008502642624080181, 0.012298411689698696, 0.007435040082782507, 0.007538154721260071, 0.008958996273577213, 0.0071124122478067875, 0.007220468949526548, 0.00883950013667345, 0.007207248359918594, 0.014722725376486778, 0.009063130244612694, 0.007815923541784286, 0.007534087635576725, 0.008047902956604958, 0.007540134247392416, 0.009941470809280872, 0.008185289800167084, 0.008256989531219006, 0.010098811239004135, 0.007794430013746023, 0.007334412541240454, 0.01751277595758438, 0.00782862864434719, 0.008168508298695087, 0.008748164400458336, 0.009470119141042233, 0.007668246980756521, 0.008101390674710274, 0.0094866082072258, 0.007633054628968239, 0.007909988053143024, 0.008334276266396046, 0.0077813961543142796, 0.007711914833635092, 0.011655391193926334, 0.008767448365688324, 0.00922950729727745, 0.008921496570110321, 0.008093464188277721, 0.013390377163887024, 0.007983732968568802, 0.008106162771582603, 0.007252057548612356, 0.007829331792891026, 0.007535175420343876, 0.008537662215530872, 0.0099719800055027, 0.007377851288765669, 0.011397778987884521, 0.014976713806390762, 0.008131223730742931, 0.008823025971651077, 0.00720648467540741, 0.021106991916894913, 0.010018091648817062, 0.00804427545517683, 0.013207482174038887, 0.007578984834253788, 0.00748569518327713, 0.009721544571220875, 0.00799247995018959, 0.012129822745919228, 0.009967565536499023], "weapon_probs": [0.028087269514799118, 0.023993197828531265, 0.01562470756471157, 0.02038200944662094, 0.01464744284749031, 0.00892612710595131, 0.012977145612239838, 0.008396388031542301, 0.026186548173427582, 0.009312406182289124, 0.014396017417311668, 0.010752581059932709, 0.00945548340678215, 0.012380185537040234, 0.007895221002399921, 0.007346281316131353, 0.010842020623385906, 0.010864299722015858, 0.007891073822975159, 0.009694929234683514, 0.007960354909300804, 0.007518951781094074, 0.01094694621860981, 0.008783502504229546, 0.012296995148062706, 0.010494683869183064, 0.008852138184010983, 0.007773726247251034, 0.008022011257708073, 0.0077049508690834045, 0.007301418576389551, 0.009821676649153233, 0.010383786633610725, 0.027087971568107605, 0.010845936834812164, 0.010660712607204914, 0.009188946336507797, 0.009731604717671871, 0.011677793227136135, 0.010287676006555557, 0.01528275664895773, 0.013775942847132683, 0.00979164894670248, 0.008124353364109993, 0.011343253776431084, 0.01229877956211567, 0.010853549465537071, 0.009069499559700489, 0.010809914208948612, 0.011165117844939232, 0.010859919711947441, 0.01267542690038681, 0.01729603111743927, 0.012349620461463928, 0.009862832725048065, 0.009584324434399605, 0.013124169781804085, 0.011494219303131104, 0.011064466089010239]}