{"loss": -0.994623601436615, "character_probs": [0.02210053615272045, 0.01648523285984993, 0.012790309265255928, 0.011259322986006737, 0.010336766019463539, 0.015278171747922897, 0.011105922982096672, 0.008849114179611206, 0.007584442384541035, 0.009166182950139046, 0.010228756815195084, 0.01246735267341137, 0.008940999396145344, 0.010797880589962006, 0.007183887995779514, 0.008992578834295273, 0.010743275284767151, 0.009041596204042435, 0.010640216991305351, 0.008687173016369343, 0.010029240511357784, 0.007960113696753979, 0.008010639809072018, 0.008178756572306156, 0.008727489970624447, 0.007978894747793674, 0.009945574216544628, 0.008338993415236473, 0.007725255563855171, 0.010801579803228378, 0.009159327484667301, 0.012702195905148983, 0.01156526803970337, 0.007279743906110525, 0.007467377930879593, 0.008484418503940105, 0.007406896445900202, 0.007431977428495884, 0.007361693773418665, 0.0077012390829622746, 0.007894680835306644, 0.010015787556767464, 0.01086707878857851, 0.007962210103869438, 0.007433820981532335, 0.01114095002412796, 0.012548182159662247, 0.008271021768450737, 0.007292321417480707, 0.007187911309301853, 0.008629449643194675, 0.007231936790049076, 0.015949560329318047, 0.008557861670851707, 0.01159873977303505, 0.007469609379768372, 0.007923759520053864, 0.008974279277026653, 0.014173584058880806, 0.008477402850985527, 0.0072308792732656, 0.009556894190609455, 0.008886479772627354, 0.008935434743762016, 0.013263726606965065, 0.00784764252603054, 0.010442644357681274, 0.00809081457555294, 0.007749522570520639, 0.007357661612331867, 0.01194157637655735, 0.013855653814971447, 0.007560451049357653, 0.008518767543137074, 0.013951127417385578, 0.008164023980498314, 0.013086918741464615, 0.007425390183925629, 0.009924029931426048], "weapon_probs": [0.029019180685281754, 0.025830551981925964, 0.018414735794067383, 0.012968115508556366, 0.018253251910209656, 0.008054784499108791, 0.008598747663199902, 0.013518085703253746, 0.008531054481863976, 0.01289759948849678, 0.020868195220828056, 0.00812765397131443, 0.008367888629436493, 0.009942766278982162, 0.010730171576142311, 0.008707565255463123, 0.009251086041331291, 0.013213258236646652, 0.017371922731399536, 0.008666662499308586, 0.014971398748457432, 0.00857594981789589, 0.010378008708357811, 0.008981138467788696, 0.008726946078240871, 0.017205459997057915, 0.009842747822403908, 0.007286578416824341, 0.007605336606502533, 0.009950895793735981, 0.008322220295667648, 0.008635960519313812, 0.008110473863780499, 0.008201386779546738, 0.00939783826470375, 0.009977459907531738, 0.011414069682359695, 0.0081309974193573, 0.007867108099162579, 0.02099463902413845, 0.007491635624319315, 0.014592485502362251, 0.009205000475049019, 0.007918589748442173, 0.010938502848148346, 0.019220441579818726, 0.014153956435620785, 0.008655950427055359, 0.008034119382500648, 0.015665600076317787, 0.01274605467915535, 0.02034035511314869, 0.009769395925104618, 0.01319110207259655, 0.007283453363925219, 0.013843435794115067, 0.012952899560332298, 0.009090019389986992, 0.02670731022953987]}