{"loss": 0.9378260374069214, "character_probs": [0.048025231808423996, 0.011345213279128075, 0.007839540019631386, 0.008059220388531685, 0.00939951278269291, 0.009358804672956467, 0.007748060394078493, 0.008087294176220894, 0.00957859680056572, 0.012398244813084602, 0.009675862267613411, 0.007445926778018475, 0.007789935451000929, 0.007494989316910505, 0.010299144312739372, 0.008145834319293499, 0.010839615948498249, 0.01131412759423256, 0.007616860326379538, 0.007101160939782858, 0.007270144298672676, 0.012694290839135647, 0.00916462391614914, 0.009459181688725948, 0.007868321612477303, 0.009284859523177147, 0.009186258539557457, 0.008243105374276638, 0.007743884809315205, 0.007905854843556881, 0.007772596552968025, 0.007590970490127802, 0.009408904239535332, 0.008401183411478996, 0.00822710432112217, 0.00988485012203455, 0.007637631613761187, 0.011959835886955261, 0.007939068600535393, 0.009570928290486336, 0.009241506457328796, 0.008817525580525398, 0.010503062978386879, 0.007357117719948292, 0.010427170433104038, 0.00866794865578413, 0.00822182185947895, 0.008741755038499832, 0.0072693778201937675, 0.008042543195188046, 0.00809871032834053, 0.008438038639724255, 0.010229524224996567, 0.013070497661828995, 0.0120063666254282, 0.0072159492410719395, 0.007398985791951418, 0.007609534543007612, 0.013105127960443497, 0.010522181168198586, 0.008183176629245281, 0.008543736301362514, 0.013019902631640434, 0.007852394133806229, 0.008161725476384163, 0.00927344337105751, 0.008648517541587353, 0.010348734445869923, 0.008216005750000477, 0.007593214511871338, 0.008119040168821812, 0.008149435743689537, 0.010975008830428123, 0.008478260599076748, 0.02092042937874794, 0.007699513342231512, 0.01166045293211937, 0.009595634415745735, 0.007933227345347404], "weapon_probs": [0.01589800789952278, 0.037116363644599915, 0.015997469425201416, 0.016296491026878357, 0.012070737779140472, 0.010769348591566086, 0.011618031188845634, 0.014887030236423016, 0.008873535320162773, 0.007795721758157015, 0.012643327936530113, 0.014422210864722729, 0.008308385498821735, 0.012785453349351883, 0.00808896217495203, 0.009657840244472027, 0.022029371932148933, 0.008304424583911896, 0.007470009848475456, 0.01197894848883152, 0.008851968683302402, 0.008204193785786629, 0.01948729157447815, 0.010568143799901009, 0.008581019006669521, 0.013813108205795288, 0.00770659139379859, 0.012743481434881687, 0.008108259178698063, 0.007486420217901468, 0.00793479848653078, 0.02736801654100418, 0.007669850718230009, 0.009451709687709808, 0.008107478730380535, 0.009477932006120682, 0.010496650822460651, 0.00942450575530529, 0.009217953309416771, 0.011467712000012398, 0.013187095522880554, 0.011670619249343872, 0.009908405132591724, 0.008339919149875641, 0.00930028222501278, 0.01073289755731821, 0.011617809534072876, 0.010689438320696354, 0.010723268613219261, 0.015342832542955875, 0.011524390429258347, 0.011489617638289928, 0.010961052030324936, 0.008383438922464848, 0.009922267869114876, 0.014136295765638351, 0.01644180156290531, 0.0130641870200634, 0.015759795904159546]}