{"loss": -0.3479818105697632, "character_probs": [0.015882601961493492, 0.01122337020933628, 0.01227080263197422, 0.010406773537397385, 0.017402151599526405, 0.010053143836557865, 0.014294039458036423, 0.013066081330180168, 0.0116763636469841, 0.012423649430274963, 0.010007837787270546, 0.009301694110035896, 0.010961011052131653, 0.00778164342045784, 0.011379342526197433, 0.008016767911612988, 0.00956236943602562, 0.010391024872660637, 0.011555401608347893, 0.008207946084439754, 0.008443867787718773, 0.008564664050936699, 0.01053598802536726, 0.007875408977270126, 0.00910286046564579, 0.007778472732752562, 0.008855863474309444, 0.007340984884649515, 0.008195314556360245, 0.00796774122864008, 0.01197374239563942, 0.011531777679920197, 0.007557068020105362, 0.0075071146711707115, 0.007998926565051079, 0.007683966774493456, 0.009968758560717106, 0.014791255816817284, 0.00743380980566144, 0.007924883626401424, 0.008787931874394417, 0.008638597093522549, 0.008836199529469013, 0.009191656485199928, 0.010031100362539291, 0.00944202858954668, 0.007280345540493727, 0.0078061348758637905, 0.007297095376998186, 0.008568969555199146, 0.007594760973006487, 0.019124582409858704, 0.007612330839037895, 0.0072454470209777355, 0.008342962712049484, 0.00773936603218317, 0.008628608658909798, 0.009243607521057129, 0.00830837432295084, 0.007823443971574306, 0.008889256976544857, 0.008685870096087456, 0.007671216037124395, 0.017393432557582855, 0.008091689087450504, 0.008763044141232967, 0.008800631389021873, 0.007372064050287008, 0.008129440248012543, 0.008053026162087917, 0.009429620578885078, 0.008704401552677155, 0.007973277941346169, 0.00852582510560751, 0.008520935662090778, 0.01349969394505024, 0.007396786939352751, 0.010937470942735672, 0.012330343946814537], "weapon_probs": [0.02313951775431633, 0.016270052641630173, 0.03699863702058792, 0.008876446634531021, 0.011160844005644321, 0.012240960262715816, 0.012581847608089447, 0.010977783240377903, 0.01018141582608223, 0.011293369345366955, 0.00819132849574089, 0.01153608039021492, 0.013560263440012932, 0.024692431092262268, 0.007894819602370262, 0.00778470141813159, 0.016068652272224426, 0.011574553325772285, 0.010507633909583092, 0.009371116757392883, 0.009352228604257107, 0.009059946984052658, 0.011344444006681442, 0.009403608739376068, 0.008560091257095337, 0.009064527228474617, 0.007940294221043587, 0.008958125486969948, 0.007488982751965523, 0.009704703465104103, 0.007750580552965403, 0.01186452154070139, 0.01391826756298542, 0.009673012420535088, 0.007653043605387211, 0.010277966037392616, 0.010112733580172062, 0.009296135976910591, 0.008534380234777927, 0.008503776043653488, 0.0102202408015728, 0.013242127373814583, 0.010824082419276237, 0.00854193139821291, 0.04449823498725891, 0.008697040379047394, 0.010423144325613976, 0.007593505550175905, 0.008547868579626083, 0.010741461999714375, 0.026555906981229782, 0.01164826937019825, 0.0097520612180233, 0.01481798104941845, 0.00784980971366167, 0.014981517568230629, 0.009947003796696663, 0.009696290828287601, 0.007721446454524994]}