{"loss": -0.6244997382164001, "character_probs": [0.013031873852014542, 0.018496094271540642, 0.013992480002343655, 0.008684136904776096, 0.01167357712984085, 0.008753128349781036, 0.009205845184624195, 0.010978723876178265, 0.01588597148656845, 0.009734734892845154, 0.012606082484126091, 0.01085809338837862, 0.00900522992014885, 0.01242018025368452, 0.008423659019172192, 0.014574071392416954, 0.0103446114808321, 0.010059167630970478, 0.007151775993406773, 0.007590962573885918, 0.007966205477714539, 0.007182620000094175, 0.007606300059705973, 0.00832336489111185, 0.01216457411646843, 0.007130802609026432, 0.018889939412474632, 0.007453719154000282, 0.011242036707699299, 0.008999280631542206, 0.007640418130904436, 0.008079719729721546, 0.008623064495623112, 0.007741086650639772, 0.0072734481655061245, 0.007774391211569309, 0.011099610477685928, 0.007253309246152639, 0.007196083664894104, 0.011012699455022812, 0.008402111940085888, 0.008186287246644497, 0.008034395053982735, 0.007568232715129852, 0.00873648002743721, 0.011399926617741585, 0.007947364822030067, 0.008114629425108433, 0.013732465915381908, 0.007567132357507944, 0.009040423668920994, 0.007451184559613466, 0.007250724360346794, 0.014854922890663147, 0.008025570772588253, 0.007989206351339817, 0.008145545609295368, 0.00843218807131052, 0.007419133093208075, 0.007988836616277695, 0.0114723090082407, 0.008960278704762459, 0.007413523271679878, 0.010081389918923378, 0.013912757858633995, 0.01085070613771677, 0.007736095692962408, 0.01233544573187828, 0.00882620457559824, 0.00935261882841587, 0.008066079579293728, 0.008458525873720646, 0.008479173295199871, 0.010595922358334064, 0.01398426666855812, 0.008900674991309643, 0.008553781546652317, 0.012568354606628418, 0.011890659108757973], "weapon_probs": [0.018633965402841568, 0.03874848783016205, 0.015041918493807316, 0.02526199445128441, 0.008341454900801182, 0.015654612332582474, 0.012497377581894398, 0.0072515904903411865, 0.009020145982503891, 0.007979078218340874, 0.01009240560233593, 0.011895064264535904, 0.008946210145950317, 0.007900686003267765, 0.00960562378168106, 0.016833428293466568, 0.018578262999653816, 0.007771167438477278, 0.014490747824311256, 0.014943696558475494, 0.010305020026862621, 0.00832791905850172, 0.008937979117035866, 0.010969690978527069, 0.007368538994342089, 0.008616941049695015, 0.008021281100809574, 0.012744758278131485, 0.007591344881802797, 0.010415853001177311, 0.008743394166231155, 0.007868578657507896, 0.008331751450896263, 0.007895611226558685, 0.015698708593845367, 0.007823402062058449, 0.009572427719831467, 0.008318518288433552, 0.007892321795225143, 0.017506830394268036, 0.01044341828674078, 0.016970619559288025, 0.008728083223104477, 0.009636476635932922, 0.009492957964539528, 0.018402285873889923, 0.01316540502011776, 0.013048449531197548, 0.007340481039136648, 0.01403873786330223, 0.008597700856626034, 0.00863700732588768, 0.01170337200164795, 0.016180213540792465, 0.008472230285406113, 0.007940546609461308, 0.017737790942192078, 0.01259080320596695, 0.013676825910806656]}