{"loss": 0.9356366991996765, "character_probs": [0.02835976704955101, 0.019589504227042198, 0.008468478918075562, 0.010104299522936344, 0.012027129530906677, 0.007386423647403717, 0.011821793392300606, 0.011182453483343124, 0.013411195017397404, 0.009625599719583988, 0.008326822891831398, 0.00864415429532528, 0.009837561286985874, 0.00912473164498806, 0.00894857756793499, 0.009900346398353577, 0.009461462497711182, 0.008280751295387745, 0.00905153714120388, 0.008325067348778248, 0.00792032852768898, 0.008282070979475975, 0.008161474019289017, 0.00824770051985979, 0.00938680861145258, 0.013300597667694092, 0.008609319105744362, 0.008897045627236366, 0.008733756840229034, 0.008043383248150349, 0.014602440409362316, 0.00795704871416092, 0.008710801601409912, 0.009777573868632317, 0.008283132687211037, 0.007142902351915836, 0.007224061526358128, 0.007853149436414242, 0.009173830971121788, 0.009069115854799747, 0.010866774246096611, 0.0075119053944945335, 0.00727311335504055, 0.007579801604151726, 0.007875214330852032, 0.007936808280646801, 0.009029623121023178, 0.01010800339281559, 0.007485783193260431, 0.00817127339541912, 0.011270968243479729, 0.00789304543286562, 0.0080524617806077, 0.008623316884040833, 0.008943835273385048, 0.013826863840222359, 0.009172605350613594, 0.007623312529176474, 0.01017950102686882, 0.0075680166482925415, 0.009676091372966766, 0.00738165806978941, 0.00725170411169529, 0.012694055214524269, 0.013472959399223328, 0.010849802754819393, 0.010468309745192528, 0.01001518964767456, 0.00799529254436493, 0.010595250874757767, 0.01058898214250803, 0.00904186349362135, 0.007868248037993908, 0.008225340396165848, 0.009706169366836548, 0.0073733036406338215, 0.00977424904704094, 0.00813223049044609, 0.013940025120973587], "weapon_probs": [0.022177614271640778, 0.01878664270043373, 0.02424844726920128, 0.014422671869397163, 0.016373511403799057, 0.023709818720817566, 0.010487765073776245, 0.009087370708584785, 0.00948513112962246, 0.017069488763809204, 0.01078774407505989, 0.008766124956309795, 0.008659690618515015, 0.008844533003866673, 0.010417916812002659, 0.012661013752222061, 0.00806375965476036, 0.007285690400749445, 0.009934188798069954, 0.009514978155493736, 0.007718188688158989, 0.019649114459753036, 0.008609906770288944, 0.008826437406241894, 0.00997161865234375, 0.009420875459909439, 0.007752553094178438, 0.008505061268806458, 0.009487254545092583, 0.021323880180716515, 0.01247843261808157, 0.008880850858986378, 0.012407961301505566, 0.017186131328344345, 0.014128233306109905, 0.00809708796441555, 0.010159548372030258, 0.010443311184644699, 0.00855795107781887, 0.016302525997161865, 0.007675756700336933, 0.011188244447112083, 0.007681380026042461, 0.008251831866800785, 0.014720670878887177, 0.010633590631186962, 0.008033361285924911, 0.019405419006943703, 0.010225160047411919, 0.007512756157666445, 0.008686725050210953, 0.008692528121173382, 0.008312854915857315, 0.009342201054096222, 0.010881220921874046, 0.017032597213983536, 0.02995949238538742, 0.008378217928111553, 0.018587909638881683]}