{"loss": 0.3786434829235077, "character_probs": [0.018216758966445923, 0.01565762422978878, 0.014488035812973976, 0.020304599776864052, 0.008315019309520721, 0.014329887926578522, 0.009400397539138794, 0.00881505198776722, 0.009869842790067196, 0.009188667871057987, 0.009701009839773178, 0.007846889086067677, 0.010900532826781273, 0.016808509826660156, 0.007216223049908876, 0.007991460151970387, 0.007329216692596674, 0.008656976744532585, 0.008515426889061928, 0.007399719674140215, 0.007504994980990887, 0.013381222262978554, 0.008663788437843323, 0.008230949752032757, 0.00789707712829113, 0.0071066999807953835, 0.007521845865994692, 0.007225521374493837, 0.013079311698675156, 0.007663246709853411, 0.009621863253414631, 0.010082103312015533, 0.010839606635272503, 0.007751053664833307, 0.0083486782386899, 0.007384872995316982, 0.00784139335155487, 0.010732589289546013, 0.007400656584650278, 0.0072940257377922535, 0.012424994260072708, 0.007585323415696621, 0.008949353359639645, 0.008090336807072163, 0.008861370384693146, 0.00913299061357975, 0.0078057097271084785, 0.00967097096145153, 0.013422278687357903, 0.011301148682832718, 0.00961294211447239, 0.008234999142587185, 0.008012322708964348, 0.0077957953326404095, 0.010761663317680359, 0.007799495477229357, 0.007345086429268122, 0.0077566588297486305, 0.007631136104464531, 0.009313862770795822, 0.007749510463327169, 0.009948019869625568, 0.00983410608023405, 0.008061150088906288, 0.015344023704528809, 0.012597715482115746, 0.008155761286616325, 0.009119538590312004, 0.008310380391776562, 0.010344279929995537, 0.009050607681274414, 0.008753921836614609, 0.017921332269906998, 0.010066301561892033, 0.008680818602442741, 0.011079072952270508, 0.00912851095199585, 0.008522728458046913, 0.009529939852654934], "weapon_probs": [0.05995918810367584, 0.014079796150326729, 0.009430332109332085, 0.00998128205537796, 0.012306991033256054, 0.009491784498095512, 0.008560898713767529, 0.014634314924478531, 0.009029701352119446, 0.009326056577265263, 0.011487673968076706, 0.008207758888602257, 0.015463431365787983, 0.020095931366086006, 0.008513061329722404, 0.010367835871875286, 0.007277111988514662, 0.009328994899988174, 0.007905980572104454, 0.01440015621483326, 0.009418497793376446, 0.010045317932963371, 0.01010000891983509, 0.008208032697439194, 0.0083736227825284, 0.007777496241033077, 0.009392982348799706, 0.008371755480766296, 0.018457692116498947, 0.010583904571831226, 0.014685017988085747, 0.008338822051882744, 0.009290379472076893, 0.010878070257604122, 0.007257857825607061, 0.010653212666511536, 0.011227546259760857, 0.008022036403417587, 0.008426066488027573, 0.011292170733213425, 0.00946708582341671, 0.007434238214045763, 0.015013285912573338, 0.012465683743357658, 0.009089933708310127, 0.017741214483976364, 0.008530156686902046, 0.012661712244153023, 0.007812942378222942, 0.009193694218993187, 0.012852804735302925, 0.010343972593545914, 0.012584958225488663, 0.009494396857917309, 0.021074514836072922, 0.024296700954437256, 0.01440916582942009, 0.009220258332788944, 0.008802101947367191]}