{"loss": 0.9666633605957031, "character_probs": [0.009780286811292171, 0.01440267451107502, 0.012453018687665462, 0.027606148272752762, 0.012355701997876167, 0.007883085869252682, 0.007836825214326382, 0.020852945744991302, 0.01575576141476631, 0.007984327152371407, 0.011009015142917633, 0.01246896106749773, 0.008296949788928032, 0.007776407524943352, 0.009384934790432453, 0.00906287133693695, 0.008667459711432457, 0.007749990094453096, 0.009013795293867588, 0.00739369448274374, 0.008891613222658634, 0.007714228238910437, 0.007907356135547161, 0.007929996587336063, 0.00726030208170414, 0.008031469769775867, 0.007227239664644003, 0.009671149775385857, 0.010331334546208382, 0.007893581874668598, 0.007386620156466961, 0.009441077709197998, 0.011073250323534012, 0.007938218303024769, 0.008659551851451397, 0.009044916369020939, 0.0077315643429756165, 0.010687164030969143, 0.008429351262748241, 0.007207189220935106, 0.008146201260387897, 0.007288862019777298, 0.00807406846433878, 0.0071716015227139, 0.009174473583698273, 0.010352551937103271, 0.008624190464615822, 0.009055418893694878, 0.009079988114535809, 0.010863075032830238, 0.009073912166059017, 0.009970985352993011, 0.01000131107866764, 0.008502206765115261, 0.012566626071929932, 0.00950687937438488, 0.007872323505580425, 0.012628301978111267, 0.007760568521916866, 0.009149356745183468, 0.009861087426543236, 0.01040270272642374, 0.009681097231805325, 0.007607868406921625, 0.010486493818461895, 0.007443256210535765, 0.010750558227300644, 0.007283209823071957, 0.00944599136710167, 0.011056512594223022, 0.008433454670011997, 0.007877977564930916, 0.008519988507032394, 0.010523658245801926, 0.007941625081002712, 0.00983444694429636, 0.016130607575178146, 0.009428229182958603, 0.012206131592392921], "weapon_probs": [0.03437701240181923, 0.013627143576741219, 0.03997116908431053, 0.011694788932800293, 0.00958203710615635, 0.010297534056007862, 0.010499510914087296, 0.008341055363416672, 0.009464914910495281, 0.011386070400476456, 0.013427906669676304, 0.011897243559360504, 0.009234360419213772, 0.016711417585611343, 0.010406185872852802, 0.011634128168225288, 0.009957268834114075, 0.007760748267173767, 0.011431906372308731, 0.008143403567373753, 0.008450579829514027, 0.0071987006813287735, 0.010017112828791142, 0.008038341999053955, 0.0077081099152565, 0.010177815333008766, 0.018651362508535385, 0.012908147647976875, 0.007522353902459145, 0.016358885914087296, 0.009146736934781075, 0.008553866297006607, 0.008976941928267479, 0.01032671332359314, 0.015325190499424934, 0.008078823797404766, 0.013369755819439888, 0.010314558632671833, 0.008872716687619686, 0.015665432438254356, 0.009123736061155796, 0.009692255407571793, 0.00817298423498869, 0.009179054759442806, 0.009052235633134842, 0.0075548873282969, 0.00955288577824831, 0.01002398319542408, 0.02135201171040535, 0.010560822673141956, 0.00961378961801529, 0.011003255844116211, 0.009988570585846901, 0.008331283926963806, 0.007322024554014206, 0.011102300137281418, 0.010847276076674461, 0.012903868220746517, 0.008531597442924976]}