{"loss": 0.8982870578765869, "character_probs": [0.020218051970005035, 0.011134898290038109, 0.0194578617811203, 0.012991245836019516, 0.021473847329616547, 0.007782929576933384, 0.007639243267476559, 0.011680948548018932, 0.007976237684488297, 0.014600330032408237, 0.010351752862334251, 0.01029459573328495, 0.00746206333860755, 0.007767528295516968, 0.009329275228083134, 0.008538274094462395, 0.009652611799538136, 0.0105386171489954, 0.007644291035830975, 0.008083939552307129, 0.00877469778060913, 0.00745896901935339, 0.00785872433334589, 0.009544357657432556, 0.008296016603708267, 0.007680676411837339, 0.007780158426612616, 0.007818309590220451, 0.009534403681755066, 0.008418651297688484, 0.01632494479417801, 0.007490471005439758, 0.007955586537718773, 0.007329078856855631, 0.007451196201145649, 0.008952095173299313, 0.007845103740692139, 0.007784504443407059, 0.008691621012985706, 0.008024380542337894, 0.011178979650139809, 0.008055124431848526, 0.008259598165750504, 0.00794149562716484, 0.01504313200712204, 0.008358833380043507, 0.008953381329774857, 0.008760841563344002, 0.007545744068920612, 0.009226078167557716, 0.012630208395421505, 0.008045371621847153, 0.008915386162698269, 0.008031201548874378, 0.008289109915494919, 0.00775911146774888, 0.008803621865808964, 0.010142927058041096, 0.011925255879759789, 0.0074597992934286594, 0.0073149679228663445, 0.008038471452891827, 0.009573239833116531, 0.01267420593649149, 0.010261958464980125, 0.00819900818169117, 0.007720588706433773, 0.007464808877557516, 0.009060755372047424, 0.010202670469880104, 0.008264994248747826, 0.010241435840725899, 0.012568661943078041, 0.01619284600019455, 0.008288082666695118, 0.010504075326025486, 0.012564169242978096, 0.00822500791400671, 0.007916038855910301], "weapon_probs": [0.015238708816468716, 0.022156860679388046, 0.03639921545982361, 0.013557749800384045, 0.01068007294088602, 0.01225321926176548, 0.00910729169845581, 0.014247488230466843, 0.008024962618947029, 0.011713907122612, 0.029976360499858856, 0.009897095151245594, 0.008106383495032787, 0.008051631972193718, 0.008483302779495716, 0.010483105666935444, 0.018347688019275665, 0.008276181295514107, 0.011066175065934658, 0.010392826050519943, 0.008335142396390438, 0.007613777182996273, 0.00837146956473589, 0.01001759897917509, 0.009987134486436844, 0.007823733612895012, 0.007647971622645855, 0.010520676150918007, 0.008433370850980282, 0.011431396938860416, 0.0071568978019058704, 0.00923001766204834, 0.008243829943239689, 0.008648032322525978, 0.02427027001976967, 0.00731880497187376, 0.009587399661540985, 0.019149232655763626, 0.008309843949973583, 0.012279289774596691, 0.010358529165387154, 0.009509880095720291, 0.009999385103583336, 0.010321633890271187, 0.016477834433317184, 0.009395076893270016, 0.008006096817553043, 0.009067466482520103, 0.014803847298026085, 0.013807430863380432, 0.01528864074498415, 0.011113440617918968, 0.010061213746666908, 0.021042224019765854, 0.009151644073426723, 0.008718729950487614, 0.014775724150240421, 0.02185729146003723, 0.007436227519065142]}