{"loss": -0.5394927859306335, "character_probs": [0.017018746584653854, 0.012633515521883965, 0.011684505268931389, 0.010522755794227123, 0.02573852241039276, 0.012878093868494034, 0.008977001532912254, 0.009001943282783031, 0.009449601173400879, 0.009474229998886585, 0.00819249264895916, 0.008106139488518238, 0.011800482869148254, 0.01002530474215746, 0.01113792322576046, 0.011365232989192009, 0.008083946071565151, 0.007808827329427004, 0.009040235541760921, 0.008334361016750336, 0.010114682838320732, 0.010878878645598888, 0.007367304526269436, 0.007813634350895882, 0.007257530000060797, 0.010323336347937584, 0.010574945248663425, 0.007866145111620426, 0.007620705757290125, 0.007515646051615477, 0.011082681827247143, 0.007443816401064396, 0.007980935275554657, 0.008320248685777187, 0.01060718297958374, 0.007944362238049507, 0.008479342795908451, 0.00788683257997036, 0.007411398459225893, 0.00751016940921545, 0.008537568151950836, 0.007171310018748045, 0.009905697777867317, 0.012439235113561153, 0.007418028544634581, 0.013722037896513939, 0.008169149979948997, 0.00940970703959465, 0.007695590145885944, 0.008449061773717403, 0.012598203495144844, 0.011046221479773521, 0.009139969013631344, 0.011452696286141872, 0.007495384197682142, 0.013343974947929382, 0.009648652747273445, 0.008743868209421635, 0.0080178277567029, 0.007458879146724939, 0.008012542501091957, 0.011686528101563454, 0.007541820872575045, 0.009912404231727123, 0.01557046640664339, 0.007526061963289976, 0.008822442963719368, 0.00911945104598999, 0.0125248022377491, 0.007815378718078136, 0.013541923835873604, 0.010113799944519997, 0.010883815586566925, 0.008068828843533993, 0.011766243726015091, 0.009313898161053658, 0.008747623302042484, 0.013138729147613049, 0.011659997515380383], "weapon_probs": [0.020232686772942543, 0.03575781360268593, 0.01774633303284645, 0.00886920839548111, 0.01634560152888298, 0.010389401577413082, 0.025736678391695023, 0.00924593210220337, 0.011309856548905373, 0.007929202169179916, 0.008711227215826511, 0.008538422174751759, 0.010879283770918846, 0.00844789668917656, 0.008312014862895012, 0.012010721489787102, 0.007463912479579449, 0.019104912877082825, 0.00903446227312088, 0.008543774485588074, 0.007349059451371431, 0.01648307964205742, 0.012019498273730278, 0.008308405056595802, 0.009713854640722275, 0.007492035627365112, 0.007614733651280403, 0.007568310480564833, 0.01946592517197132, 0.009008225053548813, 0.009066825732588768, 0.00816714484244585, 0.01566537469625473, 0.007554877549409866, 0.007550760637968779, 0.009954916313290596, 0.019925294443964958, 0.007905775681138039, 0.00872116256505251, 0.016824355348944664, 0.009919452480971813, 0.012353381142020226, 0.013434228487312794, 0.011310970410704613, 0.008293196558952332, 0.008850540965795517, 0.011389167979359627, 0.011766886338591576, 0.017618030309677124, 0.010162319988012314, 0.011272747069597244, 0.016329806298017502, 0.01315627247095108, 0.011738140136003494, 0.011052271351218224, 0.01931881532073021, 0.009093286469578743, 0.011854719370603561, 0.01088809221982956]}