{"loss": -0.5463650226593018, "character_probs": [0.019979197531938553, 0.009592002257704735, 0.018130328506231308, 0.018834486603736877, 0.008418941870331764, 0.013807540759444237, 0.007815416902303696, 0.011423513293266296, 0.00834161601960659, 0.016634095460176468, 0.008182765915989876, 0.009210032410919666, 0.008288686163723469, 0.009091537445783615, 0.008299958892166615, 0.008350376039743423, 0.011084549129009247, 0.007424285169690847, 0.009954283013939857, 0.009350649081170559, 0.012584919109940529, 0.008532374165952206, 0.0077517833560705185, 0.007221767213195562, 0.010091016069054604, 0.00814074743539095, 0.007185241673141718, 0.007630300708115101, 0.013541950844228268, 0.00863136537373066, 0.008497181348502636, 0.007703518960624933, 0.008794215507805347, 0.007970597594976425, 0.007906444370746613, 0.010197645053267479, 0.0075791035778820515, 0.008910804986953735, 0.007442779839038849, 0.007882417179644108, 0.008509570732712746, 0.011351089924573898, 0.008776822127401829, 0.00795659702271223, 0.008684155531227589, 0.008233149535953999, 0.011447269469499588, 0.011746255680918694, 0.0077620865777134895, 0.007764723617583513, 0.008191872388124466, 0.008126561529934406, 0.007518858648836613, 0.009125039912760258, 0.007616664282977581, 0.014899169094860554, 0.016156867146492004, 0.009320955723524094, 0.0075800735503435135, 0.008315129205584526, 0.01486700214445591, 0.00723616685718298, 0.00852183811366558, 0.009110378101468086, 0.008399773389101028, 0.00907670147716999, 0.007476262282580137, 0.010437319055199623, 0.008482998237013817, 0.010117136873304844, 0.008752924390137196, 0.008673562668263912, 0.010003349743783474, 0.01075928658246994, 0.010264155454933643, 0.008051400072872639, 0.007925263606011868, 0.0100311990827322, 0.00852930173277855], "weapon_probs": [0.02886929363012314, 0.016739631071686745, 0.015422672033309937, 0.03311336785554886, 0.00838930532336235, 0.008748132735490799, 0.009906483814120293, 0.01860112138092518, 0.009340988472104073, 0.011142130941152573, 0.012614677660167217, 0.007706888485699892, 0.009845267049968243, 0.010441388003528118, 0.008254007436335087, 0.010546393692493439, 0.017186999320983887, 0.008707483299076557, 0.011244535446166992, 0.014779411256313324, 0.007734623737633228, 0.007847253233194351, 0.01065367553383112, 0.014843539334833622, 0.008437064476311207, 0.009195387363433838, 0.015023886226117611, 0.00923919677734375, 0.008736015297472477, 0.007773209363222122, 0.007941113784909248, 0.00799923948943615, 0.008931419812142849, 0.017294030636548996, 0.007630403619259596, 0.011918563395738602, 0.012359430082142353, 0.008641742169857025, 0.007680949755012989, 0.009814014658331871, 0.015581472776830196, 0.011642474681138992, 0.009925825521349907, 0.023036785423755646, 0.009555910713970661, 0.009332051500678062, 0.011283325031399727, 0.01862804964184761, 0.007911644876003265, 0.009096825495362282, 0.013355855830013752, 0.01060166209936142, 0.009030560031533241, 0.010933254845440388, 0.013476580381393433, 0.015697233378887177, 0.013693094253540039, 0.010102475993335247, 0.012319694273173809]}