{"loss": 0.7657843828201294, "character_probs": [0.015718314796686172, 0.020198620855808258, 0.012066999450325966, 0.01124562881886959, 0.021630536764860153, 0.014480838552117348, 0.008857381530106068, 0.007346284110099077, 0.01429479569196701, 0.009657852351665497, 0.009125391952693462, 0.010631992481648922, 0.007865467108786106, 0.008964519947767258, 0.0075760651379823685, 0.008657259866595268, 0.007473447825759649, 0.008111095055937767, 0.012557005509734154, 0.007904316298663616, 0.01019761897623539, 0.012421028688549995, 0.008027920499444008, 0.007787195034325123, 0.008323395624756813, 0.008476857095956802, 0.009233829565346241, 0.0072039044462144375, 0.007719474378973246, 0.008268419653177261, 0.00812316033989191, 0.007480660919100046, 0.011086000129580498, 0.00960888247936964, 0.007836420089006424, 0.008289809338748455, 0.007434127386659384, 0.008923325687646866, 0.00804364774376154, 0.00740291690453887, 0.014830981381237507, 0.00750335305929184, 0.008973050862550735, 0.00778742553666234, 0.008357532322406769, 0.007852204144001007, 0.007847367785871029, 0.008321787230670452, 0.007325430400669575, 0.01731298677623272, 0.008243830874562263, 0.008551174774765968, 0.007195054087787867, 0.014506787061691284, 0.007289685774594545, 0.008347811177372932, 0.01082658488303423, 0.007540075108408928, 0.008645224384963512, 0.009575730189681053, 0.008622618392109871, 0.007438693195581436, 0.0077207377180457115, 0.010837123729288578, 0.007065124344080687, 0.011436576955020428, 0.007626851089298725, 0.012414687313139439, 0.008172918111085892, 0.008653571829199791, 0.0075106131844222546, 0.008556948974728584, 0.008579583838582039, 0.00847661029547453, 0.00786108523607254, 0.008048131130635738, 0.007397421170026064, 0.010318467393517494, 0.008711684495210648], "weapon_probs": [0.023108504712581635, 0.02225082740187645, 0.010891150683164597, 0.021785445511341095, 0.010781475342810154, 0.010826385580003262, 0.016423985362052917, 0.013784153386950493, 0.03317439928650856, 0.011343183927237988, 0.009391441941261292, 0.009431948885321617, 0.008285416290163994, 0.018455948680639267, 0.008590375073254108, 0.011946471408009529, 0.01088942214846611, 0.0148313594982028, 0.007981657050549984, 0.011442119255661964, 0.010796954855322838, 0.0074585797265172005, 0.010351154953241348, 0.007325141225010157, 0.0074608419090509415, 0.007399445865303278, 0.010701168328523636, 0.007705935277044773, 0.008682044222950935, 0.010610349476337433, 0.010278054513037205, 0.010328583419322968, 0.01167658157646656, 0.009690799750387669, 0.008598007261753082, 0.008506372570991516, 0.011046912521123886, 0.016245828941464424, 0.01086188293993473, 0.010287290439009666, 0.010819464921951294, 0.007605445105582476, 0.008828544989228249, 0.009741035290062428, 0.010564932599663734, 0.00858298223465681, 0.015167444944381714, 0.012072686105966568, 0.00997871533036232, 0.009882267564535141, 0.008218302391469479, 0.008711718954145908, 0.009419446811079979, 0.010075006633996964, 0.007433030754327774, 0.008772077038884163, 0.007700120564550161, 0.00769764045253396, 0.0134653951972723]}