{"loss": 0.9082642197608948, "character_probs": [0.015678277239203453, 0.012556670233607292, 0.03182460367679596, 0.012033835984766483, 0.009683789685368538, 0.009083862416446209, 0.00962862093001604, 0.008173076435923576, 0.01459607295691967, 0.009760384447872639, 0.012074165046215057, 0.007387576159089804, 0.009059559553861618, 0.009535538963973522, 0.009433461353182793, 0.007207408081740141, 0.007690832484513521, 0.009849108755588531, 0.010121406055986881, 0.007280948106199503, 0.00797469075769186, 0.011993352323770523, 0.007736622355878353, 0.007692267186939716, 0.013322994112968445, 0.007576244883239269, 0.009034880436956882, 0.007701019290834665, 0.0074210138991475105, 0.007424173876643181, 0.007166937459260225, 0.007654950954020023, 0.007324601523578167, 0.007653093431144953, 0.008728831075131893, 0.007400067988783121, 0.00735438521951437, 0.008063181303441525, 0.007807327434420586, 0.010065182112157345, 0.00993311032652855, 0.00810415018349886, 0.012185731902718544, 0.008783357217907906, 0.015625692903995514, 0.008295980282127857, 0.011137381196022034, 0.008347949013113976, 0.007712264079600573, 0.008257884532213211, 0.0091156717389822, 0.009493804536759853, 0.010018546134233475, 0.009577326476573944, 0.007802377920597792, 0.009570051915943623, 0.007567297667264938, 0.014731133356690407, 0.00821438804268837, 0.007541542407125235, 0.015400229953229427, 0.00732404412701726, 0.009416993707418442, 0.011226905509829521, 0.008799797855317593, 0.008399339392781258, 0.00935103464871645, 0.00732051394879818, 0.009167962707579136, 0.00769720459356904, 0.012294011190533638, 0.00977783091366291, 0.01162906177341938, 0.0075450013391673565, 0.00971061922609806, 0.010576749220490456, 0.01193174347281456, 0.011332139372825623, 0.00939389318227768], "weapon_probs": [0.01751280017197132, 0.03100723773241043, 0.012120915576815605, 0.017385967075824738, 0.01906292885541916, 0.017456064000725746, 0.014292772859334946, 0.013743171468377113, 0.008677918463945389, 0.009951269254088402, 0.009013555012643337, 0.02687811106443405, 0.008882063440978527, 0.012074381113052368, 0.007723494898527861, 0.009233998134732246, 0.011842207051813602, 0.008404779247939587, 0.009229984134435654, 0.008350151591002941, 0.008971644565463066, 0.016653545200824738, 0.008439520373940468, 0.009861696511507034, 0.00816433783620596, 0.011027554050087929, 0.012107746675610542, 0.009214857593178749, 0.007561099249869585, 0.011139332316815853, 0.007284045685082674, 0.010494778864085674, 0.009727860800921917, 0.010314257815480232, 0.012681029736995697, 0.013733470812439919, 0.009472138248383999, 0.007862569764256477, 0.009510815143585205, 0.008467520587146282, 0.013277378864586353, 0.008424038998782635, 0.013813473284244537, 0.0083730174228549, 0.009696373715996742, 0.009994728490710258, 0.008073746226727962, 0.011600174009799957, 0.01277557946741581, 0.016713522374629974, 0.008749925531446934, 0.00912610162049532, 0.011680513620376587, 0.0127878338098526, 0.010852065868675709, 0.008525892160832882, 0.011728309094905853, 0.01250024326145649, 0.010764118283987045]}