{"loss": -0.3880044221878052, "character_probs": [0.013429335318505764, 0.00990801677107811, 0.01272338256239891, 0.030993178486824036, 0.00923511479049921, 0.017028285190463066, 0.009319598786532879, 0.014659808948636055, 0.007770481985062361, 0.007764512673020363, 0.007505623158067465, 0.010356885381042957, 0.009167264215648174, 0.009958896785974503, 0.009156725369393826, 0.01468721404671669, 0.008695049211382866, 0.007273316849023104, 0.007806538604199886, 0.008727115578949451, 0.012103425338864326, 0.008617601357400417, 0.009054658934473991, 0.007165145128965378, 0.008424660190939903, 0.010986827313899994, 0.007302464451640844, 0.00917823240160942, 0.008265243843197823, 0.008210702799260616, 0.007798805367201567, 0.008486688137054443, 0.007373965810984373, 0.0073521859012544155, 0.00828026607632637, 0.009178487583994865, 0.007635404355823994, 0.007688282523304224, 0.008108090609312057, 0.007959505543112755, 0.008398975245654583, 0.007362112402915955, 0.01168490294367075, 0.009310861118137836, 0.007936620153486729, 0.008574077859520912, 0.008489279076457024, 0.007739286869764328, 0.008324069902300835, 0.007541131693869829, 0.0073652020655572414, 0.012582389637827873, 0.009939302690327168, 0.008055577985942364, 0.008045188151299953, 0.0084629962220788, 0.01273958571255207, 0.010876198299229145, 0.009420390240848064, 0.007301038131117821, 0.007821103557944298, 0.009203103370964527, 0.007783241104334593, 0.009811955504119396, 0.010287622921168804, 0.013237420469522476, 0.014390512369573116, 0.011327873915433884, 0.011427249759435654, 0.009718474932014942, 0.010055833496153355, 0.00875013042241335, 0.008684408850967884, 0.01196938008069992, 0.008170224726200104, 0.02420628070831299, 0.008256519213318825, 0.010716469027101994, 0.01462764572352171], "weapon_probs": [0.03665142506361008, 0.014177369885146618, 0.011547164991497993, 0.016190055757761, 0.01167064718902111, 0.013754598796367645, 0.01825321465730667, 0.008403106592595577, 0.01248401589691639, 0.011034112423658371, 0.01092427410185337, 0.023623574525117874, 0.007661322131752968, 0.014224618673324585, 0.015490065328776836, 0.0084560327231884, 0.007649864535778761, 0.02294614538550377, 0.01450135838240385, 0.007092138286679983, 0.007366479840129614, 0.009696693159639835, 0.009758062660694122, 0.012274797074496746, 0.00768502289429307, 0.007349819876253605, 0.007553987205028534, 0.010495726019144058, 0.008998564444482327, 0.008278855122625828, 0.010285120457410812, 0.008483480662107468, 0.008132891729474068, 0.008262455463409424, 0.00902128592133522, 0.007569108158349991, 0.009775716811418533, 0.012782368808984756, 0.01234424952417612, 0.010630535893142223, 0.013110517524182796, 0.010729760862886906, 0.00753465062007308, 0.007748957257717848, 0.007639144081622362, 0.02420581504702568, 0.009422407485544682, 0.00762311602011323, 0.011076785624027252, 0.0080491341650486, 0.012975871562957764, 0.016066987067461014, 0.009014826267957687, 0.010020467452704906, 0.01671682856976986, 0.009246092289686203, 0.009829694405198097, 0.01213674247264862, 0.00938329380005598]}