{"loss": 0.9413310885429382, "character_probs": [0.013695519417524338, 0.0084765600040555, 0.02204672247171402, 0.010320199653506279, 0.01188226044178009, 0.012615581974387169, 0.010471795685589314, 0.009049582295119762, 0.010172407142817974, 0.009280689060688019, 0.01252365205436945, 0.01683170162141323, 0.007387848570942879, 0.010832291096448898, 0.009923701174557209, 0.01067972369492054, 0.007846949622035027, 0.007628016639500856, 0.010541926138103008, 0.008688513189554214, 0.0075846523977816105, 0.013228606432676315, 0.017031380906701088, 0.00779746612533927, 0.009253496304154396, 0.008106037974357605, 0.00886082835495472, 0.008767956867814064, 0.009208308532834053, 0.008535606786608696, 0.007953369058668613, 0.008247876539826393, 0.008817249909043312, 0.00815756805241108, 0.007280651479959488, 0.007528057787567377, 0.007416242267936468, 0.014134606346487999, 0.008595213294029236, 0.008254703134298325, 0.007498974911868572, 0.007257008459419012, 0.013821760192513466, 0.007908137515187263, 0.007269702386111021, 0.008395767770707607, 0.00799386017024517, 0.007227171212434769, 0.00963827408850193, 0.009517782367765903, 0.012602832168340683, 0.007567179389297962, 0.00816679373383522, 0.008874348364770412, 0.008679020218551159, 0.008657592348754406, 0.00760510191321373, 0.00912411231547594, 0.00934022106230259, 0.011592281982302666, 0.007217241916805506, 0.00725545221939683, 0.008963938802480698, 0.00874011218547821, 0.009694075211882591, 0.012537779286503792, 0.009207325056195259, 0.008192223496735096, 0.01282563991844654, 0.00838968064635992, 0.008237370289862156, 0.011303928680717945, 0.008511637337505817, 0.01052309013903141, 0.00841999426484108, 0.007927323691546917, 0.017889363691210747, 0.010639001615345478, 0.008486022241413593], "weapon_probs": [0.011081495322287083, 0.035930730402469635, 0.026210829615592957, 0.011305926367640495, 0.010569052770733833, 0.02060508541762829, 0.008122477680444717, 0.013814321719110012, 0.013159943744540215, 0.011158323846757412, 0.009096730500459671, 0.00887107104063034, 0.009019521996378899, 0.008166030049324036, 0.011937422677874565, 0.009380950592458248, 0.007987581193447113, 0.010055605322122574, 0.009514343924820423, 0.007867841981351376, 0.01930725947022438, 0.010133081115782261, 0.008686387911438942, 0.008680553175508976, 0.008445669896900654, 0.017047517001628876, 0.02920655906200409, 0.007431373931467533, 0.00805572234094143, 0.008074790239334106, 0.00961547065526247, 0.007328529376536608, 0.0110608646646142, 0.007833763025701046, 0.010698504745960236, 0.011632967740297318, 0.009930641390383244, 0.007690398953855038, 0.014421027153730392, 0.008381319232285023, 0.019886109977960587, 0.02389495074748993, 0.008576172403991222, 0.008280470035970211, 0.007281141355633736, 0.00791236013174057, 0.009390287101268768, 0.009121344424784184, 0.011958396062254906, 0.014044888317584991, 0.010843577794730663, 0.013955928385257721, 0.012140627950429916, 0.01502800453454256, 0.007327405735850334, 0.011785146780312061, 0.007504097186028957, 0.010429184883832932, 0.01330077089369297]}