{"loss": -0.9844794273376465, "character_probs": [0.012136408127844334, 0.013546492904424667, 0.016350481659173965, 0.009773168712854385, 0.0111688869073987, 0.022999007254838943, 0.008426528424024582, 0.008093956857919693, 0.011309146881103516, 0.007429765537381172, 0.010373042896389961, 0.017375268042087555, 0.008902881294488907, 0.008728427812457085, 0.012439226731657982, 0.008240553550422192, 0.008729695342481136, 0.007570115849375725, 0.007285460829734802, 0.008504508063197136, 0.009454790502786636, 0.008248558267951012, 0.007540933322161436, 0.010469880886375904, 0.010108052752912045, 0.009609581902623177, 0.01404687948524952, 0.00858050212264061, 0.00772953312844038, 0.011598125100135803, 0.008167223073542118, 0.007377456873655319, 0.008329758420586586, 0.007265117950737476, 0.008074397221207619, 0.007753382436931133, 0.008334256708621979, 0.009295197203755379, 0.012905821204185486, 0.011149870231747627, 0.00786065123975277, 0.007691728416830301, 0.009617986157536507, 0.007753250189125538, 0.008297174237668514, 0.007570475805550814, 0.009729540906846523, 0.007282552309334278, 0.007768892217427492, 0.009798586368560791, 0.007331580854952335, 0.008165761828422546, 0.007742357440292835, 0.009997324086725712, 0.013145973905920982, 0.010026934556663036, 0.013299155980348587, 0.007975930348038673, 0.010068187490105629, 0.007810729090124369, 0.013668526895344257, 0.008180323988199234, 0.010363418608903885, 0.00969370175153017, 0.008885033428668976, 0.009724662639200687, 0.012653199024498463, 0.009071149863302708, 0.007338046561926603, 0.008125453256070614, 0.010823970660567284, 0.009428749792277813, 0.013526231050491333, 0.008379021659493446, 0.009883832186460495, 0.0167741309851408, 0.007507960312068462, 0.007372310385107994, 0.010780510492622852], "weapon_probs": [0.01783560961484909, 0.02423664554953575, 0.03381171077489853, 0.02339429408311844, 0.015430312603712082, 0.00831008143723011, 0.007312532979995012, 0.00814106035977602, 0.007944529876112938, 0.01542765460908413, 0.010483652353286743, 0.008683037012815475, 0.007501909974962473, 0.013535317033529282, 0.0223776213824749, 0.007839741185307503, 0.011695083230733871, 0.011665219441056252, 0.01237637922167778, 0.008977646008133888, 0.00839606486260891, 0.008471998386085033, 0.00746878469362855, 0.007818010635674, 0.009631294757127762, 0.009705196134746075, 0.010456085205078125, 0.009212103672325611, 0.01535728294402361, 0.008518815040588379, 0.011596377938985825, 0.008842188864946365, 0.00939915794879198, 0.010271956212818623, 0.012867702171206474, 0.0077582551166415215, 0.008565126918256283, 0.014897349290549755, 0.008689122274518013, 0.008695689961314201, 0.008263404481112957, 0.008670465089380741, 0.008798431605100632, 0.007753395009785891, 0.016199180856347084, 0.01206638477742672, 0.009670251049101353, 0.011302921921014786, 0.011664582416415215, 0.01788383536040783, 0.02288554236292839, 0.016203058883547783, 0.009678567759692669, 0.008307702839374542, 0.0103134261444211, 0.015522873029112816, 0.010184845887124538, 0.01466665044426918, 0.015065752901136875]}