{"loss": -0.5826094150543213, "character_probs": [0.019947651773691177, 0.018375644460320473, 0.007890571840107441, 0.008983802050352097, 0.00800613034516573, 0.014873618260025978, 0.01143117155879736, 0.015104013495147228, 0.010739559307694435, 0.012759333476424217, 0.00791455153375864, 0.01315583847463131, 0.0077622318640351295, 0.007684040814638138, 0.010697642341256142, 0.013466164469718933, 0.009393246844410896, 0.007683254312723875, 0.014159969985485077, 0.00759092578664422, 0.0074221109971404076, 0.008264188654720783, 0.007649555802345276, 0.009549026377499104, 0.007333151530474424, 0.007684267591685057, 0.010729046538472176, 0.007584568578749895, 0.007913035340607166, 0.0074999392963945866, 0.007159833330661058, 0.008215752430260181, 0.007522648200392723, 0.010160227306187153, 0.010720426216721535, 0.007866065949201584, 0.007384900003671646, 0.007695107255131006, 0.009318634867668152, 0.007861255668103695, 0.008187771774828434, 0.009648755192756653, 0.007832714356482029, 0.009195774793624878, 0.010085240006446838, 0.008296883665025234, 0.015568380244076252, 0.008252426981925964, 0.007598561700433493, 0.008255019783973694, 0.007980277761816978, 0.007256438490003347, 0.007812689058482647, 0.012440590187907219, 0.012618396431207657, 0.009663388133049011, 0.012698346748948097, 0.008241649717092514, 0.014700832776725292, 0.007916438393294811, 0.011047683656215668, 0.011876199394464493, 0.00884490180760622, 0.012275345623493195, 0.009178424254059792, 0.011730054393410683, 0.009356238879263401, 0.007854708470404148, 0.010333394631743431, 0.009295322000980377, 0.008037601597607136, 0.00929238460958004, 0.007770354859530926, 0.008088203147053719, 0.01477065309882164, 0.015833882614970207, 0.009319879114627838, 0.008494666777551174, 0.014949551783502102], "weapon_probs": [0.020308593288064003, 0.030609462410211563, 0.0145635474473238, 0.012272953987121582, 0.016155431047081947, 0.009452692233026028, 0.008821467868983746, 0.00854925811290741, 0.01052472461014986, 0.016224626451730728, 0.00823096465319395, 0.013332375325262547, 0.007974919863045216, 0.008170781657099724, 0.015883831307291985, 0.008976191282272339, 0.007966725155711174, 0.0406775027513504, 0.008843395859003067, 0.009867146611213684, 0.007520147133618593, 0.008142134174704552, 0.014477388001978397, 0.011735031381249428, 0.007518445141613483, 0.007990586571395397, 0.009425276890397072, 0.009859204292297363, 0.007156345061957836, 0.010556159541010857, 0.009086782112717628, 0.00972656812518835, 0.009519347921013832, 0.014043301343917847, 0.008938873186707497, 0.008543042466044426, 0.01763691008090973, 0.013574386015534401, 0.010601016692817211, 0.009091176092624664, 0.009821098297834396, 0.007286544423550367, 0.01018831692636013, 0.013104096055030823, 0.010200010612607002, 0.012026063166558743, 0.012413034215569496, 0.017882829532027245, 0.0219658762216568, 0.008908015675842762, 0.0107163330540061, 0.011444766074419022, 0.02362963929772377, 0.014908785931766033, 0.008130633272230625, 0.010444095358252525, 0.010785866528749466, 0.015390994027256966, 0.0215762872248888]}