{"loss": -0.9316129088401794, "character_probs": [0.027473364025354385, 0.016561299562454224, 0.01483910996466875, 0.011647328734397888, 0.009765004739165306, 0.009536734782159328, 0.016110621392726898, 0.008365652523934841, 0.009817885234951973, 0.009126070886850357, 0.008731221780180931, 0.008517183363437653, 0.008955828845500946, 0.009537983685731888, 0.008322118781507015, 0.011109125800430775, 0.008908502757549286, 0.008693374693393707, 0.007371062878519297, 0.007216180209070444, 0.007693402469158173, 0.007569514214992523, 0.010198637843132019, 0.007944488897919655, 0.008537123911082745, 0.007616781629621983, 0.008218202739953995, 0.00715349055826664, 0.007296844385564327, 0.007642221171408892, 0.007624411024153233, 0.0076729594729840755, 0.018070358783006668, 0.0077134897001087666, 0.00773701723664999, 0.008819468319416046, 0.00799644086509943, 0.007848326116800308, 0.007827836088836193, 0.0074133784510195255, 0.014907419681549072, 0.008327599614858627, 0.008901764638721943, 0.011873366311192513, 0.007638417650014162, 0.009554218500852585, 0.0101750697940588, 0.013106141239404678, 0.011663032695651054, 0.008310993202030659, 0.007372681051492691, 0.007752773351967335, 0.007689732126891613, 0.00808156281709671, 0.0072585949674248695, 0.012190025299787521, 0.010371748358011246, 0.0085464958101511, 0.01001262478530407, 0.009272588416934013, 0.008608072996139526, 0.012460065074265003, 0.008126380853354931, 0.015205314382910728, 0.01166283618658781, 0.007805861998349428, 0.007713032886385918, 0.012693332508206367, 0.00887758657336235, 0.007790705189108849, 0.0075034042820334435, 0.013903000392019749, 0.008101141080260277, 0.008413843810558319, 0.010072584263980389, 0.015962544828653336, 0.009808958508074284, 0.007716198451817036, 0.007951941341161728], "weapon_probs": [0.012817490845918655, 0.017451805993914604, 0.03900621458888054, 0.012783278711140156, 0.01275293156504631, 0.009408906102180481, 0.010598454624414444, 0.009087745100259781, 0.012573125772178173, 0.009141681715846062, 0.019957927986979485, 0.020696304738521576, 0.0124443881213665, 0.012019958347082138, 0.009053151123225689, 0.007927932776510715, 0.014739397913217545, 0.010904394090175629, 0.008565998636186123, 0.011250647716224194, 0.007849648594856262, 0.015238475054502487, 0.007992645725607872, 0.0111134834587574, 0.008734176866710186, 0.013329830951988697, 0.008972411043941975, 0.009051335044205189, 0.008873775601387024, 0.01087816059589386, 0.008368825539946556, 0.007281913422048092, 0.008101986721158028, 0.010787788778543472, 0.009429266676306725, 0.01314764004200697, 0.00707031087949872, 0.008702680468559265, 0.028020255267620087, 0.01182708889245987, 0.012453285977244377, 0.010888539254665375, 0.013166679069399834, 0.009458616375923157, 0.010962165892124176, 0.00837774109095335, 0.007998592220246792, 0.009954479523003101, 0.008008175529539585, 0.00796402245759964, 0.009235897101461887, 0.01195911318063736, 0.012482263147830963, 0.010066017508506775, 0.027719154953956604, 0.01207643747329712, 0.010233734734356403, 0.02846614271402359, 0.016357969492673874]}