{"loss": 0.1297893524169922, "character_probs": [0.016165435314178467, 0.009864702820777893, 0.010126955807209015, 0.03615788742899895, 0.009568399749696255, 0.018451575189828873, 0.011538596823811531, 0.007591593079268932, 0.009639887139201164, 0.007155852857977152, 0.007615938317030668, 0.007607284002006054, 0.008901139721274376, 0.010685580782592297, 0.007762869819998741, 0.007625593338161707, 0.008555972948670387, 0.009507667273283005, 0.007405729964375496, 0.007855878211557865, 0.010313637554645538, 0.007457655854523182, 0.00816784705966711, 0.009569141082465649, 0.007705541793256998, 0.010216633789241314, 0.015061107464134693, 0.009686254896223545, 0.00735850352793932, 0.009991530328989029, 0.008186266757547855, 0.009168022312223911, 0.007819129154086113, 0.007154098246246576, 0.008678711950778961, 0.007713954895734787, 0.00720234215259552, 0.007930685766041279, 0.007986449636518955, 0.01049701776355505, 0.007906518876552582, 0.007494055666029453, 0.008134434930980206, 0.007759834639728069, 0.008351561613380909, 0.01047923881560564, 0.00931311585009098, 0.008799982257187366, 0.009096556343138218, 0.008293570950627327, 0.008983541280031204, 0.008530139923095703, 0.007912383414804935, 0.009159858338534832, 0.009897146373987198, 0.010090366937220097, 0.008145893923938274, 0.007980539463460445, 0.012055398896336555, 0.013824202120304108, 0.008974193595349789, 0.007920949719846249, 0.008030859753489494, 0.010587016120553017, 0.013703581877052784, 0.008298386819660664, 0.017011750489473343, 0.007568818982690573, 0.012786688283085823, 0.008983468636870384, 0.008410632610321045, 0.0075078061781823635, 0.011067783460021019, 0.011014936491847038, 0.010472189635038376, 0.01175653375685215, 0.010080378502607346, 0.007391503546386957, 0.010580836795270443], "weapon_probs": [0.014647228643298149, 0.02041678875684738, 0.02342268079519272, 0.016238879412412643, 0.011151488870382309, 0.016388585790991783, 0.023864515125751495, 0.017114784568548203, 0.00799652375280857, 0.009081490337848663, 0.009403467178344727, 0.009715277701616287, 0.008795428089797497, 0.008320317603647709, 0.015240851789712906, 0.007821427658200264, 0.023361634463071823, 0.01213858462870121, 0.010073408484458923, 0.011412274092435837, 0.01138787530362606, 0.00985163263976574, 0.008741745725274086, 0.007425906602293253, 0.010733945295214653, 0.008094820193946362, 0.009788233786821365, 0.01518985815346241, 0.007628809195011854, 0.00914975069463253, 0.014205556362867355, 0.01573752611875534, 0.010190923698246479, 0.009100888855755329, 0.007832955569028854, 0.007876722142100334, 0.009311340749263763, 0.008861549198627472, 0.0082352664321661, 0.020717982202768326, 0.009411845356225967, 0.00808807648718357, 0.007954596541821957, 0.00897546298801899, 0.00966356135904789, 0.009479561820626259, 0.010012442246079445, 0.009021783247590065, 0.012453318573534489, 0.01941535994410515, 0.011569878086447716, 0.019189825281500816, 0.011285128071904182, 0.015220006927847862, 0.007985399104654789, 0.009591244161128998, 0.009411022067070007, 0.008402034640312195, 0.021295789629220963]}