{"loss": -0.3972877264022827, "character_probs": [0.02414875477552414, 0.01357433944940567, 0.015396184287965298, 0.010243604891002178, 0.008374284021556377, 0.013900542631745338, 0.010271669365465641, 0.014745209366083145, 0.009074999019503593, 0.011985543183982372, 0.009204180911183357, 0.01119290292263031, 0.0074794357642531395, 0.009181128814816475, 0.008721202611923218, 0.011651972308754921, 0.009061940014362335, 0.009152084589004517, 0.008100198581814766, 0.010264433920383453, 0.007504562847316265, 0.007403531111776829, 0.008386168628931046, 0.008754552341997623, 0.008277968503534794, 0.010152622126042843, 0.007453968282788992, 0.009508954361081123, 0.008506789803504944, 0.009664760902523994, 0.00738803343847394, 0.008549251593649387, 0.008051639422774315, 0.0073269447311758995, 0.008816659450531006, 0.007397228851914406, 0.0076551418751478195, 0.00850504357367754, 0.009324600920081139, 0.007844637148082256, 0.012534833513200283, 0.007346076425164938, 0.009668979793787003, 0.007979169487953186, 0.009246773086488247, 0.010021714493632317, 0.010387050919234753, 0.007467194460332394, 0.007554357871413231, 0.010287337005138397, 0.008812525309622288, 0.008032062090933323, 0.007929624989628792, 0.0111128194257617, 0.011269472539424896, 0.008589526638388634, 0.012763089500367641, 0.01493723876774311, 0.007326381281018257, 0.007311796769499779, 0.00761033222079277, 0.010672435164451599, 0.008582363836467266, 0.008174821734428406, 0.014163204468786716, 0.008498641662299633, 0.02113005332648754, 0.007717191241681576, 0.009885833598673344, 0.0074798716232180595, 0.008185644634068012, 0.013536939397454262, 0.008062245324254036, 0.009570294059813023, 0.009270415641367435, 0.011576498858630657, 0.007467275485396385, 0.009875917807221413, 0.00930866226553917], "weapon_probs": [0.029495108872652054, 0.014578333124518394, 0.012173675000667572, 0.019104667007923126, 0.01755536161363125, 0.014803614467382431, 0.015342063270509243, 0.018848741427063942, 0.009749095886945724, 0.009790223091840744, 0.009745970368385315, 0.010781791061162949, 0.010451789945363998, 0.010635249316692352, 0.007567564491182566, 0.019617825746536255, 0.00723813334479928, 0.008082221262156963, 0.011439326219260693, 0.010326851159334183, 0.010095478966832161, 0.010729596018791199, 0.00864809937775135, 0.008604827336966991, 0.009628755040466785, 0.011165265925228596, 0.010294677689671516, 0.009833655320107937, 0.01028834655880928, 0.009446759708225727, 0.02445082738995552, 0.007901547476649284, 0.010994499549269676, 0.008058052510023117, 0.009573752991855145, 0.00822654739022255, 0.023048534989356995, 0.009036769159138203, 0.009074683301150799, 0.009265179745852947, 0.007645841222256422, 0.015046495012938976, 0.012405704706907272, 0.014698938466608524, 0.009058813564479351, 0.007656882517039776, 0.008596327155828476, 0.011392451822757721, 0.008182786405086517, 0.008981387130916119, 0.009164351969957352, 0.012853500433266163, 0.011260653845965862, 0.011236373335123062, 0.01197136752307415, 0.013975631445646286, 0.01922805793583393, 0.025053180754184723, 0.01646970957517624]}