{"loss": 0.5198885202407837, "character_probs": [0.01431209035217762, 0.010983596555888653, 0.014325407333672047, 0.01033950038254261, 0.04101837798953056, 0.00884570088237524, 0.010849181562662125, 0.008558470755815506, 0.010381283238530159, 0.010442317463457584, 0.007654526736587286, 0.00770905427634716, 0.009150028228759766, 0.008035826496779919, 0.010311461053788662, 0.00910169631242752, 0.007497121579945087, 0.008553015999495983, 0.0076911733485758305, 0.007387248333543539, 0.007266993168741465, 0.0076791089959442616, 0.007705443538725376, 0.0074611688032746315, 0.01113600842654705, 0.009080827236175537, 0.010484086349606514, 0.008995549753308296, 0.008055767975747585, 0.011508291587233543, 0.007286453619599342, 0.008273985236883163, 0.009545368142426014, 0.00769269373267889, 0.00779755599796772, 0.00850774347782135, 0.00817058514803648, 0.008196924813091755, 0.007787358947098255, 0.010119607672095299, 0.013504252769052982, 0.0077367909252643585, 0.00863927323371172, 0.007877024821937084, 0.00803192239254713, 0.008405146189033985, 0.008570605888962746, 0.008699379861354828, 0.00976782850921154, 0.011118128895759583, 0.007206830196082592, 0.008217216469347477, 0.007953056134283543, 0.007682680152356625, 0.008329802192747593, 0.008824007585644722, 0.018864786252379417, 0.009364170022308826, 0.009310465306043625, 0.00955231860280037, 0.007668358273804188, 0.009596799500286579, 0.00936155579984188, 0.009386679157614708, 0.007449353579431772, 0.010119509883224964, 0.009015077725052834, 0.008387384936213493, 0.007711225189268589, 0.009574083611369133, 0.010432244278490543, 0.00886375829577446, 0.008755195885896683, 0.016759632155299187, 0.010981177911162376, 0.008158470503985882, 0.01440400630235672, 0.008577952161431313, 0.008471027947962284], "weapon_probs": [0.01948629692196846, 0.04400770366191864, 0.01268110703676939, 0.011044773273169994, 0.01909548044204712, 0.0100089767947793, 0.009613028727471828, 0.008653241209685802, 0.015589992515742779, 0.007781604304909706, 0.009757008403539658, 0.011849883943796158, 0.017973538488149643, 0.01694761961698532, 0.013201110064983368, 0.010597805492579937, 0.012090383097529411, 0.008672252297401428, 0.007640657480806112, 0.010594073683023453, 0.007773991674184799, 0.009826763533055782, 0.0077215502969920635, 0.010475012473762035, 0.009279919788241386, 0.009229013696312904, 0.01642659306526184, 0.008689566515386105, 0.008346044458448887, 0.011890226975083351, 0.009355917572975159, 0.007215926889330149, 0.011946480721235275, 0.009788908064365387, 0.010110878385603428, 0.0125533202663064, 0.01534941978752613, 0.011020828038454056, 0.009262418374419212, 0.008477677591145039, 0.007356296293437481, 0.008939140476286411, 0.008552457205951214, 0.009747186675667763, 0.010597417131066322, 0.010736492462456226, 0.00860065221786499, 0.00958354864269495, 0.008747786283493042, 0.007643651217222214, 0.01211032085120678, 0.009158365428447723, 0.02166280895471573, 0.008906370960175991, 0.016690529882907867, 0.009401524439454079, 0.007802257779985666, 0.009240921586751938, 0.009149651974439621]}