{"loss": 0.5365815758705139, "character_probs": [0.03368435427546501, 0.01076054759323597, 0.010366243310272694, 0.011717722751200199, 0.011453844606876373, 0.009181257337331772, 0.008562050759792328, 0.013757500797510147, 0.009556648321449757, 0.009054336696863174, 0.014160403981804848, 0.008740279823541641, 0.007766631431877613, 0.013476768508553505, 0.007261679507791996, 0.010682009160518646, 0.007792874705046415, 0.008133748546242714, 0.011619697324931622, 0.007815481163561344, 0.010612968355417252, 0.008518780581653118, 0.007507833652198315, 0.010841798037290573, 0.007847651839256287, 0.00755093852058053, 0.007482271175831556, 0.008399139158427715, 0.007342545781284571, 0.007274514064192772, 0.007993075996637344, 0.013176619075238705, 0.00836111605167389, 0.011538645252585411, 0.0072410800494253635, 0.007280780468136072, 0.007302260026335716, 0.007949219085276127, 0.015955207869410515, 0.007628683932125568, 0.010501779615879059, 0.007548484019935131, 0.007340749725699425, 0.008325163275003433, 0.010478475131094456, 0.007134071085602045, 0.007129174191504717, 0.007922245189547539, 0.007955970242619514, 0.008028852753341198, 0.007521128281950951, 0.012186266481876373, 0.00791244301944971, 0.007923915982246399, 0.01040082611143589, 0.007231044117361307, 0.010035163722932339, 0.007900616154074669, 0.007632858119904995, 0.008108766749501228, 0.011860664002597332, 0.007915223948657513, 0.008801639080047607, 0.016887199133634567, 0.008501453325152397, 0.007649746723473072, 0.013257469981908798, 0.008831586688756943, 0.008788147009909153, 0.00952091719955206, 0.008554240688681602, 0.007872330024838448, 0.008783216588199139, 0.008109483867883682, 0.013143027201294899, 0.010871082544326782, 0.00780410086736083, 0.00883856788277626, 0.010374338366091251], "weapon_probs": [0.031705740839242935, 0.019316263496875763, 0.015171505510807037, 0.012640127912163734, 0.02387312799692154, 0.020321013405919075, 0.008448242209851742, 0.010152796283364296, 0.010370781645178795, 0.009822717867791653, 0.007807477843016386, 0.010771042667329311, 0.018405867740511894, 0.009302694350481033, 0.008420715108513832, 0.011079906485974789, 0.016399122774600983, 0.008891735225915909, 0.02093309536576271, 0.009703286923468113, 0.008180491626262665, 0.008376057259738445, 0.010177691467106342, 0.007931973785161972, 0.007298899814486504, 0.00725056417286396, 0.008040991611778736, 0.010568459518253803, 0.012334701605141163, 0.008098346181213856, 0.0076701585203409195, 0.009649972431361675, 0.008863750845193863, 0.009480040520429611, 0.009697716683149338, 0.012040648609399796, 0.008006643503904343, 0.00726997759193182, 0.013911494985222816, 0.010586214251816273, 0.01580130308866501, 0.021565401926636696, 0.008231990039348602, 0.008596295490860939, 0.00877589825540781, 0.00837391521781683, 0.008615506812930107, 0.008150532841682434, 0.010980186983942986, 0.01603805087506771, 0.01074442733079195, 0.009513790719211102, 0.009406492114067078, 0.023349110037088394, 0.01181868277490139, 0.013743121176958084, 0.010588842444121838, 0.014260712079703808, 0.02182696759700775]}