{"loss": 0.8637330532073975, "character_probs": [0.012513378635048866, 0.012234343215823174, 0.009842951782047749, 0.016926076263189316, 0.019738130271434784, 0.01282932423055172, 0.007562136743217707, 0.011485857889056206, 0.008335039019584656, 0.011671587824821472, 0.010241550393402576, 0.009624521248042583, 0.010293126106262207, 0.015156501904129982, 0.008023073896765709, 0.009043565951287746, 0.007968560792505741, 0.007598279044032097, 0.008770023472607136, 0.008326335810124874, 0.008633794263005257, 0.00898740440607071, 0.013488655909895897, 0.007870543748140335, 0.012010155245661736, 0.008042443543672562, 0.007795518264174461, 0.0073137967847287655, 0.007795995566993952, 0.012677529826760292, 0.008512252941727638, 0.01075996458530426, 0.013090170919895172, 0.009710980579257011, 0.007344580255448818, 0.007914583198726177, 0.009017483331263065, 0.009432212449610233, 0.008105387911200523, 0.011463165283203125, 0.009024757891893387, 0.007518281694501638, 0.007519283331930637, 0.007991806603968143, 0.007965244352817535, 0.01023009605705738, 0.011706420220434666, 0.008179429918527603, 0.007376725319772959, 0.007271964568644762, 0.007544095162302256, 0.008174892514944077, 0.01030508428812027, 0.007339848671108484, 0.011968635022640228, 0.010398386046290398, 0.010112449526786804, 0.00746105657890439, 0.008494260720908642, 0.008189233019948006, 0.0077180336229503155, 0.007929494604468346, 0.013607488013803959, 0.010825174860656261, 0.013316106051206589, 0.008230593986809254, 0.00935431383550167, 0.009132442995905876, 0.009390120394527912, 0.010910812765359879, 0.009203069843351841, 0.01202176883816719, 0.008154992014169693, 0.007984011434018612, 0.009129044599831104, 0.007703266106545925, 0.0076941754668951035, 0.010620332323014736, 0.011092637665569782], "weapon_probs": [0.029873564839363098, 0.011843835934996605, 0.017129171639680862, 0.02496737614274025, 0.01319848746061325, 0.012950458563864231, 0.009325658902525902, 0.013730129227042198, 0.00839219894260168, 0.015117458067834377, 0.013012964278459549, 0.014779925346374512, 0.008867369964718819, 0.009524282068014145, 0.013603439554572105, 0.017783407121896744, 0.009878328070044518, 0.010759814642369747, 0.010729161091148853, 0.007104629650712013, 0.008267533034086227, 0.012093869037926197, 0.01021072268486023, 0.00966322049498558, 0.00810539536178112, 0.0076024942100048065, 0.023735947906970978, 0.007438000291585922, 0.008033485151827335, 0.007902795448899269, 0.010681097395718098, 0.008217119611799717, 0.008628254756331444, 0.016202110797166824, 0.017392173409461975, 0.01082445029169321, 0.008550978265702724, 0.009734628722071648, 0.008515419438481331, 0.00889053288847208, 0.018178552389144897, 0.007628089282661676, 0.009685744531452656, 0.007889005355536938, 0.007362602278590202, 0.009212369099259377, 0.00872836634516716, 0.010454523377120495, 0.00913901999592781, 0.018399637192487717, 0.01249365322291851, 0.00910306815057993, 0.01189175434410572, 0.009291443973779678, 0.01153324544429779, 0.008476031944155693, 0.009838871657848358, 0.00970552396029234, 0.00915798544883728]}