{"loss": -0.9268317222595215, "character_probs": [0.019667405635118484, 0.024724625051021576, 0.008425645530223846, 0.008338125422596931, 0.009754955768585205, 0.0159556083381176, 0.008508216589689255, 0.009842513129115105, 0.014055412262678146, 0.011104544624686241, 0.009052508510649204, 0.007932769134640694, 0.009071298874914646, 0.009848124347627163, 0.007466922979801893, 0.00901575107127428, 0.010558787733316422, 0.008744279853999615, 0.007491896394640207, 0.008250431157648563, 0.008753352798521519, 0.012036072090268135, 0.008144287392497063, 0.007126868236809969, 0.007274602074176073, 0.016002122312784195, 0.007738808169960976, 0.008370112627744675, 0.011483382433652878, 0.0073106843046844006, 0.009758378379046917, 0.007693628780543804, 0.00841725803911686, 0.007703588809818029, 0.011931462213397026, 0.0073049720376729965, 0.007796445395797491, 0.008623363450169563, 0.008212104439735413, 0.010713420808315277, 0.01094498485326767, 0.007597675081342459, 0.009359174408018589, 0.010819245129823685, 0.007569562178105116, 0.008184322156012058, 0.00782843492925167, 0.007606620900332928, 0.009716336615383625, 0.00873410701751709, 0.007612117100507021, 0.009650141932070255, 0.00906914472579956, 0.013166412711143494, 0.01075153797864914, 0.009395323693752289, 0.008053870871663094, 0.007703822571784258, 0.010043812915682793, 0.009070971980690956, 0.01024465262889862, 0.008679653517901897, 0.0095443706959486, 0.008095643483102322, 0.007398280315101147, 0.00875529833137989, 0.008135980926454067, 0.009930446743965149, 0.011084857396781445, 0.015261528082191944, 0.009273077361285686, 0.011945363134145737, 0.011129185557365417, 0.00927350576967001, 0.009579328820109367, 0.015688583254814148, 0.015422253869473934, 0.00926184467971325, 0.0103286262601614], "weapon_probs": [0.019087109714746475, 0.014397529885172844, 0.02623223513364792, 0.009194450452923775, 0.01069522276520729, 0.028372179716825485, 0.011517759412527084, 0.02256297878921032, 0.014580817893147469, 0.00979651790112257, 0.0076710875146090984, 0.007425690069794655, 0.009306268766522408, 0.0076554096303880215, 0.007862144149839878, 0.022161182016134262, 0.007509289309382439, 0.011832763440907001, 0.00825535785406828, 0.010519747622311115, 0.008381880819797516, 0.007590063847601414, 0.008700067177414894, 0.018427586182951927, 0.007656964007765055, 0.011839751154184341, 0.011369947344064713, 0.017024068161845207, 0.00740553205832839, 0.007456938270479441, 0.009588425047695637, 0.007625736761838198, 0.012882595881819725, 0.011658843606710434, 0.009340036660432816, 0.009042545221745968, 0.007934639230370522, 0.00879217404872179, 0.00893468875437975, 0.007505958434194326, 0.01767951436340809, 0.007265031337738037, 0.03508078679442406, 0.00843009538948536, 0.015134595334529877, 0.007662545423954725, 0.00997743010520935, 0.016844650730490685, 0.01109408214688301, 0.023082546889781952, 0.008665526285767555, 0.009115384891629219, 0.009269388392567635, 0.012068962678313255, 0.00785720907151699, 0.012329436838626862, 0.008185777813196182, 0.008972794748842716, 0.014822140336036682]}