{"loss": 0.504262387752533, "character_probs": [0.02399405837059021, 0.012499198317527771, 0.009783998131752014, 0.012291794642806053, 0.020121047273278236, 0.009416239336133003, 0.008949700742959976, 0.013629844412207603, 0.008017121814191341, 0.009316972456872463, 0.00832327175885439, 0.008383620530366898, 0.009499193169176579, 0.01118898019194603, 0.009942760691046715, 0.00872047245502472, 0.012884821742773056, 0.009094391949474812, 0.00798998773097992, 0.01594550907611847, 0.008431347087025642, 0.007965227589011192, 0.009202232584357262, 0.008825503289699554, 0.008484646677970886, 0.008777646347880363, 0.007358705624938011, 0.008616340346634388, 0.0071769822388887405, 0.007881113328039646, 0.01047178078442812, 0.007560140918940306, 0.009763745591044426, 0.00793223176151514, 0.007063569966703653, 0.007347581908106804, 0.007765779737383127, 0.008729198947548866, 0.011115374974906445, 0.009148240089416504, 0.009277377277612686, 0.007812367286533117, 0.007982830516994, 0.010846631601452827, 0.00875815562903881, 0.008530186489224434, 0.007535735610872507, 0.007987426593899727, 0.00831247866153717, 0.008091555908322334, 0.007445436902344227, 0.008168908767402172, 0.010121850296854973, 0.013328148983418941, 0.018147816881537437, 0.00977260060608387, 0.008169295266270638, 0.010358142666518688, 0.007227399852126837, 0.009613760747015476, 0.007736745290458202, 0.01057139877229929, 0.007243162486702204, 0.008395303972065449, 0.008955897763371468, 0.008803833276033401, 0.009880434721708298, 0.007851430214941502, 0.008910313248634338, 0.007862280122935772, 0.008483599871397018, 0.010767418891191483, 0.009863764978945255, 0.007189653348177671, 0.012660255655646324, 0.008642716333270073, 0.0074349455535411835, 0.008732162415981293, 0.012780701741576195], "weapon_probs": [0.0159759484231472, 0.013704787939786911, 0.020943310111761093, 0.018560685217380524, 0.035845253616571426, 0.010792778804898262, 0.01098167710006237, 0.011759759858250618, 0.02130131982266903, 0.012638435699045658, 0.014725549146533012, 0.011078017763793468, 0.009723288007080555, 0.009523462504148483, 0.007523039821535349, 0.009720861911773682, 0.008490163832902908, 0.010972410440444946, 0.009957828558981419, 0.007702953182160854, 0.011528152972459793, 0.010309821926057339, 0.00795735977590084, 0.008104432374238968, 0.022626541554927826, 0.008031181059777737, 0.008967496454715729, 0.008477577939629555, 0.009987780824303627, 0.007859400473535061, 0.007618078961968422, 0.011560328304767609, 0.009162263944745064, 0.008082050830125809, 0.009724374860525131, 0.010704133659601212, 0.0098549360409379, 0.010443516075611115, 0.01054593175649643, 0.010687570087611675, 0.011114452034235, 0.012521997094154358, 0.00807461328804493, 0.008959474042057991, 0.007289425935596228, 0.009500403888523579, 0.008801311254501343, 0.016849899664521217, 0.013689601793885231, 0.015404234640300274, 0.012474017217755318, 0.015765490010380745, 0.008209044113755226, 0.012309188023209572, 0.018199194222688675, 0.009327003732323647, 0.007161920890212059, 0.009024841710925102, 0.02146700769662857]}