{"loss": 0.8510497808456421, "character_probs": [0.021427543833851814, 0.01756933704018593, 0.015369271859526634, 0.011438118293881416, 0.010931402444839478, 0.00867447443306446, 0.016766851767897606, 0.009306509979069233, 0.009237878955900669, 0.010499399155378342, 0.011687098070979118, 0.007789223454892635, 0.007211151998490095, 0.010326771065592766, 0.008936027064919472, 0.007975039072334766, 0.008014569990336895, 0.008977355435490608, 0.008516259491443634, 0.00874739233404398, 0.009039503522217274, 0.01080966554582119, 0.007555776741355658, 0.008487747982144356, 0.008361868560314178, 0.007609637454152107, 0.007297797594219446, 0.008510629646480083, 0.008143775165081024, 0.009535321034491062, 0.007509520277380943, 0.01427270658314228, 0.007329835556447506, 0.008632203564047813, 0.008492185734212399, 0.007133346050977707, 0.01301127765327692, 0.0078138317912817, 0.007278054021298885, 0.017199084162712097, 0.008280385285615921, 0.007403263356536627, 0.018777433782815933, 0.00737408734858036, 0.007560437079519033, 0.007861461490392685, 0.011405829340219498, 0.0078457435593009, 0.007692878600209951, 0.007697056978940964, 0.00874317903071642, 0.009042034856975079, 0.008041495457291603, 0.007562063634395599, 0.01037882175296545, 0.00830924790352583, 0.008381327614188194, 0.009502498432993889, 0.00907639879733324, 0.009107325226068497, 0.007359637878835201, 0.0081646628677845, 0.015159333124756813, 0.008122068829834461, 0.010269582271575928, 0.007694052066653967, 0.009100206196308136, 0.011651724576950073, 0.00796990655362606, 0.007735072169452906, 0.007295294664800167, 0.008765212260186672, 0.009318194352090359, 0.008057004772126675, 0.014200043864548206, 0.007658181246370077, 0.010107649490237236, 0.013711212202906609, 0.0075516728684306145], "weapon_probs": [0.014708509668707848, 0.036236751824617386, 0.01721283048391342, 0.013895031996071339, 0.014909475110471249, 0.023115694522857666, 0.0192630123347044, 0.01090659573674202, 0.014824149198830128, 0.009481030516326427, 0.014082089066505432, 0.010183967649936676, 0.008194960653781891, 0.01252744346857071, 0.016890116035938263, 0.009224259294569492, 0.008671744726598263, 0.010790469124913216, 0.00783317256718874, 0.008990759029984474, 0.008010562509298325, 0.010368308052420616, 0.008969081565737724, 0.008448129519820213, 0.008030449971556664, 0.011111751198768616, 0.007539437152445316, 0.007728680036962032, 0.008518659509718418, 0.008562392555177212, 0.007816880941390991, 0.012517610564827919, 0.00849814061075449, 0.008199299685657024, 0.007979829795658588, 0.00862085074186325, 0.00829244777560234, 0.016849461942911148, 0.009981591254472733, 0.008168334141373634, 0.00879690982401371, 0.008663894608616829, 0.01615290902554989, 0.010501908138394356, 0.008682130835950375, 0.007629059720784426, 0.011828930117189884, 0.009913667105138302, 0.011822312138974667, 0.027218766510486603, 0.0097437035292387, 0.010654732584953308, 0.01186941098421812, 0.010987365618348122, 0.008977409452199936, 0.01047029159963131, 0.014074558392167091, 0.014432894065976143, 0.0110010402277112]}