{"loss": -0.7448259592056274, "character_probs": [0.029189065098762512, 0.01832031086087227, 0.010221168398857117, 0.010476379655301571, 0.01101778820157051, 0.007909538224339485, 0.008319276385009289, 0.010756508447229862, 0.010056959465146065, 0.008068622089922428, 0.012286413460969925, 0.007703154813498259, 0.011771323159337044, 0.00731720170006156, 0.009495366364717484, 0.007726481184363365, 0.014617528766393661, 0.007627035491168499, 0.008064810186624527, 0.00799736101180315, 0.008564455434679985, 0.009051013737916946, 0.007710904348641634, 0.008144285529851913, 0.007288279011845589, 0.010126249864697456, 0.009988022036850452, 0.008489388972520828, 0.007159317843616009, 0.015116325579583645, 0.007785669527947903, 0.00915271695703268, 0.00912743341177702, 0.009631854481995106, 0.007844510488212109, 0.007445295341312885, 0.008102278225123882, 0.007915598340332508, 0.007331244181841612, 0.008348125964403152, 0.0163834560662508, 0.00824123527854681, 0.008889068849384785, 0.009611195884644985, 0.011513762176036835, 0.007694941479712725, 0.007411454804241657, 0.010176016017794609, 0.007947731763124466, 0.008392158895730972, 0.00880836509168148, 0.008810228668153286, 0.01239565759897232, 0.008809625171124935, 0.009840097278356552, 0.009514221921563148, 0.007643773686140776, 0.015424607321619987, 0.007459846790879965, 0.0076843611896038055, 0.0112726129591465, 0.008154360577464104, 0.008831208571791649, 0.010045413859188557, 0.009443861432373524, 0.00965183973312378, 0.01005046907812357, 0.007846882566809654, 0.012899016961455345, 0.009170908480882645, 0.007641273085027933, 0.007738232612609863, 0.012234999798238277, 0.010154560208320618, 0.007566902786493301, 0.010582396760582924, 0.007668205536901951, 0.016566667705774307, 0.011389687657356262], "weapon_probs": [0.016382228583097458, 0.012211560271680355, 0.018588783219456673, 0.015530950389802456, 0.017410002648830414, 0.02891932800412178, 0.008374042809009552, 0.019920773804187775, 0.009083504788577557, 0.011782502755522728, 0.010618921369314194, 0.009309245273470879, 0.011521982029080391, 0.007955031469464302, 0.00815444253385067, 0.011768144555389881, 0.01359686441719532, 0.0077511342242360115, 0.0099947489798069, 0.0077321226708590984, 0.008247948251664639, 0.01896444708108902, 0.012288013473153114, 0.012564858421683311, 0.011243626475334167, 0.009129362180829048, 0.011653917841613293, 0.016329053789377213, 0.008310426026582718, 0.0144702959805727, 0.007276992779225111, 0.010055888444185257, 0.014869600534439087, 0.0098462775349617, 0.010428257286548615, 0.012915385887026787, 0.009444445371627808, 0.0098952017724514, 0.011125516146421432, 0.011215999722480774, 0.011845516040921211, 0.009065692313015461, 0.008273079991340637, 0.015903979539871216, 0.012907473370432854, 0.009000051766633987, 0.008353017270565033, 0.01749511808156967, 0.013965311460196972, 0.010928129777312279, 0.012418778613209724, 0.010748734697699547, 0.016022274270653725, 0.008632883429527283, 0.01713230088353157, 0.019891176372766495, 0.010291622020304203, 0.016994424164295197, 0.008439205586910248]}