{"loss": 0.7721036672592163, "character_probs": [0.019456718116998672, 0.014522267505526543, 0.01704678311944008, 0.0089243333786726, 0.011792009696364403, 0.017628874629735947, 0.00930813979357481, 0.00850282609462738, 0.007906538434326649, 0.02186569571495056, 0.008258344605565071, 0.009512098506093025, 0.008008819073438644, 0.0080425338819623, 0.008666370995342731, 0.009626192040741444, 0.011553403921425343, 0.007403068244457245, 0.007955292239785194, 0.008867236785590649, 0.008024672977626324, 0.0078016407787799835, 0.007808976341038942, 0.008151108399033546, 0.007746894843876362, 0.007245250046253204, 0.007499928120523691, 0.008032453246414661, 0.012329749763011932, 0.007299480959773064, 0.013376586139202118, 0.0076392637565732, 0.00910388957709074, 0.008889606222510338, 0.011126097291707993, 0.01106434315443039, 0.011237393133342266, 0.010047300718724728, 0.009061973541975021, 0.00802178867161274, 0.007252332288771868, 0.007314671762287617, 0.008391222916543484, 0.008548690937459469, 0.007997929118573666, 0.009321916848421097, 0.008626715280115604, 0.0075560929253697395, 0.013466485776007175, 0.007813428528606892, 0.007454301696270704, 0.009826112538576126, 0.008590730838477612, 0.008203966543078423, 0.010271096602082253, 0.011387215927243233, 0.010706433095037937, 0.008535685017704964, 0.009029173292219639, 0.009813056327402592, 0.00950290821492672, 0.007846188731491566, 0.007119372021406889, 0.008168872445821762, 0.007917087525129318, 0.00722174858674407, 0.009632207453250885, 0.008637083694338799, 0.008333280682563782, 0.00812140665948391, 0.00820186361670494, 0.011687489226460457, 0.008098190650343895, 0.010583316907286644, 0.01331254467368126, 0.007750359829515219, 0.009315592236816883, 0.008753640577197075, 0.007472139783203602], "weapon_probs": [0.028557054698467255, 0.011776868253946304, 0.017176756635308266, 0.015557580627501011, 0.018989618867635727, 0.01200070884078741, 0.014701582491397858, 0.01319420337677002, 0.016049537807703018, 0.01591397076845169, 0.009450056590139866, 0.015308312140405178, 0.013349832966923714, 0.008274635300040245, 0.012884844094514847, 0.010624423623085022, 0.014709687791764736, 0.007512595970183611, 0.011713691987097263, 0.011356942355632782, 0.01494723279029131, 0.008551066741347313, 0.00977394264191389, 0.009314960800111294, 0.00917730014771223, 0.01014706026762724, 0.010859468020498753, 0.014558395370841026, 0.007276454940438271, 0.007484644651412964, 0.008961978368461132, 0.013547057285904884, 0.010966066271066666, 0.00941366795450449, 0.010077081620693207, 0.00859498605132103, 0.010908564552664757, 0.008245247416198254, 0.007650306448340416, 0.008744727820158005, 0.01056441105902195, 0.013739915564656258, 0.008069867268204689, 0.008598989807069302, 0.009979132562875748, 0.007471396587789059, 0.017398294061422348, 0.012577828951179981, 0.007300488650798798, 0.009156586602330208, 0.009312114678323269, 0.008759652264416218, 0.00890473835170269, 0.01077324990183115, 0.012177292257547379, 0.007786744274199009, 0.009409284219145775, 0.00785368587821722, 0.009840745478868484]}