{"loss": -0.21191266179084778, "character_probs": [0.025052446871995926, 0.015428583137691021, 0.009861310943961143, 0.013411291874945164, 0.011725414544343948, 0.013685322366654873, 0.015577876009047031, 0.010207491926848888, 0.009222805500030518, 0.009239936247467995, 0.011529173702001572, 0.009056223556399345, 0.008871512487530708, 0.008268054574728012, 0.008801992982625961, 0.010199794545769691, 0.008337510749697685, 0.008061330765485764, 0.0073381043039262295, 0.009573889896273613, 0.007751460652798414, 0.008021355606615543, 0.011547602713108063, 0.008592229336500168, 0.008293148130178452, 0.007366010919213295, 0.013186933472752571, 0.00780525803565979, 0.008991271257400513, 0.008457811549305916, 0.008206033147871494, 0.010424388572573662, 0.008004079572856426, 0.007961244322359562, 0.01027763169258833, 0.007582075893878937, 0.007326987572014332, 0.007670367602258921, 0.0075081526301801205, 0.007660319563001394, 0.011753255501389503, 0.00767629686743021, 0.008891094475984573, 0.008514007553458214, 0.008825894445180893, 0.007454518228769302, 0.0073373811319470406, 0.007967383600771427, 0.010022323578596115, 0.008655905723571777, 0.010116247460246086, 0.013219337910413742, 0.008479245007038116, 0.009308937937021255, 0.007181747816503048, 0.008810648694634438, 0.011064670979976654, 0.007816718891263008, 0.008508006110787392, 0.015212717466056347, 0.00931309163570404, 0.00895162858068943, 0.009788446128368378, 0.007615662179887295, 0.00781675148755312, 0.01033331174403429, 0.008228198625147343, 0.008500530384480953, 0.00884435884654522, 0.007575374562293291, 0.009617661125957966, 0.011040760204195976, 0.007427074946463108, 0.018326833844184875, 0.009598568081855774, 0.007799976971000433, 0.010328279808163643, 0.011842580512166023, 0.017146915197372437], "weapon_probs": [0.030230578035116196, 0.012524234130978584, 0.022057877853512764, 0.015537320636212826, 0.011342938989400864, 0.01416549738496542, 0.014222029596567154, 0.012197514995932579, 0.012308742851018906, 0.026165127754211426, 0.01297905296087265, 0.009079163894057274, 0.015192647464573383, 0.010035440325737, 0.010319415479898453, 0.01152791641652584, 0.009591864421963692, 0.009655289351940155, 0.008072041906416416, 0.010727004148066044, 0.0075223068706691265, 0.009151332080364227, 0.010929970070719719, 0.01327638328075409, 0.008280083537101746, 0.011027732864022255, 0.010166889056563377, 0.007539649959653616, 0.008083438500761986, 0.007776159793138504, 0.012358957901597023, 0.007502395659685135, 0.008836005814373493, 0.009877139702439308, 0.008821145631372929, 0.018118934705853462, 0.009129309095442295, 0.011559667065739632, 0.007871151901781559, 0.012574581429362297, 0.007330221589654684, 0.014489233493804932, 0.007221261039376259, 0.010745447129011154, 0.01707044057548046, 0.008893371559679508, 0.0076933130621910095, 0.0089292386546731, 0.009493672288954258, 0.007586023770272732, 0.008357368409633636, 0.011975307017564774, 0.021632246673107147, 0.009480416774749756, 0.011619213968515396, 0.01242803130298853, 0.01349983923137188, 0.007724265567958355, 0.011081826873123646]}