{"loss": 0.7637073993682861, "character_probs": [0.01973627135157585, 0.023582823574543, 0.010102976113557816, 0.008608044125139713, 0.008825481869280338, 0.017064161598682404, 0.009746930561959743, 0.009867468848824501, 0.010545354336500168, 0.008850648067891598, 0.009774498641490936, 0.008980292826890945, 0.009524999186396599, 0.013246002607047558, 0.012915456667542458, 0.007499326951801777, 0.00848122127354145, 0.008071722462773323, 0.008832596242427826, 0.0073982663452625275, 0.011010152287781239, 0.010165420360863209, 0.008025596849620342, 0.008653851225972176, 0.009360946714878082, 0.010444005951285362, 0.008231009356677532, 0.010511752218008041, 0.00794373732060194, 0.007764489855617285, 0.009363612160086632, 0.010670365765690804, 0.008969893679022789, 0.008213105611503124, 0.00888149719685316, 0.007797146216034889, 0.007734963670372963, 0.009967584162950516, 0.008401993662118912, 0.007725677452981472, 0.011312095448374748, 0.007633119821548462, 0.011157721281051636, 0.007874725386500359, 0.010436934418976307, 0.007547815330326557, 0.0074632903560996056, 0.007145017851144075, 0.007035661023110151, 0.008460761979222298, 0.011224395595490932, 0.007614079397171736, 0.007490899413824081, 0.008145644329488277, 0.010954039171338081, 0.009911032393574715, 0.00749261723831296, 0.009680360555648804, 0.00802616961300373, 0.0074462080374360085, 0.018358657136559486, 0.010669670067727566, 0.009002150036394596, 0.007943485863506794, 0.008984997868537903, 0.010084999725222588, 0.007332662586122751, 0.007173584308475256, 0.00766831636428833, 0.0074378568679094315, 0.009181210771203041, 0.0073819453828036785, 0.010434487834572792, 0.009518885985016823, 0.012650130316615105, 0.007952334359288216, 0.011682488955557346, 0.01308522280305624, 0.008048299700021744], "weapon_probs": [0.02361876890063286, 0.014045018702745438, 0.023843035101890564, 0.027742356061935425, 0.009837914258241653, 0.01084043551236391, 0.012391574680805206, 0.011844603344798088, 0.014352971687912941, 0.015082414261996746, 0.02153095044195652, 0.008632045239210129, 0.008613117970526218, 0.007466927636414766, 0.010157008655369282, 0.00986339058727026, 0.012575131841003895, 0.007974078878760338, 0.008469070307910442, 0.013924574479460716, 0.0075346739031374454, 0.009812867268919945, 0.0072492933832108974, 0.014408769086003304, 0.010321123525500298, 0.00993893388658762, 0.0100287776440382, 0.00858309119939804, 0.008400504477322102, 0.009376740083098412, 0.018852779641747475, 0.020114751532673836, 0.010519985109567642, 0.00775872403755784, 0.013043228536844254, 0.007449438329786062, 0.009553896263241768, 0.011516092345118523, 0.008781788870692253, 0.010654923506081104, 0.008943774737417698, 0.012730325572192669, 0.008593970909714699, 0.008916945196688175, 0.00838853046298027, 0.00940525159239769, 0.008713388815522194, 0.008109746500849724, 0.009218242019414902, 0.01232929714024067, 0.008109686896204948, 0.012007569894194603, 0.017503198236227036, 0.008629512041807175, 0.007530862465500832, 0.010703845880925655, 0.011679020710289478, 0.008494243957102299, 0.014939500018954277]}