{"loss": 0.9643269181251526, "character_probs": [0.022571366280317307, 0.008411592803895473, 0.011836010962724686, 0.013932546600699425, 0.020575404167175293, 0.013110300526022911, 0.009933339431881905, 0.008283582516014576, 0.008468624204397202, 0.008913752622902393, 0.009275133721530437, 0.008296089246869087, 0.008162192068994045, 0.02175535261631012, 0.009669267572462559, 0.009886297397315502, 0.007250461261719465, 0.00854658056050539, 0.009250374510884285, 0.010420910082757473, 0.010399168357253075, 0.009089282713830471, 0.007506216410547495, 0.008427229709923267, 0.0070808143354952335, 0.007380227092653513, 0.007587790489196777, 0.010395043529570103, 0.00870959646999836, 0.00817362405359745, 0.008155717514455318, 0.01156705617904663, 0.009812597185373306, 0.007694859057664871, 0.008060558699071407, 0.007693168241530657, 0.009304791688919067, 0.00909452885389328, 0.007630928885191679, 0.007776640821248293, 0.009381361305713654, 0.007580652367323637, 0.007286942098289728, 0.010370057076215744, 0.011394515633583069, 0.007994870655238628, 0.008185045793652534, 0.007252818904817104, 0.00903351977467537, 0.00745568098500371, 0.009443975053727627, 0.009729486890137196, 0.008317554369568825, 0.007538564037531614, 0.008403745479881763, 0.018400724977254868, 0.007828974165022373, 0.008181207813322544, 0.008599791675806046, 0.01179729588329792, 0.01274123601615429, 0.00855514407157898, 0.009119860827922821, 0.007794871926307678, 0.007566271349787712, 0.008741761557757854, 0.007597263902425766, 0.0074112084694206715, 0.007157907355576754, 0.00791915599256754, 0.00865974836051464, 0.00996568612754345, 0.012912575155496597, 0.00804758071899414, 0.009372012689709663, 0.013928700238466263, 0.007146549876779318, 0.014568882063031197, 0.007455742452293634], "weapon_probs": [0.01338282786309719, 0.010221917182207108, 0.02390953153371811, 0.01200372725725174, 0.012368539348244667, 0.017480215057730675, 0.03637053072452545, 0.01804693043231964, 0.010441686026751995, 0.010177471674978733, 0.012624953873455524, 0.015995554625988007, 0.009878387674689293, 0.009619676508009434, 0.0147916991263628, 0.0074873729608953, 0.011256009340286255, 0.009771383367478848, 0.011457797139883041, 0.008416838943958282, 0.008046125061810017, 0.007619203068315983, 0.01350665744394064, 0.013461671769618988, 0.009283999912440777, 0.007694240193814039, 0.014510433189570904, 0.008225878700613976, 0.010697770863771439, 0.008338168263435364, 0.021690145134925842, 0.0074980128556489944, 0.00780970323830843, 0.008354900404810905, 0.00805087760090828, 0.008159371092915535, 0.00955045223236084, 0.008134409785270691, 0.014462776482105255, 0.00830741599202156, 0.009392463602125645, 0.008526355028152466, 0.00821523368358612, 0.015969041734933853, 0.013392315246164799, 0.008147116750478745, 0.012711228802800179, 0.015283293090760708, 0.015073775313794613, 0.010970450937747955, 0.01191692054271698, 0.007483098190277815, 0.013838727958500385, 0.009288903325796127, 0.007852227427065372, 0.00958572793751955, 0.0094212107360363, 0.008095047436654568, 0.01379285380244255]}