{"loss": 0.7091635465621948, "character_probs": [0.027555879205465317, 0.011290999129414558, 0.021187173202633858, 0.007912497036159039, 0.008726225234568119, 0.01065881084650755, 0.013793757185339928, 0.010783967562019825, 0.009415748529136181, 0.012567473575472832, 0.009316240437328815, 0.00762831699103117, 0.007707261946052313, 0.010323877446353436, 0.00805171299725771, 0.007819293066859245, 0.009679669514298439, 0.009951391257345676, 0.007989873178303242, 0.014279395341873169, 0.014774929732084274, 0.007346962578594685, 0.008432761766016483, 0.009214149788022041, 0.007442208472639322, 0.007144328206777573, 0.008366457186639309, 0.007844393141567707, 0.007282128091901541, 0.010686798021197319, 0.008244435302913189, 0.007709447760134935, 0.008147784508764744, 0.00770926009863615, 0.008387287147343159, 0.007914033718407154, 0.008950334042310715, 0.0074316272512078285, 0.008358235470950603, 0.008670023642480373, 0.00843354407697916, 0.008416217751801014, 0.00817266944795847, 0.009541185572743416, 0.00840711873024702, 0.008182017132639885, 0.007215962745249271, 0.01045309565961361, 0.013714602217078209, 0.007221516687422991, 0.010464705526828766, 0.01061677373945713, 0.014398671686649323, 0.00767872529104352, 0.008329208008944988, 0.0072752321138978004, 0.008132587186992168, 0.007435373496264219, 0.008420229889452457, 0.009093050844967365, 0.008553661406040192, 0.007876558229327202, 0.008412034250795841, 0.013098705559968948, 0.007292075548321009, 0.010486564598977566, 0.007504655979573727, 0.009175130166113377, 0.007822472602128983, 0.007726158015429974, 0.013297111727297306, 0.007440219633281231, 0.01560626644641161, 0.012482322752475739, 0.009223563596606255, 0.009496334008872509, 0.0099073750898242, 0.009002192877233028, 0.007355670910328627], "weapon_probs": [0.01982627995312214, 0.01941579207777977, 0.011442326009273529, 0.021865850314497948, 0.019789909943938255, 0.011955367401242256, 0.007459735963493586, 0.021741360425949097, 0.017223503440618515, 0.008705966174602509, 0.01724962517619133, 0.012497583404183388, 0.0088170375674963, 0.012498054653406143, 0.01086220983415842, 0.012092256918549538, 0.008342032320797443, 0.00901639275252819, 0.02165689319372177, 0.012654032558202744, 0.009472377598285675, 0.009110454469919205, 0.008984831161797047, 0.009386880323290825, 0.00864772591739893, 0.009664956480264664, 0.00911676324903965, 0.011174172163009644, 0.0075247930362820625, 0.007749623153358698, 0.01910834014415741, 0.009134703315794468, 0.008641674183309078, 0.008945552632212639, 0.008226470090448856, 0.015170330181717873, 0.008749748580157757, 0.007771174423396587, 0.009265569970011711, 0.009367388673126698, 0.012593880295753479, 0.007907792925834656, 0.008988084271550179, 0.009301391430199146, 0.008033191785216331, 0.008256097324192524, 0.009583565406501293, 0.010843688622117043, 0.008970767259597778, 0.011641990393400192, 0.008086233399808407, 0.009356537833809853, 0.010577772743999958, 0.023701440542936325, 0.015791412442922592, 0.023137345910072327, 0.010121986269950867, 0.007123604882508516, 0.014265555888414383]}