{"loss": -0.6345235109329224, "character_probs": [0.023611579090356827, 0.013555020093917847, 0.0085986889898777, 0.021864913403987885, 0.011810630559921265, 0.0077236853539943695, 0.010669875890016556, 0.008569291792809963, 0.007542548701167107, 0.01387881115078926, 0.011280205100774765, 0.008667482063174248, 0.010410833172500134, 0.01081202644854784, 0.007605507504194975, 0.008089479990303516, 0.010619458742439747, 0.009972207248210907, 0.007424669805914164, 0.008800406940281391, 0.007532772608101368, 0.007936844602227211, 0.01329806074500084, 0.009457133710384369, 0.008156098425388336, 0.008039346896111965, 0.007757655344903469, 0.009476128034293652, 0.008206930011510849, 0.00782595481723547, 0.007528115063905716, 0.008430681191384792, 0.008531618863344193, 0.008349715732038021, 0.007960038259625435, 0.007956037297844887, 0.013212000951170921, 0.007354922126978636, 0.0076951696537435055, 0.007273128721863031, 0.008305425755679607, 0.008139853365719318, 0.012041918933391571, 0.008883673697710037, 0.007749731652438641, 0.0076601700857281685, 0.011505071073770523, 0.008580927737057209, 0.007739730179309845, 0.008936328813433647, 0.007772844284772873, 0.021618802100419998, 0.01118144765496254, 0.011740146204829216, 0.007473947945982218, 0.00742785120382905, 0.00898104440420866, 0.008854631334543228, 0.007514342665672302, 0.008199182339012623, 0.009804949164390564, 0.011312572285532951, 0.009178799577057362, 0.0165247842669487, 0.010325675830245018, 0.008138524368405342, 0.007748140953481197, 0.00789825338870287, 0.007853368297219276, 0.007867345586419106, 0.007974011823534966, 0.00781365018337965, 0.016259072348475456, 0.008305934257805347, 0.009739024564623833, 0.009453410282731056, 0.014295883476734161, 0.011024054139852524, 0.01906110718846321], "weapon_probs": [0.033596817404031754, 0.016061369329690933, 0.00887215230613947, 0.011354063637554646, 0.028374668210744858, 0.015979211777448654, 0.008899247273802757, 0.012480373494327068, 0.01723644509911537, 0.010510691441595554, 0.01563955470919609, 0.007459595799446106, 0.011311939917504787, 0.010183094069361687, 0.009856482967734337, 0.019391000270843506, 0.008126189932227135, 0.008860429748892784, 0.00884921383112669, 0.007509410846978426, 0.009617995470762253, 0.00728718563914299, 0.011490297503769398, 0.007958662696182728, 0.009751282632350922, 0.013717381283640862, 0.010914167389273643, 0.008215653710067272, 0.007202769163995981, 0.008735204115509987, 0.010067409835755825, 0.009276960045099258, 0.008211718872189522, 0.024007603526115417, 0.010487782768905163, 0.016230974346399307, 0.009358524344861507, 0.007661179173737764, 0.011831521987915039, 0.007609589025378227, 0.013105872087180614, 0.01277270819991827, 0.010223672725260258, 0.008435112424194813, 0.010637505911290646, 0.008517959155142307, 0.016452603042125702, 0.00841447152197361, 0.007992280647158623, 0.013595521450042725, 0.012160023674368858, 0.010685166344046593, 0.007741488516330719, 0.01773180440068245, 0.012134788557887077, 0.010085757821798325, 0.00956649612635374, 0.01394534669816494, 0.009685825556516647]}