{"loss": 0.7161862850189209, "character_probs": [0.010011925362050533, 0.009625280275940895, 0.017457380890846252, 0.014902020804584026, 0.026860415935516357, 0.0098279919475317, 0.007965506054461002, 0.008384696207940578, 0.009020507335662842, 0.009366082958877087, 0.012115033343434334, 0.008968440815806389, 0.018348895013332367, 0.007129965350031853, 0.00814293697476387, 0.01095874048769474, 0.007916770875453949, 0.007950295694172382, 0.012836778536438942, 0.0073593854904174805, 0.007256449665874243, 0.007594206836074591, 0.009755922481417656, 0.007186561822891235, 0.008715661242604256, 0.011359097436070442, 0.012663336470723152, 0.007377274334430695, 0.008273246698081493, 0.007298954762518406, 0.008505374193191528, 0.007501914165914059, 0.008628432638943195, 0.0077424016781151295, 0.011143460869789124, 0.009680249728262424, 0.007692832034081221, 0.008056188002228737, 0.007744372356683016, 0.007715586107224226, 0.007455532439053059, 0.009851807728409767, 0.009187014773488045, 0.0072626154869794846, 0.01400710828602314, 0.008966266177594662, 0.008650128729641438, 0.014314237050712109, 0.009145697578787804, 0.007621776312589645, 0.008870393969118595, 0.00871575903147459, 0.009167944081127644, 0.007503033149987459, 0.00828502792865038, 0.011538177728652954, 0.007282858248800039, 0.008900335989892483, 0.012765919789671898, 0.007641388103365898, 0.007619419600814581, 0.008710523135960102, 0.0071523976512253284, 0.008962725289165974, 0.00818912498652935, 0.007502076681703329, 0.017821023240685463, 0.009911077097058296, 0.0077512264251708984, 0.008050897158682346, 0.018741825595498085, 0.008441581390798092, 0.017708519473671913, 0.0076267654076218605, 0.0074218097142875195, 0.008369684219360352, 0.00782668124884367, 0.016155559569597244, 0.014381825923919678], "weapon_probs": [0.0463075153529644, 0.022025059908628464, 0.008682840503752232, 0.023894470185041428, 0.018482375890016556, 0.013926178216934204, 0.007612634915858507, 0.00821338314563036, 0.007755259983241558, 0.009286254644393921, 0.008173946291208267, 0.011041308753192425, 0.01305626891553402, 0.008472087793052197, 0.007726042997092009, 0.013678407296538353, 0.012306349352002144, 0.012788918800652027, 0.008767363615334034, 0.008407576940953732, 0.013928959146142006, 0.009198881685733795, 0.014999451115727425, 0.007434026803821325, 0.011560115031898022, 0.007171215955168009, 0.007223730441182852, 0.010483644902706146, 0.010107154957950115, 0.008183110505342484, 0.00894514936953783, 0.010998120531439781, 0.012399954721331596, 0.008825094439089298, 0.008929261937737465, 0.007462609559297562, 0.009886103682219982, 0.009032711386680603, 0.008661836385726929, 0.00851785484701395, 0.012885550037026405, 0.009348063729703426, 0.01664847880601883, 0.011248513124883175, 0.013205545954406261, 0.008666365407407284, 0.01020106952637434, 0.012042134068906307, 0.007903015241026878, 0.00992407277226448, 0.011727627366781235, 0.010743554681539536, 0.011242550797760487, 0.013803448528051376, 0.008824734017252922, 0.014768021181225777, 0.008294080384075642, 0.010712343268096447, 0.013004224747419357]}