{"loss": -0.2977651357650757, "character_probs": [0.02975604310631752, 0.00770749244838953, 0.0193569827824831, 0.008712787181138992, 0.007538953796029091, 0.009181788191199303, 0.016115184873342514, 0.011775748804211617, 0.009032921865582466, 0.009560917504131794, 0.007789958734065294, 0.01142878271639347, 0.008253066800534725, 0.009852142073214054, 0.008751369081437588, 0.01714792102575302, 0.011646061204373837, 0.008558123372495174, 0.007984287105500698, 0.00962239783257246, 0.007925518788397312, 0.00751098059117794, 0.007165875285863876, 0.008143327198922634, 0.007197951897978783, 0.007378078997135162, 0.007984991185367107, 0.007381470408290625, 0.01064793299883604, 0.01000984013080597, 0.008038223721086979, 0.00837654434144497, 0.008016836829483509, 0.009247412905097008, 0.010939624160528183, 0.008310375735163689, 0.007631860673427582, 0.008163025602698326, 0.008550683036446571, 0.009507044218480587, 0.00857254397124052, 0.009459085762500763, 0.008381242863833904, 0.007632198743522167, 0.008089164271950722, 0.007364973425865173, 0.008407078683376312, 0.008074290119111538, 0.01579710654914379, 0.012140483595430851, 0.00820488017052412, 0.007678699214011431, 0.008704842999577522, 0.008382523432374, 0.0083157392218709, 0.007905595935881138, 0.009005358442664146, 0.011376844719052315, 0.010564615949988365, 0.008504482917487621, 0.010921955108642578, 0.009339476004242897, 0.0077446866780519485, 0.011607205495238304, 0.009532873518764973, 0.010791206732392311, 0.007767660543322563, 0.009469356387853622, 0.008005745708942413, 0.008514773100614548, 0.013886896893382072, 0.009608614258468151, 0.01045229285955429, 0.007302967365831137, 0.009860850870609283, 0.008640420623123646, 0.011516496539115906, 0.011490427888929844, 0.008161262609064579], "weapon_probs": [0.025606326758861542, 0.01568583771586418, 0.011237398721277714, 0.034260451793670654, 0.008689080365002155, 0.01896187663078308, 0.014960306696593761, 0.012364521622657776, 0.012460067868232727, 0.007358898408710957, 0.008877338841557503, 0.00802620593458414, 0.007508819457143545, 0.009465665556490421, 0.03936294466257095, 0.009362351149320602, 0.010091139934957027, 0.0075808558613061905, 0.008042652159929276, 0.007731876336038113, 0.008892697282135487, 0.00774115277454257, 0.010589058510959148, 0.01073172502219677, 0.01232869178056717, 0.008519290015101433, 0.00778895802795887, 0.010080453008413315, 0.007597543299198151, 0.011112132109701633, 0.011693660169839859, 0.008916134014725685, 0.007602278608828783, 0.008172674104571342, 0.007868318818509579, 0.037672385573387146, 0.007893516682088375, 0.0071098776534199715, 0.007852466776967049, 0.00901820883154869, 0.007268886081874371, 0.008745464496314526, 0.008327298797667027, 0.007602834142744541, 0.010331104509532452, 0.009904110804200172, 0.01048571988940239, 0.007757143583148718, 0.01116563007235527, 0.009345902130007744, 0.012737860903143883, 0.010693345218896866, 0.009693184867501259, 0.010323633439838886, 0.008945451118052006, 0.008562806062400341, 0.017635278403759003, 0.017217768356204033, 0.0077504501678049564]}