{"loss": 0.4434553384780884, "character_probs": [0.009636234492063522, 0.0262654609978199, 0.023564685136079788, 0.008874116465449333, 0.00930277444422245, 0.011445720680058002, 0.011617610231041908, 0.018055271357297897, 0.009008126333355904, 0.00773126445710659, 0.013505211099982262, 0.007394841406494379, 0.00849512591958046, 0.0088045047596097, 0.007536591030657291, 0.008555413223803043, 0.010522028431296349, 0.009972752071917057, 0.007641744799911976, 0.007461571134626865, 0.007576793432235718, 0.008627589792013168, 0.007890607230365276, 0.007352273911237717, 0.00929359532892704, 0.007522132247686386, 0.00868949480354786, 0.0077778855338692665, 0.007869839668273926, 0.010289322584867477, 0.008616460487246513, 0.007374200504273176, 0.007780252955853939, 0.00988908763974905, 0.009057562798261642, 0.013078980147838593, 0.009512830525636673, 0.00887993536889553, 0.007505847606807947, 0.008698737248778343, 0.007453282363712788, 0.00817526038736105, 0.007351668085902929, 0.012477006763219833, 0.012307029217481613, 0.00760652357712388, 0.007487631402909756, 0.009916003793478012, 0.010452072136104107, 0.012098399922251701, 0.007942825555801392, 0.007199918385595083, 0.007319179829210043, 0.007967961020767689, 0.008295562118291855, 0.0072831762954592705, 0.008162842132151127, 0.014141827821731567, 0.007953623309731483, 0.010378704406321049, 0.007881072349846363, 0.012623656541109085, 0.00833683181554079, 0.009157394990324974, 0.007939688861370087, 0.008163612335920334, 0.00869907345622778, 0.01186600886285305, 0.0076003060676157475, 0.008624618873000145, 0.009136850014328957, 0.012424547225236893, 0.009691819548606873, 0.008679975755512714, 0.010617811232805252, 0.008573269471526146, 0.012373823672533035, 0.008959935978055, 0.007418117020279169], "weapon_probs": [0.029357586055994034, 0.0218714140355587, 0.01592649519443512, 0.01620718091726303, 0.015503325499594212, 0.010454083792865276, 0.020276019349694252, 0.015059670433402061, 0.008409759029746056, 0.010613689199090004, 0.009836141020059586, 0.010949663817882538, 0.011006476357579231, 0.00837252102792263, 0.011121073737740517, 0.011947622522711754, 0.012808641418814659, 0.009457744657993317, 0.007841004058718681, 0.008707815781235695, 0.007699151989072561, 0.013891372829675674, 0.01424911804497242, 0.009762180969119072, 0.011043854057788849, 0.00792870856821537, 0.007753161247819662, 0.007286455482244492, 0.008484268561005592, 0.010232309810817242, 0.007405924145132303, 0.00962740182876587, 0.014759639278054237, 0.022878818213939667, 0.009654423221945763, 0.008491218090057373, 0.008254865184426308, 0.008111951872706413, 0.009535913355648518, 0.011944165453314781, 0.017120299860835075, 0.01649431698024273, 0.008393004536628723, 0.007529720664024353, 0.020179256796836853, 0.010788792744278908, 0.007840783335268497, 0.014365196228027344, 0.016486693173646927, 0.007877785712480545, 0.008863650262355804, 0.013540972024202347, 0.007450277917087078, 0.008399469777941704, 0.008843068033456802, 0.00880072545260191, 0.011421678587794304, 0.011867031455039978, 0.00922098383307457]}