{"loss": -0.9375004172325134, "character_probs": [0.023254189640283585, 0.011747496202588081, 0.012416595593094826, 0.008864536881446838, 0.015268000774085522, 0.008510091342031956, 0.020046669989824295, 0.011525442823767662, 0.007579755038022995, 0.008851577527821064, 0.00990508683025837, 0.008137776516377926, 0.009019726887345314, 0.008057551458477974, 0.01114441454410553, 0.010175049304962158, 0.008013417944312096, 0.008647852577269077, 0.007836807519197464, 0.011010784655809402, 0.009082494303584099, 0.0073960283771157265, 0.009431056678295135, 0.007462586276233196, 0.008087108843028545, 0.011281492188572884, 0.008351820521056652, 0.007453118916600943, 0.0076006753370165825, 0.007378251291811466, 0.007282878737896681, 0.013989308848977089, 0.009449075907468796, 0.008118879050016403, 0.008667335845530033, 0.008974676951766014, 0.00936659425497055, 0.009204021655023098, 0.009477926418185234, 0.007180475629866123, 0.017069265246391296, 0.00748008769005537, 0.007110040634870529, 0.007858172990381718, 0.00896248035132885, 0.009411007165908813, 0.009222079999744892, 0.010011006146669388, 0.008313794620335102, 0.007593665737658739, 0.010480934754014015, 0.007117228116840124, 0.013660585507750511, 0.007169962394982576, 0.010974387638270855, 0.019803371280431747, 0.009689834900200367, 0.008690264075994492, 0.009238513186573982, 0.0074348775669932365, 0.0083692641928792, 0.007959897629916668, 0.008744258433580399, 0.008884039707481861, 0.009965898469090462, 0.009571906179189682, 0.011180467903614044, 0.0075495801866054535, 0.007925606332719326, 0.007875313982367516, 0.00985130574554205, 0.01242794655263424, 0.01688702590763569, 0.007807536981999874, 0.01181747019290924, 0.007915124297142029, 0.009658553637564182, 0.00831871759146452, 0.009175868704915047], "weapon_probs": [0.019748065620660782, 0.019954239949584007, 0.025271017104387283, 0.01105843111872673, 0.01349715143442154, 0.011459111236035824, 0.016660746186971664, 0.009540065191686153, 0.019584883004426956, 0.01069567259401083, 0.011962663382291794, 0.011003701016306877, 0.017297275364398956, 0.00907733291387558, 0.008416987955570221, 0.010815855115652084, 0.008347238413989544, 0.012466663494706154, 0.01306125894188881, 0.014271529391407967, 0.007686204742640257, 0.008653353899717331, 0.008320634253323078, 0.009637102484703064, 0.008489134721457958, 0.008198685012757778, 0.008132203482091427, 0.013835594058036804, 0.008741868659853935, 0.009902172721922398, 0.010513326153159142, 0.009217833168804646, 0.021615006029605865, 0.00850455742329359, 0.010121934115886688, 0.008125511929392815, 0.025110680609941483, 0.007578851655125618, 0.009126889519393444, 0.009012917056679726, 0.008804966695606709, 0.01667945273220539, 0.007976035587489605, 0.0085079874843359, 0.007321165408939123, 0.008966708555817604, 0.010249260812997818, 0.012829530984163284, 0.017212551087141037, 0.011314991861581802, 0.018218420445919037, 0.008201511576771736, 0.020282521843910217, 0.022100258618593216, 0.007931597530841827, 0.010796263813972473, 0.016947131603956223, 0.009657184593379498, 0.011683681979775429]}