{"loss": -0.4701792895793915, "character_probs": [0.010232987813651562, 0.011175712570548058, 0.01672273501753807, 0.015419944189488888, 0.013299869373440742, 0.01632922887802124, 0.0087574552744627, 0.00792704802006483, 0.011494399979710579, 0.016769379377365112, 0.011029699817299843, 0.007486891001462936, 0.007212132681161165, 0.010382466949522495, 0.007374986540526152, 0.007572118192911148, 0.00874523725360632, 0.009517279453575611, 0.007560416124761105, 0.010855350643396378, 0.008758137933909893, 0.007769493386149406, 0.014423511922359467, 0.0070921387523412704, 0.012152871116995811, 0.007122262846678495, 0.009866892360150814, 0.008409367874264717, 0.007191160693764687, 0.01278992835432291, 0.009892294183373451, 0.007740646135061979, 0.007909543812274933, 0.00726374052464962, 0.00945247896015644, 0.007537968456745148, 0.008614943362772465, 0.009479409083724022, 0.009098459966480732, 0.009766805917024612, 0.011064371094107628, 0.009677577763795853, 0.010462652891874313, 0.009879965335130692, 0.008967675268650055, 0.007926964201033115, 0.008014556020498276, 0.008188655599951744, 0.007250767666846514, 0.009995379485189915, 0.017322860658168793, 0.008114572614431381, 0.00858317967504263, 0.008098047226667404, 0.008627613075077534, 0.010799633339047432, 0.009647045284509659, 0.008316229097545147, 0.011416557244956493, 0.01366747822612524, 0.00946605484932661, 0.007809111382812262, 0.009986787103116512, 0.008384238928556442, 0.012958494015038013, 0.009366479702293873, 0.008220257237553596, 0.008693014271557331, 0.008680332452058792, 0.007667086087167263, 0.014986212365329266, 0.009607570245862007, 0.00852110330015421, 0.008568902499973774, 0.008027679286897182, 0.016006799414753914, 0.010720448568463326, 0.00983520783483982, 0.009540176019072533], "weapon_probs": [0.011157546192407608, 0.01877247914671898, 0.034424614161252975, 0.010426381602883339, 0.012857661582529545, 0.01902470365166664, 0.011365149170160294, 0.008584212511777878, 0.014392552897334099, 0.021563485264778137, 0.008704358711838722, 0.008415434509515762, 0.018097251653671265, 0.007766430731862783, 0.009353763423860073, 0.012564297765493393, 0.015623101033270359, 0.008623187430202961, 0.009300065226852894, 0.009602261707186699, 0.007654130924493074, 0.007781864609569311, 0.00910903513431549, 0.010827720165252686, 0.008474289439618587, 0.007398007437586784, 0.007788148708641529, 0.011188037693500519, 0.009404078125953674, 0.009831912815570831, 0.009211735799908638, 0.012668749317526817, 0.009419728070497513, 0.01423566322773695, 0.011344384402036667, 0.011186627671122551, 0.007649103179574013, 0.007619653362780809, 0.007565299980342388, 0.00774385966360569, 0.041878990828990936, 0.01518541295081377, 0.010519443079829216, 0.017672426998615265, 0.011584926396608353, 0.012715102173388004, 0.008838453330099583, 0.007699816022068262, 0.011730782687664032, 0.02188924327492714, 0.008015318773686886, 0.016967523843050003, 0.009685913100838661, 0.011277887038886547, 0.00952989887446165, 0.007926500402390957, 0.008520634844899178, 0.017414670437574387, 0.012582307681441307]}