{"loss": -0.23224389553070068, "character_probs": [0.022609855979681015, 0.010590462014079094, 0.012879543006420135, 0.013391458429396152, 0.01020652987062931, 0.012850277125835419, 0.011112755164504051, 0.013594824820756912, 0.018669765442609787, 0.009723972529172897, 0.008131168782711029, 0.013484233990311623, 0.008989285677671432, 0.009811332449316978, 0.007808127906173468, 0.008516349829733372, 0.007905879989266396, 0.007463859859853983, 0.010493124835193157, 0.007856755517423153, 0.008188411593437195, 0.008147836662828922, 0.007983987219631672, 0.013274196535348892, 0.007482030428946018, 0.007970218546688557, 0.0073610516265034676, 0.007419487461447716, 0.008821232244372368, 0.0073587000370025635, 0.008408216759562492, 0.008225558325648308, 0.009040973149240017, 0.011537602171301842, 0.007866873405873775, 0.008507282473146915, 0.007905997335910797, 0.00996546819806099, 0.009947419166564941, 0.010930947959423065, 0.008293277584016323, 0.008288842625916004, 0.008675387129187584, 0.008782202377915382, 0.008314447477459908, 0.007285349071025848, 0.007947897538542747, 0.007175106089562178, 0.014128890819847584, 0.008383226580917835, 0.010241888463497162, 0.0082088652998209, 0.009039096534252167, 0.008275019004940987, 0.008769236505031586, 0.008489483036100864, 0.008123179897665977, 0.01066669449210167, 0.00886513851583004, 0.008065578527748585, 0.007720970548689365, 0.01265780534595251, 0.009047378785908222, 0.008323046378791332, 0.009091584011912346, 0.009445682168006897, 0.009196815080940723, 0.007859368808567524, 0.007597428280860186, 0.010335972532629967, 0.011467956006526947, 0.010879217647016048, 0.008984094485640526, 0.009761898778378963, 0.009836099110543728, 0.013339528813958168, 0.011518913321197033, 0.012952066957950592, 0.015416707843542099], "weapon_probs": [0.012086152099072933, 0.01710941642522812, 0.02407190576195717, 0.016254685819149017, 0.019586613401770592, 0.0222801361232996, 0.010038051754236221, 0.011564374901354313, 0.00902607198804617, 0.01070784218609333, 0.008386949077248573, 0.01806620880961418, 0.00915328785777092, 0.023808006197214127, 0.021662477403879166, 0.007473444566130638, 0.00794961303472519, 0.011676104739308357, 0.01161451917141676, 0.010740836150944233, 0.010224565863609314, 0.011233896017074585, 0.008574491366744041, 0.008409922942519188, 0.012508761137723923, 0.010380309075117111, 0.008894146420061588, 0.007471553049981594, 0.009025480598211288, 0.007192861754447222, 0.007452961057424545, 0.007681398652493954, 0.008995356038212776, 0.01447730977088213, 0.00766738411039114, 0.008351089432835579, 0.023529447615146637, 0.008117267861962318, 0.008603289723396301, 0.012322209775447845, 0.00837171170860529, 0.009824087843298912, 0.009010815992951393, 0.009079337120056152, 0.01791958138346672, 0.008010702207684517, 0.007739286404103041, 0.008093160577118397, 0.011908821761608124, 0.007579364813864231, 0.011370792984962463, 0.008575406856834888, 0.02102821320295334, 0.013304904103279114, 0.008115365169942379, 0.009235871024429798, 0.01155935786664486, 0.00960710272192955, 0.01472153328359127]}