{"loss": -0.939370334148407, "character_probs": [0.018840890377759933, 0.009650463238358498, 0.014800339937210083, 0.012322048656642437, 0.01515381783246994, 0.009440659545361996, 0.011847411282360554, 0.01215115375816822, 0.009722341783344746, 0.013563865795731544, 0.010199403390288353, 0.011476114392280579, 0.007726907264441252, 0.01013505645096302, 0.014924431219696999, 0.007942711934447289, 0.007934887893497944, 0.007813503965735435, 0.012161199003458023, 0.007652450352907181, 0.008759016171097755, 0.00772562250494957, 0.007629929110407829, 0.007588834036141634, 0.007274429313838482, 0.007392555475234985, 0.007659091614186764, 0.007183505222201347, 0.018532807007431984, 0.008765424601733685, 0.008922851644456387, 0.007344046141952276, 0.008431388065218925, 0.0075705330818891525, 0.009368376806378365, 0.007666818331927061, 0.009521206840872765, 0.011271920055150986, 0.008601749315857887, 0.00943452026695013, 0.007878108881413937, 0.0071969362907111645, 0.011159447953104973, 0.008429203182458878, 0.008332405239343643, 0.007513756398111582, 0.007978283800184727, 0.007552444469183683, 0.008901969529688358, 0.007667527999728918, 0.007691169623285532, 0.010807332582771778, 0.00833525788038969, 0.00860391091555357, 0.01601000316441059, 0.01292650867253542, 0.009095092304050922, 0.011202188208699226, 0.008078978396952152, 0.008312247693538666, 0.010424826294183731, 0.007887599058449268, 0.010044053196907043, 0.008592966943979263, 0.00854118075221777, 0.011091681197285652, 0.009469165466725826, 0.01269528642296791, 0.007594796363264322, 0.010567952878773212, 0.009812848642468452, 0.012763859704136848, 0.007709195837378502, 0.007907801307737827, 0.010904347524046898, 0.017316315323114395, 0.007912617176771164, 0.008068162016570568, 0.01828891783952713], "weapon_probs": [0.023057900369167328, 0.012621099129319191, 0.03548657149076462, 0.012343525886535645, 0.014053953811526299, 0.01284610852599144, 0.009945288300514221, 0.009602612815797329, 0.020522162318229675, 0.00976479984819889, 0.013403878547251225, 0.008916502818465233, 0.007562545128166676, 0.009457938373088837, 0.012221653014421463, 0.014867891557514668, 0.007660658098757267, 0.020576681941747665, 0.008561041206121445, 0.015545917674899101, 0.007648271042853594, 0.0105943214148283, 0.007455586455762386, 0.009429337456822395, 0.0077793593518435955, 0.007303663995116949, 0.008736403658986092, 0.009304975159466267, 0.011943306773900986, 0.009995438158512115, 0.0095038628205657, 0.007258983328938484, 0.007449437398463488, 0.00816896092146635, 0.011030862107872963, 0.01491345651447773, 0.01171643752604723, 0.011141935363411903, 0.008775971829891205, 0.008102026768028736, 0.034979838877916336, 0.013084562495350838, 0.00877728033810854, 0.009995958767831326, 0.008666902780532837, 0.010325669310986996, 0.008041825145483017, 0.024443436414003372, 0.009011727757751942, 0.011052425019443035, 0.008420044556260109, 0.008338079787790775, 0.008482121862471104, 0.00932009145617485, 0.009340466931462288, 0.01579042337834835, 0.008023303002119064, 0.018927911296486855, 0.010942541994154453]}