{"loss": -0.9300110340118408, "character_probs": [0.020221367478370667, 0.012292221188545227, 0.010131137445569038, 0.010505123063921928, 0.0131120216101408, 0.012891673482954502, 0.01596774160861969, 0.007252311334013939, 0.018323775380849838, 0.007805430330336094, 0.008569012396037579, 0.011487599462270737, 0.013983950018882751, 0.007632552180439234, 0.008923220448195934, 0.008644580841064453, 0.00889037549495697, 0.008291245438158512, 0.009453879669308662, 0.008919809013605118, 0.0074554248712956905, 0.008213784545660019, 0.008356129750609398, 0.00822189636528492, 0.007437549997121096, 0.007357162423431873, 0.008527643047273159, 0.00761124724522233, 0.008298649452626705, 0.009549729526042938, 0.008578031323850155, 0.010531045496463776, 0.008052356541156769, 0.0074708908796310425, 0.009790168143808842, 0.007390468847006559, 0.007426056545227766, 0.013198411092162132, 0.008808113634586334, 0.007326052524149418, 0.02352209761738777, 0.009556412696838379, 0.008968371897935867, 0.007626583334058523, 0.008888354524970055, 0.008558809757232666, 0.009767148643732071, 0.010820907540619373, 0.007698920089751482, 0.00968208722770214, 0.008797360584139824, 0.007473375182598829, 0.013140209950506687, 0.007541267201304436, 0.008113912306725979, 0.010036454536020756, 0.007387220859527588, 0.011343119665980339, 0.00779644213616848, 0.008195508271455765, 0.008677322417497635, 0.007747970055788755, 0.010052580386400223, 0.01032678410410881, 0.009388390928506851, 0.008172077126801014, 0.0112324059009552, 0.008152014575898647, 0.009106552228331566, 0.010838591493666172, 0.008170953020453453, 0.008741041645407677, 0.008662678301334381, 0.008584818802773952, 0.011025400832295418, 0.0072621917352080345, 0.020584281533956528, 0.009776514954864979, 0.012428149580955505], "weapon_probs": [0.018566036596894264, 0.015013467520475388, 0.012060603126883507, 0.024610422551631927, 0.007897947914898396, 0.020925823599100113, 0.012677980586886406, 0.01837339624762535, 0.009632174856960773, 0.01434946060180664, 0.009500149637460709, 0.010389796458184719, 0.007627463433891535, 0.007510046940296888, 0.012593338266015053, 0.021567905321717262, 0.018063265830278397, 0.007618549279868603, 0.008136878721415997, 0.03397107496857643, 0.007753924932330847, 0.009107816964387894, 0.007638284005224705, 0.007745610550045967, 0.008522594347596169, 0.008669747970998287, 0.007338531780987978, 0.008187796920537949, 0.009684191085398197, 0.008291569538414478, 0.008106102235615253, 0.011301610618829727, 0.008466310799121857, 0.008818895556032658, 0.012067395262420177, 0.01162387989461422, 0.008441179990768433, 0.01220771949738264, 0.008600836619734764, 0.019903570413589478, 0.007575039751827717, 0.009929506108164787, 0.0091865174472332, 0.022476203739643097, 0.016636457294225693, 0.009105057455599308, 0.008287694305181503, 0.01631282828748226, 0.011259878985583782, 0.010482915677130222, 0.0131492605432868, 0.008190476335585117, 0.009252935647964478, 0.01934383250772953, 0.007498681545257568, 0.010839050635695457, 0.011204207316040993, 0.012422502040863037, 0.008692260831594467]}