{"loss": 0.9317882657051086, "character_probs": [0.028574861586093903, 0.010494856163859367, 0.008686251938343048, 0.013340222649276257, 0.012345992960035801, 0.012914525344967842, 0.007981698960065842, 0.024250201880931854, 0.009145350195467472, 0.00990847498178482, 0.0077833677642047405, 0.00856935977935791, 0.007627990562468767, 0.009768258780241013, 0.008689186535775661, 0.007609715685248375, 0.012313779443502426, 0.0073268418200314045, 0.009100237861275673, 0.007348885294049978, 0.008426587097346783, 0.007559770718216896, 0.008473698981106281, 0.008752630092203617, 0.008123022504150867, 0.0075781075283885, 0.0074638198129832745, 0.01037384383380413, 0.008731801994144917, 0.007384589407593012, 0.008606227114796638, 0.0076719122007489204, 0.007697358727455139, 0.009538279846310616, 0.00756140798330307, 0.0077804760076105595, 0.011898396536707878, 0.010683606378734112, 0.007428106851875782, 0.012721708975732327, 0.008350626565515995, 0.00768915144726634, 0.010951041243970394, 0.010265128687024117, 0.007042871322482824, 0.009696044027805328, 0.015365062281489372, 0.008620726875960827, 0.0075746034272015095, 0.0074328170157969, 0.009071210399270058, 0.008476006798446178, 0.007611142937093973, 0.010965108871459961, 0.007329300511628389, 0.007806335110217333, 0.00804408174008131, 0.008474675938487053, 0.008280621841549873, 0.017486874014139175, 0.007197799626737833, 0.009165370836853981, 0.0078867357224226, 0.010849815793335438, 0.010975662618875504, 0.007520940154790878, 0.0098061952739954, 0.008131069131195545, 0.009542305953800678, 0.016146935522556305, 0.010608794167637825, 0.011542074382305145, 0.008730040863156319, 0.008141092956066132, 0.008048317395150661, 0.008643124252557755, 0.008696351200342178, 0.009478877298533916, 0.008214367553591728], "weapon_probs": [0.014622831717133522, 0.06112775579094887, 0.00902283564209938, 0.010363488458096981, 0.018963990733027458, 0.019097041338682175, 0.009179754182696342, 0.007676543667912483, 0.010099576786160469, 0.010167751461267471, 0.011762632988393307, 0.009403783828020096, 0.011536480858922005, 0.01058720052242279, 0.014335212297737598, 0.015208544209599495, 0.0074815512634813786, 0.009818710386753082, 0.008231230080127716, 0.007166678085923195, 0.009023180231451988, 0.007959774695336819, 0.008424658328294754, 0.010920020751655102, 0.007857268676161766, 0.008011302910745144, 0.01027569267898798, 0.00772494450211525, 0.009441902860999107, 0.0110616534948349, 0.009779118001461029, 0.009832045063376427, 0.008003109134733677, 0.011863846331834793, 0.007724658120423555, 0.007839842699468136, 0.008814120665192604, 0.009380217641592026, 0.00951451063156128, 0.007998674176633358, 0.02019345946609974, 0.019114095717668533, 0.011327797546982765, 0.01265221182256937, 0.00894115585833788, 0.009991215541958809, 0.014436261728405952, 0.00967048853635788, 0.008051490411162376, 0.009669270366430283, 0.00828962866216898, 0.010322870686650276, 0.008894411846995354, 0.012720741331577301, 0.011454084888100624, 0.00843384861946106, 0.009453349746763706, 0.009712249040603638, 0.00889536552131176]}