{"loss": -0.27791035175323486, "character_probs": [0.013212218880653381, 0.011918747797608376, 0.010175876319408417, 0.015253398567438126, 0.01764942705631256, 0.010727755725383759, 0.015129214152693748, 0.010657787322998047, 0.008837577886879444, 0.02216549590229988, 0.009237481281161308, 0.008553290739655495, 0.008918111212551594, 0.0095834881067276, 0.0090983547270298, 0.009386969730257988, 0.007585206534713507, 0.008359546773135662, 0.0083956029266119, 0.010730004869401455, 0.01011034194380045, 0.007591829169541597, 0.00779808359220624, 0.008504941128194332, 0.01133313775062561, 0.008260118775069714, 0.008057706989347935, 0.008261608891189098, 0.008703915402293205, 0.007341210264712572, 0.011762136593461037, 0.012968217954039574, 0.007866849191486835, 0.008362584747374058, 0.007763625122606754, 0.008012731559574604, 0.008210204541683197, 0.007938110269606113, 0.008192947134375572, 0.008871929720044136, 0.008422249928116798, 0.007979664951562881, 0.010102508589625359, 0.008192108944058418, 0.008937625214457512, 0.00856870785355568, 0.00945277139544487, 0.0076192524284124374, 0.010580308735370636, 0.00957002118229866, 0.0076959202997386456, 0.008532512933015823, 0.007944832555949688, 0.008055062964558601, 0.013880192302167416, 0.007634236942976713, 0.0075949025340378284, 0.007605737540870905, 0.007833290845155716, 0.007839559577405453, 0.00792346615344286, 0.008306638337671757, 0.008238635025918484, 0.02199401706457138, 0.008168179541826248, 0.008309031836688519, 0.009834145195782185, 0.010719872079789639, 0.009865986183285713, 0.007317692507058382, 0.011693364009261131, 0.012547977268695831, 0.010715791024267673, 0.008359856903553009, 0.008330432698130608, 0.008958245627582073, 0.012299301102757454, 0.015488588251173496, 0.007720131427049637], "weapon_probs": [0.02991625666618347, 0.015736520290374756, 0.01801014132797718, 0.010237032547593117, 0.008992301300168037, 0.028649382293224335, 0.0119452103972435, 0.009820015169680119, 0.018892869353294373, 0.018551092594861984, 0.009413715451955795, 0.00956861674785614, 0.007590603549033403, 0.007904844358563423, 0.008342398330569267, 0.007623384241014719, 0.03129899129271507, 0.0082055339589715, 0.00737806037068367, 0.011538015678524971, 0.008106764405965805, 0.008943507447838783, 0.010646959766745567, 0.008655899204313755, 0.00812783744186163, 0.012940083630383015, 0.014229356311261654, 0.008484255522489548, 0.007212812080979347, 0.007812181022018194, 0.010421015322208405, 0.009410453960299492, 0.008785980753600597, 0.013029947876930237, 0.00907738134264946, 0.009158162400126457, 0.007872506976127625, 0.010620320215821266, 0.009396142326295376, 0.008113146759569645, 0.008783293887972832, 0.009350347332656384, 0.009678458794951439, 0.011802486144006252, 0.011513067409396172, 0.013762645423412323, 0.007973846979439259, 0.007821550592780113, 0.012453055009245872, 0.010943545028567314, 0.01792529970407486, 0.030905168503522873, 0.007607283070683479, 0.008528673090040684, 0.011245602741837502, 0.01909223385155201, 0.01472342200577259, 0.014811061322689056, 0.008771899156272411]}