{"loss": 0.9580353498458862, "character_probs": [0.025655731558799744, 0.012081597000360489, 0.010852500796318054, 0.022737007588148117, 0.008117620833218098, 0.019399486482143402, 0.009269015863537788, 0.007517951540648937, 0.009475914761424065, 0.00940103828907013, 0.009363090619444847, 0.013207457959651947, 0.0090786162763834, 0.007160141598433256, 0.007868957705795765, 0.008145236410200596, 0.007133186794817448, 0.008251103572547436, 0.010540633462369442, 0.008303876034915447, 0.008136626332998276, 0.007405261043459177, 0.00730914156883955, 0.007290337700396776, 0.014273564331233501, 0.007354210130870342, 0.008497551083564758, 0.008586755022406578, 0.008581012487411499, 0.010436344891786575, 0.0077192774042487144, 0.009753732942044735, 0.008694019168615341, 0.007617351599037647, 0.007579839788377285, 0.007341956254094839, 0.008568955585360527, 0.009965118020772934, 0.007190798409283161, 0.0112867821007967, 0.007781446911394596, 0.008617451414465904, 0.010288434103131294, 0.0073105222545564175, 0.0087549714371562, 0.009664866141974926, 0.008804164826869965, 0.007971971295773983, 0.01059378869831562, 0.010703571140766144, 0.008084078319370747, 0.007406845223158598, 0.007948743179440498, 0.009759790264070034, 0.017420867457985878, 0.007461060769855976, 0.008525884710252285, 0.009945869445800781, 0.008363916538655758, 0.009551807306706905, 0.008434266783297062, 0.009064341895282269, 0.007491020020097494, 0.008242897689342499, 0.00949028879404068, 0.009369887411594391, 0.018055401742458344, 0.008564130403101444, 0.010605212301015854, 0.00862334668636322, 0.009445573203265667, 0.007549241650849581, 0.00787271186709404, 0.008249908685684204, 0.009571606293320656, 0.007837381213903427, 0.010801966302096844, 0.009355269372463226, 0.00799635611474514], "weapon_probs": [0.03918737918138504, 0.018421780318021774, 0.013551478274166584, 0.019457217305898666, 0.01054675504565239, 0.011364711448550224, 0.012749414891004562, 0.008999072015285492, 0.009693000465631485, 0.019640294834971428, 0.010177893564105034, 0.00810949970036745, 0.009261040017008781, 0.009701812639832497, 0.009413931518793106, 0.013184105977416039, 0.010892052203416824, 0.011757198721170425, 0.008321445435285568, 0.00856174249202013, 0.00767974928021431, 0.01255456916987896, 0.009842650964856148, 0.010270370170474052, 0.00978087354451418, 0.007463603746145964, 0.01407425757497549, 0.010070515796542168, 0.02257191389799118, 0.012069523334503174, 0.007484319154173136, 0.009048130363225937, 0.012863226234912872, 0.010025782510638237, 0.01843130961060524, 0.013054563663899899, 0.010871966369450092, 0.008137699216604233, 0.007816278375685215, 0.010399124585092068, 0.007379697170108557, 0.011246256530284882, 0.010128053836524487, 0.00861266814172268, 0.009041300974786282, 0.011213576421141624, 0.014680902473628521, 0.013183524832129478, 0.012662871740758419, 0.00771815050393343, 0.00832240842282772, 0.01394057646393776, 0.010658172890543938, 0.007547091692686081, 0.00944717600941658, 0.01123068667948246, 0.009713171049952507, 0.011483671143651009, 0.01132962666451931]}