{"loss": 0.31708216667175293, "character_probs": [0.02891497313976288, 0.012337349355220795, 0.01172521524131298, 0.01887904293835163, 0.008912029676139355, 0.011247081682085991, 0.01191711239516735, 0.011434637941420078, 0.0078963004052639, 0.01143018901348114, 0.008574762381613255, 0.008385124616324902, 0.00811722781509161, 0.008155819959938526, 0.01163235679268837, 0.007847422733902931, 0.012006569653749466, 0.0083500687032938, 0.007607557810842991, 0.007258304860442877, 0.008178756572306156, 0.007482165936380625, 0.011474858969449997, 0.009995557367801666, 0.010544631630182266, 0.007512719836086035, 0.007671539671719074, 0.012464862316846848, 0.00745856948196888, 0.00763018149882555, 0.007670904044061899, 0.008524463512003422, 0.008919008076190948, 0.007671782281249762, 0.009075934998691082, 0.008034072816371918, 0.008124057203531265, 0.008423042483627796, 0.008592262864112854, 0.009765665046870708, 0.007476464379578829, 0.009684603661298752, 0.007258933503180742, 0.007870107889175415, 0.01481709722429514, 0.00869222916662693, 0.007534131873399019, 0.007504613604396582, 0.007267055567353964, 0.007820839062333107, 0.007681640796363354, 0.008288019336760044, 0.0096611138433218, 0.015200876630842686, 0.008594290353357792, 0.007836014032363892, 0.008211281150579453, 0.00859425961971283, 0.007677133660763502, 0.012725075706839561, 0.011396296322345734, 0.009855298325419426, 0.008548177778720856, 0.009039393626153469, 0.01165814884006977, 0.008373628370463848, 0.007553353440016508, 0.009126758202910423, 0.009988302364945412, 0.012899501249194145, 0.013346163555979729, 0.008302157744765282, 0.00885095726698637, 0.0075630908831954, 0.007716595660895109, 0.010403566993772984, 0.008365754038095474, 0.007784562651067972, 0.008336156606674194], "weapon_probs": [0.015334000810980797, 0.02149234339594841, 0.02825501561164856, 0.00986400991678238, 0.02577269822359085, 0.008596563711762428, 0.012067381292581558, 0.011657417751848698, 0.009244317188858986, 0.013184797018766403, 0.010077275335788727, 0.0073465341702103615, 0.007618130650371313, 0.017881806939840317, 0.02200702205300331, 0.008519562892615795, 0.0078048016875982285, 0.009583111852407455, 0.007849670946598053, 0.017338674515485764, 0.0074989572167396545, 0.0073957284912467, 0.022042181342840195, 0.007448380347341299, 0.008211498148739338, 0.0072835334576666355, 0.008892799727618694, 0.010002372786402702, 0.01090541947633028, 0.0193096362054348, 0.007935496978461742, 0.009043622761964798, 0.007779053878039122, 0.010945642367005348, 0.008000868372619152, 0.0073288436979055405, 0.011692973785102367, 0.007989783771336079, 0.011303408071398735, 0.02094772830605507, 0.013688987120985985, 0.015274523757398129, 0.016688048839569092, 0.009020545519888401, 0.008863609284162521, 0.01068833563476801, 0.010516810230910778, 0.009122705087065697, 0.009074175730347633, 0.009718896821141243, 0.008875126019120216, 0.013353366404771805, 0.008539595641195774, 0.010705292224884033, 0.010680134408175945, 0.019240282475948334, 0.013334574177861214, 0.01541401632130146, 0.008720689453184605]}