{"loss": -0.18171921372413635, "character_probs": [0.02152910828590393, 0.014104914851486683, 0.01386396586894989, 0.015474754385650158, 0.009391958825290203, 0.00940797757357359, 0.020038843154907227, 0.009560735896229744, 0.008107858709990978, 0.009619949385523796, 0.01676032319664955, 0.007474586833268404, 0.007147603668272495, 0.007888092659413815, 0.009549956768751144, 0.0075297728180885315, 0.0075390636920928955, 0.009639597497880459, 0.007878243923187256, 0.009229771792888641, 0.007516111247241497, 0.008892672136425972, 0.008166228421032429, 0.0073748501017689705, 0.007226081565022469, 0.007353746332228184, 0.007891051471233368, 0.010340379551053047, 0.0075934580527246, 0.0075230966322124004, 0.009828969836235046, 0.007620919030159712, 0.031778812408447266, 0.008898423984646797, 0.007363893091678619, 0.00805058516561985, 0.008306650444865227, 0.007387538440525532, 0.007168925832957029, 0.007108360528945923, 0.00809372030198574, 0.007973356172442436, 0.012537272647023201, 0.007434196770191193, 0.007908335886895657, 0.007259541191160679, 0.00817848276346922, 0.010870710015296936, 0.008794284425675869, 0.010846417397260666, 0.009446301497519016, 0.008271635510027409, 0.008021586574614048, 0.007331210654228926, 0.008192982524633408, 0.008849699050188065, 0.008002019487321377, 0.007593189366161823, 0.009591822512447834, 0.010677804239094257, 0.008279899135231972, 0.00781555287539959, 0.008596406318247318, 0.013374595902860165, 0.0073237791657447815, 0.00870924349874258, 0.007194635923951864, 0.008032871410250664, 0.009525773115456104, 0.007653865963220596, 0.011388099752366543, 0.00749798072502017, 0.008962368592619896, 0.013694047927856445, 0.007611222565174103, 0.009510348550975323, 0.01153188943862915, 0.009279746562242508, 0.011542567983269691], "weapon_probs": [0.039417754858732224, 0.01842726394534111, 0.016175370663404465, 0.013642655685544014, 0.009481734596192837, 0.01829448528587818, 0.00898789707571268, 0.02214500866830349, 0.010687066242098808, 0.019692637026309967, 0.010161548852920532, 0.008361650630831718, 0.013644310645759106, 0.008051261305809021, 0.009025605395436287, 0.010045838542282581, 0.008139499463140965, 0.017192982137203217, 0.010286038741469383, 0.010896794497966766, 0.007923327386379242, 0.011300845071673393, 0.007609211839735508, 0.012672441080212593, 0.007811360992491245, 0.008190963417291641, 0.008499003946781158, 0.008700809441506863, 0.008671388030052185, 0.00944669358432293, 0.012930121272802353, 0.008113798685371876, 0.007632956840097904, 0.00920640118420124, 0.007639538496732712, 0.009436557069420815, 0.008507771417498589, 0.007777271792292595, 0.007587863598018885, 0.009202818386256695, 0.013016704469919205, 0.0083637535572052, 0.021742351353168488, 0.013356814160943031, 0.00804859772324562, 0.011119253933429718, 0.012412559241056442, 0.013138813897967339, 0.007658032700419426, 0.007706429809331894, 0.007952677085995674, 0.007556295022368431, 0.008323483169078827, 0.0079998429864645, 0.010997241362929344, 0.020604517310857773, 0.008457367308437824, 0.014872072264552116, 0.013765333220362663]}