{"loss": 0.22533753514289856, "character_probs": [0.012046200223267078, 0.020594201982021332, 0.00839119590818882, 0.01279207319021225, 0.015523798763751984, 0.010418927296996117, 0.011375468224287033, 0.019893184304237366, 0.007250952534377575, 0.008532021194696426, 0.007860442623496056, 0.00815660785883665, 0.011902565136551857, 0.007899461314082146, 0.01215216051787138, 0.012721408158540726, 0.0091850059106946, 0.00746620399877429, 0.007951019331812859, 0.008296222425997257, 0.009093336760997772, 0.008442142978310585, 0.009087548591196537, 0.007110812235623598, 0.013907521963119507, 0.011191454716026783, 0.008127260021865368, 0.007705214899033308, 0.007773776073008776, 0.008530574850738049, 0.0072108968161046505, 0.012833235785365105, 0.00822658184915781, 0.008771132677793503, 0.007638542912900448, 0.00899467058479786, 0.007122502196580172, 0.008995946496725082, 0.009530899114906788, 0.008489491418004036, 0.008680438622832298, 0.009418254718184471, 0.007913895882666111, 0.0073937587440013885, 0.008157921023666859, 0.01689857989549637, 0.008088916540145874, 0.008023961447179317, 0.009355357848107815, 0.008874651975929737, 0.012034477666020393, 0.008510405197739601, 0.009482026100158691, 0.008317100815474987, 0.009976855479180813, 0.008605084381997585, 0.014887643046677113, 0.010690654627978802, 0.007510659750550985, 0.00964596588164568, 0.007350971922278404, 0.009237013757228851, 0.009888755157589912, 0.007801588159054518, 0.00980260968208313, 0.007868191227316856, 0.007661415264010429, 0.009243505075573921, 0.009361835196614265, 0.007753187790513039, 0.011496519669890404, 0.00825598556548357, 0.010875264182686806, 0.012386271730065346, 0.007668490521609783, 0.008771046064794064, 0.007681653369218111, 0.012288346886634827, 0.009716575965285301], "weapon_probs": [0.06637267768383026, 0.00930713675916195, 0.009711823426187038, 0.01610315963625908, 0.01233377680182457, 0.010475905612111092, 0.014400393702089787, 0.011290437541902065, 0.008864892646670341, 0.008569012396037579, 0.008320854045450687, 0.008159065619111061, 0.010454323142766953, 0.013560117222368717, 0.008172032423317432, 0.009921649470925331, 0.009183187037706375, 0.00908280536532402, 0.010811928659677505, 0.010205925442278385, 0.0076218899339437485, 0.008454767987132072, 0.010698839090764523, 0.007977339439094067, 0.011570967733860016, 0.007753270212560892, 0.00942960474640131, 0.008081501349806786, 0.00834515318274498, 0.007973759435117245, 0.010394880548119545, 0.009007373824715614, 0.011388067156076431, 0.007440369110554457, 0.01725958287715912, 0.014188617467880249, 0.008774199523031712, 0.008667376823723316, 0.022841747850179672, 0.009594976902008057, 0.010312751866877079, 0.019265085458755493, 0.009511210024356842, 0.009233489632606506, 0.021710753440856934, 0.008991613052785397, 0.009192622266709805, 0.009279969148337841, 0.00824894942343235, 0.012130333110690117, 0.008751139976084232, 0.009431233629584312, 0.008366407826542854, 0.011339699849486351, 0.014094643294811249, 0.01762368157505989, 0.012099028564989567, 0.025493033230304718, 0.007881739176809788]}