{"loss": -0.7954567074775696, "character_probs": [0.013555311597883701, 0.013999789953231812, 0.01797785423696041, 0.019097741693258286, 0.00922899879515171, 0.009765159338712692, 0.01328291092067957, 0.009858359582722187, 0.010758118703961372, 0.008636257611215115, 0.0087890038266778, 0.007481689564883709, 0.007439686916768551, 0.008075308986008167, 0.010305669158697128, 0.009541690349578857, 0.010537965223193169, 0.014851141721010208, 0.013212298043072224, 0.008061260916292667, 0.012227684259414673, 0.008482396602630615, 0.01020346861332655, 0.008673381060361862, 0.007295586634427309, 0.007117403205484152, 0.009273743256926537, 0.007563615217804909, 0.007285951636731625, 0.007998423650860786, 0.00732222618535161, 0.008500194177031517, 0.007881112396717072, 0.007694051135331392, 0.008101748302578926, 0.009665148332715034, 0.014186828397214413, 0.007897559553384781, 0.00784384272992611, 0.015776604413986206, 0.008277957327663898, 0.013859909027814865, 0.007977031171321869, 0.00836082361638546, 0.0075830575078725815, 0.007555523421615362, 0.007475449237972498, 0.009214281104505062, 0.007494314108043909, 0.007780116517096758, 0.007231469266116619, 0.009792549535632133, 0.013098818250000477, 0.008133397437632084, 0.008033379912376404, 0.0077358209528028965, 0.007914680056273937, 0.009071099571883678, 0.011215761303901672, 0.009872990660369396, 0.007471741177141666, 0.009573771618306637, 0.007646307814866304, 0.007867317646741867, 0.007278936915099621, 0.010428286157548428, 0.012866213917732239, 0.010787483304738998, 0.010554956272244453, 0.010279899463057518, 0.010010766796767712, 0.011951702646911144, 0.020272478461265564, 0.008881382644176483, 0.008443625643849373, 0.008838018402457237, 0.012192345224320889, 0.010882961563766003, 0.008451050147414207], "weapon_probs": [0.02678702026605606, 0.01474529504776001, 0.02162179723381996, 0.009334024973213673, 0.023230984807014465, 0.01569841429591179, 0.010412494651973248, 0.012285069562494755, 0.010654101148247719, 0.02191796526312828, 0.010522585362195969, 0.00945968460291624, 0.008521214127540588, 0.014363161288201809, 0.012223548255860806, 0.008377742022275925, 0.009377514943480492, 0.010393372736871243, 0.01234129723161459, 0.007795799523591995, 0.008371715433895588, 0.008762205950915813, 0.00997348316013813, 0.008601706475019455, 0.01059568952769041, 0.011194579303264618, 0.008140143007040024, 0.008572245016694069, 0.010843044146895409, 0.009402720257639885, 0.031312454491853714, 0.011944413185119629, 0.007764976937323809, 0.008773304522037506, 0.008074636571109295, 0.009441971778869629, 0.007875151932239532, 0.008494439534842968, 0.011709917336702347, 0.008613801561295986, 0.015386455692350864, 0.009230381809175014, 0.010990047827363014, 0.008474531583487988, 0.008037764579057693, 0.009967801161110401, 0.01012429129332304, 0.016687020659446716, 0.009794400073587894, 0.016082340851426125, 0.013685233891010284, 0.009143003262579441, 0.01667431741952896, 0.009759640321135521, 0.01139127742499113, 0.008421522565186024, 0.01674852892756462, 0.00890823919326067, 0.01041744276881218]}