{"loss": 0.557128369808197, "character_probs": [0.028939146548509598, 0.01732253096997738, 0.00903474260121584, 0.010411826893687248, 0.008073545061051846, 0.014574417844414711, 0.00944187305867672, 0.01033543050289154, 0.01177925243973732, 0.01060949731618166, 0.007948187179863453, 0.013655693270266056, 0.007549572736024857, 0.007585072424262762, 0.007239676546305418, 0.007521595805883408, 0.018918154761195183, 0.008043359033763409, 0.009937601163983345, 0.011658063158392906, 0.00822549406439066, 0.008632040582597256, 0.007637240458279848, 0.007790992967784405, 0.00828049797564745, 0.008043899200856686, 0.007661518640816212, 0.007938223890960217, 0.007175177801400423, 0.007656972389668226, 0.008826307021081448, 0.008237182162702084, 0.008299586363136768, 0.008585343137383461, 0.009335368871688843, 0.007442361209541559, 0.007246237248182297, 0.009691884741187096, 0.009248369373381138, 0.01197892427444458, 0.008138168603181839, 0.00945021491497755, 0.011105154640972614, 0.010124430060386658, 0.007315326482057571, 0.007231942377984524, 0.007094750180840492, 0.009416727349162102, 0.007863916456699371, 0.015141922049224377, 0.008624695241451263, 0.008764405734837055, 0.007073832210153341, 0.0077352626249194145, 0.014001762494444847, 0.00776239950209856, 0.007467706687748432, 0.010292429476976395, 0.01045382022857666, 0.009660763666033745, 0.007180756889283657, 0.007937183603644371, 0.008114183321595192, 0.009329453110694885, 0.007260942831635475, 0.008329769596457481, 0.01581418141722679, 0.010274043306708336, 0.008155928924679756, 0.007834747433662415, 0.009467986412346363, 0.007947891019284725, 0.009179250337183475, 0.012744595296680927, 0.007894787937402725, 0.008211398497223854, 0.01136472262442112, 0.015275215730071068, 0.007783153094351292], "weapon_probs": [0.015071270056068897, 0.047244276851415634, 0.01106274500489235, 0.020614245906472206, 0.023961100727319717, 0.007597671821713448, 0.011580944061279297, 0.013183736242353916, 0.008487215265631676, 0.011121533811092377, 0.010317237116396427, 0.008648989722132683, 0.017224717885255814, 0.013375450856983662, 0.009270713664591312, 0.011916306801140308, 0.008270970545709133, 0.009092806838452816, 0.008066408336162567, 0.011323511600494385, 0.008926087990403175, 0.007561751641333103, 0.019115738570690155, 0.007637716829776764, 0.008670061826705933, 0.011243155226111412, 0.008768700063228607, 0.007933512330055237, 0.008499442599713802, 0.00967931654304266, 0.008964070118963718, 0.008526993915438652, 0.007874292321503162, 0.013713574968278408, 0.009465674869716167, 0.007580373901873827, 0.008106699213385582, 0.010910959914326668, 0.008496293798089027, 0.008823374286293983, 0.008316407911479473, 0.007919372990727425, 0.013884572312235832, 0.011710721999406815, 0.021556980907917023, 0.009038497693836689, 0.008362106047570705, 0.007380237802863121, 0.008480967953801155, 0.0076857577078044415, 0.007763500791043043, 0.007483084220439196, 0.00725657120347023, 0.007285466883331537, 0.009930250234901905, 0.01328336913138628, 0.024679012596607208, 0.026789121329784393, 0.0076482887379825115]}