{"loss": -0.9558237195014954, "character_probs": [0.018341418355703354, 0.020211677998304367, 0.011654816567897797, 0.00730010075494647, 0.01010465994477272, 0.030202828347682953, 0.008651206269860268, 0.008899369277060032, 0.012328092008829117, 0.008696314878761768, 0.013426393270492554, 0.007511744741350412, 0.007465742994099855, 0.0075044515542685986, 0.008489936590194702, 0.007357336580753326, 0.014294164255261421, 0.007180800661444664, 0.008381412364542484, 0.00866770464926958, 0.00984215922653675, 0.007500853389501572, 0.007116612512618303, 0.008147376589477062, 0.008446071296930313, 0.007544433698058128, 0.007863587699830532, 0.007680733222514391, 0.007717655040323734, 0.008264732547104359, 0.011373098939657211, 0.00784220639616251, 0.008008030243217945, 0.011011690832674503, 0.008037697523832321, 0.007420867681503296, 0.00798279419541359, 0.007890455424785614, 0.007778655271977186, 0.008254799991846085, 0.011905809864401817, 0.007335335947573185, 0.00718134269118309, 0.012080966494977474, 0.007328839506953955, 0.0074002547189593315, 0.00910349003970623, 0.011120045557618141, 0.008132507093250751, 0.014900279231369495, 0.01030040718615055, 0.00759095000103116, 0.00774670485407114, 0.010433197021484375, 0.00816561933606863, 0.007814129814505577, 0.007799107581377029, 0.00807471014559269, 0.007845185697078705, 0.009445040486752987, 0.00984598696231842, 0.0077862199395895, 0.02766922488808632, 0.008741834200918674, 0.007267179433256388, 0.007581723853945732, 0.010737237520515919, 0.010000469163060188, 0.010443742386996746, 0.00854658242315054, 0.009336081333458424, 0.00841498002409935, 0.007383677177131176, 0.009346643462777138, 0.008075510151684284, 0.008280238136649132, 0.01025858148932457, 0.012550014071166515, 0.00953410193324089], "weapon_probs": [0.022299252450466156, 0.016856621950864792, 0.03469151258468628, 0.020069606602191925, 0.012048603966832161, 0.00880183931440115, 0.009407119825482368, 0.010627659037709236, 0.012613359838724136, 0.009446726180613041, 0.007583499886095524, 0.023067191243171692, 0.013439275324344635, 0.009242327883839607, 0.0102176982909441, 0.008853279054164886, 0.00945446640253067, 0.01214645430445671, 0.013119339011609554, 0.008263180032372475, 0.008287203498184681, 0.01009815838187933, 0.012263055890798569, 0.010925309732556343, 0.008151045069098473, 0.0077099548652768135, 0.013562489300966263, 0.008249837905168533, 0.007966341450810432, 0.012477375566959381, 0.00912476982921362, 0.011330990120768547, 0.008538084104657173, 0.013330977410078049, 0.009031020104885101, 0.012441480532288551, 0.009778565727174282, 0.008541526272892952, 0.009017791599035263, 0.011906662955880165, 0.009826777502894402, 0.007737392093986273, 0.015414102002978325, 0.007536448538303375, 0.010304082185029984, 0.009965498931705952, 0.024812187999486923, 0.008787129074335098, 0.016539443284273148, 0.009384110569953918, 0.011838209815323353, 0.008116277866065502, 0.013370178639888763, 0.01112811267375946, 0.012530012056231499, 0.01577293872833252, 0.014711156487464905, 0.008368957787752151, 0.013096865266561508]}