{"loss": 0.8706001043319702, "character_probs": [0.01656707003712654, 0.016476906836032867, 0.018900766968727112, 0.012247424572706223, 0.008351108990609646, 0.008688014931976795, 0.010411476716399193, 0.016961228102445602, 0.013800445944070816, 0.008139052428305149, 0.012063203379511833, 0.007603776641190052, 0.009300419129431248, 0.011163994669914246, 0.009572098962962627, 0.007789856754243374, 0.00971757061779499, 0.007340708747506142, 0.007651635445654392, 0.008813857100903988, 0.007846296764910221, 0.01086960919201374, 0.012275242246687412, 0.007932187989354134, 0.008834866806864738, 0.00844188779592514, 0.007426240481436253, 0.01126020960509777, 0.0078499810770154, 0.009331822395324707, 0.010473595932126045, 0.008645598776638508, 0.008042274974286556, 0.007462419103831053, 0.008911083452403545, 0.00782471988350153, 0.0074388859793543816, 0.009545698761940002, 0.008457931689918041, 0.007336245384067297, 0.007320144679397345, 0.012304992415010929, 0.00733731035143137, 0.007467046845704317, 0.009776200167834759, 0.007449685595929623, 0.008901775814592838, 0.007603404112160206, 0.008744106628000736, 0.010092017240822315, 0.010142121464014053, 0.01568591222167015, 0.008688212372362614, 0.010112511925399303, 0.008116615004837513, 0.008939672261476517, 0.008800579234957695, 0.007554174400866032, 0.008635484613478184, 0.009335193783044815, 0.00870939064770937, 0.018580665811896324, 0.0075439708307385445, 0.0097416453063488, 0.009661921299993992, 0.008635650388896465, 0.007892598398029804, 0.008151713758707047, 0.010957108810544014, 0.008021598681807518, 0.008612836711108685, 0.008023946546018124, 0.009763684123754501, 0.009896968491375446, 0.007828528061509132, 0.012680331245064735, 0.012668760493397713, 0.00822560116648674, 0.007883657701313496], "weapon_probs": [0.02730342373251915, 0.012334754690527916, 0.015255369246006012, 0.02713603526353836, 0.010827172547578812, 0.012543320655822754, 0.018540695309638977, 0.007748337462544441, 0.011601710692048073, 0.01228870265185833, 0.010880053974688053, 0.014996255747973919, 0.009742619469761848, 0.008468952029943466, 0.01804390922188759, 0.009343569166958332, 0.009217572398483753, 0.014615308493375778, 0.009729646146297455, 0.009764643386006355, 0.013762732036411762, 0.010723743587732315, 0.017787955701351166, 0.008194840513169765, 0.01037643849849701, 0.009756162762641907, 0.008697746321558952, 0.010980917140841484, 0.009601633064448833, 0.007978113368153572, 0.009177932515740395, 0.009448166005313396, 0.008100583218038082, 0.011131957173347473, 0.008903220295906067, 0.008373962715268135, 0.010041484609246254, 0.007577390875667334, 0.010146263055503368, 0.011285964399576187, 0.00901583768427372, 0.008788028731942177, 0.01040272694081068, 0.014095607213675976, 0.011476842686533928, 0.013724196702241898, 0.008441134355962276, 0.008449806831777096, 0.010335145518183708, 0.021025381982326508, 0.038819972425699234, 0.007680812850594521, 0.010673385113477707, 0.013672726228833199, 0.009291422553360462, 0.0103068882599473, 0.007338590454310179, 0.007250350899994373, 0.013124407269060612]}