{"loss": -0.7296523451805115, "character_probs": [0.01759696751832962, 0.012945801950991154, 0.012876802124083042, 0.01093432679772377, 0.009755502454936504, 0.017194963991642, 0.011716805398464203, 0.0098577830940485, 0.00807357020676136, 0.007676220498979092, 0.012347202748060226, 0.0103751290589571, 0.008451230823993683, 0.009915174916386604, 0.009443293325603008, 0.021725833415985107, 0.008182930760085583, 0.00857580453157425, 0.007708738557994366, 0.007650956977158785, 0.009367807768285275, 0.007263903506100178, 0.007917718030512333, 0.00972343422472477, 0.010026544332504272, 0.01235908642411232, 0.009922724217176437, 0.00848784763365984, 0.007378967944532633, 0.009859506972134113, 0.00765560008585453, 0.010357032530009747, 0.008285646326839924, 0.007770357187837362, 0.008800921030342579, 0.011772224679589272, 0.00978387426584959, 0.009012489579617977, 0.009315721690654755, 0.01032809354364872, 0.00811882596462965, 0.007112652063369751, 0.008341868408024311, 0.0077757881954312325, 0.00710451090708375, 0.010259819217026234, 0.00879222434014082, 0.008669723756611347, 0.008661983534693718, 0.007630833424627781, 0.00766746886074543, 0.010761390440165997, 0.008545627817511559, 0.008115226402878761, 0.007625457365065813, 0.008030478842556477, 0.007456603460013866, 0.008088893257081509, 0.01035531796514988, 0.009128417819738388, 0.013671759516000748, 0.008791117928922176, 0.008025968447327614, 0.01846298575401306, 0.0074347262270748615, 0.012326078489422798, 0.010277860797941685, 0.00881456770002842, 0.010453220456838608, 0.013362366706132889, 0.00748016219586134, 0.007953120395541191, 0.009548867121338844, 0.007784585934132338, 0.009495630860328674, 0.008185370825231075, 0.0075983148999512196, 0.01280471682548523, 0.007908839732408524], "weapon_probs": [0.03290145471692085, 0.013117460533976555, 0.019546613097190857, 0.011386688798666, 0.018674947321414948, 0.009560555219650269, 0.01692069321870804, 0.016796370968222618, 0.013132195919752121, 0.010789863765239716, 0.007936125621199608, 0.00870384182780981, 0.012830642983317375, 0.010590428486466408, 0.01945514604449272, 0.012725025415420532, 0.009302234277129173, 0.009313568472862244, 0.0074989995919167995, 0.011489668861031532, 0.011088702827692032, 0.007999744266271591, 0.010221747681498528, 0.00904015265405178, 0.009269943460822105, 0.009235440753400326, 0.009065765887498856, 0.01360493153333664, 0.013434624299407005, 0.00735129602253437, 0.009107260964810848, 0.007597783580422401, 0.007487778086215258, 0.02499035745859146, 0.007460005581378937, 0.007664911448955536, 0.007597491145133972, 0.010067518800497055, 0.010597621090710163, 0.00726328743621707, 0.008069191128015518, 0.01314026489853859, 0.009883474558591843, 0.009551884606480598, 0.011115380562841892, 0.015676522627472878, 0.007490529678761959, 0.031974319368600845, 0.00950867123901844, 0.008303489536046982, 0.013860311359167099, 0.010513057932257652, 0.007769907359033823, 0.01011090911924839, 0.014472272247076035, 0.009202416986227036, 0.018529333174228668, 0.01473274640738964, 0.008232462219893932]}