{"loss": -0.15939205884933472, "character_probs": [0.022835269570350647, 0.02030852437019348, 0.010464129969477654, 0.015929920598864555, 0.010636426508426666, 0.010059284046292305, 0.01056683249771595, 0.01234365813434124, 0.008330420590937138, 0.0074939788319170475, 0.007423073053359985, 0.008788103237748146, 0.013204164803028107, 0.009569244459271431, 0.008631458505988121, 0.008579402230679989, 0.009741325862705708, 0.00986194983124733, 0.014672533608973026, 0.009949080646038055, 0.008033433929085732, 0.010007615201175213, 0.007552060764282942, 0.00907827913761139, 0.00817931815981865, 0.008861063048243523, 0.009127418510615826, 0.009148701094090939, 0.007539242506027222, 0.007272552233189344, 0.007741172797977924, 0.00722874328494072, 0.011963607743382454, 0.007840786129236221, 0.009200403466820717, 0.0075303916819393635, 0.008461015298962593, 0.009800628758966923, 0.008034591563045979, 0.007530053611844778, 0.010969321243464947, 0.007629003841429949, 0.007741537876427174, 0.007628845516592264, 0.011426863260567188, 0.007411153521388769, 0.008584363386034966, 0.008906676433980465, 0.00813506729900837, 0.007610272150486708, 0.007193063851445913, 0.019690077751874924, 0.008102549239993095, 0.00900484062731266, 0.009097144939005375, 0.007590617518872023, 0.007876935414969921, 0.008622214198112488, 0.007423480041325092, 0.007385268807411194, 0.007925435900688171, 0.008084767498075962, 0.007957923226058483, 0.010626180097460747, 0.011518284678459167, 0.007594569586217403, 0.00918322429060936, 0.009341707453131676, 0.012327210046350956, 0.008574917912483215, 0.008681911043822765, 0.008278350345790386, 0.007935953326523304, 0.008173228241503239, 0.012767872773110867, 0.010603445582091808, 0.008905518800020218, 0.010664732195436954, 0.009924547746777534], "weapon_probs": [0.014079316519200802, 0.026911426335573196, 0.015320912934839725, 0.0272410586476326, 0.01292920857667923, 0.01271235290914774, 0.016263991594314575, 0.013064155355095863, 0.016229553148150444, 0.00818498432636261, 0.010756217874586582, 0.03169994056224823, 0.0093742236495018, 0.007611086592078209, 0.009083428420126438, 0.007715058978646994, 0.007207709830254316, 0.008424350060522556, 0.008853837847709656, 0.009844237938523293, 0.009579582139849663, 0.01172369159758091, 0.007397993467748165, 0.009233715012669563, 0.007626363541930914, 0.013929326087236404, 0.008506881073117256, 0.01025750208646059, 0.007698323577642441, 0.012912008911371231, 0.011867549270391464, 0.01456903014332056, 0.01152326911687851, 0.014642992988228798, 0.008440559729933739, 0.0073174163699150085, 0.008657530881464481, 0.007819312624633312, 0.008066180162131786, 0.01093033142387867, 0.013511701487004757, 0.010234426707029343, 0.009210865013301373, 0.015048805624246597, 0.008649575524032116, 0.007851245813071728, 0.011745667085051537, 0.017900004982948303, 0.008964634500443935, 0.009961891919374466, 0.008351442404091358, 0.008493169210851192, 0.007903174497187138, 0.008193540386855602, 0.009408986195921898, 0.009756671264767647, 0.012068676762282848, 0.007366052363067865, 0.012842155061662197]}