{"loss": 0.4273286461830139, "character_probs": [0.018238265067338943, 0.020111562684178352, 0.01390649564564228, 0.009247377514839172, 0.010948577895760536, 0.013704442419111729, 0.007866048254072666, 0.008397583849728107, 0.011315030045807362, 0.00862076971679926, 0.017028994858264923, 0.008107496425509453, 0.007322799880057573, 0.014456775039434433, 0.007815985940396786, 0.010661873035132885, 0.007403546012938023, 0.008897505700588226, 0.010552160441875458, 0.008603911846876144, 0.00777820497751236, 0.009012173861265182, 0.00960470363497734, 0.00815205741673708, 0.007467497140169144, 0.011397416703402996, 0.007532970048487186, 0.007217994891107082, 0.007211870979517698, 0.007977930828928947, 0.00826065894216299, 0.009227469563484192, 0.010406797751784325, 0.01340869814157486, 0.009318668395280838, 0.0072576189413666725, 0.008084116503596306, 0.011226844973862171, 0.012576855719089508, 0.007259307894855738, 0.0087672034278512, 0.007208465598523617, 0.007172414101660252, 0.009076147340238094, 0.008489446714520454, 0.013939903117716312, 0.0083090178668499, 0.007547631859779358, 0.010364532470703125, 0.0074627758003771305, 0.007978926412761211, 0.00826232135295868, 0.00963948480784893, 0.007688569370657206, 0.011006765067577362, 0.013627328909933567, 0.00813397765159607, 0.007631964050233364, 0.012339603155851364, 0.007906056940555573, 0.008284948766231537, 0.00827526580542326, 0.010007951408624649, 0.008763669058680534, 0.010722379200160503, 0.0074270181357860565, 0.007356004789471626, 0.009406423196196556, 0.010189218446612358, 0.009286737069487572, 0.007773920893669128, 0.00994063075631857, 0.013077899813652039, 0.011991675943136215, 0.015735531225800514, 0.007180908694863319, 0.007628334686160088, 0.012154873460531235, 0.00790010578930378], "weapon_probs": [0.034081220626831055, 0.03196626901626587, 0.008825954981148243, 0.00986439362168312, 0.012083949521183968, 0.01721561700105667, 0.009327025152742863, 0.009230944328010082, 0.025453902781009674, 0.010092414915561676, 0.008507789112627506, 0.008151848800480366, 0.008262461051344872, 0.008454343304038048, 0.014515610411763191, 0.009801259264349937, 0.008976269513368607, 0.014177192002534866, 0.00926416926085949, 0.01197206974029541, 0.008557932451367378, 0.015524076297879219, 0.009650168009102345, 0.007962734438478947, 0.01174079068005085, 0.00900617428123951, 0.007513946853578091, 0.012798525393009186, 0.00961340218782425, 0.008510194718837738, 0.00785770732909441, 0.009146698750555515, 0.007519128732383251, 0.010177096351981163, 0.021158361807465553, 0.008608794771134853, 0.01438334584236145, 0.007206953130662441, 0.008504320867359638, 0.009024606086313725, 0.011594552546739578, 0.008500555530190468, 0.008683167397975922, 0.01064793486148119, 0.01718658208847046, 0.009004127234220505, 0.014794383198022842, 0.014062508009374142, 0.01606769487261772, 0.008976459503173828, 0.009491723030805588, 0.009103197604417801, 0.012879379093647003, 0.012556705623865128, 0.0072020250372588634, 0.01219768263399601, 0.014456002041697502, 0.012143362313508987, 0.008742894046008587]}