{"loss": -0.4586056172847748, "character_probs": [0.013015532866120338, 0.017481550574302673, 0.012838127091526985, 0.013655265793204308, 0.008120044134557247, 0.022424397990107536, 0.00844554603099823, 0.010778228752315044, 0.011775875464081764, 0.010003364644944668, 0.007557753939181566, 0.007750321179628372, 0.01004861667752266, 0.0131719671189785, 0.008150155656039715, 0.008795138448476791, 0.00935891829431057, 0.00729184877127409, 0.011700565926730633, 0.007873153313994408, 0.007343736942857504, 0.007629310246556997, 0.01266234926879406, 0.008362009190022945, 0.012531724758446217, 0.00750237749889493, 0.007959640584886074, 0.0074404506012797356, 0.007988737896084785, 0.008472390472888947, 0.008053554221987724, 0.009067894890904427, 0.017361966893076897, 0.0074253445491194725, 0.007653161883354187, 0.010119358077645302, 0.009005795232951641, 0.012712540104985237, 0.00811526458710432, 0.007544534280896187, 0.007515223231166601, 0.008963510394096375, 0.009104320779442787, 0.008421827107667923, 0.008026148192584515, 0.008610150776803493, 0.007369741331785917, 0.007468965370208025, 0.010725703090429306, 0.008324738591909409, 0.00746883312240243, 0.011730167083442211, 0.00807107612490654, 0.011210015043616295, 0.00897491816431284, 0.008792457170784473, 0.007668088190257549, 0.008089649491012096, 0.010376222431659698, 0.014709187671542168, 0.007251656614243984, 0.008365422487258911, 0.007616694085299969, 0.012657378800213337, 0.014629634097218513, 0.009182860143482685, 0.008482138626277447, 0.012460284866392612, 0.008829265832901001, 0.00803552009165287, 0.007639272138476372, 0.008461649529635906, 0.011126451194286346, 0.008262704126536846, 0.00916268676519394, 0.011475544422864914, 0.008383714593946934, 0.010033399797976017, 0.013915576040744781], "weapon_probs": [0.039428748190402985, 0.01259465329349041, 0.011522737331688404, 0.011672545224428177, 0.0172593854367733, 0.013664798811078072, 0.013365626335144043, 0.012880026362836361, 0.011909406632184982, 0.016760237514972687, 0.017407989129424095, 0.008755788207054138, 0.009779893793165684, 0.015505974180996418, 0.008229857310652733, 0.011263620108366013, 0.008149559609591961, 0.007972394116222858, 0.008303005248308182, 0.010787786915898323, 0.014006927609443665, 0.010521095246076584, 0.0093076191842556, 0.007611372042447329, 0.008792577311396599, 0.007382324896752834, 0.008107791654765606, 0.013074640184640884, 0.00727466493844986, 0.008033586665987968, 0.01532792579382658, 0.01066881138831377, 0.008335661143064499, 0.011636328883469105, 0.007165085058659315, 0.022381886839866638, 0.011221131309866905, 0.009052248671650887, 0.008347820490598679, 0.008103922009468079, 0.009581459686160088, 0.011923735029995441, 0.007164181675761938, 0.00916111096739769, 0.008230851963162422, 0.022864922881126404, 0.012451881542801857, 0.008611786179244518, 0.008843230083584785, 0.036940306425094604, 0.009513916447758675, 0.0082217613235116, 0.010829034261405468, 0.01704849861562252, 0.019667677581310272, 0.009366611018776894, 0.009563564322888851, 0.017045022919774055, 0.014972141943871975]}