{"loss": -0.2566186785697937, "character_probs": [0.02279321476817131, 0.01644965261220932, 0.008032601326704025, 0.012250171042978764, 0.007993271574378014, 0.010420101694762707, 0.013435152359306812, 0.012718113139271736, 0.009699664078652859, 0.01626879721879959, 0.015369280241429806, 0.008538701571524143, 0.00922420248389244, 0.007692957296967506, 0.008783780969679356, 0.009084705263376236, 0.008402864448726177, 0.008125933818519115, 0.008134737610816956, 0.007344042882323265, 0.007779852021485567, 0.007910349406301975, 0.009678096510469913, 0.010210751555860043, 0.007379275746643543, 0.009039763361215591, 0.008149033412337303, 0.010506954975426197, 0.0075538442470133305, 0.012273048982024193, 0.008623966947197914, 0.007510333321988583, 0.007730876095592976, 0.008591425605118275, 0.0077380710281431675, 0.012410206720232964, 0.008023661561310291, 0.007473839446902275, 0.008410654030740261, 0.011413149535655975, 0.007468776311725378, 0.012160479091107845, 0.010389406234025955, 0.012276623398065567, 0.01335133146494627, 0.007377409841865301, 0.009331833571195602, 0.008274116553366184, 0.00867028534412384, 0.007681956980377436, 0.009532970376312733, 0.007454111706465483, 0.00973914097994566, 0.008136794902384281, 0.008098739199340343, 0.00809456966817379, 0.009649043902754784, 0.007867833599448204, 0.008806961588561535, 0.008005275391042233, 0.007767725735902786, 0.008193097077310085, 0.007296431344002485, 0.011567842215299606, 0.007625950500369072, 0.007581023499369621, 0.009580925107002258, 0.011298307217657566, 0.013643065467476845, 0.008591354824602604, 0.009496534243226051, 0.014815096743404865, 0.00830611027777195, 0.009748655371367931, 0.007551845163106918, 0.018593356013298035, 0.00849593710154295, 0.015363167971372604, 0.012749604880809784], "weapon_probs": [0.038473356515169144, 0.01955113746225834, 0.015307235531508923, 0.011828843504190445, 0.01396949402987957, 0.00942015927284956, 0.013429874554276466, 0.025270581245422363, 0.012962384149432182, 0.012740205973386765, 0.011199812404811382, 0.013313157483935356, 0.009788247756659985, 0.00896330177783966, 0.011540607549250126, 0.010866643860936165, 0.00817487295717001, 0.010134434327483177, 0.009495044127106667, 0.009646868333220482, 0.008719701319932938, 0.010402806103229523, 0.008063704706728458, 0.012106728740036488, 0.008459298871457577, 0.010111881420016289, 0.007239965256303549, 0.019574016332626343, 0.007957402616739273, 0.00892602652311325, 0.00849798135459423, 0.007374446839094162, 0.007451784797012806, 0.01018079649657011, 0.00778999226167798, 0.010647518560290337, 0.00794244185090065, 0.014445815235376358, 0.007587582804262638, 0.008967221714556217, 0.007580628152936697, 0.013246210291981697, 0.01290086004883051, 0.008513625711202621, 0.007461865432560444, 0.01629895716905594, 0.011802689172327518, 0.007740301545709372, 0.00998317264020443, 0.008983484469354153, 0.010867267847061157, 0.01289190910756588, 0.02021564543247223, 0.011712484061717987, 0.01105545461177826, 0.014838235452771187, 0.009924155659973621, 0.007827173918485641, 0.019217349588871002]}