{"loss": 0.4801453948020935, "character_probs": [0.012916996143758297, 0.016727332025766373, 0.019759651273489, 0.015275318175554276, 0.009896058589220047, 0.01063692755997181, 0.010136396624147892, 0.010011476464569569, 0.014977131970226765, 0.013848998583853245, 0.01048742700368166, 0.010141130536794662, 0.009811248630285263, 0.007927216589450836, 0.010328976437449455, 0.010020025074481964, 0.009538069367408752, 0.008374003693461418, 0.010328439995646477, 0.007971260696649551, 0.009244523011147976, 0.008153462782502174, 0.009814286604523659, 0.007573816925287247, 0.007610979489982128, 0.0075906128622591496, 0.007290246896445751, 0.009222611784934998, 0.007535784039646387, 0.008918649516999722, 0.007731986697763205, 0.009300632402300835, 0.007809098344296217, 0.007865047082304955, 0.01344158872961998, 0.008322754874825478, 0.010161563754081726, 0.00778457336127758, 0.0073956651613116264, 0.0074674515053629875, 0.008950712159276009, 0.009277247823774815, 0.0074231866747140884, 0.007511891890317202, 0.008260446600615978, 0.0099683478474617, 0.007087003905326128, 0.010939531028270721, 0.007986422628164291, 0.008045547641813755, 0.009507652372121811, 0.009096251800656319, 0.008202473632991314, 0.00891181081533432, 0.007386908400803804, 0.01516601163893938, 0.011317068710923195, 0.008595023304224014, 0.007426832336932421, 0.00863630697131157, 0.0077933757565915585, 0.008532144129276276, 0.008145367726683617, 0.007606429513543844, 0.008020889945328236, 0.013637019321322441, 0.00976821593940258, 0.010688073001801968, 0.009920593351125717, 0.007631112355738878, 0.007789218798279762, 0.02010890282690525, 0.011767780408263206, 0.012889506295323372, 0.007450549863278866, 0.008410461246967316, 0.008287390694022179, 0.012950669974088669, 0.007832731120288372], "weapon_probs": [0.019298724830150604, 0.018344178795814514, 0.017704859375953674, 0.013193747960031033, 0.016122151166200638, 0.020533602684736252, 0.010800661519169807, 0.01748501881957054, 0.01604786515235901, 0.009663118049502373, 0.010389065369963646, 0.013188517652451992, 0.010689500719308853, 0.01554786041378975, 0.007427386473864317, 0.015824072062969208, 0.008196837268769741, 0.007180471438914537, 0.016233816742897034, 0.008576360531151295, 0.012511072680354118, 0.011770340614020824, 0.010202581062912941, 0.010530050843954086, 0.01027299091219902, 0.008627149276435375, 0.008984199725091457, 0.008058610372245312, 0.013050178065896034, 0.00981086865067482, 0.007616299670189619, 0.008279230445623398, 0.008976321667432785, 0.010520334355533123, 0.007469428703188896, 0.008659429848194122, 0.007419031113386154, 0.012170020490884781, 0.016219425946474075, 0.007541404105722904, 0.016739442944526672, 0.007726672571152449, 0.010562695562839508, 0.014718567952513695, 0.011625188402831554, 0.012518424540758133, 0.011002874001860619, 0.020419301465153694, 0.014525549486279488, 0.01540886890143156, 0.007993862964212894, 0.015083729289472103, 0.008696381002664566, 0.01095619797706604, 0.013087674975395203, 0.011908374726772308, 0.02066996693611145, 0.013122443109750748, 0.012607701122760773]}