{"loss": -0.9968068599700928, "character_probs": [0.01314089447259903, 0.016441132873296738, 0.013746911659836769, 0.011775603517889977, 0.009785356000065804, 0.009786741808056831, 0.011229181662201881, 0.010875278152525425, 0.021921534091234207, 0.01184922643005848, 0.007703796494752169, 0.0102135194465518, 0.007725076284259558, 0.00840242113918066, 0.007954220287501812, 0.008336933329701424, 0.01084824651479721, 0.013139108195900917, 0.009018763899803162, 0.0074243731796741486, 0.009273018687963486, 0.011974483728408813, 0.009713150560855865, 0.009447559714317322, 0.007145723327994347, 0.007372616790235043, 0.010637739673256874, 0.01184152252972126, 0.008252480998635292, 0.008701412938535213, 0.007189624477177858, 0.008781734853982925, 0.007417510729283094, 0.007533304393291473, 0.011692965403199196, 0.008460798300802708, 0.01072573009878397, 0.009261050261557102, 0.007646423298865557, 0.0074913715943694115, 0.007568604778498411, 0.008095971308648586, 0.011796990409493446, 0.007365068420767784, 0.0075651127845048904, 0.007223203778266907, 0.010554304346442223, 0.007917527109384537, 0.013860457576811314, 0.007488512434065342, 0.010957804508507252, 0.007811421528458595, 0.009401390329003334, 0.01260500866919756, 0.007385477889329195, 0.00802465621381998, 0.007464448921382427, 0.008054575882852077, 0.008243005722761154, 0.0102589912712574, 0.00837345514446497, 0.007187439128756523, 0.011851277202367783, 0.01884159818291664, 0.00760652543976903, 0.00919849518686533, 0.009832333773374557, 0.00859567429870367, 0.010749461129307747, 0.010025782510638237, 0.011227716691792011, 0.009715409018099308, 0.0076964786276221275, 0.008276760578155518, 0.011538593098521233, 0.007864139974117279, 0.011758953332901001, 0.013610242865979671, 0.01907205954194069], "weapon_probs": [0.020105689764022827, 0.017516080290079117, 0.05013946071267128, 0.011647887527942657, 0.009225346148014069, 0.010442184284329414, 0.01429053209722042, 0.015308001078665257, 0.011041289195418358, 0.008714400231838226, 0.012493432499468327, 0.008885426446795464, 0.00833979994058609, 0.010076642036437988, 0.013767171651124954, 0.01128610409796238, 0.012546627782285213, 0.010726133361458778, 0.008471195586025715, 0.010929342359304428, 0.009942697361111641, 0.009211216121912003, 0.008512362837791443, 0.015156053937971592, 0.007331060245633125, 0.010760081000626087, 0.008541874587535858, 0.01060792338103056, 0.00986834242939949, 0.008212367072701454, 0.009575032629072666, 0.00802953913807869, 0.008943154476583004, 0.01280028186738491, 0.011760145425796509, 0.00998498685657978, 0.010028663091361523, 0.008356384932994843, 0.007391223683953285, 0.013159590773284435, 0.0126512311398983, 0.007692611310631037, 0.009080933406949043, 0.009781761094927788, 0.00843974482268095, 0.008481265977025032, 0.009559339843690395, 0.011580243706703186, 0.01573801226913929, 0.013976143673062325, 0.012337842956185341, 0.008572368882596493, 0.01180889643728733, 0.009582134895026684, 0.013104135170578957, 0.009085047990083694, 0.01204141229391098, 0.012651789002120495, 0.010848643258213997]}