{"loss": 0.10510018467903137, "character_probs": [0.015001324936747551, 0.011980580165982246, 0.018709421157836914, 0.014041440561413765, 0.008926119655370712, 0.01639268919825554, 0.010873964056372643, 0.009537837468087673, 0.011289856396615505, 0.009335366077721119, 0.008232847787439823, 0.009273804724216461, 0.007574972230941057, 0.01564694568514824, 0.014149511232972145, 0.011588376015424728, 0.009327218867838383, 0.007968448102474213, 0.007606324274092913, 0.011377356946468353, 0.011013055220246315, 0.00773707265034318, 0.007884098216891289, 0.009650425054132938, 0.008819532580673695, 0.009269863367080688, 0.009888838976621628, 0.007549728266894817, 0.008556822314858437, 0.0076047759503126144, 0.007078102324157953, 0.008398527279496193, 0.009350605309009552, 0.007676758803427219, 0.00789423007518053, 0.007894384674727917, 0.008634373545646667, 0.009123388677835464, 0.008404053747653961, 0.008624570444226265, 0.008074559271335602, 0.007228452246636152, 0.0075715044513344765, 0.014316637068986893, 0.008117285557091236, 0.008295929059386253, 0.010603794828057289, 0.009304986335337162, 0.007910219952464104, 0.008009697310626507, 0.0077925557270646095, 0.009531262330710888, 0.008821631781756878, 0.00959078036248684, 0.0074520837515592575, 0.009286150336265564, 0.008367881178855896, 0.007792314514517784, 0.011424090713262558, 0.01158597506582737, 0.010352982208132744, 0.00787030253559351, 0.012300385162234306, 0.009791428223252296, 0.00845879502594471, 0.008542997762560844, 0.01004072092473507, 0.007873224094510078, 0.00904112495481968, 0.007675144821405411, 0.01144285686314106, 0.010761165991425514, 0.00966615416109562, 0.008828425779938698, 0.008903592824935913, 0.008907904848456383, 0.01504883635789156, 0.007859415374696255, 0.011792957782745361], "weapon_probs": [0.015005216933786869, 0.00988856703042984, 0.034320905804634094, 0.02152935229241848, 0.018047910183668137, 0.010498618707060814, 0.019384928047657013, 0.010381469503045082, 0.01454855129122734, 0.01610373519361019, 0.011541927233338356, 0.00802255142480135, 0.008452126756310463, 0.007613161578774452, 0.01179591566324234, 0.008378996513783932, 0.00862259604036808, 0.009071537293493748, 0.0078012035228312016, 0.010665163397789001, 0.007091738749295473, 0.015922939404845238, 0.00737881101667881, 0.011771325021982193, 0.011568562127649784, 0.008781091310083866, 0.010584213770925999, 0.010431237518787384, 0.010216919705271721, 0.020148301497101784, 0.011369505897164345, 0.00860563199967146, 0.007312241941690445, 0.010994984768331051, 0.008237083442509174, 0.010398376733064651, 0.009387539699673653, 0.012086853384971619, 0.009419876150786877, 0.009042344987392426, 0.0077498615719377995, 0.0121554434299469, 0.012288572266697884, 0.01370006613433361, 0.021332256495952606, 0.008451191708445549, 0.014081381261348724, 0.024413883686065674, 0.013299105688929558, 0.00943961925804615, 0.008418436162173748, 0.010912740603089333, 0.010872812010347843, 0.014094673097133636, 0.007727540098130703, 0.023564890027046204, 0.012449081987142563, 0.01179543323814869, 0.008550290018320084]}