{"loss": -0.9906660914421082, "character_probs": [0.019070375710725784, 0.024723242968320847, 0.012319311499595642, 0.012078825384378433, 0.010094372555613518, 0.011636050418019295, 0.008350328542292118, 0.00813356228172779, 0.008395548909902573, 0.013829175382852554, 0.010076161473989487, 0.008397371508181095, 0.007418149616569281, 0.00926187727600336, 0.0093911811709404, 0.00914489571005106, 0.015380725264549255, 0.008729995228350163, 0.009089797735214233, 0.009604617953300476, 0.00942700169980526, 0.009008396416902542, 0.008090769872069359, 0.007099473848938942, 0.008622036315500736, 0.008020422421395779, 0.011498469859361649, 0.007481209002435207, 0.008514129556715488, 0.008390211500227451, 0.00820428878068924, 0.00889718160033226, 0.007359042763710022, 0.010063190013170242, 0.007714818697422743, 0.01149391196668148, 0.007655499503016472, 0.007915048860013485, 0.011116215027868748, 0.007747050374746323, 0.008779878728091717, 0.009836343117058277, 0.00748350378125906, 0.010774207301437855, 0.014074834063649178, 0.007143700961023569, 0.008646725676953793, 0.007481302600353956, 0.008636056445538998, 0.00788065418601036, 0.009750168770551682, 0.007330348249524832, 0.009157896973192692, 0.00955332349985838, 0.008624379523098469, 0.008667435497045517, 0.010309002362191677, 0.008164455182850361, 0.010285323485732079, 0.009649667888879776, 0.008116152137517929, 0.012198181822896004, 0.007313172798603773, 0.011403569020330906, 0.007928160950541496, 0.007485057692974806, 0.008946802467107773, 0.007242636289447546, 0.00892186164855957, 0.010404258966445923, 0.013334321789443493, 0.010612109676003456, 0.008947597816586494, 0.009528120048344135, 0.015770280733704567, 0.010649515315890312, 0.010507529601454735, 0.009326135739684105, 0.012384511530399323], "weapon_probs": [0.014142515137791634, 0.018136853352189064, 0.028797626495361328, 0.008099326863884926, 0.027650777250528336, 0.014092974364757538, 0.01055087149143219, 0.013688422739505768, 0.02139240689575672, 0.007631733547896147, 0.009021786041557789, 0.022825293242931366, 0.010655054822564125, 0.00982887763530016, 0.009263728745281696, 0.00774715282022953, 0.007674734108150005, 0.008263793773949146, 0.010672208853065968, 0.009806519374251366, 0.012525050900876522, 0.007831756956875324, 0.0071836658753454685, 0.00813766848295927, 0.011097099632024765, 0.007884668186306953, 0.008322304114699364, 0.007716246880590916, 0.008659727871418, 0.007652360014617443, 0.0076284934766590595, 0.009416671469807625, 0.014173870906233788, 0.01789889484643936, 0.01143372617661953, 0.007577652111649513, 0.013873486779630184, 0.008976548910140991, 0.031814251095056534, 0.009451886638998985, 0.008665227331221104, 0.009704233147203922, 0.011998054571449757, 0.010944862850010395, 0.012606171891093254, 0.01402253657579422, 0.007876058109104633, 0.007752197794616222, 0.016487620770931244, 0.014067127369344234, 0.007644019555300474, 0.009724501520395279, 0.00941610336303711, 0.02371416613459587, 0.01301594078540802, 0.013859989121556282, 0.011447476223111153, 0.008948897942900658, 0.01189076341688633]}