{"loss": 0.9573190808296204, "character_probs": [0.019153811037540436, 0.016436025500297546, 0.008591454476118088, 0.019121643155813217, 0.008492587134242058, 0.010400483384728432, 0.012032999657094479, 0.008655516430735588, 0.015476962551474571, 0.008202329277992249, 0.007790831383317709, 0.010925539769232273, 0.014444831758737564, 0.010649004019796848, 0.009018774144351482, 0.011181266978383064, 0.010187339968979359, 0.008052248507738113, 0.00782689731568098, 0.009849349036812782, 0.007326784543693066, 0.012053946033120155, 0.007677184417843819, 0.007274790201336145, 0.010325510054826736, 0.009780501946806908, 0.007892555557191372, 0.00801614485681057, 0.007676839828491211, 0.00823760312050581, 0.007271760143339634, 0.007595173083245754, 0.00945605430752039, 0.011244416236877441, 0.007985064759850502, 0.009504377841949463, 0.008494274690747261, 0.008618265390396118, 0.007598057389259338, 0.009341919794678688, 0.007083024829626083, 0.009697046130895615, 0.008830814622342587, 0.00787148904055357, 0.008451500907540321, 0.010899579152464867, 0.00813564658164978, 0.007432729005813599, 0.010310509242117405, 0.008833943866193295, 0.017201300710439682, 0.00824320875108242, 0.010435812175273895, 0.007175184786319733, 0.008710467256605625, 0.008713006973266602, 0.011957401409745216, 0.00924619659781456, 0.0076081654988229275, 0.009034089744091034, 0.008404948748648167, 0.009097844362258911, 0.008711021393537521, 0.01028974074870348, 0.009085839614272118, 0.009277415461838245, 0.007558000739663839, 0.008827891200780869, 0.009639831259846687, 0.008406250737607479, 0.008428368717432022, 0.00987149402499199, 0.010340899229049683, 0.00884742010384798, 0.00839291326701641, 0.010218484327197075, 0.00943691749125719, 0.007697012275457382, 0.009424123913049698], "weapon_probs": [0.04411972314119339, 0.009955374523997307, 0.023834731429815292, 0.011821484193205833, 0.02231781557202339, 0.008661528117954731, 0.014599153771996498, 0.009060914628207684, 0.017570793628692627, 0.00990422535687685, 0.007526490371674299, 0.01563076674938202, 0.007336706854403019, 0.016680724918842316, 0.007901819422841072, 0.0079518873244524, 0.009691353887319565, 0.008131911046802998, 0.00806217361241579, 0.010326138697564602, 0.008248090744018555, 0.012657037936151028, 0.00852830521762371, 0.02034083753824234, 0.0076646702364087105, 0.011045848950743675, 0.011243567802011967, 0.009846722707152367, 0.010121334344148636, 0.008818510919809341, 0.008901304565370083, 0.007786490488797426, 0.00880521908402443, 0.008544511161744595, 0.010475045070052147, 0.008427317254245281, 0.007952703163027763, 0.00859497208148241, 0.010663751512765884, 0.009485133923590183, 0.008357273414731026, 0.015428539365530014, 0.010185742750763893, 0.008676034398376942, 0.01213401835411787, 0.007625879719853401, 0.008046119473874569, 0.007420551497489214, 0.010748535394668579, 0.00922453310340643, 0.011606940999627113, 0.014172287657856941, 0.018974563106894493, 0.010448512621223927, 0.013250216841697693, 0.009881432168185711, 0.009089404717087746, 0.010151909664273262, 0.010120189748704433]}