{"loss": -0.9586932063102722, "character_probs": [0.014381689950823784, 0.011798527091741562, 0.021221160888671875, 0.00991615280508995, 0.016504492610692978, 0.010124759748578072, 0.008763246238231659, 0.009790604002773762, 0.008319915272295475, 0.008317405357956886, 0.017306063324213028, 0.008540299721062183, 0.015757311135530472, 0.008812771178781986, 0.008214857429265976, 0.008968495763838291, 0.008389685302972794, 0.007660756353288889, 0.008681688457727432, 0.008441401645541191, 0.0072086569853127, 0.009218819439411163, 0.008599072694778442, 0.012836568988859653, 0.009471963159739971, 0.007073637098073959, 0.010461309924721718, 0.013133338652551174, 0.0072743636555969715, 0.009227106347680092, 0.007556960918009281, 0.008778958581387997, 0.007112693507224321, 0.007504183799028397, 0.007667966187000275, 0.008449439890682697, 0.009067803621292114, 0.008222931995987892, 0.009870890527963638, 0.010238941758871078, 0.014015629887580872, 0.009068502113223076, 0.010620035231113434, 0.008294307626783848, 0.008091051131486893, 0.008463269099593163, 0.007630103267729282, 0.011184584349393845, 0.007628769148141146, 0.011961985379457474, 0.009651439264416695, 0.009747716598212719, 0.007956268265843391, 0.007415542379021645, 0.009690094739198685, 0.007537845987826586, 0.0075403801165521145, 0.009775190614163876, 0.008932430297136307, 0.008061806671321392, 0.008498516865074635, 0.011215226724743843, 0.010650409385561943, 0.009006204083561897, 0.007586429826915264, 0.008739450946450233, 0.015138192102313042, 0.008215619251132011, 0.008496291935443878, 0.0075821541249752045, 0.0098840007558465, 0.011188596487045288, 0.007383296731859446, 0.0076349349692463875, 0.025946877896785736, 0.00831427052617073, 0.014757351949810982, 0.008763283491134644, 0.00776970200240612], "weapon_probs": [0.023932315409183502, 0.013311885297298431, 0.03700161725282669, 0.011937150731682777, 0.01901078224182129, 0.00810823030769825, 0.026238251477479935, 0.012249322608113289, 0.008886693976819515, 0.007702651433646679, 0.014866172336041927, 0.0074042207561433315, 0.009000963531434536, 0.01792185753583908, 0.008069352246820927, 0.00803004764020443, 0.011009830050170422, 0.008029342629015446, 0.007557542063295841, 0.00978640466928482, 0.007759497966617346, 0.008557375520467758, 0.008176484145224094, 0.007520066574215889, 0.013496670871973038, 0.009897103533148766, 0.01579248532652855, 0.007487866561859846, 0.007793485186994076, 0.007678682915866375, 0.007947343401610851, 0.00992618128657341, 0.007789404597133398, 0.013408148661255836, 0.011998476460576057, 0.01545990351587534, 0.014820918440818787, 0.010280727408826351, 0.012033045291900635, 0.008153125643730164, 0.007976798340678215, 0.011234037578105927, 0.008742250502109528, 0.008761814795434475, 0.007768335752189159, 0.010123329237103462, 0.028726845979690552, 0.010858998633921146, 0.010306655429303646, 0.01038559339940548, 0.01890074461698532, 0.01081070490181446, 0.013330968096852303, 0.01066415011882782, 0.00816955417394638, 0.008362574502825737, 0.012367324903607368, 0.019544363021850586, 0.015828564763069153]}