{"loss": 0.14123257994651794, "character_probs": [0.010819606482982635, 0.01671086624264717, 0.01675472967326641, 0.018989887088537216, 0.01027580164372921, 0.008329242467880249, 0.009535287506878376, 0.01072877086699009, 0.01830914244055748, 0.009202768094837666, 0.010823729448020458, 0.007473073899745941, 0.008971497416496277, 0.00928457546979189, 0.007904715836048126, 0.019516881555318832, 0.007685358170419931, 0.007394758518785238, 0.007220424246042967, 0.00736311124637723, 0.007156193256378174, 0.007753631100058556, 0.00819126795977354, 0.010658744722604752, 0.007464930415153503, 0.007717124652117491, 0.00856945849955082, 0.00825731921941042, 0.007481215056031942, 0.007867029868066311, 0.008032617159187794, 0.007253148593008518, 0.007521910592913628, 0.008963799104094505, 0.010643661953508854, 0.024856969714164734, 0.008518880233168602, 0.007604937069118023, 0.007366918958723545, 0.007610908709466457, 0.009483449161052704, 0.007699639070779085, 0.0077329943887889385, 0.008819235488772392, 0.0076625775545835495, 0.010774916037917137, 0.008209789171814919, 0.008504688739776611, 0.007458184380084276, 0.012751061469316483, 0.009734506718814373, 0.009671329520642757, 0.009217498824000359, 0.008863938972353935, 0.008361035026609898, 0.008114106953144073, 0.012667903676629066, 0.009360150434076786, 0.008093331940472126, 0.010779819451272488, 0.009157933294773102, 0.008404362946748734, 0.01031326875090599, 0.0073843360878527164, 0.00805614609271288, 0.008824869990348816, 0.008367697708308697, 0.012461180798709393, 0.007200246211141348, 0.015987709164619446, 0.013623230159282684, 0.008350973017513752, 0.007626096718013287, 0.008322175592184067, 0.01411221083253622, 0.00862156506627798, 0.00937670562416315, 0.01244203932583332, 0.012111447751522064], "weapon_probs": [0.038138486444950104, 0.014933831058442593, 0.010321739129722118, 0.01384454034268856, 0.013441191986203194, 0.008826694451272488, 0.010710865259170532, 0.023365382105112076, 0.02307511866092682, 0.015620010904967785, 0.008277956396341324, 0.008496295660734177, 0.009348404593765736, 0.00791947916150093, 0.0094012301415205, 0.010180791839957237, 0.007800666149705648, 0.009403670206665993, 0.010063744150102139, 0.007998798042535782, 0.010097529739141464, 0.01462684478610754, 0.008210347965359688, 0.011646685190498829, 0.009575659409165382, 0.008821411058306694, 0.01960853300988674, 0.008214934729039669, 0.013603577390313148, 0.008467144332826138, 0.010536215268075466, 0.009962454438209534, 0.007937160320580006, 0.008639486506581306, 0.010934963822364807, 0.010928113013505936, 0.012345823459327221, 0.010682799853384495, 0.008035214617848396, 0.011023826897144318, 0.014795525930821896, 0.0116007961332798, 0.013928661122918129, 0.00843374989926815, 0.015110485255718231, 0.00857599638402462, 0.01118438970297575, 0.008895780891180038, 0.01575455069541931, 0.017350291833281517, 0.017057176679372787, 0.011175977066159248, 0.009363302029669285, 0.008249355480074883, 0.011475378647446632, 0.0075337523594498634, 0.015251672826707363, 0.008106579072773457, 0.014245359227061272]}