{"loss": 0.46333232522010803, "character_probs": [0.014997287653386593, 0.020990941673517227, 0.016622062772512436, 0.009445985779166222, 0.012131087481975555, 0.013257728889584541, 0.010813044384121895, 0.015396223403513432, 0.009026972576975822, 0.011158226989209652, 0.007494757883250713, 0.010414384305477142, 0.007582855876535177, 0.012033207342028618, 0.007368253543972969, 0.007327623665332794, 0.007265573833137751, 0.009171979501843452, 0.007514452561736107, 0.0097785210236907, 0.009779266081750393, 0.009863544255495071, 0.011041163466870785, 0.008899257518351078, 0.009823743253946304, 0.008314133621752262, 0.0071991439908742905, 0.008576921187341213, 0.010182127356529236, 0.008290482684969902, 0.007549948059022427, 0.007603501435369253, 0.007323747035115957, 0.00954783521592617, 0.0080167967826128, 0.007485120091587305, 0.012873165309429169, 0.008347591385245323, 0.007719982415437698, 0.010772406123578548, 0.007839418016374111, 0.009635054506361485, 0.00963627640157938, 0.007694309577345848, 0.010330552235245705, 0.01025901734828949, 0.008477820083498955, 0.00742532592266798, 0.011520368047058582, 0.012295819818973541, 0.009423717856407166, 0.00879049301147461, 0.009343418292701244, 0.009594142436981201, 0.009315896779298782, 0.0075667728669941425, 0.008613521233201027, 0.007543915882706642, 0.008930249139666557, 0.00824795663356781, 0.009697144851088524, 0.007493843324482441, 0.007704802788794041, 0.009392288513481617, 0.012755165807902813, 0.009030181914567947, 0.009822321124374866, 0.007775022182613611, 0.0115641038864851, 0.009060435928404331, 0.007654509041458368, 0.008459145203232765, 0.01394325215369463, 0.01290098950266838, 0.012380879372358322, 0.007199516519904137, 0.01140019204467535, 0.011262830346822739, 0.010496411472558975], "weapon_probs": [0.04486098513007164, 0.017695587128400803, 0.017816830426454544, 0.021279316395521164, 0.01552810799330473, 0.00860911887139082, 0.008583402261137962, 0.009172962047159672, 0.009035038761794567, 0.009200667031109333, 0.010952496901154518, 0.011334026232361794, 0.008480592630803585, 0.009638434275984764, 0.01210462860763073, 0.014796525239944458, 0.009104385040700436, 0.008438687771558762, 0.014404920861124992, 0.008222518488764763, 0.008987119421362877, 0.007917681708931923, 0.008057803846895695, 0.013366799801588058, 0.008984263055026531, 0.00740692438557744, 0.008100848644971848, 0.007939739152789116, 0.011387062259018421, 0.008520245552062988, 0.008354002609848976, 0.011277265846729279, 0.00729479780420661, 0.00810070801526308, 0.007671108469367027, 0.055809274315834045, 0.00744031835347414, 0.011120363138616085, 0.008351165801286697, 0.007811048999428749, 0.008015269413590431, 0.007308009546250105, 0.007779951207339764, 0.007700318470597267, 0.008777262642979622, 0.008593861944973469, 0.011279508471488953, 0.013243750669062138, 0.01479041576385498, 0.007763030473142862, 0.007363240234553814, 0.007905954495072365, 0.008061418309807777, 0.01345047727227211, 0.008861996233463287, 0.008136960677802563, 0.009983427822589874, 0.014590241014957428, 0.0090254545211792]}