{"loss": 0.5528120994567871, "character_probs": [0.012885360047221184, 0.015686489641666412, 0.018995344638824463, 0.017314277589321136, 0.010843712836503983, 0.008375568315386772, 0.009372184053063393, 0.008507849648594856, 0.0184672549366951, 0.009318472817540169, 0.016858994960784912, 0.008422482758760452, 0.010173208080232143, 0.008715169504284859, 0.010969147086143494, 0.011308811604976654, 0.007180074695497751, 0.007714242674410343, 0.010583053342998028, 0.00752956373617053, 0.007578845135867596, 0.007416571024805307, 0.007640321273356676, 0.007658029906451702, 0.007728331256657839, 0.008744819089770317, 0.007035339251160622, 0.007597209885716438, 0.00922760646790266, 0.0083013866096735, 0.00805239100009203, 0.01160868164151907, 0.009487018920481205, 0.008231624029576778, 0.00924568809568882, 0.00865171104669571, 0.007219778839498758, 0.0080567030236125, 0.010136524215340614, 0.013272681273519993, 0.00793260708451271, 0.01054280437529087, 0.00891922414302826, 0.009766172617673874, 0.009529431350529194, 0.009869750589132309, 0.00746026448905468, 0.008166121318936348, 0.007491566706448793, 0.009308155626058578, 0.007234100718051195, 0.008249005302786827, 0.010222801938652992, 0.009065251797437668, 0.007641477044671774, 0.017681237310171127, 0.008134324103593826, 0.007320848293602467, 0.008303358219563961, 0.007281014230102301, 0.007829026319086552, 0.0074544078670442104, 0.007913583889603615, 0.007826178334653378, 0.007288122549653053, 0.009352345950901508, 0.009162712842226028, 0.007466544862836599, 0.01943531259894371, 0.009874572977423668, 0.008511949330568314, 0.007614872418344021, 0.00870903767645359, 0.014178575947880745, 0.010204462334513664, 0.007414755877107382, 0.01065530814230442, 0.009142383933067322, 0.008142970502376556], "weapon_probs": [0.03390664607286453, 0.029266156256198883, 0.008392449468374252, 0.011517810635268688, 0.009012243710458279, 0.017100520431995392, 0.009493948891758919, 0.022303994745016098, 0.01328432746231556, 0.007785056717693806, 0.009563579224050045, 0.011366844177246094, 0.0132113266736269, 0.0120376106351614, 0.007755730766803026, 0.008462892845273018, 0.0157088004052639, 0.0228254497051239, 0.015561711974442005, 0.007874500006437302, 0.00837346538901329, 0.008000766858458519, 0.010363269597291946, 0.007739102002233267, 0.009183007292449474, 0.007642174139618874, 0.007802119478583336, 0.015802813693881035, 0.010674952529370785, 0.012620339170098305, 0.0096638398244977, 0.008728383108973503, 0.0119202621281147, 0.007390710525214672, 0.010792397893965244, 0.008995793759822845, 0.007950246334075928, 0.007686791010200977, 0.0073400260880589485, 0.011344019323587418, 0.00754111772403121, 0.010320048779249191, 0.008729098364710808, 0.008251657709479332, 0.007801254279911518, 0.009626297280192375, 0.012885022908449173, 0.012881717644631863, 0.011474446393549442, 0.008946721442043781, 0.010210524313151836, 0.00830505695194006, 0.01308690756559372, 0.00998737197369337, 0.017080996185541153, 0.00973166711628437, 0.009918589144945145, 0.010181066580116749, 0.01615195721387863]}