{"loss": 0.09320259094238281, "character_probs": [0.019110925495624542, 0.022984687238931656, 0.01548411138355732, 0.008823557756841183, 0.008657507598400116, 0.01753273233771324, 0.00931768398731947, 0.009920379146933556, 0.00848675798624754, 0.011285742744803429, 0.00949862226843834, 0.007800021208822727, 0.007372661493718624, 0.011251000687479973, 0.008281259797513485, 0.007240006700158119, 0.007767717353999615, 0.008058520965278149, 0.013034318573772907, 0.009134959429502487, 0.008246080949902534, 0.012067041359841824, 0.008943652734160423, 0.007221922278404236, 0.008293697610497475, 0.007539741694927216, 0.009711693972349167, 0.0072602201253175735, 0.009774323552846909, 0.009090959094464779, 0.008103401400148869, 0.008326001465320587, 0.011003073304891586, 0.010096212849020958, 0.007721393834799528, 0.008126342669129372, 0.009116112254559994, 0.009353306144475937, 0.007297854870557785, 0.0077578229829669, 0.007903018966317177, 0.010583296418190002, 0.007135678548365831, 0.014261649921536446, 0.007865170948207378, 0.007654129061847925, 0.00883823074400425, 0.00896604172885418, 0.009484135545790195, 0.012076808139681816, 0.008536316454410553, 0.007541680708527565, 0.008114722557365894, 0.009177517145872116, 0.009511033073067665, 0.0087804663926363, 0.01013207621872425, 0.008978845551609993, 0.00785164162516594, 0.010863486677408218, 0.007975051179528236, 0.02060316875576973, 0.008315912447869778, 0.008788404054939747, 0.007445140276104212, 0.007888619787991047, 0.0073808059096336365, 0.00949372909963131, 0.0125958900898695, 0.015299348160624504, 0.00964383129030466, 0.007887911051511765, 0.008132093586027622, 0.007835714146494865, 0.008855223655700684, 0.010820506140589714, 0.009293800219893456, 0.008092462085187435, 0.01049647107720375], "weapon_probs": [0.018701650202274323, 0.028695929795503616, 0.021575357764959335, 0.011228729039430618, 0.017040258273482323, 0.016580868512392044, 0.01346089132130146, 0.016560304909944534, 0.008425863459706306, 0.009582921862602234, 0.011081177741289139, 0.010897185653448105, 0.008560655638575554, 0.01746339164674282, 0.014966976828873158, 0.009790197014808655, 0.011463139206171036, 0.010040491819381714, 0.008669989183545113, 0.007466356735676527, 0.009525022469460964, 0.008645014837384224, 0.00782700814306736, 0.017056699842214584, 0.00804852694272995, 0.007589058950543404, 0.009466615505516529, 0.008806446567177773, 0.007822060957551003, 0.00835038349032402, 0.008052783086895943, 0.007596127688884735, 0.011709434911608696, 0.013479514978826046, 0.009298168122768402, 0.021943477913737297, 0.010038243606686592, 0.009038255549967289, 0.014523318037390709, 0.008534877561032772, 0.00967884249985218, 0.011343633756041527, 0.009194614365696907, 0.015896350145339966, 0.012252472341060638, 0.009200476109981537, 0.008121919818222523, 0.011827202513813972, 0.018236331641674042, 0.012693854048848152, 0.00884841475635767, 0.00910460390150547, 0.0097982631996274, 0.012828510254621506, 0.009703376330435276, 0.013808108866214752, 0.011068151332437992, 0.0170932337641716, 0.01094430685043335]}