{"loss": -0.5951243042945862, "character_probs": [0.01574898138642311, 0.021860454231500626, 0.012687149457633495, 0.01643790677189827, 0.009438784793019295, 0.00874793715775013, 0.00753875682130456, 0.016226503998041153, 0.0087282070890069, 0.009747517295181751, 0.010175551287829876, 0.009025156497955322, 0.007824154570698738, 0.008415537886321545, 0.009284215047955513, 0.008389937691390514, 0.01615196280181408, 0.007524468936026096, 0.008460208773612976, 0.00806117057800293, 0.00875142216682434, 0.007756414823234081, 0.00986118521541357, 0.008164496161043644, 0.009745551273226738, 0.013210314325988293, 0.007531661540269852, 0.0072506568394601345, 0.0074351392686367035, 0.008881060406565666, 0.007771644275635481, 0.010289275087416172, 0.007625473663210869, 0.010377286933362484, 0.007411099970340729, 0.007705969270318747, 0.008761188946664333, 0.016174785792827606, 0.007558523677289486, 0.008535373955965042, 0.007960735820233822, 0.008532964624464512, 0.007600787095725536, 0.007391256280243397, 0.010245329700410366, 0.00827054399996996, 0.008458051830530167, 0.008868349716067314, 0.00793957058340311, 0.011337870731949806, 0.016894925385713577, 0.007931878790259361, 0.009656577371060848, 0.007649634964764118, 0.00838393159210682, 0.008266969583928585, 0.013798385858535767, 0.00744668347761035, 0.008546690456569195, 0.009323114529252052, 0.010104996152222157, 0.007449973374605179, 0.012190664187073708, 0.009422210045158863, 0.00860012136399746, 0.011437587440013885, 0.007205340079963207, 0.008705433458089828, 0.00831434316933155, 0.00817729439586401, 0.008838598616421223, 0.014839651063084602, 0.012713498435914516, 0.007756306789815426, 0.008187005296349525, 0.020245585590600967, 0.0072179315611720085, 0.010287681594491005, 0.007449080236256123], "weapon_probs": [0.021464381366968155, 0.0171692855656147, 0.010693291202187538, 0.018740128725767136, 0.015606261789798737, 0.012997163459658623, 0.01161567959934473, 0.04391040652990341, 0.0076034641824662685, 0.009731985628604889, 0.009423777461051941, 0.008987929672002792, 0.010222693905234337, 0.011354587972164154, 0.01284843124449253, 0.015896305441856384, 0.011307831853628159, 0.008320263586938381, 0.008776869624853134, 0.010389696806669235, 0.010695830918848515, 0.007811449933797121, 0.01166971679776907, 0.007948550395667553, 0.015737133100628853, 0.007622767239809036, 0.013020956888794899, 0.008087463676929474, 0.00785747542977333, 0.009081067517399788, 0.008918268606066704, 0.010362265631556511, 0.00784116517752409, 0.008565750904381275, 0.008135488256812096, 0.009577374905347824, 0.007615530397742987, 0.011716997250914574, 0.012842105701565742, 0.01731010712683201, 0.008615060709416866, 0.01064069289714098, 0.009332122281193733, 0.010065307840704918, 0.008308552205562592, 0.020193401724100113, 0.009278059005737305, 0.008076950907707214, 0.008571918122470379, 0.008506545796990395, 0.01226923055946827, 0.014761327765882015, 0.012623106129467487, 0.009370273910462856, 0.020603781566023827, 0.015371646732091904, 0.010135047137737274, 0.021093104034662247, 0.01014048419892788]}