{"loss": 0.3060190975666046, "character_probs": [0.025735359638929367, 0.01110627967864275, 0.014499292708933353, 0.011159894056618214, 0.010931834578514099, 0.01877802610397339, 0.01205509714782238, 0.010433942079544067, 0.008402121253311634, 0.0076843141578137875, 0.008903269656002522, 0.008797142654657364, 0.01218782365322113, 0.008134806528687477, 0.009529593400657177, 0.007959987968206406, 0.007503991946578026, 0.00893374439328909, 0.007626619189977646, 0.009556347504258156, 0.008431250229477882, 0.010413069278001785, 0.007527501787990332, 0.007975446991622448, 0.007402847521007061, 0.013626513071358204, 0.008513986133038998, 0.008424817584455013, 0.007977745495736599, 0.008449247106909752, 0.014163411222398281, 0.007454425096511841, 0.008012726902961731, 0.009604232385754585, 0.008800916373729706, 0.011777983978390694, 0.008923276327550411, 0.010638603940606117, 0.008185041137039661, 0.010335048660635948, 0.007690892554819584, 0.007987454533576965, 0.0076095364056527615, 0.007644936442375183, 0.007676059380173683, 0.007326710969209671, 0.009388940408825874, 0.00775657594203949, 0.008083818480372429, 0.009617861360311508, 0.007434002123773098, 0.008462205529212952, 0.008561322465538979, 0.01337494608014822, 0.0075986143201589584, 0.00785461999475956, 0.008013095706701279, 0.015499591827392578, 0.00739224161952734, 0.008844996802508831, 0.016655173152685165, 0.00750677241012454, 0.007484472822397947, 0.007387768942862749, 0.009221000596880913, 0.011614341288805008, 0.00868965033441782, 0.007234002463519573, 0.007215889636427164, 0.007961711846292019, 0.007980144582688808, 0.013483764603734016, 0.01193039771169424, 0.009431070648133755, 0.014271890744566917, 0.007753970567137003, 0.009712119586765766, 0.007139542605727911, 0.009420985355973244], "weapon_probs": [0.020697230473160744, 0.01600210927426815, 0.01955721527338028, 0.04782288521528244, 0.010233784094452858, 0.009365483187139034, 0.014612099155783653, 0.010002569295465946, 0.011364477686583996, 0.008456289768218994, 0.009678966365754604, 0.008414043113589287, 0.013629080727696419, 0.010598726570606232, 0.010433133691549301, 0.011352629400789738, 0.012712591327726841, 0.007332558277994394, 0.00940422061830759, 0.010553872212767601, 0.011135932058095932, 0.007940446957945824, 0.00796253327280283, 0.0078179482370615, 0.008379094302654266, 0.007734586019068956, 0.009677143767476082, 0.01075486559420824, 0.00939952116459608, 0.0072722663171589375, 0.012693654745817184, 0.010890890844166279, 0.010562537238001823, 0.008479270152747631, 0.00959378108382225, 0.015046849846839905, 0.012110741809010506, 0.02329793944954872, 0.011209150776267052, 0.01039653830230236, 0.020261455327272415, 0.008766710758209229, 0.00724728312343359, 0.007924657315015793, 0.011024905368685722, 0.00984260719269514, 0.011178873479366302, 0.008640829473733902, 0.008989804424345493, 0.007874024100601673, 0.010236402973532677, 0.01240997202694416, 0.008185148239135742, 0.007706764154136181, 0.012947019189596176, 0.01054341159760952, 0.012627696618437767, 0.01053921040147543, 0.011684970930218697]}