{"loss": 0.9549741744995117, "character_probs": [0.020550724118947983, 0.016618935391306877, 0.016823772341012955, 0.009355945512652397, 0.007803735323250294, 0.016276724636554718, 0.00981162115931511, 0.012731164693832397, 0.00794275850057602, 0.008485179394483566, 0.010865641757845879, 0.008278639055788517, 0.01400013267993927, 0.007740320172160864, 0.009549390524625778, 0.009971600957214832, 0.010112539865076542, 0.008836272172629833, 0.009103243239223957, 0.007445842958986759, 0.011562353931367397, 0.00790252722799778, 0.009308827109634876, 0.00828083511441946, 0.008716871961951256, 0.007478172890841961, 0.010806359350681305, 0.008055577985942364, 0.01161748543381691, 0.009393595159053802, 0.009939040057361126, 0.007276915945112705, 0.01072954386472702, 0.008051373064517975, 0.008969491347670555, 0.007530960254371166, 0.007763396482914686, 0.0075865755788981915, 0.016166649758815765, 0.007768271956592798, 0.007621669676154852, 0.00771678239107132, 0.007654196582734585, 0.009690583683550358, 0.0073850685730576515, 0.008514195680618286, 0.00971917249262333, 0.008097472600638866, 0.008049845695495605, 0.007902557030320168, 0.007952203042805195, 0.007943237200379372, 0.007263663224875927, 0.007882860489189625, 0.007156801410019398, 0.009163156151771545, 0.007827060297131538, 0.012562312185764313, 0.008872156962752342, 0.007567925378680229, 0.011122982017695904, 0.007643654011189938, 0.009690080769360065, 0.010908476077020168, 0.008916703052818775, 0.007469031028449535, 0.00803239457309246, 0.021264199167490005, 0.007910874672234058, 0.007748265750706196, 0.009389076381921768, 0.008902102708816528, 0.01672474667429924, 0.007390472572296858, 0.007150882855057716, 0.026667796075344086, 0.00733944633975625, 0.007782845292240381, 0.007948397658765316], "weapon_probs": [0.027239549905061722, 0.01456596702337265, 0.031535226851701736, 0.009677327238023281, 0.02339863032102585, 0.01598852500319481, 0.009400022216141224, 0.009676172398030758, 0.008317558094859123, 0.010388530790805817, 0.009977500885725021, 0.014574937522411346, 0.020101996138691902, 0.011780626140534878, 0.008887571282684803, 0.00745106628164649, 0.009814833290874958, 0.00808832049369812, 0.014155663549900055, 0.008763897232711315, 0.010626745410263538, 0.008608891628682613, 0.01553566288203001, 0.01568414643406868, 0.007513444405049086, 0.009608570486307144, 0.008579679764807224, 0.008211792446672916, 0.008634321391582489, 0.01068553514778614, 0.009084521792829037, 0.0072968220338225365, 0.007914099842309952, 0.008704000152647495, 0.007781109772622585, 0.008664144203066826, 0.007665138691663742, 0.00758313899859786, 0.02474839985370636, 0.008473171852529049, 0.01311528030782938, 0.008968019858002663, 0.008535868488252163, 0.01243497058749199, 0.00849257130175829, 0.010662639513611794, 0.02210184559226036, 0.008061232045292854, 0.008002356626093388, 0.008525632321834564, 0.011156423017382622, 0.008434576913714409, 0.008640874177217484, 0.011675571091473103, 0.008588655851781368, 0.010578242130577564, 0.011699410155415535, 0.030307374894618988, 0.011436136439442635]}