{"loss": 0.9655654430389404, "character_probs": [0.024501100182533264, 0.01158316433429718, 0.014042340219020844, 0.013513576239347458, 0.008525077253580093, 0.015131679363548756, 0.010988540947437286, 0.008238384500145912, 0.008329424075782299, 0.0072408802807331085, 0.0198221355676651, 0.010682307183742523, 0.008099776692688465, 0.011522846296429634, 0.008739715442061424, 0.008359411731362343, 0.008248189464211464, 0.010018894448876381, 0.008494637906551361, 0.007447477895766497, 0.00844960194081068, 0.008771553635597229, 0.008063681423664093, 0.009980844333767891, 0.008518688380718231, 0.00917782448232174, 0.007560226134955883, 0.009300417266786098, 0.011524850502610207, 0.00848257914185524, 0.010186408646404743, 0.008678114041686058, 0.007588784676045179, 0.009608672931790352, 0.00733782397583127, 0.007254181895405054, 0.008277003653347492, 0.008223645389080048, 0.007778416387736797, 0.008025413379073143, 0.009703094139695168, 0.007383516989648342, 0.013423535972833633, 0.009903104975819588, 0.0098051056265831, 0.007541259750723839, 0.007548982743173838, 0.008347863331437111, 0.007337537128478289, 0.009703376330435276, 0.015674717724323273, 0.007885687053203583, 0.008568432182073593, 0.00985550694167614, 0.008707312867045403, 0.007397656794637442, 0.01160576194524765, 0.0075295851565897465, 0.008369059301912785, 0.009911298751831055, 0.008287183940410614, 0.009295754134654999, 0.015089067630469799, 0.007516825571656227, 0.007542381063103676, 0.009723963215947151, 0.009246201254427433, 0.007703859359025955, 0.008860062807798386, 0.008318115025758743, 0.007687162607908249, 0.008739267475903034, 0.014804123900830746, 0.008849192410707474, 0.0077261789701879025, 0.012380314990878105, 0.007822489365935326, 0.011758249253034592, 0.011307228356599808], "weapon_probs": [0.01698227971792221, 0.02478262037038803, 0.02618962526321411, 0.021184667944908142, 0.013182930648326874, 0.015627821907401085, 0.008175570517778397, 0.027307327836751938, 0.008845553733408451, 0.008782840333878994, 0.008851674385368824, 0.009101921692490578, 0.012866728939116001, 0.007849199697375298, 0.009715685620903969, 0.00787056889384985, 0.008958356454968452, 0.014055697247385979, 0.008375915698707104, 0.01090933382511139, 0.007476284168660641, 0.008641687221825123, 0.00927426666021347, 0.014998245052993298, 0.010740567930042744, 0.009048518724739552, 0.017059970647096634, 0.010758975520730019, 0.007879825308918953, 0.009449757635593414, 0.017125096172094345, 0.008579717017710209, 0.008379223756492138, 0.008542286232113838, 0.008344689384102821, 0.007859695702791214, 0.00973961129784584, 0.00801465380936861, 0.007687553763389587, 0.012267472222447395, 0.02735793963074684, 0.009084047749638557, 0.010929344221949577, 0.00747184082865715, 0.009671226143836975, 0.009016521275043488, 0.008061635307967663, 0.010368365794420242, 0.014560708776116371, 0.009190291166305542, 0.007849483750760555, 0.00936055462807417, 0.013946156948804855, 0.010155601426959038, 0.008724266663193703, 0.01325775682926178, 0.009383806958794594, 0.016233010217547417, 0.008966994471848011]}