{"loss": -0.9625712037086487, "character_probs": [0.013150420039892197, 0.02348412573337555, 0.009515514597296715, 0.01034584827721119, 0.02168598771095276, 0.010965876281261444, 0.012826332822442055, 0.008182944729924202, 0.01181904785335064, 0.009505277499556541, 0.009530806913971901, 0.010314556770026684, 0.009219534695148468, 0.007607088889926672, 0.008135027252137661, 0.007508357521146536, 0.008672483265399933, 0.008702623657882214, 0.007468210533261299, 0.00904669426381588, 0.008100690320134163, 0.009600063785910606, 0.008242130279541016, 0.007632805034518242, 0.010137506760656834, 0.012945575639605522, 0.007636273745447397, 0.009804517030715942, 0.008933479897677898, 0.007923531346023083, 0.0071785771287977695, 0.007171331904828548, 0.01242290809750557, 0.008153246715664864, 0.009408255107700825, 0.007739479653537273, 0.007394764572381973, 0.01404678076505661, 0.010010792873799801, 0.007976090535521507, 0.009151541627943516, 0.00826216395944357, 0.009015455842018127, 0.008159908466041088, 0.012933988124132156, 0.01656646467745304, 0.00794274266809225, 0.007829246111214161, 0.008281644433736801, 0.012724512256681919, 0.008289780467748642, 0.007694966159760952, 0.007211537100374699, 0.007317553274333477, 0.007984490133821964, 0.007920769043266773, 0.008355078287422657, 0.009511775337159634, 0.008286229334771633, 0.010659332387149334, 0.009586161002516747, 0.008313365280628204, 0.00715944729745388, 0.007808662950992584, 0.0074380021542310715, 0.008596873842179775, 0.011665113270282745, 0.01546910684555769, 0.008235097862780094, 0.0084181884303689, 0.011380430310964584, 0.007926237769424915, 0.016236621886491776, 0.011114579625427723, 0.009603888727724552, 0.010774750262498856, 0.009566683322191238, 0.008249551057815552, 0.007401518523693085], "weapon_probs": [0.030415214598178864, 0.016396544873714447, 0.020683711394667625, 0.02173307165503502, 0.010992299765348434, 0.026324234902858734, 0.00916863139718771, 0.010884102433919907, 0.008548901416361332, 0.009691310115158558, 0.014573819003999233, 0.008369523100554943, 0.01065300963819027, 0.008505654521286488, 0.007622855715453625, 0.018045097589492798, 0.009755400940775871, 0.009360727854073048, 0.008088883012533188, 0.01008356548845768, 0.008665194734930992, 0.010249489918351173, 0.010451482608914375, 0.00861874409019947, 0.009323308244347572, 0.009537111036479473, 0.010765958577394485, 0.010945001617074013, 0.009721874259412289, 0.013768846169114113, 0.017288202419877052, 0.007811101619154215, 0.0075329504907131195, 0.009754721075296402, 0.010103093460202217, 0.008843349292874336, 0.007366260513663292, 0.013233056291937828, 0.00907270796597004, 0.012347469106316566, 0.012773488648235798, 0.0111771859228611, 0.012068985030055046, 0.016105959191918373, 0.008376888930797577, 0.01223323680460453, 0.009375779889523983, 0.009966292418539524, 0.012543780729174614, 0.008219859562814236, 0.011469535529613495, 0.01415427215397358, 0.00863046757876873, 0.015401993878185749, 0.009566045366227627, 0.008251309394836426, 0.008533223532140255, 0.007715394254773855, 0.007648106198757887]}