{"loss": -0.3350195586681366, "character_probs": [0.014355460181832314, 0.028838712722063065, 0.02161451056599617, 0.008091391064226627, 0.015175293199717999, 0.010062986053526402, 0.008615707978606224, 0.01024569384753704, 0.007733275648206472, 0.009061215445399284, 0.00915820524096489, 0.008321193046867847, 0.007931385189294815, 0.008794181048870087, 0.007908734492957592, 0.011139830574393272, 0.009381944313645363, 0.008426578715443611, 0.010047207586467266, 0.010088218376040459, 0.008040336892008781, 0.009477524086833, 0.013092976063489914, 0.007735683582723141, 0.009723612107336521, 0.009354447945952415, 0.007195074576884508, 0.007895722053945065, 0.007637724280357361, 0.008008389733731747, 0.007337713614106178, 0.008191060274839401, 0.010028790682554245, 0.008040877059102058, 0.008858604356646538, 0.00869597028940916, 0.011365687474608421, 0.007388800382614136, 0.007534163072705269, 0.007559711113572121, 0.007795820944011211, 0.011006303131580353, 0.0072679040022194386, 0.007532178424298763, 0.007434876170009375, 0.008942491374909878, 0.007324341218918562, 0.007437082938849926, 0.00884970836341381, 0.009759146720170975, 0.007932606153190136, 0.010716465301811695, 0.010024262592196465, 0.007274176925420761, 0.010841261595487595, 0.011791350319981575, 0.00762794679030776, 0.00751408701762557, 0.017444845288991928, 0.008468573912978172, 0.01024373434484005, 0.008780582807958126, 0.008269939571619034, 0.007661655079573393, 0.007803119719028473, 0.010448254644870758, 0.010036570951342583, 0.008389106951653957, 0.009210002608597279, 0.00905602052807808, 0.009259885177016258, 0.008635333739221096, 0.010745162144303322, 0.014500666409730911, 0.008981185965240002, 0.007343182805925608, 0.010209962725639343, 0.008114730939269066, 0.009687193669378757], "weapon_probs": [0.044434741139411926, 0.012050106190145016, 0.01766335964202881, 0.012751491740345955, 0.01056765578687191, 0.013112952932715416, 0.012578108347952366, 0.012261902913451195, 0.010321257635951042, 0.014029272831976414, 0.008114137686789036, 0.009172232821583748, 0.008589408360421658, 0.015504177659749985, 0.007442043162882328, 0.011942882090806961, 0.009939134120941162, 0.009196470491588116, 0.03322021663188934, 0.008597921580076218, 0.007447928190231323, 0.011153707280755043, 0.020691294223070145, 0.009596025571227074, 0.007504187524318695, 0.008204874582588673, 0.00949440710246563, 0.0078035504557192326, 0.00746806338429451, 0.00841553695499897, 0.007924593985080719, 0.00991200003772974, 0.007521378342062235, 0.00927000492811203, 0.010315128602087498, 0.009233549237251282, 0.009220381267368793, 0.008492355234920979, 0.010821412317454815, 0.007189870811998844, 0.009217845275998116, 0.008399756625294685, 0.009004759602248669, 0.012926913797855377, 0.011042844504117966, 0.009398296475410461, 0.012456521391868591, 0.023019175976514816, 0.009284701198339462, 0.010026910342276096, 0.008116189390420914, 0.01171022653579712, 0.014413982629776001, 0.013003482483327389, 0.013671280816197395, 0.009280413389205933, 0.020359881222248077, 0.01884966716170311, 0.008900144137442112]}