{"loss": 0.743914783000946, "character_probs": [0.01577887311577797, 0.014772293157875538, 0.022671759128570557, 0.012066757306456566, 0.009677818045020103, 0.010664444416761398, 0.010222027078270912, 0.011186972260475159, 0.011636098846793175, 0.008520244620740414, 0.007456040941178799, 0.013889933936297894, 0.010351154953241348, 0.00826278980821371, 0.007340832147747278, 0.011073127388954163, 0.007506797555834055, 0.013623600825667381, 0.00801414716988802, 0.008312080055475235, 0.011717747896909714, 0.009522519074380398, 0.007356530055403709, 0.008977765217423439, 0.0076149143278598785, 0.009194839745759964, 0.015121348202228546, 0.008969663642346859, 0.007487301714718342, 0.007478232961148024, 0.007441908121109009, 0.007587294559925795, 0.007520959712564945, 0.008310165256261826, 0.009495028294622898, 0.007103364448994398, 0.015179191716015339, 0.010458236560225487, 0.008376864716410637, 0.007140517700463533, 0.007089090999215841, 0.008750670589506626, 0.007353620138019323, 0.008940419182181358, 0.008175916038453579, 0.0102431895211339, 0.0077392710372805595, 0.008351515978574753, 0.011103151366114616, 0.00765353674069047, 0.007594694849103689, 0.007279183249920607, 0.013702182099223137, 0.009894936345517635, 0.007670540362596512, 0.008009874261915684, 0.00731302984058857, 0.008407855406403542, 0.008592787198722363, 0.009406756609678268, 0.008673535659909248, 0.012274599634110928, 0.008769608102738857, 0.009771833196282387, 0.008598389104008675, 0.00958995521068573, 0.008862544782459736, 0.01511317491531372, 0.009703004732728004, 0.007631990592926741, 0.008183480240404606, 0.009634584188461304, 0.008210606873035431, 0.007651202380657196, 0.007924939505755901, 0.011197619140148163, 0.008028604090213776, 0.00952422060072422, 0.008368916809558868], "weapon_probs": [0.024794407188892365, 0.02603594958782196, 0.012564174830913544, 0.012629101052880287, 0.030418723821640015, 0.009495937265455723, 0.012797434814274311, 0.012133773416280746, 0.007663649972528219, 0.01021786592900753, 0.01778256893157959, 0.010245835408568382, 0.00939852837473154, 0.011784015223383904, 0.014673009514808655, 0.010984137654304504, 0.008965223096311092, 0.012558193877339363, 0.011300716549158096, 0.008964961394667625, 0.014603033661842346, 0.009284273721277714, 0.008140034973621368, 0.00764160230755806, 0.007792604621499777, 0.011482777073979378, 0.008258244954049587, 0.008506765589118004, 0.008130130358040333, 0.008915752172470093, 0.018947454169392586, 0.007729083765298128, 0.008929210714995861, 0.00968968402594328, 0.008078422397375107, 0.00985341053456068, 0.0205139871686697, 0.010815517045557499, 0.0073887356556952, 0.012621741741895676, 0.008875210769474506, 0.011285007931292057, 0.012449611909687519, 0.008748033083975315, 0.008415047079324722, 0.007461331319063902, 0.00779536459594965, 0.00828812550753355, 0.007756719831377268, 0.01342820841819048, 0.009946854785084724, 0.014667750336229801, 0.017886904999613762, 0.017403364181518555, 0.011407601647078991, 0.011628979817032814, 0.00836135633289814, 0.0084370207041502, 0.013162974268198013]}