{"loss": 0.9471417665481567, "character_probs": [0.02040066197514534, 0.011340605095028877, 0.011360110715031624, 0.01387900672852993, 0.019412437453866005, 0.00908602587878704, 0.008941411040723324, 0.00920470617711544, 0.011685047298669815, 0.00847011711448431, 0.011736225336790085, 0.013958161696791649, 0.007553061004728079, 0.007716577034443617, 0.009853914380073547, 0.008148838765919209, 0.008309096097946167, 0.01247801911085844, 0.011967558413743973, 0.009245839901268482, 0.008607725612819195, 0.007228739093989134, 0.007754862774163485, 0.008412504568696022, 0.012452935799956322, 0.007501925807446241, 0.007682404015213251, 0.013299359008669853, 0.007793204393237829, 0.01184345968067646, 0.0076579381711781025, 0.008023659698665142, 0.00763415964320302, 0.008505449630320072, 0.008291341364383698, 0.008099021390080452, 0.007626345846801996, 0.008297727443277836, 0.009045002982020378, 0.010845337063074112, 0.00767348101362586, 0.008181900717318058, 0.0072157313115894794, 0.010879801586270332, 0.011594412848353386, 0.008774974383413792, 0.007637855596840382, 0.010076552629470825, 0.007643512450158596, 0.009775198996067047, 0.007773290853947401, 0.010076938197016716, 0.010653472505509853, 0.009964017197489738, 0.008475275710225105, 0.011048171669244766, 0.008057628758251667, 0.00763664860278368, 0.011761661618947983, 0.009815249592065811, 0.007754782680422068, 0.00853266566991806, 0.010948078706860542, 0.009645985439419746, 0.008129525929689407, 0.011054222472012043, 0.008987453766167164, 0.008092622272670269, 0.009110036306083202, 0.009893802925944328, 0.00902398768812418, 0.014791229739785194, 0.0076075526885688305, 0.0074215242639184, 0.007685436867177486, 0.014019757509231567, 0.008937275037169456, 0.011241201311349869, 0.010541661642491817], "weapon_probs": [0.03379407152533531, 0.031975261867046356, 0.015414253808557987, 0.009469852782785892, 0.008773528039455414, 0.011789904907345772, 0.010686581954360008, 0.011508380994200706, 0.021402601152658463, 0.011558281257748604, 0.00983352679759264, 0.00828622654080391, 0.012247681617736816, 0.017131678760051727, 0.007534459233283997, 0.00891012791544199, 0.007911785505712032, 0.017271842807531357, 0.007366561330854893, 0.011736726388335228, 0.014184137806296349, 0.007932472042739391, 0.014034945517778397, 0.011493992991745472, 0.010476193390786648, 0.008869288489222527, 0.007715139538049698, 0.008446473628282547, 0.014405755326151848, 0.008546772412955761, 0.007398469839245081, 0.009594006463885307, 0.008145377039909363, 0.008550762198865414, 0.008118616417050362, 0.010453591123223305, 0.008190572261810303, 0.00981886312365532, 0.007554716430604458, 0.01264292374253273, 0.007987843826413155, 0.012715157121419907, 0.010361880995333195, 0.013495098799467087, 0.009316973388195038, 0.008498023264110088, 0.008078202605247498, 0.009816995821893215, 0.014732690528035164, 0.013316136784851551, 0.008740945719182491, 0.008568113669753075, 0.00816972367465496, 0.016067765653133392, 0.021534118801355362, 0.007327379193156958, 0.019345413893461227, 0.015424169600009918, 0.01064230501651764]}