{"loss": 0.3890647888183594, "character_probs": [0.018922967836260796, 0.01756291277706623, 0.01634194329380989, 0.012419600039720535, 0.01744629442691803, 0.00972120650112629, 0.010839736089110374, 0.008399643003940582, 0.01160871610045433, 0.008125334978103638, 0.009326310828328133, 0.010734299197793007, 0.008778686635196209, 0.009277066215872765, 0.007521617691963911, 0.008462466299533844, 0.013507384806871414, 0.0071267723105847836, 0.008929301053285599, 0.010906646028161049, 0.007229287177324295, 0.010081138461828232, 0.00786089338362217, 0.007892241701483727, 0.00755941541865468, 0.00862966664135456, 0.007432109676301479, 0.007778702303767204, 0.008373340591788292, 0.009051304310560226, 0.008216734044253826, 0.009564351290464401, 0.009829438291490078, 0.007405033800750971, 0.007432611659169197, 0.008525053039193153, 0.010518736205995083, 0.010606097057461739, 0.00948430597782135, 0.007999483495950699, 0.009333525784313679, 0.008107783272862434, 0.01255253329873085, 0.009037433192133904, 0.007634064182639122, 0.011438685469329357, 0.008338313549757004, 0.007393398322165012, 0.008905773051083088, 0.007280707824975252, 0.009100464172661304, 0.008675554767251015, 0.008253365755081177, 0.01578240469098091, 0.008548159152269363, 0.007429866585880518, 0.010362973436713219, 0.007823742926120758, 0.007881448604166508, 0.007560900412499905, 0.007559546735137701, 0.011188946664333344, 0.009766669943928719, 0.007748396601527929, 0.013155242428183556, 0.010990383103489876, 0.013121332041919231, 0.007399505935609341, 0.007912922650575638, 0.008166858926415443, 0.007665569894015789, 0.012028790079057217, 0.0077403848990798, 0.008867586962878704, 0.014172264374792576, 0.01688957028090954, 0.009594155475497246, 0.0100452471524477, 0.0076409438624978065], "weapon_probs": [0.009146830067038536, 0.023796219378709793, 0.019926030188798904, 0.023137245327234268, 0.014372572302818298, 0.019056983292102814, 0.013120882213115692, 0.008353863842785358, 0.012914977967739105, 0.009401400573551655, 0.02229362353682518, 0.01939408853650093, 0.014534312300384045, 0.007250207010656595, 0.014412758871912956, 0.007657875772565603, 0.009183529764413834, 0.008747661486268044, 0.00804347824305296, 0.010932445526123047, 0.007878565229475498, 0.009401069022715092, 0.008172891102731228, 0.01022764015942812, 0.007556389085948467, 0.009672989137470722, 0.010183895006775856, 0.010682150721549988, 0.008399860933423042, 0.011843668296933174, 0.014740241691470146, 0.009644660167396069, 0.008949237875640392, 0.010369699448347092, 0.007951457053422928, 0.009251425042748451, 0.009698180481791496, 0.009297437034547329, 0.011879326775670052, 0.008733290247619152, 0.008890146389603615, 0.009407362900674343, 0.00865278858691454, 0.012639000080525875, 0.011767685413360596, 0.019184481352567673, 0.008182767778635025, 0.02596357837319374, 0.00875855889171362, 0.009008344262838364, 0.015168290585279465, 0.00776627054437995, 0.0318678617477417, 0.01043851487338543, 0.010327531956136227, 0.015999937430024147, 0.009934263303875923, 0.022209567949175835, 0.009717871434986591]}