{"loss": 0.9124707579612732, "character_probs": [0.010786761529743671, 0.02908170595765114, 0.011732501909136772, 0.026810172945261, 0.008045089431107044, 0.008921843022108078, 0.009370086714625359, 0.008709698915481567, 0.010191047564148903, 0.009618103504180908, 0.00847697164863348, 0.009085722267627716, 0.007383547257632017, 0.011131500825285912, 0.007556420285254717, 0.007919141091406345, 0.010810447856783867, 0.007911846973001957, 0.014935752376914024, 0.00781386811286211, 0.01023159921169281, 0.007458277978003025, 0.007368684280663729, 0.008875017054378986, 0.007389872334897518, 0.00886912364512682, 0.00911054015159607, 0.008109296672046185, 0.009386911988258362, 0.007738401647657156, 0.009970497339963913, 0.0071945879608392715, 0.007187093608081341, 0.007900211960077286, 0.007876661606132984, 0.007825441658496857, 0.013084998354315758, 0.008127419278025627, 0.008963349275290966, 0.008627310395240784, 0.009339004755020142, 0.007223013788461685, 0.009466349147260189, 0.011202586814761162, 0.00828115176409483, 0.011042514815926552, 0.008934590965509415, 0.007800507824867964, 0.008088672533631325, 0.007983606308698654, 0.009152114391326904, 0.007825861684978008, 0.008039582520723343, 0.007526901550590992, 0.007435212377458811, 0.00856827199459076, 0.008131473325192928, 0.009826106019318104, 0.016099710017442703, 0.01180078461766243, 0.007402862887829542, 0.012277759611606598, 0.008345071226358414, 0.009677417576313019, 0.013826604932546616, 0.0093220304697752, 0.008815757930278778, 0.009752313606441021, 0.00851211417466402, 0.007265723310410976, 0.007952864281833172, 0.014992685988545418, 0.007633103057742119, 0.008396116085350513, 0.008186131715774536, 0.0084941191598773, 0.012081025168299675, 0.00901990570127964, 0.007837051525712013], "weapon_probs": [0.05021939054131508, 0.02020350843667984, 0.013311509042978287, 0.017961259931325912, 0.010066729038953781, 0.008250057697296143, 0.008552495390176773, 0.007996955886483192, 0.022595349699258804, 0.013816095888614655, 0.00925422366708517, 0.00818547885864973, 0.010244558565318584, 0.009090057574212551, 0.010548609308898449, 0.016644686460494995, 0.007484469562768936, 0.008098332211375237, 0.00958691630512476, 0.013194035738706589, 0.013761457055807114, 0.007762601133435965, 0.007953694090247154, 0.007573219947516918, 0.007639307528734207, 0.008717034943401814, 0.008334062993526459, 0.018224239349365234, 0.00994197465479374, 0.009405506774783134, 0.008447060361504555, 0.012719636783003807, 0.007965766824781895, 0.008268275298178196, 0.009343151934444904, 0.010459461249411106, 0.01044760923832655, 0.010112856514751911, 0.008767252787947655, 0.010236665606498718, 0.007781076245009899, 0.009052046574652195, 0.013291698880493641, 0.010969705879688263, 0.008434709161520004, 0.00983063317835331, 0.014955688267946243, 0.009790719486773014, 0.007956409826874733, 0.010367952287197113, 0.008346849121153355, 0.009411090984940529, 0.020484518259763718, 0.009064828976988792, 0.011312324553728104, 0.011946309357881546, 0.009213458746671677, 0.011606358923017979, 0.009928835555911064]}