{"loss": 0.8579303622245789, "character_probs": [0.01693696901202202, 0.01912177912890911, 0.010845149867236614, 0.013547860085964203, 0.013440126553177834, 0.01279972493648529, 0.01217821054160595, 0.014157203957438469, 0.009393236599862576, 0.008499735035002232, 0.00805626530200243, 0.009801876731216908, 0.00841884221881628, 0.008562401868402958, 0.008526438847184181, 0.008072364144027233, 0.008658024482429028, 0.016588853672146797, 0.008789937943220139, 0.009842967614531517, 0.007668974809348583, 0.008693760260939598, 0.007511953357607126, 0.007272679824382067, 0.00837644562125206, 0.0071357605047523975, 0.009099078364670277, 0.00811806134879589, 0.013159622438251972, 0.008160226978361607, 0.00775319617241621, 0.010495807975530624, 0.007475253660231829, 0.016911854967474937, 0.007941172458231449, 0.008547627367079258, 0.008207187987864017, 0.008554017171263695, 0.008148480206727982, 0.008387182839214802, 0.008626996539533138, 0.009265117347240448, 0.007640671916306019, 0.007822558283805847, 0.007945922203361988, 0.008189135231077671, 0.008145823143422604, 0.013418415561318398, 0.008884727954864502, 0.008036701940000057, 0.007346694823354483, 0.007972055114805698, 0.007356130983680487, 0.019086133688688278, 0.008054772391915321, 0.009879739955067635, 0.007899357937276363, 0.007268571760505438, 0.009443952701985836, 0.007562798447906971, 0.00881638191640377, 0.009198697283864021, 0.008643302135169506, 0.007303314749151468, 0.008082086220383644, 0.0077875894494354725, 0.008866943418979645, 0.010205607861280441, 0.007670647464692593, 0.009099885821342468, 0.015369082801043987, 0.008972683921456337, 0.008861005306243896, 0.00799241941422224, 0.01440225075930357, 0.008235706016421318, 0.007523222826421261, 0.012102261185646057, 0.007683546748012304], "weapon_probs": [0.03351423889398575, 0.023528680205345154, 0.01335785910487175, 0.01377501618117094, 0.009077373892068863, 0.008282732218503952, 0.02744244411587715, 0.010160763747990131, 0.030411001294851303, 0.007603997364640236, 0.009956776164472103, 0.01226682960987091, 0.0083998441696167, 0.014014886692166328, 0.01146991178393364, 0.010775313712656498, 0.009343478828668594, 0.0074100010097026825, 0.008180242031812668, 0.011230282485485077, 0.007827932015061378, 0.011552872136235237, 0.009558947756886482, 0.007479450665414333, 0.010315045714378357, 0.00814266037195921, 0.014178629964590073, 0.008152525871992111, 0.011460858397185802, 0.009351922199130058, 0.008944042958319187, 0.007564044091850519, 0.00927386898547411, 0.01193678192794323, 0.007523249834775925, 0.00765602570027113, 0.008011531084775925, 0.007476888131350279, 0.008342721499502659, 0.008178132586181164, 0.0113240210339427, 0.01980029232800007, 0.009113166481256485, 0.00752369174733758, 0.0092569999396801, 0.007846606895327568, 0.010408692993223667, 0.01955072395503521, 0.008800676092505455, 0.012332076206803322, 0.008899511769413948, 0.007920374162495136, 0.00925559364259243, 0.008816828019917011, 0.010404035449028015, 0.008590899407863617, 0.027677521109580994, 0.007361585274338722, 0.017239481210708618]}