{"loss": -0.9865034222602844, "character_probs": [0.016569487750530243, 0.013849543407559395, 0.017274845391511917, 0.00872636679559946, 0.018370825797319412, 0.011967815458774567, 0.01074032299220562, 0.009033899754285812, 0.00799869280308485, 0.008681563660502434, 0.008768141269683838, 0.009961351752281189, 0.012665348127484322, 0.008505551144480705, 0.01131797768175602, 0.009210714139044285, 0.013158785179257393, 0.012150547467172146, 0.008060432970523834, 0.00718322629109025, 0.00783743429929018, 0.00967058539390564, 0.007382681127637625, 0.012506715022027493, 0.012347890064120293, 0.008057916536927223, 0.007594621274620295, 0.01025080680847168, 0.008865353651344776, 0.008069658651947975, 0.008355749770998955, 0.007788996212184429, 0.0076800077222287655, 0.007663869298994541, 0.007235388737171888, 0.008662902750074863, 0.012468483299016953, 0.009075636975467205, 0.0074599431827664375, 0.007264458108693361, 0.008751777932047844, 0.012493427842855453, 0.00793203804641962, 0.008385713212192059, 0.007373209577053785, 0.009233701042830944, 0.007591848727315664, 0.009779589250683784, 0.007586244028061628, 0.009466703981161118, 0.007274226751178503, 0.007904989644885063, 0.007317130453884602, 0.009085732512176037, 0.008390022441744804, 0.01046929694712162, 0.009680591523647308, 0.007253113202750683, 0.016443267464637756, 0.009969914332032204, 0.012295467779040337, 0.012517123483121395, 0.007841845974326134, 0.01130017451941967, 0.007965637370944023, 0.008692210540175438, 0.010917571373283863, 0.009243005886673927, 0.007703300099819899, 0.009266124106943607, 0.0076871588826179504, 0.009947767481207848, 0.009217306040227413, 0.010915396735072136, 0.009916989132761955, 0.008119398728013039, 0.011876032687723637, 0.007500675041228533, 0.013075261376798153], "weapon_probs": [0.01337321288883686, 0.027906503528356552, 0.01506104227155447, 0.016636034473776817, 0.02014048397541046, 0.018088601529598236, 0.010492827743291855, 0.014124972745776176, 0.01093970611691475, 0.009857550263404846, 0.00783566664904356, 0.02281128615140915, 0.0074212271720170975, 0.00801211316138506, 0.015789516270160675, 0.00786969531327486, 0.02061082050204277, 0.014770248904824257, 0.009529209695756435, 0.008745372295379639, 0.00784966628998518, 0.01248660683631897, 0.007690029218792915, 0.00858435221016407, 0.013841371983289719, 0.008271906524896622, 0.010769412852823734, 0.007498083636164665, 0.009395641274750233, 0.008064744994044304, 0.008553175255656242, 0.008434252813458443, 0.008536025881767273, 0.012186733074486256, 0.01110045611858368, 0.015359657816588879, 0.008157288655638695, 0.014301583170890808, 0.010946926660835743, 0.00779404491186142, 0.009536012075841427, 0.012879237532615662, 0.008074900135397911, 0.008566190488636494, 0.010054664686322212, 0.019525952637195587, 0.012382486835122108, 0.009498834609985352, 0.00979823898524046, 0.009812361560761929, 0.010576858185231686, 0.008114835247397423, 0.00829461682587862, 0.009666411206126213, 0.017112653702497482, 0.028070654720067978, 0.009461970999836922, 0.010708565823733807, 0.014375371858477592]}