{"loss": 0.5430331230163574, "character_probs": [0.016562607139348984, 0.023816369473934174, 0.011094281449913979, 0.009164055809378624, 0.009861543774604797, 0.010701625607907772, 0.031194832175970078, 0.007840484380722046, 0.007741780951619148, 0.007643081247806549, 0.007609870284795761, 0.00962571520358324, 0.008311840705573559, 0.007884707301855087, 0.012900199741125107, 0.010053466074168682, 0.007278710138052702, 0.007909152656793594, 0.008308172225952148, 0.009273580275475979, 0.00776792224496603, 0.008645976893603802, 0.007741796318441629, 0.009109191596508026, 0.008012143895030022, 0.007431608159095049, 0.00786489900201559, 0.009041846729815006, 0.009276032447814941, 0.00973617285490036, 0.0085293622687459, 0.008343917317688465, 0.009692956693470478, 0.00796075165271759, 0.00790173839777708, 0.008355040103197098, 0.009510786272585392, 0.012222714722156525, 0.010782244615256786, 0.008599572815001011, 0.009540404193103313, 0.00778496079146862, 0.007499720435589552, 0.012189632281661034, 0.008682992309331894, 0.00729764811694622, 0.007404239382594824, 0.007607924286276102, 0.00865963101387024, 0.007923866622149944, 0.008882108144462109, 0.01253850944340229, 0.009755811654031277, 0.008382078260183334, 0.01073448732495308, 0.008752691559493542, 0.007759831380099058, 0.009493408724665642, 0.009850684553384781, 0.008660286664962769, 0.007471551652997732, 0.007233323995023966, 0.007958432659506798, 0.008490038104355335, 0.01913127861917019, 0.007661301176995039, 0.00900800246745348, 0.009190259501338005, 0.007970230653882027, 0.007814539596438408, 0.007511103060096502, 0.008021955378353596, 0.01396256498992443, 0.007298839278519154, 0.007594854570925236, 0.02044648304581642, 0.010168620385229588, 0.00974246021360159, 0.017605694010853767], "weapon_probs": [0.02248869091272354, 0.013001211918890476, 0.03150808438658714, 0.008902431465685368, 0.02460772544145584, 0.011164812371134758, 0.014231180772185326, 0.012162599712610245, 0.015405021607875824, 0.01071949116885662, 0.014599955640733242, 0.013186119496822357, 0.009823355823755264, 0.020821014419198036, 0.00765193672850728, 0.008565125986933708, 0.01194676198065281, 0.010094446130096912, 0.010466108098626137, 0.016434848308563232, 0.00884217955172062, 0.01174603495746851, 0.008104137144982815, 0.007344216573983431, 0.008052535355091095, 0.012500632554292679, 0.007457522675395012, 0.007650484796613455, 0.009416461922228336, 0.017217960208654404, 0.008449308574199677, 0.008117458783090115, 0.009694174863398075, 0.008585508912801743, 0.007063108030706644, 0.008873173967003822, 0.008053055964410305, 0.008199471980333328, 0.009081805124878883, 0.00814046896994114, 0.00797799788415432, 0.014990164898335934, 0.007442214526236057, 0.008840186521410942, 0.011316072195768356, 0.007164066191762686, 0.008388501591980457, 0.008312491700053215, 0.009175432845950127, 0.010788138024508953, 0.011594695039093494, 0.008078762330114841, 0.03282124921679497, 0.007789453491568565, 0.01073999423533678, 0.0127073023468256, 0.012245148420333862, 0.010948004201054573, 0.01099847536534071]}