{"loss": 0.9678322076797485, "character_probs": [0.015133113600313663, 0.023189179599285126, 0.01231764629483223, 0.011613758280873299, 0.012247586622834206, 0.00858215056359768, 0.014148708432912827, 0.0191274955868721, 0.009664537385106087, 0.009541109204292297, 0.008348852396011353, 0.007429779507219791, 0.01539643108844757, 0.01003511156886816, 0.009199114516377449, 0.007768297102302313, 0.013672767207026482, 0.007273995317518711, 0.010133184492588043, 0.009024444036185741, 0.0077997236512601376, 0.007431730628013611, 0.00842986349016428, 0.008645455352962017, 0.007520771585404873, 0.007342400494962931, 0.007490457035601139, 0.007573646493256092, 0.010830847546458244, 0.009983409196138382, 0.007395381573587656, 0.007666627410799265, 0.007600110024213791, 0.00709132244810462, 0.0075666643679142, 0.008049089461565018, 0.009460922330617905, 0.008588941767811775, 0.008125501684844494, 0.007640504278242588, 0.008639405481517315, 0.009354336187243462, 0.013257588259875774, 0.00862254947423935, 0.008974527008831501, 0.008579733781516552, 0.009967781603336334, 0.007463625632226467, 0.008934972807765007, 0.00767244677990675, 0.008988702669739723, 0.01002512313425541, 0.008198254741728306, 0.007701447699218988, 0.007668469101190567, 0.01046054158359766, 0.00852180365473032, 0.007771000731736422, 0.007763080298900604, 0.008026464842259884, 0.007439015433192253, 0.0075698113068938255, 0.00751481531187892, 0.02022719755768776, 0.007818952202796936, 0.010416359640657902, 0.008971603587269783, 0.010286163538694382, 0.011172246187925339, 0.0075569055043160915, 0.0078026410192251205, 0.011556863784790039, 0.01099309790879488, 0.0075483000837266445, 0.008507762104272842, 0.007675199769437313, 0.007644880563020706, 0.009193984791636467, 0.010019367560744286], "weapon_probs": [0.016837842762470245, 0.021574225276708603, 0.026821665465831757, 0.02319275215268135, 0.019762542098760605, 0.011173641309142113, 0.013373145833611488, 0.01828344166278839, 0.011597460135817528, 0.01141824759542942, 0.010337930172681808, 0.009976357221603394, 0.009133860468864441, 0.010267015546560287, 0.013376235961914062, 0.01204165630042553, 0.009578087367117405, 0.01293940283358097, 0.012152085080742836, 0.009407371282577515, 0.010121953673660755, 0.00945109874010086, 0.007957263849675655, 0.008441115729510784, 0.008437137119472027, 0.0075419810600578785, 0.007507661357522011, 0.008966881781816483, 0.007413113489747047, 0.009607376530766487, 0.007342701777815819, 0.013380473479628563, 0.008431956171989441, 0.01060735434293747, 0.007992418482899666, 0.018275387585163116, 0.008790240623056889, 0.008941104635596275, 0.013999015092849731, 0.007962443865835667, 0.008287805132567883, 0.009504033252596855, 0.011708768084645271, 0.007893674075603485, 0.008418417535722256, 0.011147962883114815, 0.015703968703746796, 0.00905504822731018, 0.008180074393749237, 0.009713269770145416, 0.01723312772810459, 0.009117337875068188, 0.01467374712228775, 0.010474812239408493, 0.01744050532579422, 0.013585451059043407, 0.00917753390967846, 0.010414203628897667, 0.00847888644784689]}