{"loss": -0.9994078874588013, "character_probs": [0.020755890756845474, 0.021380439400672913, 0.010527440346777439, 0.009826483204960823, 0.013451987877488136, 0.008286124095320702, 0.011866271495819092, 0.015100334770977497, 0.008915838785469532, 0.010267059318721294, 0.00709970248863101, 0.017061036080121994, 0.007838656194508076, 0.007361959666013718, 0.011789876967668533, 0.007362558972090483, 0.007271707523614168, 0.008456261828541756, 0.008881411515176296, 0.013690386898815632, 0.008832850493490696, 0.007588290609419346, 0.007557514123618603, 0.008201123215258121, 0.007476304657757282, 0.009039289318025112, 0.007664290722459555, 0.020172128453850746, 0.008397307246923447, 0.00785746332257986, 0.008126375265419483, 0.00818799901753664, 0.007604632060974836, 0.00836866907775402, 0.007300053723156452, 0.007863612845540047, 0.008101869374513626, 0.007093635853379965, 0.007601545192301273, 0.007537698373198509, 0.00852480623871088, 0.007483317516744137, 0.008121180348098278, 0.007257310673594475, 0.008824793621897697, 0.007968067191541195, 0.013659080490469933, 0.007622874341905117, 0.007471753284335136, 0.007354105822741985, 0.010324293747544289, 0.016574790701270103, 0.01025594212114811, 0.008112911134958267, 0.009895850904285908, 0.007427660282701254, 0.008588282391428947, 0.008310877718031406, 0.008446788415312767, 0.010651614516973495, 0.008674539625644684, 0.008739208802580833, 0.011625370010733604, 0.008749962784349918, 0.01075930055230856, 0.008028518408536911, 0.009874360635876656, 0.008500229567289352, 0.008098602294921875, 0.007752266712486744, 0.007663561496883631, 0.008242195472121239, 0.010718829929828644, 0.008940239436924458, 0.008650087751448154, 0.02148273214697838, 0.009993736632168293, 0.012820146977901459, 0.008545542135834694], "weapon_probs": [0.014883486554026604, 0.027154721319675446, 0.026253890246152878, 0.010487133637070656, 0.03906622529029846, 0.008472803980112076, 0.008295074105262756, 0.00924215093255043, 0.01208564080297947, 0.010968180373311043, 0.008011724799871445, 0.012517476454377174, 0.010003041476011276, 0.013800958171486855, 0.007530043832957745, 0.012338835746049881, 0.01263502798974514, 0.010621452704071999, 0.011143104173243046, 0.009880808182060719, 0.010038275271654129, 0.008430742658674717, 0.007463393732905388, 0.007211060728877783, 0.010037872940301895, 0.010815688408911228, 0.0075950613245368, 0.007436753250658512, 0.014010361395776272, 0.015904713422060013, 0.007560820318758488, 0.008867643773555756, 0.019485369324684143, 0.009404662996530533, 0.016737207770347595, 0.010042664594948292, 0.009480228647589684, 0.007968373596668243, 0.00819341465830803, 0.007928906008601189, 0.00744357006624341, 0.00806500855833292, 0.009354431182146072, 0.015024334192276001, 0.008059341460466385, 0.009459123015403748, 0.012051232159137726, 0.012041440233588219, 0.00795447826385498, 0.014732018113136292, 0.01012912392616272, 0.01320304162800312, 0.007925576530396938, 0.00794330332428217, 0.019551657140254974, 0.010881281457841396, 0.007812581956386566, 0.011782457120716572, 0.00892023928463459]}