{"loss": -0.8480733633041382, "character_probs": [0.012075424194335938, 0.01565585285425186, 0.00921090692281723, 0.015637364238500595, 0.01059859711676836, 0.015662211924791336, 0.010830369777977467, 0.012196224182844162, 0.012220118194818497, 0.010980112478137016, 0.010046749375760555, 0.007907888852059841, 0.008777067996561527, 0.0073584457859396935, 0.016570203006267548, 0.010197650641202927, 0.008699163794517517, 0.007393957115709782, 0.01058862917125225, 0.011010313406586647, 0.008061373606324196, 0.007903551682829857, 0.010024141520261765, 0.00744339544326067, 0.008089127019047737, 0.008129982277750969, 0.0112017672508955, 0.007696384564042091, 0.009608941152691841, 0.007205842062830925, 0.007714405655860901, 0.007657114882022142, 0.007824941538274288, 0.007834014482796192, 0.008193626068532467, 0.009241491556167603, 0.007488718256354332, 0.009211027063429356, 0.009728189557790756, 0.012541609816253185, 0.007636473514139652, 0.009339405223727226, 0.01648198999464512, 0.00936339981853962, 0.012828385457396507, 0.007958166301250458, 0.008614099584519863, 0.0076853386126458645, 0.013135908171534538, 0.009773358702659607, 0.009889807552099228, 0.007741360459476709, 0.008357163518667221, 0.009171247482299805, 0.007106279022991657, 0.008305160328745842, 0.00898200273513794, 0.008449982851743698, 0.00739484466612339, 0.010475109331309795, 0.009027381427586079, 0.011206427589058876, 0.00969269871711731, 0.007500482257455587, 0.017782222479581833, 0.007805982604622841, 0.008116110228002071, 0.010137342847883701, 0.016642870381474495, 0.007327495142817497, 0.011465453542768955, 0.008721436373889446, 0.010327606461942196, 0.008485442027449608, 0.007614663802087307, 0.010254980064928532, 0.02215498313307762, 0.0094292676076293, 0.008816564455628395], "weapon_probs": [0.03524356707930565, 0.02165629342198372, 0.02833537757396698, 0.011045458726584911, 0.008710762485861778, 0.009026729501783848, 0.013000039383769035, 0.008452429436147213, 0.008472484536468983, 0.02365909516811371, 0.0087665980681777, 0.010492952540516853, 0.009244799613952637, 0.011469271034002304, 0.0075033060275018215, 0.009163707494735718, 0.020262140780687332, 0.007287656422704458, 0.008353033103048801, 0.00841271597892046, 0.008783440105617046, 0.008124718442559242, 0.008953800424933434, 0.019372161477804184, 0.00961314793676138, 0.007768671959638596, 0.010580901987850666, 0.008749366737902164, 0.007961907424032688, 0.007695779670029879, 0.008712288923561573, 0.020711693912744522, 0.008101928979158401, 0.009881680831313133, 0.007898331619799137, 0.012788964435458183, 0.01079854927957058, 0.008459439501166344, 0.008148714900016785, 0.011005038395524025, 0.011712560430169106, 0.008118031546473503, 0.00757963303476572, 0.01133728213608265, 0.020733265206217766, 0.01253427192568779, 0.016102544963359833, 0.012022240087389946, 0.01026950404047966, 0.013079924508929253, 0.012195592746138573, 0.009109927341341972, 0.011606009677052498, 0.008365950547158718, 0.007279818877577782, 0.009014986455440521, 0.011652261018753052, 0.012168362736701965, 0.010439898818731308]}