{"loss": -0.24475792050361633, "character_probs": [0.012442285194993019, 0.011803995817899704, 0.010700463317334652, 0.024325620383024216, 0.014880236238241196, 0.01974085345864296, 0.007801784668117762, 0.011589468456804752, 0.007984915748238564, 0.007949351333081722, 0.011768649332225323, 0.00964500941336155, 0.008558130823075771, 0.00857495330274105, 0.009148987010121346, 0.009974054992198944, 0.00905965268611908, 0.0072480374947190285, 0.011006640270352364, 0.00804356299340725, 0.010174495168030262, 0.008654534816741943, 0.009774677455425262, 0.015242224559187889, 0.008407553657889366, 0.014636825770139694, 0.007209103088825941, 0.007358006201684475, 0.007992162369191647, 0.007559561170637608, 0.009174799546599388, 0.007388683967292309, 0.008181561715900898, 0.007583651691675186, 0.007761589251458645, 0.009501318447291851, 0.007244959939271212, 0.007884861901402473, 0.008042469620704651, 0.007865365594625473, 0.009873663075268269, 0.0074376631528139114, 0.007813875563442707, 0.007900366559624672, 0.011547982692718506, 0.007573404815047979, 0.010137135162949562, 0.007680485025048256, 0.007489786017686129, 0.007664530538022518, 0.007600910030305386, 0.007576742209494114, 0.0082509471103549, 0.012577635236084461, 0.00974306557327509, 0.008286180905997753, 0.008568442426621914, 0.009643062949180603, 0.011024419218301773, 0.01010110229253769, 0.008340681903064251, 0.009433316066861153, 0.010568174533545971, 0.007944555953145027, 0.007817775011062622, 0.008128097280859947, 0.015395838767290115, 0.0074827466160058975, 0.01596105843782425, 0.007572670001536608, 0.009568310342729092, 0.015683941543102264, 0.007451682351529598, 0.010264348238706589, 0.007455174345523119, 0.008485603146255016, 0.010124658234417439, 0.01003623753786087, 0.008290490135550499], "weapon_probs": [0.021783072501420975, 0.016134079545736313, 0.019227851182222366, 0.010766526684165001, 0.012784350663423538, 0.013586299493908882, 0.010008584707975388, 0.018875764682888985, 0.05245047062635422, 0.007465099450200796, 0.01336735114455223, 0.011217892169952393, 0.010792833752930164, 0.008548061363399029, 0.007167451549321413, 0.007554726675152779, 0.010204391553997993, 0.014082465320825577, 0.007618912495672703, 0.011342743411660194, 0.007390285842120647, 0.008056548424065113, 0.019540783017873764, 0.007552619092166424, 0.007568934001028538, 0.007378783077001572, 0.007836871780455112, 0.009307865053415298, 0.01135857030749321, 0.007445630617439747, 0.0073005459271371365, 0.007514156401157379, 0.007762526161968708, 0.007810946088284254, 0.008641822263598442, 0.017362162470817566, 0.008621503598988056, 0.007669171318411827, 0.011694209650158882, 0.009191752411425114, 0.008202750235795975, 0.00987362302839756, 0.008135880343616009, 0.007459099870175123, 0.00856480561196804, 0.008827493526041508, 0.00769735686480999, 0.01939684897661209, 0.007999531924724579, 0.009000729769468307, 0.023283544927835464, 0.008052871562540531, 0.026408620178699493, 0.0077925450168550014, 0.007875218987464905, 0.007920311763882637, 0.009866969659924507, 0.011638177558779716, 0.010434678755700588]}