{"loss": 0.18462860584259033, "character_probs": [0.015842419117689133, 0.012111496180295944, 0.01909971423447132, 0.011001155711710453, 0.009900130331516266, 0.013329025357961655, 0.009930888190865517, 0.0173251461237669, 0.016163542866706848, 0.007792888209223747, 0.011492250487208366, 0.011390062049031258, 0.009111251682043076, 0.008212042972445488, 0.00804072804749012, 0.009406243450939655, 0.007387317251414061, 0.009029204957187176, 0.007533390074968338, 0.009189967066049576, 0.0077717602252960205, 0.014377148821949959, 0.008819617331027985, 0.007293888367712498, 0.008427483960986137, 0.008338937535881996, 0.007389278616756201, 0.007543294690549374, 0.008730575442314148, 0.00859948992729187, 0.007884947583079338, 0.009590714238584042, 0.007727032992988825, 0.007258162833750248, 0.009139703586697578, 0.00926227867603302, 0.008009194396436214, 0.008711261674761772, 0.01726251095533371, 0.007890711538493633, 0.007963295094668865, 0.011862806975841522, 0.007292496971786022, 0.008335089311003685, 0.007560569792985916, 0.013673702254891396, 0.007818115875124931, 0.010619818232953548, 0.009371218271553516, 0.007856025360524654, 0.010829158127307892, 0.007284832186996937, 0.007774775847792625, 0.00817326083779335, 0.007501843385398388, 0.008531964384019375, 0.007759696803987026, 0.008146978914737701, 0.008287576027214527, 0.00824764184653759, 0.00979445781558752, 0.0100495470687747, 0.00882805697619915, 0.011736463755369186, 0.007308352738618851, 0.008373023942112923, 0.008580954745411873, 0.008545218966901302, 0.008103244006633759, 0.013062678277492523, 0.010463218204677105, 0.007927772589027882, 0.014673436991870403, 0.008144120685756207, 0.00862120371311903, 0.010410290211439133, 0.00852837786078453, 0.007811803836375475, 0.021950559690594673], "weapon_probs": [0.01664353907108307, 0.027465667575597763, 0.01656513288617134, 0.009393933229148388, 0.03419526293873787, 0.010807542130351067, 0.009227117523550987, 0.020528104156255722, 0.010250072926282883, 0.008705530315637589, 0.00986846350133419, 0.014746231958270073, 0.008703581057488918, 0.008633527904748917, 0.010814585722982883, 0.01700369082391262, 0.007460450287908316, 0.013630399480462074, 0.008197987452149391, 0.007261910475790501, 0.007411685772240162, 0.00826362706720829, 0.01958843320608139, 0.007792643271386623, 0.008185843005776405, 0.008679835125803947, 0.01164153590798378, 0.012310007587075233, 0.009996428154408932, 0.011487649753689766, 0.012522423639893532, 0.007465345785021782, 0.008444657549262047, 0.010924020782113075, 0.00894380733370781, 0.007585357874631882, 0.007645767647773027, 0.009313324466347694, 0.026550650596618652, 0.008937019854784012, 0.007456519175320864, 0.009992995299398899, 0.007450868841260672, 0.011796850711107254, 0.009222539141774178, 0.009552453644573689, 0.008400600403547287, 0.009730479680001736, 0.008273707702755928, 0.009140979498624802, 0.031130608171224594, 0.017341168597340584, 0.014632757753133774, 0.008063208311796188, 0.00872272439301014, 0.012842279858887196, 0.009651200845837593, 0.009909996762871742, 0.014590761624276638]}