{"loss": 0.9015690684318542, "character_probs": [0.021132569760084152, 0.012009925208985806, 0.010989260859787464, 0.013822177425026894, 0.008643041364848614, 0.011910236440598965, 0.01793622225522995, 0.008804097771644592, 0.009214960969984531, 0.018433954566717148, 0.010964932851493359, 0.008281024172902107, 0.011481411755084991, 0.008051464334130287, 0.01018510665744543, 0.008923729881644249, 0.007780912797898054, 0.008646639063954353, 0.009940101765096188, 0.0074355038814246655, 0.007368531543761492, 0.008112352341413498, 0.010839206166565418, 0.007448943797498941, 0.009748509153723717, 0.00873960554599762, 0.00812814012169838, 0.007464301772415638, 0.008197564631700516, 0.007934577763080597, 0.009424560703337193, 0.008142063394188881, 0.008189596235752106, 0.009059521369636059, 0.007696460001170635, 0.013786664232611656, 0.009303566068410873, 0.0073702773079276085, 0.007594205439090729, 0.014481292106211185, 0.008683249354362488, 0.009113629348576069, 0.0073252031579613686, 0.009532598778605461, 0.008746260777115822, 0.007706379983574152, 0.007777994964271784, 0.007872805930674076, 0.01218009740114212, 0.011987140402197838, 0.007443601731210947, 0.007245971355587244, 0.007345555350184441, 0.007717794738709927, 0.01473570242524147, 0.00784236378967762, 0.007327649742364883, 0.008335568010807037, 0.010529003106057644, 0.009739311411976814, 0.008371690288186073, 0.012659106403589249, 0.008821378462016582, 0.008840401656925678, 0.008758191019296646, 0.008264832198619843, 0.009907128289341927, 0.0081647839397192, 0.0075363824144005775, 0.007938183844089508, 0.01384780928492546, 0.011830690316855907, 0.012657123617827892, 0.010384565219283104, 0.007582780905067921, 0.008322611451148987, 0.01062343642115593, 0.008974953554570675, 0.016596218571066856], "weapon_probs": [0.010271974839270115, 0.010801594704389572, 0.0470040924847126, 0.009707584977149963, 0.01807905174791813, 0.012717406265437603, 0.01602000556886196, 0.018369290977716446, 0.007958734408020973, 0.010660072788596153, 0.008053554221987724, 0.008125397376716137, 0.014066368341445923, 0.01313207671046257, 0.01527258288115263, 0.010693994350731373, 0.015841353684663773, 0.0098022585734725, 0.009490237571299076, 0.013156570494174957, 0.008168473839759827, 0.008875053375959396, 0.009260219521820545, 0.011222394183278084, 0.008604231290519238, 0.009383676573634148, 0.010466551408171654, 0.009591685608029366, 0.010198079980909824, 0.01001104898750782, 0.008446495048701763, 0.011269472539424896, 0.011494982987642288, 0.01016593724489212, 0.011430071666836739, 0.007307962980121374, 0.008263234049081802, 0.00764413271099329, 0.007670186460018158, 0.017850639298558235, 0.009166155941784382, 0.008141789585351944, 0.0092044398188591, 0.010979413986206055, 0.00934597011655569, 0.013126213103532791, 0.012143101543188095, 0.00782090239226818, 0.041207458823919296, 0.0074651651084423065, 0.011657705530524254, 0.00918776635080576, 0.011846842244267464, 0.007615384180098772, 0.009600602090358734, 0.00979112833738327, 0.008101293817162514, 0.008681010454893112, 0.011465087532997131]}