{"loss": -0.6812939643859863, "character_probs": [0.01974887028336525, 0.019825343042612076, 0.007738112006336451, 0.015767082571983337, 0.010073166340589523, 0.015515714883804321, 0.008748632855713367, 0.009343758225440979, 0.010049545206129551, 0.007741505745798349, 0.008319183252751827, 0.01297016441822052, 0.008303060196340084, 0.012436313554644585, 0.007846545428037643, 0.0076598795130848885, 0.010212110355496407, 0.007994345389306545, 0.0158668365329504, 0.007358727976679802, 0.007824006490409374, 0.01147580798715353, 0.00767475226894021, 0.008733779191970825, 0.007583436090499163, 0.00840769987553358, 0.008372440934181213, 0.007513817865401506, 0.008596479892730713, 0.01924808695912361, 0.007311925757676363, 0.007432911545038223, 0.008006126619875431, 0.0070854309014976025, 0.007537249941378832, 0.007807509507983923, 0.00891115702688694, 0.011144783347845078, 0.007505440153181553, 0.00921110063791275, 0.007691959850490093, 0.009055057540535927, 0.007275090087205172, 0.00843442790210247, 0.007497682701796293, 0.007853205315768719, 0.010183332487940788, 0.0073962947353720665, 0.013670971617102623, 0.008258969523012638, 0.012214388698339462, 0.007519114296883345, 0.008946520276367664, 0.00824282318353653, 0.009092986583709717, 0.007499702274799347, 0.014978287741541862, 0.011082821525633335, 0.011915421113371849, 0.007884899154305458, 0.008443525061011314, 0.008362051099538803, 0.00905255414545536, 0.011125000193715096, 0.007684452924877405, 0.00809111725538969, 0.012472706846892834, 0.010369760915637016, 0.009826606139540672, 0.007737187668681145, 0.01060266513377428, 0.007996357046067715, 0.009778840467333794, 0.009188401512801647, 0.0074017904698848724, 0.009213876910507679, 0.012640107423067093, 0.007369366008788347, 0.010091416537761688], "weapon_probs": [0.017776502296328545, 0.020766453817486763, 0.01545735914260149, 0.014410687610507011, 0.012263230979442596, 0.008909320458769798, 0.015212589874863625, 0.024331435561180115, 0.023573487997055054, 0.008061982691287994, 0.009482868947088718, 0.010527655482292175, 0.009722392074763775, 0.013527492061257362, 0.008726329542696476, 0.019545460119843483, 0.013205860741436481, 0.008975913748145103, 0.00944087840616703, 0.007833786308765411, 0.00935622863471508, 0.01604633964598179, 0.008404538035392761, 0.009882602840662003, 0.008142384700477123, 0.007368226535618305, 0.007600714918226004, 0.01241937093436718, 0.010965520516037941, 0.01050771027803421, 0.010507263243198395, 0.017118088901042938, 0.00795165728777647, 0.007902976125478745, 0.009311230853199959, 0.021491937339305878, 0.007356955669820309, 0.008696776814758778, 0.009082917124032974, 0.008702943101525307, 0.012032674625515938, 0.008542656898498535, 0.027044449001550674, 0.00904219038784504, 0.0076499637216329575, 0.01098618283867836, 0.011361265555024147, 0.007857003249228, 0.012189575470983982, 0.014661870896816254, 0.012719890102744102, 0.009070510976016521, 0.013029987923800945, 0.008555279113352299, 0.009565127082169056, 0.008685242384672165, 0.011429693549871445, 0.008304852992296219, 0.009520314633846283]}