{"loss": 0.9453331232070923, "character_probs": [0.018892455846071243, 0.017509475350379944, 0.010795766487717628, 0.024879369884729385, 0.013412103056907654, 0.009303250350058079, 0.009063037112355232, 0.013877449557185173, 0.009254037402570248, 0.008909410797059536, 0.01302771084010601, 0.0077475677244365215, 0.00798632763326168, 0.008556694723665714, 0.008332457393407822, 0.00823498796671629, 0.008818842470645905, 0.007822001352906227, 0.007063429802656174, 0.008500639349222183, 0.00745667889714241, 0.007836353033781052, 0.008783921599388123, 0.012792231515049934, 0.007260263431817293, 0.007191759999841452, 0.010026033967733383, 0.01180464681237936, 0.012591660022735596, 0.007149327080696821, 0.007151470053941011, 0.008722519502043724, 0.007234330754727125, 0.007272329181432724, 0.008801463060081005, 0.010937618091702461, 0.00806480273604393, 0.008699717000126839, 0.007739274762570858, 0.0077244373969733715, 0.008131325244903564, 0.007234254851937294, 0.01151943951845169, 0.00836881808936596, 0.007406068034470081, 0.01141771674156189, 0.008384793996810913, 0.007723000831902027, 0.01040729135274887, 0.00755957281216979, 0.008490604348480701, 0.008809930644929409, 0.010401527397334576, 0.008838411420583725, 0.007595139555633068, 0.02002590149641037, 0.008079621009528637, 0.0071242088451981544, 0.010331165976822376, 0.008556434884667397, 0.00901693943887949, 0.007432316429913044, 0.007564003579318523, 0.008537146262824535, 0.007991255261003971, 0.009010105393826962, 0.007570564281195402, 0.007516644429415464, 0.008092169649899006, 0.008780991658568382, 0.010961102321743965, 0.014659728854894638, 0.01739300787448883, 0.00875360518693924, 0.008710942231118679, 0.008556632325053215, 0.010344836860895157, 0.011530688032507896, 0.010701978579163551], "weapon_probs": [0.020573928952217102, 0.02231861650943756, 0.021870899945497513, 0.024676233530044556, 0.0119274090975523, 0.01757681556046009, 0.009419906884431839, 0.008633997291326523, 0.016248052939772606, 0.009360156022012234, 0.012092460878193378, 0.008341186679899693, 0.01028711162507534, 0.009091569110751152, 0.026794303208589554, 0.010264525189995766, 0.009688280522823334, 0.01049480214715004, 0.008230827748775482, 0.007831172086298466, 0.010663121938705444, 0.00870665255934, 0.00734361307695508, 0.009915517643094063, 0.008127841167151928, 0.010886690579354763, 0.007725144736468792, 0.015762146562337875, 0.008365320041775703, 0.01045772060751915, 0.009699069894850254, 0.007480069994926453, 0.007925170473754406, 0.008567612618207932, 0.008176702074706554, 0.016071073710918427, 0.010149972513318062, 0.009060773067176342, 0.007411852944642305, 0.00740616861730814, 0.007531998213380575, 0.013102762401103973, 0.025642957538366318, 0.010087443515658379, 0.009515626356005669, 0.02488923817873001, 0.009472590871155262, 0.007333510555326939, 0.009785201400518417, 0.009000701829791069, 0.0076440381817519665, 0.007822820916771889, 0.02081790752708912, 0.007586164399981499, 0.019181251525878906, 0.007511503994464874, 0.011313527822494507, 0.009826235473155975, 0.00788396317511797]}