{"loss": -0.22245904803276062, "character_probs": [0.01035955548286438, 0.02482948824763298, 0.015688005834817886, 0.01658882573246956, 0.011834574863314629, 0.009846996515989304, 0.007427720353007317, 0.007703403010964394, 0.009840050712227821, 0.015048562549054623, 0.007309026550501585, 0.008995866402983665, 0.01139869075268507, 0.008442224934697151, 0.011754840612411499, 0.007404775358736515, 0.008958101272583008, 0.010522986762225628, 0.008317488245666027, 0.008035276085138321, 0.008359435014426708, 0.00747706601396203, 0.00838448852300644, 0.007416247855871916, 0.009532952681183815, 0.007669406943023205, 0.00807061418890953, 0.009173475205898285, 0.009243154898285866, 0.008157271891832352, 0.009487230330705643, 0.007701392751187086, 0.007204171735793352, 0.007304138038307428, 0.02576332539319992, 0.0076266098767519, 0.007246720138937235, 0.007450215518474579, 0.00808666180819273, 0.010439785197377205, 0.009401561692357063, 0.014284910634160042, 0.00829636212438345, 0.008002657443284988, 0.007518379483371973, 0.010040780529379845, 0.007993421517312527, 0.0070767588913440704, 0.014971534721553326, 0.00862877070903778, 0.007575911469757557, 0.007438487373292446, 0.008782806806266308, 0.00855084415525198, 0.014111470431089401, 0.00821203924715519, 0.009894299320876598, 0.007303672377020121, 0.008064535446465015, 0.009149041026830673, 0.007480940315872431, 0.00778952008113265, 0.00811568833887577, 0.010053540579974651, 0.00791115127503872, 0.007628626190125942, 0.009081820026040077, 0.009823720902204514, 0.008754134178161621, 0.008513865061104298, 0.008683877997100353, 0.008030656725168228, 0.01492401584982872, 0.01597284898161888, 0.00887037068605423, 0.00996231660246849, 0.011199939996004105, 0.019780851900577545, 0.009648721665143967], "weapon_probs": [0.02372211590409279, 0.023409776389598846, 0.012117644771933556, 0.008562210947275162, 0.01751348376274109, 0.010225122794508934, 0.019842227920889854, 0.008631514385342598, 0.01670231856405735, 0.02486370876431465, 0.010469736531376839, 0.014722513034939766, 0.00851336121559143, 0.01892857439815998, 0.012637751176953316, 0.007855670526623726, 0.010127633810043335, 0.010098003782331944, 0.017480425536632538, 0.008869411423802376, 0.008988901041448116, 0.008866234682500362, 0.008379132486879826, 0.010170881636440754, 0.007718820124864578, 0.01028018444776535, 0.008143703453242779, 0.007431679870933294, 0.008992210030555725, 0.007876396179199219, 0.01359682995826006, 0.01553843542933464, 0.013619102537631989, 0.007974845357239246, 0.010928189381957054, 0.007429148536175489, 0.007770118303596973, 0.00846021343022585, 0.007881193421781063, 0.0073799630627036095, 0.013516934588551521, 0.010830091312527657, 0.010169336572289467, 0.00795637909322977, 0.0087701715528965, 0.014154182747006416, 0.011627595871686935, 0.01604299806058407, 0.007891043089330196, 0.009467114694416523, 0.0071578058414161205, 0.015987828373908997, 0.008774664252996445, 0.010952837765216827, 0.00951393786817789, 0.015924960374832153, 0.009048045612871647, 0.012369586154818535, 0.033936865627765656]}