{"loss": -0.968529999256134, "character_probs": [0.018333017826080322, 0.01992882788181305, 0.011872433125972748, 0.00948786549270153, 0.01464511826634407, 0.009538723155856133, 0.012874921783804893, 0.011782713234424591, 0.007694635074585676, 0.008347680792212486, 0.021271150559186935, 0.007972038350999355, 0.009213495999574661, 0.011992179788649082, 0.008510974235832691, 0.009302092716097832, 0.008241996169090271, 0.010599908418953419, 0.0074532525613904, 0.00822316575795412, 0.009675368666648865, 0.007676211651414633, 0.0073037841357290745, 0.007427841424942017, 0.007465760223567486, 0.008106760680675507, 0.008014529012143612, 0.011600300669670105, 0.008339042775332928, 0.0076683200895786285, 0.0093546062707901, 0.009576238691806793, 0.007414537947624922, 0.009348207153379917, 0.008414906449615955, 0.009924778714776039, 0.007918073795735836, 0.007555189076811075, 0.007495245896279812, 0.007848978042602539, 0.007134339772164822, 0.017496120184659958, 0.007302374113351107, 0.008352949284017086, 0.008394947275519371, 0.012390729039907455, 0.007596998009830713, 0.008592064492404461, 0.008441637270152569, 0.009679821319878101, 0.009140138514339924, 0.007777700200676918, 0.007609149441123009, 0.008878505788743496, 0.0074495780281722546, 0.01742522604763508, 0.007870597764849663, 0.007250264752656221, 0.00956459529697895, 0.010317270644009113, 0.009717600420117378, 0.008415387943387032, 0.007696844171732664, 0.009361544623970985, 0.008588467724621296, 0.007957721129059792, 0.007965254597365856, 0.00754397502169013, 0.010603000409901142, 0.0076006511226296425, 0.011025039479136467, 0.008892127312719822, 0.008295598439872265, 0.011066991835832596, 0.010387156158685684, 0.012706498615443707, 0.021760351955890656, 0.007912117056548595, 0.008234916254878044], "weapon_probs": [0.03957698494195938, 0.011915387585759163, 0.014926748350262642, 0.018675491213798523, 0.016746632754802704, 0.013714853674173355, 0.02407752349972725, 0.010082129389047623, 0.009618793614208698, 0.011462273076176643, 0.008312279358506203, 0.01022760197520256, 0.010649319738149643, 0.009523123502731323, 0.008136367425322533, 0.009436358697712421, 0.009394637309014797, 0.018035173416137695, 0.010748196393251419, 0.007618565112352371, 0.022542115300893784, 0.010614775121212006, 0.00747591070830822, 0.008935109712183475, 0.008842258714139462, 0.00758145097643137, 0.008961167186498642, 0.01309780403971672, 0.0081228818744421, 0.00834675133228302, 0.008062404580414295, 0.009905977174639702, 0.007670255843549967, 0.010460327379405499, 0.00786044355481863, 0.009911165572702885, 0.008294088765978813, 0.008977598510682583, 0.010396268218755722, 0.009009312838315964, 0.009654904715716839, 0.010036450810730457, 0.00760150421410799, 0.011030634865164757, 0.013126819394528866, 0.023516397923231125, 0.007694686762988567, 0.012595664709806442, 0.009933985769748688, 0.010190589353442192, 0.008441764861345291, 0.009927080944180489, 0.012000158429145813, 0.008078645914793015, 0.014708367176353931, 0.009235367178916931, 0.008881969377398491, 0.014997896738350391, 0.011015924625098705]}