{"loss": -0.8821744322776794, "character_probs": [0.013297753408551216, 0.013456277549266815, 0.013932865113019943, 0.025745999068021774, 0.010367038659751415, 0.008012491278350353, 0.009935197420418262, 0.00948195531964302, 0.009878778830170631, 0.008055025711655617, 0.013340121135115623, 0.011063412763178349, 0.008475637063384056, 0.008301225490868092, 0.01209897082298994, 0.009484350681304932, 0.008157657459378242, 0.00705265486612916, 0.007963758893311024, 0.007842125371098518, 0.012834575027227402, 0.009399247355759144, 0.008261555805802345, 0.007186956703662872, 0.007825423032045364, 0.007280610967427492, 0.0071857343427836895, 0.00825958140194416, 0.009407909587025642, 0.009082640521228313, 0.02275032550096512, 0.0076996381394565105, 0.010675102472305298, 0.008817773312330246, 0.007703108713030815, 0.009053449146449566, 0.007143594790250063, 0.007295591756701469, 0.014562566764652729, 0.008193230256438255, 0.007522230036556721, 0.009455320425331593, 0.007924209348857403, 0.008025873452425003, 0.007092362269759178, 0.008332053199410439, 0.007978511974215508, 0.009774412959814072, 0.008101597428321838, 0.007234053686261177, 0.009854386560618877, 0.007970321923494339, 0.00914817862212658, 0.012884221971035004, 0.008307387121021748, 0.012195631861686707, 0.00809798575937748, 0.011854100041091442, 0.007455024402588606, 0.009091565385460854, 0.008967860601842403, 0.014003695920109749, 0.007571252062916756, 0.010700762271881104, 0.00800502672791481, 0.008295069448649883, 0.009794898331165314, 0.010168176144361496, 0.011608331464231014, 0.014455854892730713, 0.0088012320920825, 0.008825119584798813, 0.009989558719098568, 0.00912373699247837, 0.007680707611143589, 0.011080446653068066, 0.008176048286259174, 0.01630846969783306, 0.008128342218697071], "weapon_probs": [0.02051026001572609, 0.01981310173869133, 0.01199680007994175, 0.013627871870994568, 0.039085980504751205, 0.009222469292581081, 0.01545777078717947, 0.017308088019490242, 0.015642080456018448, 0.009478967636823654, 0.012860706076025963, 0.010410849004983902, 0.008205385878682137, 0.012412384152412415, 0.009915580973029137, 0.008962650783360004, 0.009282071143388748, 0.010246236808598042, 0.00890845526009798, 0.007957667112350464, 0.00812702625989914, 0.008879612199962139, 0.007581058889627457, 0.00998342502862215, 0.008044851012527943, 0.016414683312177658, 0.008082838729023933, 0.009614696726202965, 0.014404422603547573, 0.009119614958763123, 0.01877446472644806, 0.007963777519762516, 0.01638343371450901, 0.0077535053715109825, 0.00933858659118414, 0.008185319602489471, 0.009457678534090519, 0.009653262794017792, 0.008047726936638355, 0.011437533423304558, 0.012688880786299706, 0.00854000449180603, 0.010613420978188515, 0.013720087707042694, 0.008287386037409306, 0.015443967655301094, 0.00781309511512518, 0.008746163919568062, 0.00802802573889494, 0.015295039862394333, 0.008146733045578003, 0.009305309504270554, 0.010036977007985115, 0.015413458459079266, 0.00854639895260334, 0.008757690899074078, 0.010094352066516876, 0.01658165641129017, 0.009071405977010727]}