{"loss": -0.9121415615081787, "character_probs": [0.02660835161805153, 0.00949786975979805, 0.01381627656519413, 0.010978110134601593, 0.010895837098360062, 0.010312508791685104, 0.010921958833932877, 0.009831609204411507, 0.00959515105932951, 0.01711009256541729, 0.012533430010080338, 0.009629132226109505, 0.011527439579367638, 0.009729878976941109, 0.009713074192404747, 0.008213353343307972, 0.007456503808498383, 0.011500587686896324, 0.008038979023694992, 0.008734367787837982, 0.007954578846693039, 0.008231251500546932, 0.00838404055684805, 0.0072319344617426395, 0.00785105861723423, 0.007899611257016659, 0.007366521749645472, 0.009024270810186863, 0.007178787142038345, 0.009111637249588966, 0.007142980583012104, 0.008278192952275276, 0.013750843703746796, 0.00862919632345438, 0.00805078074336052, 0.009045854210853577, 0.008089052513241768, 0.007636586669832468, 0.01866038888692856, 0.00795544683933258, 0.007500543259084225, 0.012261503376066685, 0.008277611806988716, 0.007408627774566412, 0.009227363392710686, 0.007645019795745611, 0.010627636685967445, 0.0074487486854195595, 0.007643408607691526, 0.008895719423890114, 0.010091179981827736, 0.007530820090323687, 0.00873560644686222, 0.008005520328879356, 0.00965226348489523, 0.009497325867414474, 0.012322619557380676, 0.009149067103862762, 0.008799939416348934, 0.007304804865270853, 0.009495694190263748, 0.00889900978654623, 0.007135557942092419, 0.00734390364959836, 0.007664589677006006, 0.012491226196289062, 0.00920749083161354, 0.008923983201384544, 0.0162227600812912, 0.008658818900585175, 0.007771333679556847, 0.00903922226279974, 0.013518564403057098, 0.010130979120731354, 0.009169415570795536, 0.008722985163331032, 0.008559396490454674, 0.011342564597725868, 0.007421462330967188], "weapon_probs": [0.02079765871167183, 0.024480391293764114, 0.012003426440060139, 0.010635621845722198, 0.01694917306303978, 0.03068263828754425, 0.012759743258357048, 0.008996621705591679, 0.01204741932451725, 0.00918489508330822, 0.008632533252239227, 0.01695028319954872, 0.01862497255206108, 0.007260261569172144, 0.008023882284760475, 0.014596877619624138, 0.00889762956649065, 0.00981407705694437, 0.010367587208747864, 0.01032955665141344, 0.009293961338698864, 0.01592927798628807, 0.01233435794711113, 0.011789536103606224, 0.007705715484917164, 0.007784768007695675, 0.008934625424444675, 0.007937336340546608, 0.007299237884581089, 0.013459627516567707, 0.009632433764636517, 0.008941060863435268, 0.00865309126675129, 0.007745463401079178, 0.00762375770136714, 0.00715255131945014, 0.023124948143959045, 0.009216474369168282, 0.008131087757647038, 0.008968595415353775, 0.011431124061346054, 0.009754619561135769, 0.01492016389966011, 0.013058280572295189, 0.009863804094493389, 0.008152828551828861, 0.014639557339251041, 0.018782421946525574, 0.009067574515938759, 0.008497710339725018, 0.014939188957214355, 0.013954863883554935, 0.008729564025998116, 0.008525663986802101, 0.015819568186998367, 0.01699816808104515, 0.009390631690621376, 0.013755020685493946, 0.018729843199253082]}