{"loss": -0.9015721082687378, "character_probs": [0.012695573270320892, 0.008693389594554901, 0.01676003634929657, 0.01708829030394554, 0.011488564312458038, 0.01582229882478714, 0.00932389497756958, 0.013415898196399212, 0.008029688149690628, 0.007926738820970058, 0.008599827997386456, 0.008830219507217407, 0.007538223173469305, 0.021415311843156815, 0.008123781532049179, 0.01026131585240364, 0.0073910984210669994, 0.007578582968562841, 0.007987788878381252, 0.010167517699301243, 0.00735914520919323, 0.007555548567324877, 0.00912737101316452, 0.010272640734910965, 0.007259748410433531, 0.010244259610772133, 0.007310114800930023, 0.018254399299621582, 0.007195716258138418, 0.010610000230371952, 0.0073532527312636375, 0.007768113166093826, 0.01113936398178339, 0.007263271603733301, 0.007828895933926105, 0.0073203397914767265, 0.007519847247749567, 0.01565055176615715, 0.008758996613323689, 0.007760012988001108, 0.00762977497652173, 0.00782972201704979, 0.007843611761927605, 0.007491879165172577, 0.015591836534440517, 0.009512323886156082, 0.00821487046778202, 0.007949912920594215, 0.010430856607854366, 0.00790734589099884, 0.013295902870595455, 0.007553883828222752, 0.011781311593949795, 0.00872528925538063, 0.009650098159909248, 0.008411730639636517, 0.011612845584750175, 0.00975825171917677, 0.008732152171432972, 0.009258352220058441, 0.008314196020364761, 0.008702412247657776, 0.012814562767744064, 0.0077576907351613045, 0.007880120538175106, 0.009236936457455158, 0.007501915097236633, 0.00794263370335102, 0.008348802104592323, 0.012261558324098587, 0.012947050854563713, 0.010773913934826851, 0.008933493867516518, 0.009253372438251972, 0.008304431103169918, 0.012873927131295204, 0.011320069432258606, 0.009358574636280537, 0.008553240448236465], "weapon_probs": [0.01473897136747837, 0.02452683076262474, 0.016251787543296814, 0.013522982597351074, 0.030467044562101364, 0.010579739697277546, 0.013755012303590775, 0.009975410997867584, 0.008166812360286713, 0.011811060830950737, 0.01494872011244297, 0.01714184507727623, 0.01155720092356205, 0.012341425754129887, 0.009343854151666164, 0.008862392045557499, 0.0088293282315135, 0.013462822884321213, 0.008691859431564808, 0.009259573183953762, 0.008850764483213425, 0.01060308888554573, 0.010356221348047256, 0.009263910353183746, 0.009165618568658829, 0.009940722957253456, 0.011477570980787277, 0.009992074221372604, 0.020676666870713234, 0.00976422056555748, 0.008719454519450665, 0.00865866057574749, 0.011399460956454277, 0.009808256290853024, 0.008706043474376202, 0.007714058272540569, 0.007603821810334921, 0.014704976230859756, 0.011334829032421112, 0.010397894307971, 0.00756247341632843, 0.028234068304300308, 0.011636918410658836, 0.009235723875463009, 0.015412412583827972, 0.009935514070093632, 0.008411787450313568, 0.007402551826089621, 0.0076295603066682816, 0.010753151960670948, 0.008285264484584332, 0.013093022629618645, 0.017224255949258804, 0.012359391897916794, 0.008993345312774181, 0.01265593059360981, 0.02644091472029686, 0.008225936442613602, 0.013340543955564499]}