{"loss": -0.36735859513282776, "character_probs": [0.012819526717066765, 0.014163635671138763, 0.009750413708388805, 0.012281509116292, 0.010479270480573177, 0.014849619008600712, 0.010519789531826973, 0.016490180045366287, 0.010865306481719017, 0.019118312746286392, 0.00717907166108489, 0.00958001334220171, 0.008354207500815392, 0.007876209914684296, 0.008591016754508018, 0.007695652078837156, 0.01423807442188263, 0.008051044307649136, 0.00903655868023634, 0.00803903117775917, 0.011159243993461132, 0.011759962886571884, 0.008163901045918465, 0.01121176965534687, 0.012333722785115242, 0.00845999363809824, 0.00835523009300232, 0.007415929809212685, 0.00911998376250267, 0.007147857919335365, 0.007986222393810749, 0.007876435294747353, 0.007580132223665714, 0.007378904614597559, 0.007435841020196676, 0.007829149253666401, 0.011069312691688538, 0.008705034852027893, 0.007837171666324139, 0.012035168707370758, 0.007419476751238108, 0.007212467025965452, 0.008264770731329918, 0.016602449119091034, 0.007959147915244102, 0.007538081146776676, 0.008571496233344078, 0.008178241550922394, 0.00750547181814909, 0.008087953552603722, 0.010505469515919685, 0.011165251955389977, 0.008461035788059235, 0.008272909559309483, 0.008282837457954884, 0.008054116740822792, 0.011402923613786697, 0.010546054691076279, 0.010463416576385498, 0.008685927838087082, 0.011917134746909142, 0.007926788181066513, 0.009943390265107155, 0.010216925293207169, 0.007923492230474949, 0.009988687932491302, 0.008358576335012913, 0.009206796064972878, 0.010521075688302517, 0.018037620931863785, 0.012612609192728996, 0.008859075605869293, 0.011090013198554516, 0.008075790479779243, 0.007800393737852573, 0.007848255336284637, 0.018893633037805557, 0.013922283425927162, 0.007827408611774445], "weapon_probs": [0.011428188532590866, 0.013813569210469723, 0.02545609325170517, 0.022516798228025436, 0.01840929314494133, 0.01514128316193819, 0.007623534183949232, 0.020733311772346497, 0.00830705277621746, 0.011286463588476181, 0.013041123747825623, 0.007636180147528648, 0.008659123443067074, 0.025775857269763947, 0.008953184820711613, 0.015947073698043823, 0.012320807203650475, 0.008527903817594051, 0.007208056747913361, 0.013969910331070423, 0.00804904941469431, 0.011105122044682503, 0.008013120852410793, 0.009268232621252537, 0.013091489672660828, 0.008162766695022583, 0.007857674732804298, 0.009092837572097778, 0.00786388199776411, 0.014402082189917564, 0.01013631746172905, 0.008487513288855553, 0.012627586722373962, 0.008073408156633377, 0.009666556492447853, 0.009008399210870266, 0.009890217334032059, 0.008475109934806824, 0.011340477503836155, 0.013837364502251148, 0.012028121389448643, 0.014327840879559517, 0.00859106332063675, 0.009696198627352715, 0.012671781703829765, 0.010642657987773418, 0.015649497509002686, 0.011688144877552986, 0.008498656563460827, 0.034861136227846146, 0.009796686470508575, 0.010287300683557987, 0.010056547820568085, 0.015010632574558258, 0.009966072626411915, 0.012545445002615452, 0.008183063939213753, 0.012120828032493591, 0.01242650207132101]}