{"loss": -0.6159965991973877, "character_probs": [0.014261612668633461, 0.02268337830901146, 0.010120343416929245, 0.00990887638181448, 0.009500178508460522, 0.023290038108825684, 0.010561543516814709, 0.007998814806342125, 0.012310657650232315, 0.007468625903129578, 0.008662065491080284, 0.008206470869481564, 0.008695531636476517, 0.008924884721636772, 0.010302401147782803, 0.007427426055073738, 0.010948908515274525, 0.010259399190545082, 0.008557246066629887, 0.013148368336260319, 0.011546915397047997, 0.008796727284789085, 0.011372395791113377, 0.008351380936801434, 0.00830969586968422, 0.007378052920103073, 0.007661216892302036, 0.01013142429292202, 0.008725855499505997, 0.00769172515720129, 0.007188077550381422, 0.00740715442225337, 0.007537592202425003, 0.008806180208921432, 0.009387064725160599, 0.007281518075615168, 0.008579538203775883, 0.009485951624810696, 0.008318467065691948, 0.008604408241808414, 0.008368785493075848, 0.014389138668775558, 0.0075927311554551125, 0.00872317235916853, 0.0077524334192276, 0.008115826174616814, 0.008235622197389603, 0.012100625783205032, 0.008886495605111122, 0.008776623755693436, 0.007542245090007782, 0.00809566956013441, 0.008032876998186111, 0.01432550698518753, 0.009284142404794693, 0.010382216423749924, 0.007505670189857483, 0.009575122967362404, 0.0158059261739254, 0.007524560205638409, 0.012548672035336494, 0.00860576517879963, 0.008474302478134632, 0.008239004760980606, 0.008214582689106464, 0.010882306843996048, 0.007568484637886286, 0.00981416180729866, 0.009463073685765266, 0.016171764582395554, 0.007735992316156626, 0.007997052744030952, 0.008505614474415779, 0.014630615711212158, 0.008987017907202244, 0.008007441647350788, 0.008137562312185764, 0.009401299059391022, 0.008764656260609627], "weapon_probs": [0.02183908224105835, 0.027308251708745956, 0.015901438891887665, 0.009881867095828056, 0.01359045971184969, 0.0150368120521307, 0.0193776972591877, 0.012742612510919571, 0.00986013188958168, 0.01469248253852129, 0.008866620250046253, 0.012428775429725647, 0.013985387980937958, 0.008787384256720543, 0.008638383820652962, 0.008081509731709957, 0.021293994039297104, 0.009037509560585022, 0.009116565808653831, 0.008212816901504993, 0.009717878885567188, 0.009507285431027412, 0.00841754861176014, 0.01352190412580967, 0.012228455394506454, 0.010137700475752354, 0.00808985996991396, 0.024968676269054413, 0.008383383974432945, 0.011608060449361801, 0.008166764862835407, 0.00788827519863844, 0.010145958513021469, 0.009868517518043518, 0.010010075755417347, 0.00946036633104086, 0.01800808124244213, 0.008587545715272427, 0.008940096944570541, 0.0076594906859099865, 0.009988890029489994, 0.007672051899135113, 0.007790131960064173, 0.011713916435837746, 0.007994908839464188, 0.012451687827706337, 0.012545933946967125, 0.00925268791615963, 0.008472142741084099, 0.011870869435369968, 0.012626232579350471, 0.015277079306542873, 0.008723165839910507, 0.018146004527807236, 0.00910001341253519, 0.019914720207452774, 0.007775145582854748, 0.01670856401324272, 0.01989193633198738]}