{"loss": 0.9022495746612549, "character_probs": [0.022165603935718536, 0.031491924077272415, 0.01685665361583233, 0.008464436046779156, 0.009191153571009636, 0.011226528324186802, 0.008806119672954082, 0.008248941972851753, 0.009844624437391758, 0.0092762541025877, 0.009198958054184914, 0.007863033562898636, 0.00950364489108324, 0.009564453735947609, 0.008262747898697853, 0.010015458799898624, 0.0077220369130373, 0.01011605467647314, 0.007281951140612364, 0.008757500909268856, 0.007480014115571976, 0.008463941514492035, 0.010716874152421951, 0.007281144615262747, 0.008083751425147057, 0.008095351979136467, 0.007166628260165453, 0.011358121410012245, 0.008600662462413311, 0.00791572779417038, 0.0072171795181930065, 0.008041633293032646, 0.00832211785018444, 0.007677654270082712, 0.0077331578359007835, 0.00780854607000947, 0.008244404569268227, 0.009511495940387249, 0.008029458113014698, 0.008074600249528885, 0.010023131966590881, 0.011278973892331123, 0.01087991613894701, 0.007800700608640909, 0.008185421116650105, 0.010220643132925034, 0.01839406229555607, 0.007749706041067839, 0.009313029237091541, 0.008381536230444908, 0.008031240664422512, 0.009143047966063023, 0.012261606752872467, 0.007641172502189875, 0.007338934578001499, 0.008180755190551281, 0.007855511270463467, 0.008293172344565392, 0.007568199187517166, 0.012553159147500992, 0.007541254162788391, 0.008055213838815689, 0.008217617869377136, 0.008090132847428322, 0.00900553073734045, 0.007535346318036318, 0.008344491012394428, 0.00853860192000866, 0.01457944791764021, 0.008756915107369423, 0.007821522653102875, 0.009556585922837257, 0.012689569033682346, 0.012370141223073006, 0.013172745704650879, 0.009417871944606304, 0.009928569197654724, 0.019477834925055504, 0.008399869315326214], "weapon_probs": [0.0306071937084198, 0.016910802572965622, 0.013920705765485764, 0.045279279351234436, 0.007836239412426949, 0.009064177982509136, 0.007750653196126223, 0.00894967745989561, 0.018069883808493614, 0.007770133670419455, 0.00808730348944664, 0.011478498578071594, 0.011514602228999138, 0.007568791508674622, 0.016562074422836304, 0.008980656042695045, 0.007507016882300377, 0.013501637615263462, 0.014074484817683697, 0.007566880434751511, 0.007789828348904848, 0.014833256602287292, 0.007296353578567505, 0.00836132187396288, 0.010720332153141499, 0.00796094723045826, 0.008975792676210403, 0.012087211012840271, 0.007315505295991898, 0.010217860341072083, 0.008847363293170929, 0.008255754597485065, 0.011500339023768902, 0.007656813599169254, 0.014918099157512188, 0.00963456928730011, 0.007132123224437237, 0.007902301847934723, 0.009113104082643986, 0.012984532862901688, 0.01026403158903122, 0.022059230133891106, 0.013395268470048904, 0.010914456099271774, 0.007947653532028198, 0.00866456888616085, 0.017890192568302155, 0.008483123034238815, 0.012868549674749374, 0.00969875417649746, 0.013945186510682106, 0.013510862365365028, 0.009058777242898941, 0.013915130868554115, 0.009196599945425987, 0.010042793117463589, 0.009241117164492607, 0.01460523996502161, 0.0075813038274645805]}