{"loss": -0.9455654621124268, "character_probs": [0.012109425850212574, 0.014629099518060684, 0.019390389323234558, 0.011424281634390354, 0.011584240943193436, 0.010821489617228508, 0.012221675366163254, 0.011486435309052467, 0.014346295967698097, 0.008678238838911057, 0.009861331433057785, 0.011409034952521324, 0.009233793243765831, 0.007796293590217829, 0.00744264479726553, 0.009550412185490131, 0.007622131612151861, 0.009989583864808083, 0.00923672504723072, 0.007863773964345455, 0.011808278039097786, 0.007571663241833448, 0.007711034268140793, 0.007405098527669907, 0.009134995751082897, 0.00834660604596138, 0.008687429130077362, 0.0090684425085783, 0.008770865388214588, 0.01139780506491661, 0.011914877220988274, 0.007196811027824879, 0.007080912124365568, 0.008021936751902103, 0.012173397466540337, 0.007295038551092148, 0.016149520874023438, 0.013115483336150646, 0.007476684637367725, 0.0075277118012309074, 0.00955697800964117, 0.007873820140957832, 0.007167183328419924, 0.007922923192381859, 0.008072949945926666, 0.01234651543200016, 0.008106709457933903, 0.007967318408191204, 0.01222756877541542, 0.012137187644839287, 0.008608766831457615, 0.007726467214524746, 0.009354092180728912, 0.008144342340528965, 0.008211135864257812, 0.010626166127622128, 0.007124926894903183, 0.010926419869065285, 0.007395223714411259, 0.007161442656069994, 0.020449571311473846, 0.007586069870740175, 0.0092385932803154, 0.008158775977790356, 0.011006413027644157, 0.008890224620699883, 0.009428287856280804, 0.008363679982721806, 0.009202171117067337, 0.010443439707159996, 0.00917750783264637, 0.008299983106553555, 0.007749477867037058, 0.016537856310606003, 0.01271914690732956, 0.00959163997322321, 0.00784393958747387, 0.009763224981725216, 0.007873442955315113], "weapon_probs": [0.0297868475317955, 0.020064909011125565, 0.012784471735358238, 0.008508526720106602, 0.028334904462099075, 0.03278540074825287, 0.0104212686419487, 0.011073099449276924, 0.008359061554074287, 0.027317333966493607, 0.008294588886201382, 0.007729912176728249, 0.009709062054753304, 0.010064366273581982, 0.007754358928650618, 0.00738356402143836, 0.008214524947106838, 0.009093174710869789, 0.007401681505143642, 0.011350555345416069, 0.00798024795949459, 0.007247683126479387, 0.007856105454266071, 0.008198299445211887, 0.007739907596260309, 0.009452581405639648, 0.008344199508428574, 0.008480760268867016, 0.02099854126572609, 0.007866830565035343, 0.008383733220398426, 0.007420106790959835, 0.007718008477240801, 0.012978327460587025, 0.018476495519280434, 0.007985910400748253, 0.011062981560826302, 0.01212267205119133, 0.008479953743517399, 0.007718944922089577, 0.009361297823488712, 0.007572215516120195, 0.010183474980294704, 0.008402135223150253, 0.009367537684738636, 0.009483322501182556, 0.011268862523138523, 0.014887135475873947, 0.009546758607029915, 0.009406236000359058, 0.012796711176633835, 0.022612038999795914, 0.009197568520903587, 0.009133108891546726, 0.007623549550771713, 0.01912446692585945, 0.008451518602669239, 0.009393360465765, 0.01874208077788353]}