{"loss": -0.9898191094398499, "character_probs": [0.016657758504152298, 0.012196297757327557, 0.009038749150931835, 0.02052338421344757, 0.0081370510160923, 0.01746349036693573, 0.01592150516808033, 0.008252104744315147, 0.009661059826612473, 0.00877685472369194, 0.01317991316318512, 0.009094543755054474, 0.011390216648578644, 0.009464051574468613, 0.015235134400427341, 0.007492245174944401, 0.007914502173662186, 0.007376875728368759, 0.00958777591586113, 0.008238319307565689, 0.008452625945210457, 0.007883074693381786, 0.007149063982069492, 0.0077147395350039005, 0.007836539298295975, 0.007477844599634409, 0.008031243458390236, 0.00829591415822506, 0.007178713101893663, 0.012878384441137314, 0.00917266309261322, 0.009483431465923786, 0.014284727163612843, 0.008740623481571674, 0.007267267443239689, 0.008430257439613342, 0.008511051535606384, 0.009839597158133984, 0.010117223486304283, 0.00848889909684658, 0.008445109240710735, 0.0075408113189041615, 0.00953067559748888, 0.009823612868785858, 0.0075935907661914825, 0.01293475553393364, 0.007377506699413061, 0.007853405550122261, 0.008581231348216534, 0.007575334515422583, 0.009739141911268234, 0.008175368420779705, 0.0075789024122059345, 0.007431742735207081, 0.012236440554261208, 0.008272401988506317, 0.01017852034419775, 0.008713401854038239, 0.010093919932842255, 0.009772758930921555, 0.007886065170168877, 0.010258282534778118, 0.0100472467020154, 0.008929170668125153, 0.007899459451436996, 0.00790620781481266, 0.011387834325432777, 0.011434650048613548, 0.013791514560580254, 0.010211009532213211, 0.009547608904540539, 0.007680538576096296, 0.009624628350138664, 0.013421077281236649, 0.008870182558894157, 0.011342326179146767, 0.0098206652328372, 0.010849548503756523, 0.011851778253912926], "weapon_probs": [0.014645751565694809, 0.03456387668848038, 0.01140136644244194, 0.0198412723839283, 0.011775900609791279, 0.008875856176018715, 0.011550748720765114, 0.021856889128684998, 0.027060065418481827, 0.009807175025343895, 0.010226660408079624, 0.007456313818693161, 0.00828256644308567, 0.013838354498147964, 0.023392893373966217, 0.007860781624913216, 0.011640170589089394, 0.0077927131205797195, 0.008055397309362888, 0.010165734216570854, 0.011119192466139793, 0.00949790794402361, 0.00899436790496111, 0.010776350274682045, 0.007899531163275242, 0.008425996638834476, 0.008985091000795364, 0.00803561694920063, 0.008734423667192459, 0.00746003445237875, 0.011406760662794113, 0.007657458074390888, 0.008452309295535088, 0.008097573183476925, 0.009257162921130657, 0.007864385843276978, 0.013217743486166, 0.00869261845946312, 0.008649135008454323, 0.010408243164420128, 0.022777333855628967, 0.008387674577534199, 0.012006387114524841, 0.011908023618161678, 0.01196681521832943, 0.01900438591837883, 0.008693031966686249, 0.007794015109539032, 0.009644495323300362, 0.008806088007986546, 0.01283291820436716, 0.014145663939416409, 0.010558169335126877, 0.016015736386179924, 0.009257733821868896, 0.010581484995782375, 0.014297818765044212, 0.01243986189365387, 0.02183745801448822]}