{"loss": -0.6916908025741577, "character_probs": [0.01526967715471983, 0.008292613551020622, 0.020185690373182297, 0.009948655031621456, 0.022260218858718872, 0.009603092446923256, 0.007768343202769756, 0.00842238962650299, 0.011740187183022499, 0.010474029928445816, 0.016796579584479332, 0.012013457715511322, 0.008712411858141422, 0.007374944165349007, 0.008106186985969543, 0.01396414078772068, 0.007156848907470703, 0.007863298989832401, 0.010200442746281624, 0.007708719000220299, 0.007841594517230988, 0.008166526444256306, 0.008331279270350933, 0.008320528082549572, 0.007686732802540064, 0.010898713953793049, 0.007959544658660889, 0.008104223757982254, 0.0072839707136154175, 0.008037954568862915, 0.013910908252000809, 0.00841020792722702, 0.007444299291819334, 0.007124586962163448, 0.007622580975294113, 0.008585675619542599, 0.010158385150134563, 0.008073804900050163, 0.017025385051965714, 0.007958208210766315, 0.00874323584139347, 0.007355960551649332, 0.009145832620561123, 0.008361426182091236, 0.009449954144656658, 0.007470017299056053, 0.00914665125310421, 0.00806699600070715, 0.008449772372841835, 0.008913866244256496, 0.007216606754809618, 0.009661253541707993, 0.007269083987921476, 0.012902678921818733, 0.013874531723558903, 0.007522017695009708, 0.01103273592889309, 0.007744370959699154, 0.007273165509104729, 0.009800400584936142, 0.010833458043634892, 0.01094689592719078, 0.013415372930467129, 0.010870777070522308, 0.007962757721543312, 0.013979467563331127, 0.007972556166350842, 0.009610224515199661, 0.008776728995144367, 0.010602738708257675, 0.008734568953514099, 0.007836263626813889, 0.007610384840518236, 0.008202715776860714, 0.011245151981711388, 0.012122176587581635, 0.009714634157717228, 0.008992987684905529, 0.011907583102583885], "weapon_probs": [0.017143966630101204, 0.020452620461583138, 0.012933352962136269, 0.012247101403772831, 0.013854819349944592, 0.012490009889006615, 0.05589378997683525, 0.0081440769135952, 0.007820400409400463, 0.008967235684394836, 0.024506382644176483, 0.0076414053328335285, 0.00852247979491949, 0.008299117907881737, 0.008160523138940334, 0.007566613145172596, 0.008027879521250725, 0.007552454248070717, 0.013878479599952698, 0.00809232797473669, 0.007271951530128717, 0.009951235726475716, 0.007718950510025024, 0.00900232046842575, 0.01063215360045433, 0.009127473458647728, 0.01075504906475544, 0.008006365038454533, 0.008176857605576515, 0.009614041075110435, 0.018332920968532562, 0.008770264685153961, 0.008984028361737728, 0.00813515018671751, 0.009873094037175179, 0.011316429823637009, 0.011163180693984032, 0.013102365657687187, 0.009600133635103703, 0.02538640797138214, 0.007231138180941343, 0.010367877781391144, 0.012801365926861763, 0.008170855231583118, 0.01635725051164627, 0.007592532318085432, 0.008299324661493301, 0.008174382150173187, 0.013920869678258896, 0.007734338287264109, 0.01420087181031704, 0.012495284900069237, 0.0080596674233675, 0.018123218789696693, 0.012805374339222908, 0.01114362757652998, 0.009732373058795929, 0.010130115784704685, 0.008981687016785145]}