{"loss": -0.14025673270225525, "character_probs": [0.020382335409522057, 0.016553552821278572, 0.011987483128905296, 0.01484041940420866, 0.013344937935471535, 0.008236839435994625, 0.00919484905898571, 0.00821556057780981, 0.009843607433140278, 0.00778936455026269, 0.00829286128282547, 0.017040178179740906, 0.01128254272043705, 0.01322909351438284, 0.008847610093653202, 0.009698687121272087, 0.00972691923379898, 0.00861443392932415, 0.008057178929448128, 0.007384053431451321, 0.008704284206032753, 0.0077327522449195385, 0.009044775739312172, 0.007511445786803961, 0.007876573130488396, 0.007532492280006409, 0.00776378158479929, 0.008368679322302341, 0.014495967887341976, 0.0075064413249492645, 0.007089410908520222, 0.016649547964334488, 0.010502690449357033, 0.007497562561184168, 0.00876634381711483, 0.007625963073223829, 0.009465528652071953, 0.008623800240457058, 0.0077072614803910255, 0.008472557179629803, 0.012129545211791992, 0.00748238293454051, 0.009089574217796326, 0.011771046556532383, 0.008013006299734116, 0.01422788854688406, 0.007705929689109325, 0.009305277839303017, 0.00789538212120533, 0.009499353356659412, 0.009458070620894432, 0.007821669802069664, 0.007500458974391222, 0.007484490983188152, 0.0076614804565906525, 0.007364023011177778, 0.011425888165831566, 0.007382586598396301, 0.009087606333196163, 0.00952770933508873, 0.009684447199106216, 0.007960867136716843, 0.010552508756518364, 0.007604653015732765, 0.008222249336540699, 0.009409472346305847, 0.007767182309180498, 0.010334519669413567, 0.008654892444610596, 0.007846054621040821, 0.01489618793129921, 0.007372415158897638, 0.008173955604434013, 0.00732616288587451, 0.011829948052763939, 0.009615674614906311, 0.008055741898715496, 0.007550448179244995, 0.007211009040474892], "weapon_probs": [0.012865752913057804, 0.03246922791004181, 0.030676964670419693, 0.02129531279206276, 0.011818323284387589, 0.010955709032714367, 0.011274141259491444, 0.015117347240447998, 0.01806039735674858, 0.007872086018323898, 0.007993710227310658, 0.010788321495056152, 0.008144581690430641, 0.012126032263040543, 0.011557032354176044, 0.007730044424533844, 0.0083827069029212, 0.014445984736084938, 0.010980570688843727, 0.012963303364813328, 0.007769316900521517, 0.012180531397461891, 0.008088897913694382, 0.007471636403352022, 0.007810210809111595, 0.008099350146949291, 0.02319512888789177, 0.007805647328495979, 0.013517475686967373, 0.0099324407055974, 0.010116130113601685, 0.00851175282150507, 0.009410145692527294, 0.008309783414006233, 0.008546912111341953, 0.010110839270055294, 0.010021202266216278, 0.008621239103376865, 0.009889878332614899, 0.0153431361541152, 0.007859636098146439, 0.007510121911764145, 0.007433496881276369, 0.008765842765569687, 0.013376280665397644, 0.008240261115133762, 0.010348837822675705, 0.013887327164411545, 0.007794871926307678, 0.007699517533183098, 0.008626737631857395, 0.009956691414117813, 0.012942049652338028, 0.008383599109947681, 0.0077436538413167, 0.014118600636720657, 0.008994407020509243, 0.007146371994167566, 0.008670581504702568]}