{"loss": 0.26010191440582275, "character_probs": [0.012873961590230465, 0.026248671114444733, 0.015985887497663498, 0.01581757329404354, 0.01791229285299778, 0.00979025848209858, 0.009066091850399971, 0.008665171451866627, 0.0077486056834459305, 0.008497362956404686, 0.007403021678328514, 0.009022790007293224, 0.00950051099061966, 0.007928770035505295, 0.01069641299545765, 0.008097758516669273, 0.009236511774361134, 0.010477478615939617, 0.008275467902421951, 0.00826974306255579, 0.010354449041187763, 0.008005846291780472, 0.008530555292963982, 0.007356410846114159, 0.009456177242100239, 0.009373385459184647, 0.0078788036480546, 0.010015510022640228, 0.007755142170935869, 0.0076613882556557655, 0.0074613564647734165, 0.009464184753596783, 0.007230645976960659, 0.0074127730913460255, 0.00899449922144413, 0.007996907457709312, 0.007291534915566444, 0.01285963598638773, 0.00844651646912098, 0.007416453678160906, 0.007138482760637999, 0.016438689082860947, 0.009304914623498917, 0.009591490961611271, 0.011192265897989273, 0.010666499845683575, 0.007793354336172342, 0.007697378285229206, 0.008679808117449284, 0.008942531421780586, 0.0073020667769014835, 0.007465642876923084, 0.01161419227719307, 0.008330303244292736, 0.01111258752644062, 0.008795655332505703, 0.012772932648658752, 0.007454520557075739, 0.007506054826080799, 0.01118541695177555, 0.015028879046440125, 0.007874495349824429, 0.009748178534209728, 0.007554586511105299, 0.007951231673359871, 0.009427866898477077, 0.008789186365902424, 0.011050241068005562, 0.009135709144175053, 0.008952001109719276, 0.008432019501924515, 0.008825166150927544, 0.00781344249844551, 0.011938515119254589, 0.00881007220596075, 0.01170096080750227, 0.007769209332764149, 0.009230047464370728, 0.007863822393119335], "weapon_probs": [0.03038746491074562, 0.016427626833319664, 0.008207406848669052, 0.02668057009577751, 0.017568878829479218, 0.011664246208965778, 0.011192657053470612, 0.008048910647630692, 0.01907406561076641, 0.015402290970087051, 0.01198506262153387, 0.011696422472596169, 0.00737199280411005, 0.02020443230867386, 0.010926105082035065, 0.007295552175492048, 0.008063065819442272, 0.007875639013946056, 0.0076749566942453384, 0.008970513008534908, 0.007278967183083296, 0.010188844986259937, 0.011043752543628216, 0.013606680557131767, 0.009016701951622963, 0.007985970005393028, 0.013218330219388008, 0.010227937251329422, 0.007985139265656471, 0.008881224319338799, 0.008310126140713692, 0.009744569659233093, 0.022588953375816345, 0.01113801822066307, 0.009785950183868408, 0.008379495702683926, 0.012288229539990425, 0.00896293856203556, 0.007871921174228191, 0.009273258969187737, 0.007520335726439953, 0.007333362475037575, 0.01928776502609253, 0.008144762367010117, 0.016862355172634125, 0.008495787158608437, 0.008368185721337795, 0.021968595683574677, 0.008372178301215172, 0.02196335978806019, 0.010523962788283825, 0.008313054218888283, 0.009749426506459713, 0.009063509292900562, 0.013578766956925392, 0.0210929773747921, 0.01745140552520752, 0.009523232467472553, 0.009671594947576523]}