{"loss": -0.7686721086502075, "character_probs": [0.011281199753284454, 0.01490089949220419, 0.009955985471606255, 0.019758325070142746, 0.010839871130883694, 0.012938974425196648, 0.008186554536223412, 0.013720325194299221, 0.007572846487164497, 0.012463357299566269, 0.012388141825795174, 0.00852737296372652, 0.01039123348891735, 0.00803659949451685, 0.015624286606907845, 0.00825604610145092, 0.007606500294059515, 0.007980587892234325, 0.012975885532796383, 0.007692024577409029, 0.008668161928653717, 0.00721618440002203, 0.008384870365262032, 0.010920257307589054, 0.00792364776134491, 0.00765973562374711, 0.007258550263941288, 0.011927053332328796, 0.011696407571434975, 0.008469157852232456, 0.007550009526312351, 0.008457297459244728, 0.007652759552001953, 0.010165069252252579, 0.008238326758146286, 0.008418163284659386, 0.008263539522886276, 0.011045458726584911, 0.0073816971853375435, 0.010852632112801075, 0.0075811645947396755, 0.007901852950453758, 0.01135022658854723, 0.011060954071581364, 0.009686565026640892, 0.007539036683738232, 0.007527464535087347, 0.011212792247533798, 0.007803075481206179, 0.009819664061069489, 0.008555910550057888, 0.009188278578221798, 0.007892049849033356, 0.008632052689790726, 0.00885303970426321, 0.019219588488340378, 0.010634608566761017, 0.007899158634245396, 0.010288016870617867, 0.007841840386390686, 0.011132326908409595, 0.007984239608049393, 0.010323172435164452, 0.008188752457499504, 0.012546433135867119, 0.01198572013527155, 0.010126067325472832, 0.01221114955842495, 0.011936366558074951, 0.008870746940374374, 0.00786591973155737, 0.008462505415081978, 0.011145217344164848, 0.010301342234015465, 0.009738811291754246, 0.012818444520235062, 0.00808713585138321, 0.009176739491522312, 0.011905176565051079], "weapon_probs": [0.028039690107107162, 0.014025293290615082, 0.021300680935382843, 0.01750648394227028, 0.01671208068728447, 0.008808497339487076, 0.014260908588767052, 0.011904280632734299, 0.010314770974218845, 0.008374854922294617, 0.0134971234947443, 0.016038469970226288, 0.009090201929211617, 0.012560460716485977, 0.011684654280543327, 0.015749774873256683, 0.00813805777579546, 0.018831823021173477, 0.007769676856696606, 0.009092969819903374, 0.010189108550548553, 0.012828676030039787, 0.007750797551125288, 0.008885029703378677, 0.007867827080190182, 0.01368317287415266, 0.00888507254421711, 0.008440542034804821, 0.007817219011485577, 0.011290540918707848, 0.009581094607710838, 0.010109505616128445, 0.007365664932876825, 0.008982677012681961, 0.012166842818260193, 0.008856666274368763, 0.01651434227824211, 0.01501865778118372, 0.009724365547299385, 0.007554220501333475, 0.008422288112342358, 0.010489397682249546, 0.007490177173167467, 0.030305054038763046, 0.008657770231366158, 0.019644632935523987, 0.009213966317474842, 0.007560292258858681, 0.00879568699747324, 0.012402743101119995, 0.012209190055727959, 0.011734137311577797, 0.007864199578762054, 0.014883684925734997, 0.008997764438390732, 0.01371408998966217, 0.009127306751906872, 0.008406153880059719, 0.00761399045586586]}