{"loss": 0.20318648219108582, "character_probs": [0.027301982045173645, 0.018571902066469193, 0.012702714651823044, 0.014287490397691727, 0.00869813747704029, 0.007450314704328775, 0.007787451148033142, 0.007313505746424198, 0.008179562166333199, 0.015461134724318981, 0.0078035625629127026, 0.007334571331739426, 0.02055864781141281, 0.007469777949154377, 0.007442176342010498, 0.007991921156644821, 0.007256436627358198, 0.013216249644756317, 0.007403836585581303, 0.007089452352374792, 0.009267059154808521, 0.007260081358253956, 0.007297604810446501, 0.008125423453748226, 0.009907728992402554, 0.0076385363936424255, 0.008609741926193237, 0.008167790248990059, 0.007828205823898315, 0.011721376329660416, 0.0076571861281991005, 0.007794804871082306, 0.00820049550384283, 0.00865078717470169, 0.008020862936973572, 0.010536137968301773, 0.008940313011407852, 0.008310061879456043, 0.007637659087777138, 0.008468756452202797, 0.007294838782399893, 0.015273377299308777, 0.007425766438245773, 0.00808844342827797, 0.007179317530244589, 0.008998335339128971, 0.008970565162599087, 0.007120664697140455, 0.008535293862223625, 0.008368656039237976, 0.008743662387132645, 0.041447050869464874, 0.008912716060876846, 0.007955089211463928, 0.008145876228809357, 0.008053643628954887, 0.008700177073478699, 0.007403414696455002, 0.007592494133859873, 0.00888778641819954, 0.007881734520196915, 0.007642956450581551, 0.007388230878859758, 0.007581506390124559, 0.0083597581833601, 0.007535562850534916, 0.007661392912268639, 0.008474290370941162, 0.013800094835460186, 0.008721575140953064, 0.008533607237040997, 0.007331610191613436, 0.008608046919107437, 0.007717969827353954, 0.012184033170342445, 0.010050322860479355, 0.011046182364225388, 0.009840065613389015, 0.008750366047024727], "weapon_probs": [0.02397184446454048, 0.02974884584546089, 0.010688192211091518, 0.026150930672883987, 0.017566761001944542, 0.008113008923828602, 0.009081004187464714, 0.009164053946733475, 0.010767418891191483, 0.014369366690516472, 0.010572511702775955, 0.007850554771721363, 0.009816241450607777, 0.009765414521098137, 0.014804488979279995, 0.007756880950182676, 0.009621730074286461, 0.009133098646998405, 0.026478324085474014, 0.008873926475644112, 0.007976424880325794, 0.008809134364128113, 0.008013864047825336, 0.007358625065535307, 0.014028018340468407, 0.009103026241064072, 0.014583890326321125, 0.010006241500377655, 0.010418652556836605, 0.007775675039738417, 0.008397873491048813, 0.008660158142447472, 0.012038616463541985, 0.015149800106883049, 0.008749742060899734, 0.008292932994663715, 0.008491156622767448, 0.016051359474658966, 0.01081190537661314, 0.010136441327631474, 0.010063711553812027, 0.009197414852678776, 0.010966621339321136, 0.01311610359698534, 0.010599059984087944, 0.01517075952142477, 0.015547072514891624, 0.00985095463693142, 0.010427343659102917, 0.019341938197612762, 0.009036005474627018, 0.01143157109618187, 0.009528091177344322, 0.01425902545452118, 0.008431111462414265, 0.007754569873213768, 0.008893697522580624, 0.010536914691329002, 0.009653293527662754]}