{"loss": -0.8066644668579102, "character_probs": [0.01401675958186388, 0.012856820598244667, 0.015213017351925373, 0.011160405352711678, 0.01446581445634365, 0.015750255435705185, 0.020901992917060852, 0.008343523368239403, 0.008175657130777836, 0.007814127020537853, 0.009992091916501522, 0.008693041279911995, 0.009093085303902626, 0.007183067034929991, 0.013875632546842098, 0.0073416028171777725, 0.008371325209736824, 0.012540611438453197, 0.007319367025047541, 0.01114489883184433, 0.008989538997411728, 0.0070765321142971516, 0.010974127799272537, 0.00774641428142786, 0.008519412949681282, 0.007966618984937668, 0.007235858589410782, 0.007578625343739986, 0.007450626231729984, 0.00913939904421568, 0.008088646456599236, 0.012538067996501923, 0.010417348705232143, 0.008976130746304989, 0.007527157198637724, 0.007527709938585758, 0.009178150445222855, 0.007840728387236595, 0.009462011978030205, 0.007492894772440195, 0.0076016513630747795, 0.009368982166051865, 0.012235553935170174, 0.008343997411429882, 0.008727838285267353, 0.0085123460739851, 0.007921869866549969, 0.007766392547637224, 0.008134759031236172, 0.011322730220854282, 0.01395515725016594, 0.008008712902665138, 0.010818538255989552, 0.009009022265672684, 0.015640277415513992, 0.007867633365094662, 0.009824504144489765, 0.0072013335302472115, 0.009668759070336819, 0.008625536225736141, 0.00877255667001009, 0.00725982803851366, 0.007728083990514278, 0.025491271167993546, 0.007120130117982626, 0.011006325483322144, 0.008618706837296486, 0.008116860873997211, 0.00719114113599062, 0.007936779409646988, 0.008641108870506287, 0.008990172296762466, 0.007681640796363354, 0.011309010908007622, 0.00831029936671257, 0.007796070538461208, 0.010704000480473042, 0.012132433243095875, 0.01194479875266552], "weapon_probs": [0.022909939289093018, 0.019384030252695084, 0.014309018850326538, 0.024592868983745575, 0.008778462186455727, 0.014615491963922977, 0.01332528330385685, 0.014077616855502129, 0.009496165439486504, 0.014382623136043549, 0.010802286677062511, 0.01128515973687172, 0.00825553573668003, 0.007536330725997686, 0.012044820934534073, 0.03835229575634003, 0.008047769777476788, 0.007827498018741608, 0.011024264618754387, 0.00908609014004469, 0.010778205469250679, 0.01459995936602354, 0.00775966327637434, 0.010371249169111252, 0.009122125804424286, 0.008557122200727463, 0.016164630651474, 0.007303704507648945, 0.007759899366647005, 0.007533956319093704, 0.008300701156258583, 0.020363682880997658, 0.008048364892601967, 0.00760522810742259, 0.008661420084536076, 0.00830010510981083, 0.00797486212104559, 0.009007833898067474, 0.007343203295022249, 0.010644287802278996, 0.013386106118559837, 0.012103665620088577, 0.008094816468656063, 0.013725286349654198, 0.00815713033080101, 0.009972847066819668, 0.011566594243049622, 0.009718457236886024, 0.011380978859961033, 0.008467178791761398, 0.007953350432217121, 0.008544472977519035, 0.015244236215949059, 0.014323633164167404, 0.008273255079984665, 0.015172320418059826, 0.008024395443499088, 0.012755285948514938, 0.015586035326123238]}