{"loss": -0.8606662154197693, "character_probs": [0.01759043149650097, 0.01404099352657795, 0.014469755813479424, 0.009261218830943108, 0.018326830118894577, 0.008925330825150013, 0.01291607040911913, 0.009728612378239632, 0.007981616072356701, 0.010009709745645523, 0.007974402979016304, 0.009688463062047958, 0.008678549900650978, 0.008292263373732567, 0.007821345701813698, 0.01021610852330923, 0.02394813299179077, 0.009464981034398079, 0.007687821518629789, 0.008280506357550621, 0.007583781145513058, 0.010028569959104061, 0.011502042412757874, 0.009825067594647408, 0.007326667197048664, 0.010980453342199326, 0.008017169311642647, 0.007289770524948835, 0.007209585048258305, 0.008174455724656582, 0.0080556720495224, 0.009382268413901329, 0.00787791982293129, 0.009659910574555397, 0.007228827103972435, 0.007789625320583582, 0.010249230079352856, 0.007335775997489691, 0.009718556888401508, 0.007803170010447502, 0.00898271705955267, 0.014430312439799309, 0.009663842618465424, 0.008117146790027618, 0.0073864031583070755, 0.00899447314441204, 0.008539656177163124, 0.008832194842398167, 0.009080645628273487, 0.008660933002829552, 0.008190144784748554, 0.009097721427679062, 0.007223743945360184, 0.007693458814173937, 0.010559506714344025, 0.01424960233271122, 0.008229071274399757, 0.007530937436968088, 0.008691706694662571, 0.007804513443261385, 0.009945916943252087, 0.0077638933435082436, 0.008421429432928562, 0.008302039466798306, 0.008497288450598717, 0.011058071628212929, 0.012198511511087418, 0.007617414928972721, 0.010251258499920368, 0.016586463898420334, 0.015631575137376785, 0.009166199713945389, 0.007591323461383581, 0.01250743679702282, 0.008156939409673214, 0.009279425255954266, 0.018350929021835327, 0.022074880078434944, 0.007939173839986324], "weapon_probs": [0.0493299663066864, 0.011240458115935326, 0.01474466361105442, 0.01030441652983427, 0.012401347979903221, 0.009264886379241943, 0.008740326389670372, 0.01641135662794113, 0.01044974010437727, 0.010451777838170528, 0.008184235543012619, 0.008636290207505226, 0.012117763981223106, 0.026819273829460144, 0.010147692635655403, 0.00979641079902649, 0.0104349534958601, 0.008996314369142056, 0.008838942274451256, 0.012486692517995834, 0.009171904996037483, 0.008189205080270767, 0.007231265306472778, 0.007432194892317057, 0.009197931736707687, 0.012708811089396477, 0.01448950357735157, 0.01012592762708664, 0.007581169717013836, 0.007445953786373138, 0.01204315572977066, 0.02255190908908844, 0.010373584926128387, 0.008870350196957588, 0.009465434588491917, 0.008749915286898613, 0.012363946065306664, 0.01626093126833439, 0.018237894400954247, 0.007344906684011221, 0.008569080382585526, 0.007277339696884155, 0.008156580850481987, 0.007288731634616852, 0.019200002774596214, 0.00944332592189312, 0.008507480844855309, 0.0078058973886072636, 0.008196277543902397, 0.00810646265745163, 0.01660689152777195, 0.01524222083389759, 0.009628772735595703, 0.016827836632728577, 0.010215580463409424, 0.011798032559454441, 0.013158192858099937, 0.03024401143193245, 0.008154228329658508]}