{"loss": 0.16429102420806885, "character_probs": [0.02252814918756485, 0.008322848938405514, 0.014336330816149712, 0.01163410022854805, 0.01817448064684868, 0.01053278986364603, 0.009631121531128883, 0.017172837629914284, 0.009176143445074558, 0.010838325135409832, 0.00979036558419466, 0.008555574342608452, 0.008720070123672485, 0.009025977924466133, 0.007206283509731293, 0.007441336754709482, 0.008454704657196999, 0.007321714889258146, 0.007496178150177002, 0.012432355433702469, 0.008247536607086658, 0.008529972285032272, 0.007714423350989819, 0.00732090137898922, 0.014281228184700012, 0.007937528192996979, 0.012089550495147705, 0.013437289744615555, 0.008765154518187046, 0.007542407605797052, 0.008738383650779724, 0.008870603516697884, 0.009183606132864952, 0.0075315083377063274, 0.007381489500403404, 0.007214550860226154, 0.010835043154656887, 0.009007853455841541, 0.00948281493037939, 0.011164242401719093, 0.007599502336233854, 0.008576524443924427, 0.010411115363240242, 0.007682012394070625, 0.009613048285245895, 0.008288562297821045, 0.0078657865524292, 0.008769894950091839, 0.007733386009931564, 0.008278406225144863, 0.007600385695695877, 0.007931739091873169, 0.0079365698620677, 0.007172047160565853, 0.010593915358185768, 0.010171262547373772, 0.00876046996563673, 0.007143340073525906, 0.01708201691508293, 0.01006251759827137, 0.008256379514932632, 0.009406340308487415, 0.007731669582426548, 0.01090006623417139, 0.01375133078545332, 0.008231179788708687, 0.007515858393162489, 0.010879633948206902, 0.009355487301945686, 0.00836656428873539, 0.007883354090154171, 0.02282281219959259, 0.007799204904586077, 0.010506131686270237, 0.008703082799911499, 0.007397131063044071, 0.007974939420819283, 0.00821732822805643, 0.015746433287858963], "weapon_probs": [0.03069162368774414, 0.01241592038422823, 0.017152898013591766, 0.0120279211550951, 0.012565821409225464, 0.021040234714746475, 0.008933266624808311, 0.015354655683040619, 0.013089604675769806, 0.017556313425302505, 0.02011079713702202, 0.011446630582213402, 0.008123974315822124, 0.007762355729937553, 0.010595900006592274, 0.008904537186026573, 0.00791208352893591, 0.007833952084183693, 0.008281800895929337, 0.017846843227744102, 0.008081948384642601, 0.012585397809743881, 0.008183485828340054, 0.010227512568235397, 0.00988035649061203, 0.007209674455225468, 0.010830191895365715, 0.00811595469713211, 0.008546903729438782, 0.018326982855796814, 0.007834935560822487, 0.008574475534260273, 0.009307585656642914, 0.008763561025261879, 0.00834923516958952, 0.012064933776855469, 0.018603084608912468, 0.015432983636856079, 0.011981452815234661, 0.014691139571368694, 0.008260630071163177, 0.007487788330763578, 0.00874532014131546, 0.015789151191711426, 0.019425638020038605, 0.014138270169496536, 0.008645065128803253, 0.010120147839188576, 0.007373270113021135, 0.007934142835438251, 0.011298134922981262, 0.020153146237134933, 0.00897346530109644, 0.017488421872258186, 0.007739545777440071, 0.018777791410684586, 0.009423697367310524, 0.010138414800167084, 0.010488688014447689]}