{"loss": -0.40864741802215576, "character_probs": [0.015057947486639023, 0.023763950914144516, 0.009446856565773487, 0.013849809765815735, 0.01010984368622303, 0.008998884819447994, 0.007705959491431713, 0.015891870483756065, 0.009888304397463799, 0.01475977897644043, 0.015565845184028149, 0.00997968576848507, 0.014612540602684021, 0.00936099886894226, 0.008424797095358372, 0.007469569332897663, 0.00746366661041975, 0.007247516885399818, 0.007307430263608694, 0.007268138229846954, 0.008828723803162575, 0.007522585801780224, 0.007733766920864582, 0.007468380033969879, 0.007344272453337908, 0.008108912967145443, 0.008171578869223595, 0.008006507530808449, 0.018368922173976898, 0.008265700191259384, 0.007157944608479738, 0.007371627725660801, 0.007502447348088026, 0.0178440660238266, 0.007109157275408506, 0.007155108265578747, 0.0072240037843585014, 0.007238011807203293, 0.0077555072493851185, 0.007877309806644917, 0.010368065908551216, 0.007483542896807194, 0.007692963816225529, 0.007495557423681021, 0.007652551867067814, 0.007628741208463907, 0.009953022003173828, 0.008262821473181248, 0.013821715489029884, 0.009034577757120132, 0.007460798602551222, 0.00801516231149435, 0.010679200291633606, 0.008137360215187073, 0.012766245752573013, 0.0076917544938623905, 0.00905565544962883, 0.008384104818105698, 0.00882918294519186, 0.007898245938122272, 0.00796540267765522, 0.00854150578379631, 0.017437905073165894, 0.009186987765133381, 0.008557080291211605, 0.009267454966902733, 0.010335936211049557, 0.009685235098004341, 0.010823756456375122, 0.011718196794390678, 0.01725316047668457, 0.007607985753566027, 0.009074592962861061, 0.0073328218422830105, 0.00922276359051466, 0.007781280670315027, 0.01208347175270319, 0.0079489229246974, 0.020593639463186264], "weapon_probs": [0.016952576115727425, 0.039949532598257065, 0.013915232382714748, 0.03317209705710411, 0.008220577612519264, 0.008696496486663818, 0.008079037070274353, 0.016892846673727036, 0.01535269245505333, 0.007659538649022579, 0.009722345508635044, 0.008167929016053677, 0.014008774422109127, 0.012351185083389282, 0.009509238414466381, 0.013282377272844315, 0.008534250780940056, 0.008482106029987335, 0.01022321730852127, 0.007549468893557787, 0.007913769222795963, 0.0076250191777944565, 0.012742549180984497, 0.007552779279649258, 0.011262582615017891, 0.01143607497215271, 0.007833180017769337, 0.008975339122116566, 0.007856265641748905, 0.011921200901269913, 0.012281646952033043, 0.008074730634689331, 0.009370144456624985, 0.010276680812239647, 0.007255044300109148, 0.00863575004041195, 0.010730905458331108, 0.009639369323849678, 0.01020811591297388, 0.008665964938700199, 0.007229108829051256, 0.014361993409693241, 0.010260405018925667, 0.011834519915282726, 0.02237738110125065, 0.014873159117996693, 0.008868138305842876, 0.01359160803258419, 0.011307934299111366, 0.011089051142334938, 0.011197509244084358, 0.008945745415985584, 0.02008654922246933, 0.009443881921470165, 0.03147861361503601, 0.01356988213956356, 0.01795516163110733, 0.008316509425640106, 0.023445703089237213]}