{"loss": -0.4779098629951477, "character_probs": [0.020787648856639862, 0.01600825786590576, 0.013218464329838753, 0.014240335673093796, 0.008815402165055275, 0.009486151859164238, 0.009268191643059254, 0.01628674380481243, 0.019696243107318878, 0.008737670257687569, 0.007800307124853134, 0.008543319068849087, 0.007369138300418854, 0.007883896119892597, 0.00756860664114356, 0.007929264567792416, 0.008851420134305954, 0.008414991199970245, 0.007933988235890865, 0.013081567361950874, 0.007741778157651424, 0.008437691256403923, 0.008512400090694427, 0.008756228722631931, 0.0071340459398925304, 0.008819689974188805, 0.008097191341221333, 0.00717078847810626, 0.007861700840294361, 0.007973109371960163, 0.007440137676894665, 0.008284690789878368, 0.012225337326526642, 0.014521341770887375, 0.008042322471737862, 0.009234140627086163, 0.00870421715080738, 0.007993306964635849, 0.013947593048214912, 0.007771075703203678, 0.007144516799598932, 0.007437821011990309, 0.00952940434217453, 0.009871013462543488, 0.007440296001732349, 0.00889948382973671, 0.007458024192601442, 0.01150889415293932, 0.0076825786381959915, 0.01521970797330141, 0.007639913819730282, 0.009350240230560303, 0.011705297976732254, 0.007620012853294611, 0.007503761909902096, 0.008278116583824158, 0.008116886019706726, 0.012722209095954895, 0.0077547915279865265, 0.0083847027271986, 0.008284196257591248, 0.009883204475045204, 0.008641829714179039, 0.007889412343502045, 0.011489086784422398, 0.010730234906077385, 0.007431263569742441, 0.008146604523062706, 0.009806152433156967, 0.026609327644109726, 0.011361801065504551, 0.012835066765546799, 0.00969337485730648, 0.007756496779620647, 0.010166584514081478, 0.007674349006265402, 0.01246417872607708, 0.01079500187188387, 0.015080845914781094], "weapon_probs": [0.022862859070301056, 0.020095055922865868, 0.019963379949331284, 0.016036352142691612, 0.009324127808213234, 0.028259992599487305, 0.009247884154319763, 0.01208692416548729, 0.012618599459528923, 0.007341327611356974, 0.007909676991403103, 0.024019412696361542, 0.01250621397048235, 0.00921720266342163, 0.012280081398785114, 0.011267507448792458, 0.009410486556589603, 0.007757163140922785, 0.008405539207160473, 0.007321600802242756, 0.011297738179564476, 0.011116929352283478, 0.007352401968091726, 0.007331786211580038, 0.012773403897881508, 0.00927712582051754, 0.01360313594341278, 0.00778872799128294, 0.008489826694130898, 0.0090445876121521, 0.011492745950818062, 0.011073585599660873, 0.008448539301753044, 0.009856736287474632, 0.011771069839596748, 0.008726193569600582, 0.012219389900565147, 0.009012368507683277, 0.013323891907930374, 0.019349297508597374, 0.00840976182371378, 0.012736819684505463, 0.011707721278071404, 0.01351729966700077, 0.00865465123206377, 0.008742700330913067, 0.011356228962540627, 0.014407479204237461, 0.009964562021195889, 0.009196026250720024, 0.011377835646271706, 0.01697048358619213, 0.02775132656097412, 0.010260445065796375, 0.010260311886668205, 0.009220678359270096, 0.012378117069602013, 0.011545602232217789, 0.01076893787831068]}