{"loss": -0.9976603388786316, "character_probs": [0.025549553334712982, 0.016529733315110207, 0.012546985410153866, 0.00720156729221344, 0.01040645968168974, 0.007770460098981857, 0.016725899651646614, 0.007882433012127876, 0.008190703578293324, 0.013585258275270462, 0.010152031667530537, 0.016427528113126755, 0.007485506124794483, 0.009002737700939178, 0.007922920398414135, 0.010974948294460773, 0.012103110551834106, 0.007598647847771645, 0.00761934369802475, 0.00886558834463358, 0.00713907927274704, 0.013243946246802807, 0.007973932661116123, 0.007371457293629646, 0.007603649515658617, 0.007322095800191164, 0.008061007596552372, 0.009537069126963615, 0.008265145123004913, 0.008953657932579517, 0.009002837352454662, 0.007876375690102577, 0.010562799870967865, 0.007563912309706211, 0.008625209331512451, 0.007486589718610048, 0.00917997770011425, 0.009599631652235985, 0.0072801001369953156, 0.008246048353612423, 0.007569614797830582, 0.007714724633842707, 0.007532621268182993, 0.007630881387740374, 0.0212581604719162, 0.007439034059643745, 0.015028491616249084, 0.0073245796374976635, 0.008729738183319569, 0.01497202180325985, 0.0076200710609555244, 0.008076069876551628, 0.00900612398982048, 0.007277814671397209, 0.007231462746858597, 0.007562281563878059, 0.011965930461883545, 0.007519212551414967, 0.00800199992954731, 0.007943742908537388, 0.008433281444013119, 0.009474904276430607, 0.00762920780107379, 0.008470190688967705, 0.008316973224282265, 0.008401951752603054, 0.0091188233345747, 0.00838741846382618, 0.008965814486145973, 0.01302256714552641, 0.012675760313868523, 0.010590936988592148, 0.00873238779604435, 0.01025281473994255, 0.009143184870481491, 0.017817091196775436, 0.00812385231256485, 0.009249369613826275, 0.008356617763638496], "weapon_probs": [0.01889602467417717, 0.02503645047545433, 0.014581684023141861, 0.012734679505228996, 0.013594296760857105, 0.017876308411359787, 0.016796385869383812, 0.010776923969388008, 0.013934890739619732, 0.012616567313671112, 0.00753049785271287, 0.029627982527017593, 0.008331757970154285, 0.00851120613515377, 0.007357075344771147, 0.012368578463792801, 0.009495144709944725, 0.0072125219739973545, 0.010959083214402199, 0.014136570505797863, 0.012442545033991337, 0.008144567720592022, 0.02127223089337349, 0.00800624955445528, 0.008476770482957363, 0.0075066955760121346, 0.009121130220592022, 0.00782713945955038, 0.010162441059947014, 0.009045232087373734, 0.009260129183530807, 0.00898587703704834, 0.009304763749241829, 0.013603126630187035, 0.007566703949123621, 0.0097898468375206, 0.009962962009012699, 0.011077027767896652, 0.014200861565768719, 0.010451861657202244, 0.007500514388084412, 0.011885790154337883, 0.00862840935587883, 0.009467419236898422, 0.009089997038245201, 0.022958803921937943, 0.009365571662783623, 0.014625757932662964, 0.010813895612955093, 0.007675507105886936, 0.007238353602588177, 0.027118906378746033, 0.008126797154545784, 0.013514688238501549, 0.018159475177526474, 0.013186807744204998, 0.008700013160705566, 0.013429870828986168, 0.008263119496405125]}