{"loss": 0.9272632598876953, "character_probs": [0.018138032406568527, 0.015067503787577152, 0.010629955679178238, 0.01300191693007946, 0.01696966029703617, 0.012520385906100273, 0.010021965950727463, 0.008961278013885021, 0.008019872941076756, 0.007952108047902584, 0.007874378934502602, 0.02090856246650219, 0.009431576356291771, 0.007725688628852367, 0.007824829779565334, 0.01472877711057663, 0.0074004302732646465, 0.007307733409106731, 0.007149264216423035, 0.00790676660835743, 0.008974991738796234, 0.007622982375323772, 0.008053845725953579, 0.012037024833261967, 0.009197929874062538, 0.008348304778337479, 0.011479347012937069, 0.007925054058432579, 0.010783401317894459, 0.01423510443419218, 0.007200481370091438, 0.008154543116688728, 0.007406930904835463, 0.011653149500489235, 0.008046235889196396, 0.007712331600487232, 0.009142096154391766, 0.0102024981752038, 0.00870589166879654, 0.007451601326465607, 0.007356717251241207, 0.009430410340428352, 0.007594562601298094, 0.011328181251883507, 0.007495872210711241, 0.01031220518052578, 0.008930517360568047, 0.009786354377865791, 0.007724338676780462, 0.007929316721856594, 0.007978184148669243, 0.009964401833713055, 0.009821020998060703, 0.011165561154484749, 0.008137021213769913, 0.007340748328715563, 0.007661096286028624, 0.007372649386525154, 0.008359372615814209, 0.007210543379187584, 0.00944358017295599, 0.009700357913970947, 0.010264071635901928, 0.010492227040231228, 0.013402890413999557, 0.01209066342562437, 0.010968750342726707, 0.007216823287308216, 0.010490130633115768, 0.009627087041735649, 0.012368000112473965, 0.008826161734759808, 0.009462367743253708, 0.007632696535438299, 0.008909222669899464, 0.007645960431545973, 0.01175052858889103, 0.009678120724856853, 0.011897780001163483], "weapon_probs": [0.026656288653612137, 0.018645286560058594, 0.009329456835985184, 0.020609790459275246, 0.011306913569569588, 0.014070175588130951, 0.03318648040294647, 0.007253886200487614, 0.009702336974442005, 0.014529649168252945, 0.008563465438783169, 0.011506253853440285, 0.010750634595751762, 0.010097796097397804, 0.007459790911525488, 0.0073862383142113686, 0.014256736263632774, 0.015489370562136173, 0.015611882321536541, 0.009121774695813656, 0.007286324165761471, 0.011914072558283806, 0.007722979877144098, 0.010078338906168938, 0.011082549579441547, 0.010781900957226753, 0.008474991656839848, 0.0102393738925457, 0.008110975846648216, 0.01016858872026205, 0.009713415056467056, 0.009146740660071373, 0.01270773820579052, 0.008633585646748543, 0.008354242891073227, 0.008959938772022724, 0.010646400041878223, 0.013626082800328732, 0.008294019848108292, 0.010336468927562237, 0.009398742578923702, 0.02965690940618515, 0.00992373377084732, 0.009366314858198166, 0.013359727337956429, 0.008296503685414791, 0.011452102102339268, 0.015115723013877869, 0.007869463413953781, 0.008029798045754433, 0.009141896851360798, 0.009551193565130234, 0.023477952927350998, 0.008121250197291374, 0.009799787774682045, 0.013354655355215073, 0.009122278541326523, 0.009776689112186432, 0.011820929124951363]}