{"loss": -0.1685522496700287, "character_probs": [0.022220933809876442, 0.014765596017241478, 0.010574598796665668, 0.013534583151340485, 0.01026196125894785, 0.010187973268330097, 0.009823571890592575, 0.008767277002334595, 0.017542028799653053, 0.009392308071255684, 0.01448020525276661, 0.007880163379013538, 0.008698612451553345, 0.00861111469566822, 0.007737843785434961, 0.00832381658256054, 0.01263468898832798, 0.009735599160194397, 0.009002679958939552, 0.007128817494958639, 0.007382342591881752, 0.008844545111060143, 0.008130409754812717, 0.007255278993397951, 0.007776371669024229, 0.00912557728588581, 0.015015772543847561, 0.007616310380399227, 0.008398170582950115, 0.008521873503923416, 0.008210113272070885, 0.014027532190084457, 0.0074540660716593266, 0.009041394107043743, 0.015309491194784641, 0.007740708068013191, 0.009083827026188374, 0.008264237083494663, 0.007459274027496576, 0.009549458511173725, 0.0073533435352146626, 0.009724650532007217, 0.008699658326804638, 0.010270734317600727, 0.008314162492752075, 0.008101379498839378, 0.009594040922820568, 0.007522324565798044, 0.009357647970318794, 0.007465026807039976, 0.008132707327604294, 0.009386233054101467, 0.007742478512227535, 0.01230813842266798, 0.008160793222486973, 0.007709564175456762, 0.007501819171011448, 0.007523896638303995, 0.00788387842476368, 0.008248000405728817, 0.007431098259985447, 0.02607923001050949, 0.007976649329066277, 0.008228235878050327, 0.00849649403244257, 0.01022077351808548, 0.009275653399527073, 0.00812623929232359, 0.007825706154108047, 0.007923162542283535, 0.007541032042354345, 0.007902282290160656, 0.010965870693325996, 0.009251726791262627, 0.009639639407396317, 0.01043993141502142, 0.007539684418588877, 0.0077414726838469505, 0.007672673091292381], "weapon_probs": [0.019785810261964798, 0.02110394835472107, 0.026066411286592484, 0.017043614760041237, 0.018086973577737808, 0.015605302527546883, 0.013951437547802925, 0.0075149997137486935, 0.0076501332223415375, 0.015637166798114777, 0.009428235702216625, 0.010130297392606735, 0.020145513117313385, 0.0091856075450778, 0.02256670594215393, 0.009522152133286, 0.007824467495083809, 0.009255224838852882, 0.007585853338241577, 0.008621534332633018, 0.009887037798762321, 0.008780735544860363, 0.008341489359736443, 0.010556566528975964, 0.00941599253565073, 0.007441748399287462, 0.009996689856052399, 0.013954311609268188, 0.007709313649684191, 0.010020134970545769, 0.008572736755013466, 0.008362215012311935, 0.008673842996358871, 0.00809349212795496, 0.01833922788500786, 0.00871924590319395, 0.017787329852581024, 0.00980955921113491, 0.00836610421538353, 0.009728239849209785, 0.010843371041119099, 0.012029066681861877, 0.011997155845165253, 0.008856996893882751, 0.007780116982758045, 0.01122245006263256, 0.007898285053670406, 0.014023413881659508, 0.009064175188541412, 0.014194199815392494, 0.010190807282924652, 0.00923123024404049, 0.008339068852365017, 0.007494110148400068, 0.015007651410996914, 0.007281490135937929, 0.018229033797979355, 0.009216906502842903, 0.011792141944169998]}