{"loss": 0.8897739052772522, "character_probs": [0.029837224632501602, 0.01382517535239458, 0.009700195863842964, 0.011113671585917473, 0.014331349171698093, 0.00887683779001236, 0.008894840255379677, 0.011714569292962551, 0.009482513181865215, 0.009063735604286194, 0.00937727652490139, 0.007912639528512955, 0.009445184841752052, 0.009742224588990211, 0.00851386971771717, 0.016176830977201462, 0.009793726727366447, 0.008284651674330235, 0.007468965835869312, 0.012558676302433014, 0.007828672416508198, 0.011030333116650581, 0.00920567475259304, 0.008082075044512749, 0.008615352213382721, 0.007825496606528759, 0.007369614206254482, 0.007631422020494938, 0.00833385530859232, 0.008367419242858887, 0.007669492624700069, 0.009003793820738792, 0.007813666947185993, 0.010546044446527958, 0.01770743355154991, 0.007622537203133106, 0.0071535431779921055, 0.007848416455090046, 0.008302359841763973, 0.009011203423142433, 0.009669065475463867, 0.011558998376131058, 0.008200665935873985, 0.008644722402095795, 0.007997271604835987, 0.007597431540489197, 0.008218728937208652, 0.010670292191207409, 0.00747318472713232, 0.0073600341565907, 0.008483145385980606, 0.008365312591195107, 0.0075648450292646885, 0.010232428088784218, 0.00843449030071497, 0.012541685253381729, 0.008805528283119202, 0.00815937202423811, 0.007429077755659819, 0.008168498054146767, 0.007480665575712919, 0.008643653243780136, 0.00999138318002224, 0.008787411265075207, 0.00746102025732398, 0.009386369958519936, 0.007752544246613979, 0.010190412402153015, 0.008812151849269867, 0.016911253333091736, 0.007945822551846504, 0.009435742162168026, 0.009516220539808273, 0.009091991931200027, 0.015374156646430492, 0.008431434631347656, 0.00801103189587593, 0.015455852262675762, 0.009287884458899498], "weapon_probs": [0.01891668327152729, 0.021690402179956436, 0.019358761608600616, 0.02527337148785591, 0.011624198406934738, 0.009464321658015251, 0.01432734914124012, 0.024688586592674255, 0.012086771428585052, 0.00857046153396368, 0.013407642021775246, 0.008127124048769474, 0.008113380521535873, 0.008328292518854141, 0.009529726579785347, 0.009341658093035221, 0.025239937007427216, 0.00804560724645853, 0.00913558155298233, 0.00798117183148861, 0.014423081651329994, 0.008793549612164497, 0.010427765548229218, 0.008133715949952602, 0.010041356086730957, 0.012360134162008762, 0.009158930741250515, 0.0133402980864048, 0.0073607913218438625, 0.008059953339397907, 0.013520325534045696, 0.007893296889960766, 0.012841102667152882, 0.008045420981943607, 0.00815819576382637, 0.00791857298463583, 0.007520048879086971, 0.00917809084057808, 0.013761233538389206, 0.007592028938233852, 0.016644373536109924, 0.00804914627224207, 0.010537905618548393, 0.008819187059998512, 0.00961229670792818, 0.01030021347105503, 0.01299215666949749, 0.008742467500269413, 0.017862385138869286, 0.01783960685133934, 0.009993989951908588, 0.009369990788400173, 0.015631459653377533, 0.012911627069115639, 0.013188742101192474, 0.007515351288020611, 0.01189359463751316, 0.010276012122631073, 0.009939529933035374]}