{"loss": -0.9875895977020264, "character_probs": [0.01053037028759718, 0.02474619820713997, 0.01773993670940399, 0.01071022916585207, 0.012883465737104416, 0.009539391845464706, 0.011253462173044682, 0.008610582910478115, 0.008487358689308167, 0.010023591108620167, 0.008515303954482079, 0.008202429860830307, 0.01656278781592846, 0.008753875270485878, 0.007844170555472374, 0.013121322728693485, 0.00751915480941534, 0.007783511653542519, 0.009083351120352745, 0.009080464951694012, 0.008144086226820946, 0.015512660145759583, 0.008323503658175468, 0.007481558248400688, 0.00778142549097538, 0.007686292752623558, 0.010951651260256767, 0.0074028922244906425, 0.008008701726794243, 0.007283340208232403, 0.00745360879227519, 0.009184599854052067, 0.007361052557826042, 0.007593838032335043, 0.008918093517422676, 0.01945510506629944, 0.007646935060620308, 0.007380326744168997, 0.007932808250188828, 0.007928280159831047, 0.00729319266974926, 0.00852932408452034, 0.007233093027025461, 0.007804048713296652, 0.008624597452580929, 0.007296504452824593, 0.018155302852392197, 0.009387893602252007, 0.008277946151793003, 0.007176748011261225, 0.007128205616027117, 0.007910627871751785, 0.01004008762538433, 0.00739434827119112, 0.010175719857215881, 0.008838888257741928, 0.010578248649835587, 0.010655755177140236, 0.018777571618556976, 0.008334992453455925, 0.011307461187243462, 0.008760926313698292, 0.007819532416760921, 0.012306252494454384, 0.008210957050323486, 0.008093761280179024, 0.010340103879570961, 0.008601473644375801, 0.007544951047748327, 0.0075216153636574745, 0.012588748708367348, 0.011547736823558807, 0.007358174305409193, 0.008066482841968536, 0.0082304822281003, 0.008805729448795319, 0.007642280776053667, 0.013346031308174133, 0.007682886905968189], "weapon_probs": [0.03324536234140396, 0.0126883490011096, 0.010321253910660744, 0.01884441077709198, 0.02007671818137169, 0.026148702949285507, 0.028182126581668854, 0.011820811778306961, 0.008745175786316395, 0.011540139093995094, 0.00836563017219305, 0.007614314090460539, 0.009284739382565022, 0.007934178225696087, 0.007957332767546177, 0.015585039742290974, 0.010038039647042751, 0.007739786524325609, 0.008223758079111576, 0.008144586347043514, 0.0071571627631783485, 0.010078034363687038, 0.013890326023101807, 0.01041867770254612, 0.008272998966276646, 0.00821937620639801, 0.008103844709694386, 0.008433009497821331, 0.008930601179599762, 0.012572074308991432, 0.007219498045742512, 0.009259684942662716, 0.007535071577876806, 0.013835243880748749, 0.01579451560974121, 0.008963546715676785, 0.01031298004090786, 0.009343044832348824, 0.008271347731351852, 0.01020989939570427, 0.00814600195735693, 0.010032400488853455, 0.00899813324213028, 0.007488430943340063, 0.01506118755787611, 0.011144403368234634, 0.00907575711607933, 0.02976732701063156, 0.008760549128055573, 0.012675687670707703, 0.007880736142396927, 0.016584014520049095, 0.014318898320198059, 0.008087746798992157, 0.008792351931333542, 0.013875752687454224, 0.0091987494379282, 0.007524055428802967, 0.01012955792248249]}