{"loss": -0.5298174619674683, "character_probs": [0.02122425101697445, 0.01153235137462616, 0.016320807859301567, 0.01191436406224966, 0.00947793759405613, 0.010253597050905228, 0.00910591147840023, 0.01250223908573389, 0.009335743263363838, 0.009730170480906963, 0.014772961847484112, 0.010200144723057747, 0.01159227266907692, 0.009784050285816193, 0.008272038772702217, 0.007868302054703236, 0.008414928801357746, 0.009230552241206169, 0.007501611020416021, 0.007920033298432827, 0.008489642292261124, 0.010157981887459755, 0.00715114688500762, 0.009563657455146313, 0.008257871493697166, 0.007185223046690226, 0.007353464141488075, 0.019427325576543808, 0.007343131583184004, 0.007979616522789001, 0.011391690000891685, 0.01169417891651392, 0.007668517529964447, 0.00795974675565958, 0.008347528986632824, 0.00743623822927475, 0.007642698008567095, 0.012154066935181618, 0.007576335221529007, 0.007596946787089109, 0.008526373654603958, 0.007999919354915619, 0.007277516182512045, 0.008649442344903946, 0.00894839596003294, 0.01399235799908638, 0.008033604361116886, 0.007705036550760269, 0.010594286024570465, 0.009692764841020107, 0.008182477205991745, 0.012513966299593449, 0.010829669423401356, 0.009976750239729881, 0.010592161677777767, 0.009688861668109894, 0.008035242557525635, 0.012001816183328629, 0.007749158423393965, 0.00945228524506092, 0.007781266234815121, 0.0072964150458574295, 0.013661522418260574, 0.008296431973576546, 0.008194081485271454, 0.009150023572146893, 0.009193860925734043, 0.010066487826406956, 0.0075674415566027164, 0.013960223644971848, 0.007522466592490673, 0.00920120719820261, 0.01531268935650587, 0.008153562434017658, 0.008602621033787727, 0.012975913472473621, 0.013140600174665451, 0.01047048531472683, 0.01122131384909153], "weapon_probs": [0.03491958975791931, 0.019053177908062935, 0.02353513613343239, 0.017392203211784363, 0.016913291066884995, 0.011032408103346825, 0.008805296383798122, 0.011126602068543434, 0.009154705330729485, 0.008844240568578243, 0.00787973590195179, 0.008017383515834808, 0.011834480799734592, 0.015245186164975166, 0.014505995437502861, 0.007453575264662504, 0.010624139569699764, 0.00733793992549181, 0.007939795032143593, 0.008727030828595161, 0.00994175300002098, 0.007209954783320427, 0.013309559784829617, 0.008428512141108513, 0.020765487104654312, 0.010077732615172863, 0.009536515921354294, 0.007731095887720585, 0.007322917226701975, 0.00899132713675499, 0.013359850272536278, 0.010618848726153374, 0.0140396011993289, 0.007869788445532322, 0.009142827242612839, 0.007923704572021961, 0.00924480427056551, 0.007339414209127426, 0.013355148956179619, 0.012368297204375267, 0.010829264298081398, 0.03035874292254448, 0.0105166956782341, 0.008251655846834183, 0.00785102043300867, 0.007315275724977255, 0.011457512155175209, 0.01179354079067707, 0.012914677150547504, 0.018773742020130157, 0.011517140083014965, 0.01702587679028511, 0.01406904123723507, 0.011002352461218834, 0.013246580958366394, 0.009330329485237598, 0.010927822440862656, 0.013363692909479141, 0.010913422331213951]}