{"loss": -0.9032905697822571, "character_probs": [0.020947597920894623, 0.012921405956149101, 0.009567288681864738, 0.01572997495532036, 0.020624404773116112, 0.00819987989962101, 0.011525138281285763, 0.010097753256559372, 0.01008612010627985, 0.007297526579350233, 0.01074932049959898, 0.013840127736330032, 0.008484996855258942, 0.008820008486509323, 0.012122193351387978, 0.007486474234610796, 0.009051669389009476, 0.007341398857533932, 0.01757105439901352, 0.00765997963026166, 0.00789006520062685, 0.007727401796728373, 0.009564445354044437, 0.008856484666466713, 0.007651548832654953, 0.007625793106853962, 0.011120828799903393, 0.008357899263501167, 0.0075408476404845715, 0.007299263030290604, 0.007815955206751823, 0.008985755033791065, 0.007255321368575096, 0.007719537243247032, 0.007447519805282354, 0.00865032710134983, 0.007394426502287388, 0.00813993439078331, 0.010552006773650646, 0.00844914186745882, 0.011510752141475677, 0.009434554725885391, 0.009452789090573788, 0.009152881801128387, 0.008560615591704845, 0.008928528055548668, 0.009333759546279907, 0.007729074452072382, 0.0076147569343447685, 0.008626846596598625, 0.007930658757686615, 0.008113251999020576, 0.009013326838612556, 0.007847931236028671, 0.009595321491360664, 0.008144686929881573, 0.010912295430898666, 0.008774273097515106, 0.012188596650958061, 0.011514567770063877, 0.011365575715899467, 0.011843339540064335, 0.008152890019118786, 0.010053790174424648, 0.008759243413805962, 0.010633631609380245, 0.009752492420375347, 0.008711161091923714, 0.00738926138728857, 0.00961577519774437, 0.008665026165544987, 0.008580108173191547, 0.011739460751414299, 0.007583414204418659, 0.015587751753628254, 0.009668095037341118, 0.00947225745767355, 0.00825355015695095, 0.007961193099617958], "weapon_probs": [0.027921300381422043, 0.015580113977193832, 0.03262731060385704, 0.011632640846073627, 0.011541737243533134, 0.011655125766992569, 0.014540418051183224, 0.014428002759814262, 0.007588250562548637, 0.010038435459136963, 0.019784990698099136, 0.007306461222469807, 0.013062390498816967, 0.007646373473107815, 0.008595012128353119, 0.01289204228669405, 0.011214878410100937, 0.007144846022129059, 0.010624716058373451, 0.01061708852648735, 0.008589610457420349, 0.015233206562697887, 0.012804964557290077, 0.007616440765559673, 0.007747292052954435, 0.02242901735007763, 0.008297453634440899, 0.00906733050942421, 0.007915671914815903, 0.009545829147100449, 0.0075403666123747826, 0.008204775862395763, 0.009121621958911419, 0.009633723646402359, 0.009331902489066124, 0.017170457169413567, 0.010775772854685783, 0.010858125984668732, 0.010602777823805809, 0.009634909220039845, 0.011430763639509678, 0.009240412153303623, 0.010717992670834064, 0.009521977044641972, 0.008247347548604012, 0.007859716191887856, 0.009966475889086723, 0.031725142151117325, 0.007742280140519142, 0.008668454363942146, 0.009682480245828629, 0.010381634347140789, 0.010193496942520142, 0.01136106252670288, 0.018817532807588577, 0.012900633737444878, 0.008443411439657211, 0.016680866479873657, 0.007971538230776787]}