{"loss": 0.9221609830856323, "character_probs": [0.03835035860538483, 0.009489515796303749, 0.015228995122015476, 0.010989759117364883, 0.009252483956515789, 0.009574726223945618, 0.009070771746337414, 0.008323488757014275, 0.009849256835877895, 0.012476298026740551, 0.008651290088891983, 0.007807628251612186, 0.008935685269534588, 0.00937001034617424, 0.007962162606418133, 0.015968244522809982, 0.008151882328093052, 0.007388339843600988, 0.007298975717276335, 0.007312615867704153, 0.012686049565672874, 0.007546813227236271, 0.007993229664862156, 0.0076469434425234795, 0.008069578558206558, 0.012306932359933853, 0.00797436386346817, 0.010137793608009815, 0.007917233742773533, 0.009999968111515045, 0.007467183750122786, 0.007551542017608881, 0.007269320078194141, 0.0071811433881521225, 0.009521923027932644, 0.009575325064361095, 0.013137033209204674, 0.00744055537506938, 0.008429525420069695, 0.007746491581201553, 0.007772857788950205, 0.011452959850430489, 0.007175865583121777, 0.007619461975991726, 0.008469874039292336, 0.008344512432813644, 0.007634744048118591, 0.007717001251876354, 0.00789905246347189, 0.008862216956913471, 0.008294572122395039, 0.0110310735180974, 0.007559378165751696, 0.015077529475092888, 0.007339742500334978, 0.007859042845666409, 0.008698616176843643, 0.009331145323812962, 0.010591172613203526, 0.0077738375402987, 0.008590822108089924, 0.008401939645409584, 0.01084042340517044, 0.007918577641248703, 0.009986321441829205, 0.01251276209950447, 0.009984667412936687, 0.011242036707699299, 0.011069029569625854, 0.008343614637851715, 0.013403335586190224, 0.007707944139838219, 0.008515730500221252, 0.01746908575296402, 0.007791616953909397, 0.007672259118407965, 0.009575305506587029, 0.007788823451846838, 0.007607700768858194], "weapon_probs": [0.03196238726377487, 0.010688615962862968, 0.02321576699614525, 0.015758950263261795, 0.014992387033998966, 0.021531611680984497, 0.013999423012137413, 0.011063005775213242, 0.011333937756717205, 0.011180860921740532, 0.009152385406196117, 0.009826699271798134, 0.008674100041389465, 0.01496129296720028, 0.009606411680579185, 0.01524719875305891, 0.00806631613522768, 0.00943462923169136, 0.016390696167945862, 0.010359663516283035, 0.011128270998597145, 0.01072778645902872, 0.009402535855770111, 0.012288600206375122, 0.008148325607180595, 0.008351927623152733, 0.014824304729700089, 0.008982150815427303, 0.010153920389711857, 0.00971196498721838, 0.01004056353121996, 0.010600552894175053, 0.008134079165756702, 0.01107841543853283, 0.008382574655115604, 0.007615300361067057, 0.008405681699514389, 0.013311365619301796, 0.008251640945672989, 0.010504454374313354, 0.01066539902240038, 0.00900731235742569, 0.01064242422580719, 0.009470667690038681, 0.00757689168676734, 0.009274347685277462, 0.011685540899634361, 0.008785675279796124, 0.00805567018687725, 0.012522206641733646, 0.009381189942359924, 0.016044601798057556, 0.007796191610395908, 0.020141497254371643, 0.017428122460842133, 0.00819164328277111, 0.007854529656469822, 0.008166375569999218, 0.009401781484484673]}