{"loss": 0.9609256982803345, "character_probs": [0.014706537127494812, 0.009595214389264584, 0.020781952887773514, 0.014215230010449886, 0.009409792721271515, 0.010481538251042366, 0.011364150792360306, 0.014605667442083359, 0.01125875674188137, 0.008332246914505959, 0.01886233314871788, 0.007250591646879911, 0.008607795462012291, 0.009603474289178848, 0.011241158470511436, 0.008474928326904774, 0.008568723686039448, 0.012061482295393944, 0.0072897495701909065, 0.0074028135277330875, 0.00920586846768856, 0.009038825519382954, 0.007945394143462181, 0.007174594793468714, 0.009438278153538704, 0.007486322429031134, 0.009116986766457558, 0.007100342307239771, 0.008424270898103714, 0.010466435924172401, 0.010179221630096436, 0.007187375333160162, 0.00856544729322195, 0.008202786557376385, 0.008777485229074955, 0.008175604976713657, 0.008078433573246002, 0.007439076900482178, 0.008242539130151272, 0.007231284398585558, 0.00842989794909954, 0.02436743676662445, 0.00818989984691143, 0.012604469433426857, 0.0073692817240953445, 0.009428438730537891, 0.007419019937515259, 0.00760510191321373, 0.007097156252712011, 0.009262225590646267, 0.009441468864679337, 0.012847308069467545, 0.0074125477112829685, 0.007837708108127117, 0.007697075605392456, 0.00889440905302763, 0.011465203016996384, 0.008206024765968323, 0.007850907742977142, 0.01035275962203741, 0.013629171997308731, 0.009953551925718784, 0.008955586701631546, 0.007512364070862532, 0.007735142484307289, 0.0076667023822665215, 0.01055954024195671, 0.00818149745464325, 0.007597173564136028, 0.007949335500597954, 0.008564211428165436, 0.008365562185645103, 0.008791309781372547, 0.01581662707030773, 0.01651536114513874, 0.008534310385584831, 0.008248909376561642, 0.008202294819056988, 0.010673988610506058], "weapon_probs": [0.027388814836740494, 0.02134736441075802, 0.024126611649990082, 0.01753123849630356, 0.013573559001088142, 0.009590945206582546, 0.011282905004918575, 0.021319963037967682, 0.011513586156070232, 0.008158980868756771, 0.007838464342057705, 0.013575099408626556, 0.007692954037338495, 0.0076917679980397224, 0.010120372287929058, 0.008448956534266472, 0.009196434170007706, 0.01228390447795391, 0.021793663501739502, 0.007956339046359062, 0.010022100061178207, 0.012747093103826046, 0.012028895318508148, 0.019399667158722878, 0.009239249862730503, 0.007325614802539349, 0.00838474277406931, 0.011669225059449673, 0.007214880082756281, 0.008777685463428497, 0.009056193754076958, 0.009497314691543579, 0.014201825484633446, 0.00870847050100565, 0.009763013571500778, 0.008985203690826893, 0.010545596480369568, 0.0103796711191535, 0.009748052805662155, 0.01036042533814907, 0.011475922539830208, 0.00920035783201456, 0.013664063066244125, 0.009778392501175404, 0.010320191271603107, 0.008636570535600185, 0.007850953377783298, 0.0077363913878798485, 0.010331124067306519, 0.009416013956069946, 0.010507208295166492, 0.009851920418441296, 0.009042526595294476, 0.011681152507662773, 0.009496668353676796, 0.009708153083920479, 0.010739969089627266, 0.015059837140142918, 0.017288196831941605]}