{"loss": -0.5077179670333862, "character_probs": [0.018562618643045425, 0.011483286507427692, 0.014002492651343346, 0.021060701459646225, 0.010263150557875633, 0.011602779850363731, 0.008344638161361217, 0.009656665846705437, 0.013826251961290836, 0.008294347673654556, 0.007772341370582581, 0.008394865319132805, 0.007123440038412809, 0.008714544586837292, 0.0092530632391572, 0.011050939559936523, 0.009815577417612076, 0.012008734047412872, 0.009000585414469242, 0.008575642481446266, 0.007913627661764622, 0.02611112967133522, 0.0077508254908025265, 0.007350869011133909, 0.007369930390268564, 0.010417803190648556, 0.007444078102707863, 0.007775147911161184, 0.007527608890086412, 0.009507263079285622, 0.008590834215283394, 0.007386833429336548, 0.007452060002833605, 0.00769068393856287, 0.007410334423184395, 0.008469782769680023, 0.009083684533834457, 0.007618003059178591, 0.008614200167357922, 0.009625079110264778, 0.0077005410566926, 0.00813394133001566, 0.011132348328828812, 0.007379799149930477, 0.00765934307128191, 0.008350157178938389, 0.00721768056973815, 0.010415088385343552, 0.00781850703060627, 0.007160373963415623, 0.009116937406361103, 0.007841852493584156, 0.008888277225196362, 0.010740309953689575, 0.009210293181240559, 0.009029518812894821, 0.007338262628763914, 0.012745246291160583, 0.008318089880049229, 0.007546878419816494, 0.009984927251935005, 0.012992959469556808, 0.007520309649407864, 0.01530387345701456, 0.007945788092911243, 0.017353609204292297, 0.009084952995181084, 0.014055086299777031, 0.011212286539375782, 0.007351900450885296, 0.00898468866944313, 0.00859701819717884, 0.017519498243927956, 0.011396724730730057, 0.007824080996215343, 0.008995993062853813, 0.009615499526262283, 0.007651349529623985, 0.012184159830212593], "weapon_probs": [0.032194070518016815, 0.009391915053129196, 0.013850776478648186, 0.027595754712820053, 0.015591981820762157, 0.012164534069597721, 0.013961277902126312, 0.00886984821408987, 0.008730093948543072, 0.023149870336055756, 0.007899537682533264, 0.00900580920279026, 0.01996612176299095, 0.00878955889493227, 0.007743422407656908, 0.014501488767564297, 0.007865892723202705, 0.009554521180689335, 0.007319898810237646, 0.008827011100947857, 0.008014585822820663, 0.008295740932226181, 0.008272110484540462, 0.01194758340716362, 0.007363470271229744, 0.021578505635261536, 0.008228179067373276, 0.009146546944975853, 0.013396825641393661, 0.012478671967983246, 0.007887393236160278, 0.008521469309926033, 0.008518330752849579, 0.01372009888291359, 0.010655338875949383, 0.009426061064004898, 0.012842977419495583, 0.008144565857946873, 0.0151890954002738, 0.012488875538110733, 0.008669517934322357, 0.008959894068539143, 0.02021102048456669, 0.007687273435294628, 0.008200990967452526, 0.009587280452251434, 0.008443568833172321, 0.01257633138448, 0.00854421779513359, 0.010139701887965202, 0.011056719347834587, 0.022245151922106743, 0.0090755894780159, 0.007653194013983011, 0.012146434746682644, 0.030180446803569794, 0.00844054576009512, 0.0084166768938303, 0.017711997032165527]}