{"loss": 0.9711431860923767, "character_probs": [0.012223348021507263, 0.017429476603865623, 0.03085661679506302, 0.008847871795296669, 0.009664620272815228, 0.015924960374832153, 0.009219509549438953, 0.010904049500823021, 0.010290754027664661, 0.009060082025825977, 0.011704916134476662, 0.008645947091281414, 0.007347931154072285, 0.008532922714948654, 0.007657975424081087, 0.008667371235787868, 0.0072660259902477264, 0.009108354337513447, 0.008826485835015774, 0.009235648438334465, 0.007792044896632433, 0.009934965521097183, 0.011958736926317215, 0.008404022082686424, 0.007408592849969864, 0.00863493513315916, 0.009519308805465698, 0.007501591462641954, 0.007856088690459728, 0.008069009520113468, 0.007772774435579777, 0.008216149173676968, 0.010782936587929726, 0.009159845300018787, 0.009161864407360554, 0.013465018942952156, 0.00937147717922926, 0.00859290361404419, 0.0078758979216218, 0.008275613188743591, 0.01295517385005951, 0.007911184802651405, 0.008317152038216591, 0.007897789590060711, 0.00824861042201519, 0.008384701795876026, 0.010808421298861504, 0.007382066920399666, 0.008987002074718475, 0.007735096849501133, 0.007651155348867178, 0.009264684282243252, 0.01087774708867073, 0.00830038171261549, 0.007994923740625381, 0.008566400036215782, 0.009044711478054523, 0.01040054950863123, 0.013788064010441303, 0.007780698128044605, 0.008893384598195553, 0.007728459779173136, 0.010555439628660679, 0.0071928612887859344, 0.008566511794924736, 0.00882799457758665, 0.009536722674965858, 0.007713202852755785, 0.008727210573852062, 0.009038280695676804, 0.008256901055574417, 0.01286984421312809, 0.009707417339086533, 0.007207592949271202, 0.007678240537643433, 0.014472432434558868, 0.009739353321492672, 0.010493641719222069, 0.009766371920704842], "weapon_probs": [0.022207804024219513, 0.026587121188640594, 0.008741541765630245, 0.017973801121115685, 0.012298678047955036, 0.009011169895529747, 0.017363741993904114, 0.019146811217069626, 0.010079450905323029, 0.01890847459435463, 0.00927039235830307, 0.00796076375991106, 0.007257409859448671, 0.03534067049622536, 0.007327244151383638, 0.028561342507600784, 0.009127114899456501, 0.0072580985724925995, 0.008975455537438393, 0.014197265729308128, 0.007763586472719908, 0.00870915874838829, 0.008612211793661118, 0.007778930943459272, 0.007096151355654001, 0.007836984470486641, 0.0089882742613554, 0.007285094819962978, 0.00814010202884674, 0.0080574294552207, 0.008282630704343319, 0.009764566086232662, 0.008496304042637348, 0.009939916431903839, 0.00820272695273161, 0.008155722171068192, 0.009186318144202232, 0.008904267102479935, 0.010114869102835655, 0.012782415375113487, 0.008562026545405388, 0.00836409442126751, 0.012716958299279213, 0.009326910600066185, 0.010050947777926922, 0.008809194900095463, 0.017263006418943405, 0.00918586179614067, 0.009713798761367798, 0.016664432361721992, 0.009533552452921867, 0.009982626885175705, 0.011525250039994717, 0.008033898659050465, 0.00986973475664854, 0.015214710496366024, 0.009772295132279396, 0.009884252212941647, 0.014302036724984646]}