{"loss": -0.8946021199226379, "character_probs": [0.01818729192018509, 0.012541155330836773, 0.011875974014401436, 0.013248294591903687, 0.01790977269411087, 0.00879937969148159, 0.008599872700870037, 0.008737058378756046, 0.008213170804083347, 0.013945350423455238, 0.010752541944384575, 0.012911282479763031, 0.007593655027449131, 0.00867251493036747, 0.009805693291127682, 0.011566723696887493, 0.007212426979094744, 0.008012655191123486, 0.007400358561426401, 0.019017590209841728, 0.008580517955124378, 0.007260987535119057, 0.009200778789818287, 0.00808330625295639, 0.007447078358381987, 0.009152177721261978, 0.007485943380743265, 0.007633767556399107, 0.007455799262970686, 0.014829941093921661, 0.010739553719758987, 0.010044656693935394, 0.0092218779027462, 0.013264862820506096, 0.00826491042971611, 0.008522558026015759, 0.010118727572262287, 0.007403419353067875, 0.00752515671774745, 0.009480101987719536, 0.007908692583441734, 0.007371122483164072, 0.009710929356515408, 0.009098091162741184, 0.008412386290729046, 0.008063306100666523, 0.007566872518509626, 0.008650078438222408, 0.008974989876151085, 0.007655108813196421, 0.009485634043812752, 0.008093063719570637, 0.012761922553181648, 0.009192734025418758, 0.008001214824616909, 0.010477551259100437, 0.008332757279276848, 0.008040156215429306, 0.009847071021795273, 0.008238564245402813, 0.009756995365023613, 0.011917568743228912, 0.008624148555099964, 0.010577913373708725, 0.007628307212144136, 0.00782514177262783, 0.007840539328753948, 0.00876313541084528, 0.016275279223918915, 0.008204472251236439, 0.009750145487487316, 0.008647522889077663, 0.008489031344652176, 0.012115455232560635, 0.016655661165714264, 0.011586273089051247, 0.009941808879375458, 0.010901479050517082, 0.008302906528115273], "weapon_probs": [0.02446543425321579, 0.02565518021583557, 0.011635154485702515, 0.011473355814814568, 0.015907149761915207, 0.03372904658317566, 0.015399633906781673, 0.0071874335408210754, 0.009651475585997105, 0.010199403390288353, 0.011746195144951344, 0.009935659356415272, 0.00956676434725523, 0.012201945297420025, 0.007687815930694342, 0.011184027418494225, 0.016583014279603958, 0.007689889520406723, 0.00890557374805212, 0.00929016713052988, 0.007560585625469685, 0.009737897664308548, 0.01226964220404625, 0.016053207218647003, 0.011834441684186459, 0.009414914064109325, 0.008723004721105099, 0.007996520027518272, 0.012537071481347084, 0.01033492386341095, 0.01255482155829668, 0.00910135917365551, 0.009939302690327168, 0.008798322640359402, 0.007806509267538786, 0.009284638799726963, 0.008486860431730747, 0.007667648606002331, 0.011386537924408913, 0.00788843259215355, 0.022221192717552185, 0.007630623411387205, 0.010680390521883965, 0.016252776607871056, 0.00949035957455635, 0.008590100333094597, 0.011194530874490738, 0.008754519745707512, 0.0115820849314332, 0.015237911604344845, 0.010090692900121212, 0.008901304565370083, 0.009871658869087696, 0.010801492258906364, 0.009776698425412178, 0.011245813220739365, 0.014791913330554962, 0.015329229645431042, 0.009488077834248543]}