{"loss": 0.024295836687088013, "character_probs": [0.01625680737197399, 0.024143513292074203, 0.008443770930171013, 0.011575380340218544, 0.010276653803884983, 0.012640669010579586, 0.008268958888947964, 0.010017450898885727, 0.008331812918186188, 0.008470180444419384, 0.010887532494962215, 0.011371122673153877, 0.007980517111718655, 0.008063319139182568, 0.012313097715377808, 0.01673778146505356, 0.007810618728399277, 0.007172970566898584, 0.020328279584646225, 0.008656445890665054, 0.00904935784637928, 0.011098574846982956, 0.01030553039163351, 0.0070572285912930965, 0.009066948667168617, 0.007186608854681253, 0.007422497030347586, 0.007269133813679218, 0.007474537938833237, 0.007244552951306105, 0.007452493533492088, 0.007799550425261259, 0.008020523004233837, 0.01598471775650978, 0.008694001473486423, 0.007207618560642004, 0.009064152836799622, 0.007350114174187183, 0.007272602058947086, 0.007707623764872551, 0.009642328135669231, 0.007280042394995689, 0.007501881569623947, 0.007692642044275999, 0.00997704453766346, 0.008152702823281288, 0.010638980194926262, 0.009028375148773193, 0.0074763731099665165, 0.009794541634619236, 0.00801817700266838, 0.014286189340054989, 0.009248403832316399, 0.007226315326988697, 0.007831002585589886, 0.007574245799332857, 0.007976297289133072, 0.011159118264913559, 0.00824031326919794, 0.014741701073944569, 0.012300817295908928, 0.009739243425428867, 0.00804021954536438, 0.011377573013305664, 0.008228636346757412, 0.012250039726495743, 0.007250379305332899, 0.009996337816119194, 0.00840827263891697, 0.015614984557032585, 0.007384996395558119, 0.007610936649143696, 0.008837677538394928, 0.010697907768189907, 0.009408124722540379, 0.007952078245580196, 0.0089848842471838, 0.011275018565356731, 0.013456249609589577], "weapon_probs": [0.02984747663140297, 0.010828332975506783, 0.01560133695602417, 0.020169097930192947, 0.010615961626172066, 0.02516893297433853, 0.011877784505486488, 0.014570889063179493, 0.011557793244719505, 0.00880548357963562, 0.011438059620559216, 0.00797923095524311, 0.01271898951381445, 0.01438860036432743, 0.012096934020519257, 0.011533455923199654, 0.0093770083039999, 0.007572751492261887, 0.009591852314770222, 0.00799854937940836, 0.0082188555970788, 0.010328288190066814, 0.008309071883559227, 0.017259951680898666, 0.022037342190742493, 0.008061069995164871, 0.016344912350177765, 0.008601666428148746, 0.0071208239533007145, 0.008450130000710487, 0.007408106233924627, 0.013032229617238045, 0.0078002349473536015, 0.007645715959370136, 0.007871284149587154, 0.007688573561608791, 0.007981332950294018, 0.02980371192097664, 0.009305622428655624, 0.007922726683318615, 0.01511610671877861, 0.013199446722865105, 0.009517021477222443, 0.00946079008281231, 0.0074566942639648914, 0.009070470929145813, 0.0071722944267094135, 0.011102639138698578, 0.009938504546880722, 0.01179893035441637, 0.008343098685145378, 0.022936895489692688, 0.007730147801339626, 0.009282690472900867, 0.01595638319849968, 0.00991322286427021, 0.008580457419157028, 0.015203666873276234, 0.007683616131544113]}