{"loss": -0.8264716863632202, "character_probs": [0.026060104370117188, 0.016586344689130783, 0.013680381700396538, 0.011029787361621857, 0.008397413417696953, 0.010404404252767563, 0.008316532708704472, 0.010364623740315437, 0.008113596588373184, 0.008444257080554962, 0.007782571017742157, 0.009723270311951637, 0.007386418525129557, 0.008486183360219002, 0.02040601335465908, 0.01374766044318676, 0.007979689165949821, 0.009177238680422306, 0.009917298331856728, 0.008091812022030354, 0.00824650190770626, 0.00793571025133133, 0.009400805458426476, 0.009345321916043758, 0.008628088980913162, 0.011049417778849602, 0.007525606080889702, 0.008030155673623085, 0.008221201598644257, 0.008805708959698677, 0.008385892026126385, 0.008224163204431534, 0.0095102209597826, 0.011589590460062027, 0.007500093430280685, 0.008166160434484482, 0.007822724059224129, 0.007475694175809622, 0.00877462700009346, 0.009451298043131828, 0.008371284231543541, 0.010231228545308113, 0.008601188659667969, 0.008201977238059044, 0.016522452235221863, 0.007541906554251909, 0.00771400798112154, 0.0076115014962852, 0.009864125400781631, 0.007652348838746548, 0.008783353492617607, 0.008521183393895626, 0.009144994430243969, 0.007631499785929918, 0.0073243179358541965, 0.012435071170330048, 0.00913359597325325, 0.008804653771221638, 0.01343422569334507, 0.0148708401247859, 0.008000449277460575, 0.007345179095864296, 0.008669046685099602, 0.007130100857466459, 0.010204926133155823, 0.007885941304266453, 0.009626359678804874, 0.008645550347864628, 0.009582096710801125, 0.008802682161331177, 0.008373572491109371, 0.00904594361782074, 0.014067238196730614, 0.008333250880241394, 0.014950248412787914, 0.012026600539684296, 0.009472628124058247, 0.009321777150034904, 0.01368363481014967], "weapon_probs": [0.023342721164226532, 0.01969139836728573, 0.030945714563131332, 0.014223688282072544, 0.007636805064976215, 0.0237305648624897, 0.011346262879669666, 0.010148155502974987, 0.015611405484378338, 0.009616426192224026, 0.009687934070825577, 0.00964952539652586, 0.010061055421829224, 0.009455887600779533, 0.01015092246234417, 0.01074701827019453, 0.009832089766860008, 0.010773024521768093, 0.013748587109148502, 0.007494447752833366, 0.009458948858082294, 0.009635851718485355, 0.00758686289191246, 0.012116214260458946, 0.012622669339179993, 0.014953159727156162, 0.010281561873853207, 0.009132013656198978, 0.007413462735712528, 0.008811069652438164, 0.010836737230420113, 0.008462599478662014, 0.007840966805815697, 0.019218340516090393, 0.008229733444750309, 0.009367002174258232, 0.017623815685510635, 0.012081051245331764, 0.009890776127576828, 0.008539018221199512, 0.00898732990026474, 0.007211646065115929, 0.008297865279018879, 0.00811462476849556, 0.013276070356369019, 0.027088068425655365, 0.007900316268205643, 0.013320783153176308, 0.009417343884706497, 0.008075393736362457, 0.011214346624910831, 0.011495493352413177, 0.0076677510514855385, 0.010426750406622887, 0.008753912523388863, 0.008278658613562584, 0.016253357753157616, 0.015998538583517075, 0.020025504752993584]}