{"loss": -0.7594559192657471, "character_probs": [0.03060421347618103, 0.010625342838466167, 0.009151644073426723, 0.015087687410414219, 0.010157426819205284, 0.013967897742986679, 0.008030468598008156, 0.010150700807571411, 0.010074550285935402, 0.009248985908925533, 0.01009194366633892, 0.00951156672090292, 0.00908703077584505, 0.007916783913969994, 0.008041651919484138, 0.007291940972208977, 0.009976902045309544, 0.0076753259636461735, 0.01765991561114788, 0.012056209146976471, 0.009129037149250507, 0.008812174201011658, 0.007660538423806429, 0.00886062253266573, 0.013050815090537071, 0.008950957097113132, 0.00768819497898221, 0.007926594465970993, 0.008639007806777954, 0.0075648147612810135, 0.007249027956277132, 0.007397438399493694, 0.010568023659288883, 0.008445053361356258, 0.0077870856039226055, 0.00829299446195364, 0.007435283157974482, 0.008610027842223644, 0.007844668813049793, 0.008373375982046127, 0.0077072735875844955, 0.008018543012440205, 0.008419451303780079, 0.0073263379745185375, 0.008140378631651402, 0.009571826085448265, 0.008814685977995396, 0.008135540410876274, 0.010581787675619125, 0.011514623649418354, 0.011975809931755066, 0.008511257357895374, 0.007655448280274868, 0.010878166183829308, 0.00766338873654604, 0.008536625653505325, 0.015213836915791035, 0.00815557036548853, 0.011974560096859932, 0.007504322566092014, 0.011029829271137714, 0.008352354168891907, 0.009159661829471588, 0.007743809837847948, 0.01604863628745079, 0.007456065155565739, 0.007728915195912123, 0.008990076370537281, 0.008261961862444878, 0.01921289786696434, 0.010547799058258533, 0.008267147466540337, 0.007464658934623003, 0.007399153895676136, 0.00772291561588645, 0.008769962936639786, 0.007702752947807312, 0.012762635946273804, 0.01052863895893097], "weapon_probs": [0.032159559428691864, 0.023183006793260574, 0.019058838486671448, 0.008508386090397835, 0.007408132776618004, 0.013240781612694263, 0.031589146703481674, 0.01105906069278717, 0.011064236983656883, 0.008253008127212524, 0.010417452082037926, 0.010666095651686192, 0.009112086147069931, 0.009207279421389103, 0.009122410789132118, 0.010976491495966911, 0.022038515657186508, 0.008152024820446968, 0.011989347636699677, 0.007976407185196877, 0.010043681599199772, 0.009263074956834316, 0.008000540547072887, 0.008260823786258698, 0.01755603775382042, 0.008234867826104164, 0.007923179306089878, 0.008637843653559685, 0.014877596870064735, 0.009725350886583328, 0.008560659363865852, 0.007838076911866665, 0.0076887947507202625, 0.007932869717478752, 0.012231696397066116, 0.016091549769043922, 0.009663722477853298, 0.007927218452095985, 0.009479683823883533, 0.015022048726677895, 0.00772287929430604, 0.00798447523266077, 0.010846012271940708, 0.010655486956238747, 0.009033147245645523, 0.007518129888921976, 0.012764728628098965, 0.009722016751766205, 0.008187145926058292, 0.01681741140782833, 0.011496542021632195, 0.010264460928738117, 0.011864863336086273, 0.010120969265699387, 0.019934672862291336, 0.008961064741015434, 0.014537254348397255, 0.02643689140677452, 0.011083604767918587]}