{"loss": 0.24734139442443848, "character_probs": [0.02163580432534218, 0.0205677580088377, 0.0155688701197505, 0.011393086984753609, 0.01094147004187107, 0.010639872401952744, 0.008814986795186996, 0.015408105216920376, 0.00948904175311327, 0.008431288413703442, 0.008504079654812813, 0.01086275652050972, 0.008872474543750286, 0.008255553431808949, 0.007379607297480106, 0.01410809438675642, 0.007096508983522654, 0.007997498847544193, 0.008189436048269272, 0.008188880980014801, 0.009269697591662407, 0.00916518084704876, 0.012573111802339554, 0.007085937075316906, 0.00819385051727295, 0.008158211596310139, 0.008060368709266186, 0.009086697362363338, 0.008612117730081081, 0.010109522379934788, 0.010211773216724396, 0.008004304952919483, 0.007486831396818161, 0.012885767966508865, 0.007608328014612198, 0.008509491570293903, 0.009364942088723183, 0.008123648352921009, 0.01024987269192934, 0.007315134163945913, 0.009152255952358246, 0.007589367683976889, 0.007870730943977833, 0.007690102327615023, 0.008178697898983955, 0.008522618561983109, 0.009573284536600113, 0.007676250766962767, 0.013431044295430183, 0.007784013636410236, 0.007122916169464588, 0.0076864250004291534, 0.009249091148376465, 0.01008717343211174, 0.008739707991480827, 0.008100239560008049, 0.008655381388962269, 0.007243011612445116, 0.007832086645066738, 0.009230287745594978, 0.007999503053724766, 0.01343570463359356, 0.010345173999667168, 0.008304465562105179, 0.01241537369787693, 0.007916201837360859, 0.008620820939540863, 0.007510134018957615, 0.00782452430576086, 0.007651256863027811, 0.010329126380383968, 0.008533701300621033, 0.008218088187277317, 0.021629100665450096, 0.007974429056048393, 0.010859891772270203, 0.012706059962511063, 0.01128464750945568, 0.012242436408996582], "weapon_probs": [0.020333264023065567, 0.030838843435049057, 0.023756831884384155, 0.007916532456874847, 0.008479371666908264, 0.029403943568468094, 0.007575697265565395, 0.009901996701955795, 0.01419292762875557, 0.011375196278095245, 0.00874224305152893, 0.008921923115849495, 0.007789290510118008, 0.017301954329013824, 0.013007831759750843, 0.009455599822103977, 0.008504724130034447, 0.010915249586105347, 0.008047090843319893, 0.00917039904743433, 0.00739411311224103, 0.007649578154087067, 0.008194650523364544, 0.007645831909030676, 0.007527797482907772, 0.007977308705449104, 0.04205271974205971, 0.007645283825695515, 0.007244105450809002, 0.00866878405213356, 0.007276357151567936, 0.013961276039481163, 0.009096326306462288, 0.008721594698727131, 0.007733908016234636, 0.014286023564636707, 0.009229526855051517, 0.008552273735404015, 0.011324265040457249, 0.008348778821527958, 0.010316777043044567, 0.011970436200499535, 0.010725285857915878, 0.007708179764449596, 0.010468974709510803, 0.009543104097247124, 0.01021732296794653, 0.021049093455076218, 0.008187389932572842, 0.013859020546078682, 0.008638938888907433, 0.014346573501825333, 0.015989815816283226, 0.021089542657136917, 0.012677066028118134, 0.01201547123491764, 0.008821485564112663, 0.01469228882342577, 0.018971256911754608]}