{"loss": 0.4688408672809601, "character_probs": [0.02385881543159485, 0.014938335865736008, 0.008202953264117241, 0.023661889135837555, 0.012123034335672855, 0.0071129449643194675, 0.009608568623661995, 0.009835310280323029, 0.009896981529891491, 0.01447519101202488, 0.009682963602244854, 0.008937644772231579, 0.009975191205739975, 0.007393330801278353, 0.009204523637890816, 0.008979328908026218, 0.00813008937984705, 0.012192059308290482, 0.007497784681618214, 0.009453363716602325, 0.00851917453110218, 0.00825512409210205, 0.007601907476782799, 0.007386092096567154, 0.008356933481991291, 0.007764406502246857, 0.009077775292098522, 0.010461336001753807, 0.008138231933116913, 0.008140257559716702, 0.007690425030887127, 0.008656615391373634, 0.007815331220626831, 0.0071884337812662125, 0.007219192571938038, 0.012793110683560371, 0.013288235291838646, 0.008591556921601295, 0.009009605273604393, 0.008082481101155281, 0.007831558585166931, 0.007504986599087715, 0.007905219681560993, 0.007953071035444736, 0.010072026401758194, 0.007649876177310944, 0.010594087652862072, 0.012249247170984745, 0.010345252230763435, 0.007314118556678295, 0.007152843289077282, 0.012064285576343536, 0.008023005910217762, 0.007836646400392056, 0.007975339889526367, 0.010216600261628628, 0.007380099501460791, 0.009058704599738121, 0.010379025712609291, 0.009458210319280624, 0.009335769340395927, 0.009188737720251083, 0.014554951339960098, 0.010859603993594646, 0.00886029563844204, 0.010156434029340744, 0.007262766361236572, 0.008174840360879898, 0.007212115917354822, 0.012366006150841713, 0.017498590052127838, 0.008141509257256985, 0.010322900488972664, 0.008609470911324024, 0.009640953503549099, 0.011398989707231522, 0.012304829433560371, 0.007766401395201683, 0.011864819563925266], "weapon_probs": [0.024990417063236237, 0.022402625530958176, 0.018124237656593323, 0.01694341003894806, 0.012066210620105267, 0.02633623406291008, 0.008036975748836994, 0.01370173692703247, 0.011754054576158524, 0.008407393470406532, 0.027490761131048203, 0.007337561808526516, 0.008101539686322212, 0.008347714319825172, 0.008518769405782223, 0.013177921995520592, 0.008180792443454266, 0.008787501603364944, 0.009276623837649822, 0.008025453425943851, 0.008734439499676228, 0.017973795533180237, 0.007921447977423668, 0.007216467056423426, 0.010231486521661282, 0.009959748014807701, 0.00842229463160038, 0.01239958219230175, 0.008744492195546627, 0.014828699640929699, 0.010369457304477692, 0.007289177738130093, 0.008083561435341835, 0.0072860694490373135, 0.0089339604601264, 0.009560342878103256, 0.007871744222939014, 0.008253874257206917, 0.013405313715338707, 0.008953811600804329, 0.010307187214493752, 0.008718944154679775, 0.007948252372443676, 0.010076608508825302, 0.01099199429154396, 0.011391760781407356, 0.011533550918102264, 0.007525271270424128, 0.014937813393771648, 0.014520356431603432, 0.026960764080286026, 0.028763901442289352, 0.014383981935679913, 0.011685696430504322, 0.009315969422459602, 0.01044786162674427, 0.00972822681069374, 0.02073420211672783, 0.00826561264693737]}