{"loss": 0.5742082595825195, "character_probs": [0.013198085129261017, 0.021831687539815903, 0.010117615573108196, 0.012536832131445408, 0.017896125093102455, 0.011218611150979996, 0.007414241321384907, 0.011002499610185623, 0.01503010094165802, 0.008540406823158264, 0.010491868481040001, 0.011440034955739975, 0.013177603483200073, 0.012432597577571869, 0.00900918897241354, 0.008052781224250793, 0.007807583082467318, 0.008874625898897648, 0.007124022580683231, 0.007362339645624161, 0.00913885235786438, 0.007876075804233551, 0.014641614630818367, 0.008757530711591244, 0.008678607642650604, 0.00796255562454462, 0.0074114673770964146, 0.007414832711219788, 0.008419312536716461, 0.00844646617770195, 0.007164856884628534, 0.007877214811742306, 0.00716010108590126, 0.00753758242353797, 0.007382121868431568, 0.009864550083875656, 0.008048636838793755, 0.015600328333675861, 0.007513298653066158, 0.008249002508819103, 0.013587472029030323, 0.008719522505998611, 0.008039616048336029, 0.009468553587794304, 0.00996363628655672, 0.007350372150540352, 0.007456451654434204, 0.008417278528213501, 0.007299448363482952, 0.008079971186816692, 0.0077429586090147495, 0.007297739386558533, 0.008827349171042442, 0.007160200737416744, 0.013410644605755806, 0.010186200961470604, 0.015117781236767769, 0.007432162296026945, 0.009945577941834927, 0.01125952135771513, 0.008007139898836613, 0.011145096272230148, 0.00845913402736187, 0.007892034947872162, 0.007396150380373001, 0.007549225352704525, 0.007532567251473665, 0.009135971777141094, 0.009641772136092186, 0.008004806004464626, 0.010783214122056961, 0.007589367218315601, 0.007484938018023968, 0.007966327480971813, 0.013480313122272491, 0.007711383514106274, 0.014056885614991188, 0.01139984093606472, 0.007992547005414963], "weapon_probs": [0.01609555073082447, 0.016629625111818314, 0.02697138488292694, 0.02903776243329048, 0.007665983866900206, 0.015285232104361057, 0.012437270022928715, 0.010913362726569176, 0.012268895283341408, 0.0259590782225132, 0.010214275680482388, 0.00798740517348051, 0.020290911197662354, 0.014327224344015121, 0.010532123036682606, 0.009057036601006985, 0.010591648519039154, 0.012189188972115517, 0.008712721057236195, 0.009498492814600468, 0.010090929456055164, 0.007500379346311092, 0.008716629818081856, 0.008935552090406418, 0.007427767384797335, 0.008148993365466595, 0.009620824828743935, 0.008658910170197487, 0.013315599411725998, 0.009267153218388557, 0.00794061180204153, 0.007870779372751713, 0.008365076035261154, 0.010004582814872265, 0.009701262228190899, 0.009454837068915367, 0.010399163700640202, 0.010179925709962845, 0.009052261710166931, 0.007730021607130766, 0.009078621864318848, 0.018428921699523926, 0.011776100844144821, 0.0096850311383605, 0.009709542617201805, 0.01301443763077259, 0.009061434306204319, 0.008628039620816708, 0.008353395387530327, 0.009977159090340137, 0.014879546128213406, 0.009240471757948399, 0.007866703905165195, 0.012862075120210648, 0.008006060495972633, 0.008354643359780312, 0.01011431124061346, 0.007952037267386913, 0.008194467052817345]}