{"loss": 0.6984617710113525, "character_probs": [0.009580002166330814, 0.009345085360109806, 0.014272772707045078, 0.02423396334052086, 0.01224629208445549, 0.01121065765619278, 0.012754789553582668, 0.010659502819180489, 0.011470278725028038, 0.007432454265654087, 0.00952827651053667, 0.00881197303533554, 0.021028602495789528, 0.01067467499524355, 0.00811341404914856, 0.016375254839658737, 0.00805143266916275, 0.0073961373418569565, 0.008290767669677734, 0.007493578363209963, 0.00783588644117117, 0.007298912853002548, 0.007819827646017075, 0.00847140047699213, 0.007964988239109516, 0.007787499576807022, 0.0076820761896669865, 0.0075361840426921844, 0.007078935857862234, 0.008451537229120731, 0.009906225837767124, 0.01095445267856121, 0.007895124144852161, 0.007730071898549795, 0.007206262554973364, 0.014390163123607635, 0.008464579470455647, 0.01476835086941719, 0.0074110450223088264, 0.0077346679754555225, 0.007485970389097929, 0.007967596873641014, 0.008321828208863735, 0.0073195998556911945, 0.00761296134442091, 0.007707617711275816, 0.016533564776182175, 0.007675989530980587, 0.009940757416188717, 0.008622204884886742, 0.009698744863271713, 0.007480838801711798, 0.008177053183317184, 0.008158225566148758, 0.007130008656531572, 0.010647457093000412, 0.01002557948231697, 0.014652470126748085, 0.007270545698702335, 0.009399065747857094, 0.009036230854690075, 0.008837629109621048, 0.00859444122761488, 0.008142722770571709, 0.008050423115491867, 0.009652160108089447, 0.008573572151362896, 0.007738899905234575, 0.014341081492602825, 0.011963261291384697, 0.0080213388428092, 0.012328559532761574, 0.011310264468193054, 0.013683881610631943, 0.008331673219799995, 0.009988649748265743, 0.009437626227736473, 0.011521175503730774, 0.011929983273148537], "weapon_probs": [0.01749604009091854, 0.0219263955950737, 0.02717439830303192, 0.011593416333198547, 0.02024320513010025, 0.02883843705058098, 0.013255300000309944, 0.009153785184025764, 0.010455872863531113, 0.010711206123232841, 0.007723290007561445, 0.007784226909279823, 0.010155619122087955, 0.009385418146848679, 0.009769666939973831, 0.011137781664729118, 0.00895392894744873, 0.011135371401906013, 0.009388056583702564, 0.009073262102901936, 0.009652500972151756, 0.010202552191913128, 0.01030320767313242, 0.0086326003074646, 0.010831432417035103, 0.010896298103034496, 0.01828934997320175, 0.007235835772007704, 0.01847315952181816, 0.009132487699389458, 0.014421210624277592, 0.00782702025026083, 0.00740865059196949, 0.01028808206319809, 0.009465515613555908, 0.007610546424984932, 0.008937377482652664, 0.009945964440703392, 0.00707207852974534, 0.010057086125016212, 0.015988346189260483, 0.008542556315660477, 0.00751207722350955, 0.00842280313372612, 0.015600821003317833, 0.008073117583990097, 0.00801008753478527, 0.008155392482876778, 0.010256550274789333, 0.03979466110467911, 0.010126939043402672, 0.010325726121664047, 0.009724123403429985, 0.007994385436177254, 0.020709224045276642, 0.00794805958867073, 0.007960653863847256, 0.008966801688075066, 0.008582070469856262]}