{"loss": -0.6563507318496704, "character_probs": [0.014105611480772495, 0.023361418396234512, 0.013207199051976204, 0.007713695522397757, 0.015437666326761246, 0.008408498018980026, 0.008777592331171036, 0.0164760984480381, 0.013346098363399506, 0.008789736777544022, 0.009067203849554062, 0.009993965737521648, 0.013264071196317673, 0.007524064742028713, 0.007105517201125622, 0.008127343840897083, 0.014269711449742317, 0.007340242620557547, 0.007337251678109169, 0.009736703708767891, 0.007805218920111656, 0.010723438113927841, 0.008105607703328133, 0.007340413052588701, 0.00860290601849556, 0.007442782167345285, 0.0077506923116743565, 0.00715918792411685, 0.008523507975041866, 0.008778929710388184, 0.008301537483930588, 0.0089250598102808, 0.007767791394144297, 0.0074585736729204655, 0.00845373421907425, 0.008732026442885399, 0.0076750656589865685, 0.019984189420938492, 0.009476992301642895, 0.007898113690316677, 0.007581299636512995, 0.01077653095126152, 0.009901346638798714, 0.009354799054563046, 0.01004457101225853, 0.009013606235384941, 0.007451040670275688, 0.010298280045390129, 0.007441734429448843, 0.007883011363446712, 0.012570971623063087, 0.008168294094502926, 0.008706131018698215, 0.010017139837145805, 0.008492283523082733, 0.008060385473072529, 0.01068105548620224, 0.010673828423023224, 0.00720079243183136, 0.008175428956747055, 0.014067474752664566, 0.008636812679469585, 0.011895626783370972, 0.0071509345434606075, 0.00924333930015564, 0.007907924242317677, 0.012695999816060066, 0.007484734524041414, 0.008772587403655052, 0.011637255549430847, 0.008167662657797337, 0.007693529594689608, 0.011694361455738544, 0.0078102461993694305, 0.014682861045002937, 0.008343556895852089, 0.01325778104364872, 0.010983431711792946, 0.014214960858225822], "weapon_probs": [0.019922612234950066, 0.014777574688196182, 0.01726510003209114, 0.013690415769815445, 0.03418893367052078, 0.012430835515260696, 0.02518784999847412, 0.008461428806185722, 0.007672722917050123, 0.007878413423895836, 0.010225154459476471, 0.010221879929304123, 0.014686035923659801, 0.012054911814630032, 0.010538790374994278, 0.009565036743879318, 0.011456847190856934, 0.01178443618118763, 0.007755826693028212, 0.010668022558093071, 0.007220208644866943, 0.00961319636553526, 0.00881865993142128, 0.0089613888412714, 0.007645361125469208, 0.008086232468485832, 0.011249955743551254, 0.008588900789618492, 0.00873081386089325, 0.00789899192750454, 0.008500197902321815, 0.011703234165906906, 0.021707411855459213, 0.008692626841366291, 0.011102708987891674, 0.009685957804322243, 0.008875621482729912, 0.011958720162510872, 0.00938727892935276, 0.011316413059830666, 0.014491124078631401, 0.012998923659324646, 0.008342064917087555, 0.010326421819627285, 0.008786959573626518, 0.03375869244337082, 0.0176442489027977, 0.010987726971507072, 0.016178477555513382, 0.007752568461000919, 0.010216915979981422, 0.009523974731564522, 0.014434882439672947, 0.01525877509266138, 0.009667296893894672, 0.012761655263602734, 0.01625674217939377, 0.01924295350909233, 0.012663655914366245]}