{"loss": 0.9425244927406311, "character_probs": [0.01595993898808956, 0.01539017166942358, 0.012853697873651981, 0.012796241790056229, 0.008963079191744328, 0.015049465000629425, 0.013899875804781914, 0.007664225995540619, 0.015162521973252296, 0.01193012110888958, 0.007647277787327766, 0.012174288742244244, 0.008362055756151676, 0.016261737793684006, 0.009690615348517895, 0.007731962017714977, 0.007430980447679758, 0.010328358970582485, 0.009472711011767387, 0.007804056163877249, 0.007440462708473206, 0.008070878684520721, 0.008112935349345207, 0.012497141025960445, 0.00850222073495388, 0.007157106418162584, 0.007794774603098631, 0.008323224261403084, 0.007636095862835646, 0.007736080326139927, 0.0077031939290463924, 0.007688794285058975, 0.011195216327905655, 0.007503662258386612, 0.009136706590652466, 0.007325914688408375, 0.012681739404797554, 0.0072375014424324036, 0.007749556098133326, 0.012581665068864822, 0.009913432411849499, 0.007747930474579334, 0.00808247085660696, 0.00894258078187704, 0.011653712019324303, 0.009257292374968529, 0.009211484342813492, 0.009807607159018517, 0.00815846212208271, 0.008528652600944042, 0.007420067675411701, 0.008336828090250492, 0.007752407807856798, 0.009948511607944965, 0.008418995887041092, 0.009939821437001228, 0.01011935155838728, 0.00717723136767745, 0.008017729967832565, 0.01610078662633896, 0.00872823316603899, 0.008552213199436665, 0.009663879871368408, 0.008563530631363392, 0.018024874851107597, 0.00732997665181756, 0.00888048391789198, 0.009064849466085434, 0.008297867141664028, 0.009740561246871948, 0.008544822223484516, 0.009657534770667553, 0.007260764949023724, 0.010167697444558144, 0.009462593123316765, 0.007562598679214716, 0.009622631594538689, 0.01118935365229845, 0.009507499635219574], "weapon_probs": [0.02919561043381691, 0.023068737238645554, 0.01564258150756359, 0.0315605103969574, 0.012922275811433792, 0.013469211757183075, 0.012764403596520424, 0.012895428575575352, 0.008608278818428516, 0.007777037564665079, 0.011826593428850174, 0.007949179038405418, 0.011071309447288513, 0.00809125229716301, 0.013897298835217953, 0.009250271134078503, 0.009938585571944714, 0.01598743349313736, 0.01015341468155384, 0.008721429854631424, 0.010066856630146503, 0.008473956026136875, 0.007493902463465929, 0.007522499188780785, 0.008294926024973392, 0.009152603335678577, 0.008246976882219315, 0.011740893125534058, 0.010617810301482677, 0.009537295438349247, 0.010291032493114471, 0.007675159256905317, 0.011898070573806763, 0.010474516078829765, 0.0072611491195857525, 0.02483639493584633, 0.0091696847230196, 0.010505723766982555, 0.010693376883864403, 0.011619923636317253, 0.008285109885036945, 0.011567799374461174, 0.007961914874613285, 0.011979883536696434, 0.008751760236918926, 0.011135788634419441, 0.00884202215820551, 0.010375689715147018, 0.010975462384521961, 0.009829486720263958, 0.014064072631299496, 0.011778309941291809, 0.008168073371052742, 0.014060668647289276, 0.015939835458993912, 0.00860856007784605, 0.012995105236768723, 0.02361781895160675, 0.010150776244699955]}