{"loss": 0.4353523850440979, "character_probs": [0.022831428796052933, 0.023486360907554626, 0.012507259845733643, 0.00973695982247591, 0.014418208040297031, 0.008819379843771458, 0.011964716948568821, 0.0099338348954916, 0.009745873510837555, 0.010139631107449532, 0.007992628961801529, 0.007878842763602734, 0.008373267017304897, 0.007265894208103418, 0.007923233322799206, 0.010363307781517506, 0.008647543378174305, 0.008044717833399773, 0.008151932619512081, 0.01590469479560852, 0.00801292434334755, 0.008176150731742382, 0.008858968503773212, 0.008377025835216045, 0.008363693952560425, 0.007583027705550194, 0.007265440654009581, 0.009130951948463917, 0.007865926250815392, 0.01028471626341343, 0.007536824326962233, 0.009025259874761105, 0.007399403024464846, 0.0077824462205171585, 0.007973807863891125, 0.011230356991291046, 0.009207256138324738, 0.009693472646176815, 0.008028722368180752, 0.008619816042482853, 0.007078990805894136, 0.0070644039660692215, 0.02066376432776451, 0.007274001836776733, 0.007809495087713003, 0.009731095284223557, 0.009564907290041447, 0.007774990983307362, 0.010409029200673103, 0.01246757060289383, 0.007383032701909542, 0.007351815700531006, 0.010655270889401436, 0.008281412534415722, 0.01033860258758068, 0.007375549990683794, 0.008655614219605923, 0.010986573994159698, 0.007592726964503527, 0.008739888668060303, 0.007897098548710346, 0.007665012963116169, 0.00820399634540081, 0.009571467526257038, 0.008558272384107113, 0.00913737341761589, 0.010878575965762138, 0.009548564441502094, 0.010628098621964455, 0.01944468356668949, 0.013712038286030293, 0.00837887916713953, 0.007878848351538181, 0.007664247415959835, 0.00846344605088234, 0.009789565578103065, 0.014809546060860157, 0.00841563194990158, 0.013216909021139145], "weapon_probs": [0.02690364047884941, 0.014299917966127396, 0.011676614172756672, 0.018870001658797264, 0.014552928507328033, 0.015666743740439415, 0.026091158390045166, 0.010331181809306145, 0.008268771693110466, 0.00820237211883068, 0.010264917276799679, 0.013921314850449562, 0.011663351207971573, 0.017271384596824646, 0.018999934196472168, 0.007855483330786228, 0.008078506216406822, 0.008143525570631027, 0.009076687507331371, 0.0077882311306893826, 0.00864828284829855, 0.009658324532210827, 0.01376882940530777, 0.008062826469540596, 0.01809067092835903, 0.0073890043422579765, 0.010163186118006706, 0.009247807785868645, 0.015654129907488823, 0.013036161661148071, 0.008435005322098732, 0.009140637703239918, 0.007628844119608402, 0.007335026282817125, 0.009046700783073902, 0.007629405707120895, 0.018632151186466217, 0.008402934297919273, 0.008108019828796387, 0.008673442527651787, 0.008511127904057503, 0.009016435593366623, 0.010238304734230042, 0.014320561662316322, 0.023413218557834625, 0.00836917944252491, 0.0114750936627388, 0.009946232661604881, 0.009712830185890198, 0.008509433828294277, 0.03450113534927368, 0.009871420450508595, 0.011264126747846603, 0.008826878853142262, 0.00784081406891346, 0.00782111193984747, 0.012734320014715195, 0.009023452177643776, 0.011178332380950451]}