{"loss": -0.9232257604598999, "character_probs": [0.030219905078411102, 0.010387868620455265, 0.011981414631009102, 0.00870166439563036, 0.010031955316662788, 0.008391465060412884, 0.01798888109624386, 0.016922080889344215, 0.009269902482628822, 0.007784673012793064, 0.00894426740705967, 0.0077691031619906425, 0.011168956756591797, 0.010189497843384743, 0.0081828897818923, 0.010905569419264793, 0.0075714848935604095, 0.007535442244261503, 0.011110927909612656, 0.007987216114997864, 0.00834812130779028, 0.009318845346570015, 0.009664036333560944, 0.007837452925741673, 0.009766953065991402, 0.007824567146599293, 0.009791743010282516, 0.00734556233510375, 0.007856052368879318, 0.008732120506465435, 0.0080992691218853, 0.008371668867766857, 0.008545150980353355, 0.00818757712841034, 0.007897799834609032, 0.007767096161842346, 0.01405548956245184, 0.008999831974506378, 0.007267029955983162, 0.008360498584806919, 0.00911671295762062, 0.008362965658307076, 0.00716035021468997, 0.008537037298083305, 0.00771382637321949, 0.012488404288887978, 0.012505830265581608, 0.010148463770747185, 0.008279367350041866, 0.008895070292055607, 0.008302195928990841, 0.007775468286126852, 0.007899286225438118, 0.008021695539355278, 0.009129075333476067, 0.008369244635105133, 0.011023209430277348, 0.008461788296699524, 0.01315272320061922, 0.01062781922519207, 0.009051546454429626, 0.01095984224230051, 0.008821163326501846, 0.008410993032157421, 0.0077056013979017735, 0.007723397575318813, 0.008963537402451038, 0.007455234415829182, 0.007740776054561138, 0.013508845120668411, 0.0205780528485775, 0.010862450115382671, 0.008232342079281807, 0.016355525702238083, 0.007788078393787146, 0.011601153761148453, 0.010777554474771023, 0.007599506061524153, 0.007786440663039684], "weapon_probs": [0.021785587072372437, 0.02269590273499489, 0.015988368541002274, 0.008365798741579056, 0.012595221400260925, 0.019037500023841858, 0.012352218851447105, 0.01992834359407425, 0.01801375113427639, 0.024405311793088913, 0.012402089312672615, 0.011369679123163223, 0.01274559460580349, 0.009503474459052086, 0.010061768814921379, 0.008904494345188141, 0.010464145801961422, 0.01173048373311758, 0.00948176346719265, 0.01010512001812458, 0.007895031943917274, 0.007766436785459518, 0.00882780086249113, 0.012699197977781296, 0.007895482704043388, 0.008646518923342228, 0.00942312739789486, 0.008315106853842735, 0.00965144019573927, 0.011415444314479828, 0.008731203153729439, 0.007776249665766954, 0.00782439298927784, 0.008953924290835857, 0.009655989706516266, 0.007341489195823669, 0.008748477324843407, 0.009287078864872456, 0.010082036256790161, 0.009192896075546741, 0.013308856636285782, 0.017794273793697357, 0.015631575137376785, 0.008123968727886677, 0.017584333196282387, 0.017349114641547203, 0.007836336269974709, 0.011266971938312054, 0.008253318257629871, 0.00780324824154377, 0.008907695300877094, 0.011646727100014687, 0.016544479876756668, 0.01592969335615635, 0.009606460109353065, 0.014902151189744473, 0.01091676577925682, 0.016732390969991684, 0.009542038664221764]}