{"loss": -0.8198883533477783, "character_probs": [0.025225326418876648, 0.009321445599198341, 0.010361796244978905, 0.012566493824124336, 0.01553274504840374, 0.015561258420348167, 0.010807231068611145, 0.008209343999624252, 0.007618056144565344, 0.009572313167154789, 0.010788360610604286, 0.009377414360642433, 0.009736046195030212, 0.007956479676067829, 0.007833939045667648, 0.009677885100245476, 0.009140541777014732, 0.009468945674598217, 0.00821222085505724, 0.00838884711265564, 0.008134501986205578, 0.017969470471143723, 0.007316737435758114, 0.010557138361036777, 0.010634705424308777, 0.010397078469395638, 0.008104566484689713, 0.007637122645974159, 0.009154078550636768, 0.007951918058097363, 0.0073085809126496315, 0.007536162622272968, 0.0076790922321379185, 0.007572835311293602, 0.007979225367307663, 0.011352181434631348, 0.00838650856167078, 0.009567317552864552, 0.007635527290403843, 0.008660804480314255, 0.009941953234374523, 0.008353938348591328, 0.007892301306128502, 0.011077409610152245, 0.007642318028956652, 0.007237130310386419, 0.009957179427146912, 0.009515159763395786, 0.012227620929479599, 0.009563023224473, 0.010364366695284843, 0.009828543290495872, 0.0077123516239225864, 0.012794481590390205, 0.009843487292528152, 0.009278086014091969, 0.008435862138867378, 0.012622829526662827, 0.007527893874794245, 0.007736295461654663, 0.009904749691486359, 0.009072490967810154, 0.008167891763150692, 0.0173480287194252, 0.00861942209303379, 0.0091242715716362, 0.009025964885950089, 0.009405657649040222, 0.007507181726396084, 0.009653756394982338, 0.008109519258141518, 0.00809875875711441, 0.007979164831340313, 0.009403921663761139, 0.010707984678447247, 0.008665548637509346, 0.022922471165657043, 0.007281341589987278, 0.010739879682660103], "weapon_probs": [0.014724324457347393, 0.024261780083179474, 0.026351839303970337, 0.017875738441944122, 0.012194949202239513, 0.01443120650947094, 0.011216478422284126, 0.00915355235338211, 0.03556346520781517, 0.010030021890997887, 0.011861706152558327, 0.008790986612439156, 0.01211388036608696, 0.007900281809270382, 0.009383554570376873, 0.01798086240887642, 0.008070094510912895, 0.008261286653578281, 0.00885823741555214, 0.007837208919227123, 0.007419469766318798, 0.01025831513106823, 0.008426403626799583, 0.007747855968773365, 0.00978565402328968, 0.011534716933965683, 0.007986246608197689, 0.011286068707704544, 0.010715081356465816, 0.007618304342031479, 0.010060747154057026, 0.010938763618469238, 0.010983733460307121, 0.00930096860975027, 0.009129440411925316, 0.014119790866971016, 0.007475176826119423, 0.009915640577673912, 0.007961607538163662, 0.008215226233005524, 0.017081383615732193, 0.009324491024017334, 0.01219070516526699, 0.008578348904848099, 0.00947488471865654, 0.010991986840963364, 0.010149883106350899, 0.01828182488679886, 0.010551595129072666, 0.00904173031449318, 0.011203786358237267, 0.01097910851240158, 0.012474346905946732, 0.017698660492897034, 0.012623639777302742, 0.01114378497004509, 0.018283825367689133, 0.016328226774930954, 0.010937553830444813]}