{"loss": -0.9099875092506409, "character_probs": [0.011049829423427582, 0.014010384678840637, 0.02033187821507454, 0.010904254391789436, 0.01260621752589941, 0.015931710600852966, 0.008230607956647873, 0.012782039120793343, 0.010574296116828918, 0.00920224841684103, 0.012292064726352692, 0.010125666856765747, 0.008971944451332092, 0.013691771775484085, 0.008754229173064232, 0.010079938918352127, 0.009640329517424107, 0.008276751264929771, 0.00914807803928852, 0.007722418289631605, 0.011169996112585068, 0.00810676533728838, 0.008417786099016666, 0.009157609194517136, 0.009373435750603676, 0.00853328313678503, 0.010077603161334991, 0.007139198016375303, 0.008417266421020031, 0.007434741593897343, 0.008266333490610123, 0.008911770768463612, 0.010272606275975704, 0.008767279796302319, 0.0093530910089612, 0.010318067856132984, 0.007539359852671623, 0.010124700143933296, 0.007584152277559042, 0.007219161372631788, 0.008102180436253548, 0.007712187245488167, 0.008012494072318077, 0.008300993591547012, 0.009525196626782417, 0.007539062295109034, 0.008510799147188663, 0.009694833308458328, 0.009254517033696175, 0.00915922038257122, 0.0124695785343647, 0.00789638701826334, 0.00797101017087698, 0.009029028937220573, 0.007376406341791153, 0.00794410053640604, 0.008046580478549004, 0.012139035388827324, 0.010265529155731201, 0.012597352266311646, 0.015413930639624596, 0.007182557601481676, 0.012052147649228573, 0.008162684738636017, 0.00736631965264678, 0.007750006392598152, 0.011316610500216484, 0.009246395900845528, 0.008421538397669792, 0.007746164221316576, 0.011156943626701832, 0.020201660692691803, 0.009835136123001575, 0.007613822817802429, 0.007984776981174946, 0.007545125670731068, 0.017349209636449814, 0.007224095985293388, 0.010787894949316978], "weapon_probs": [0.01833100989460945, 0.02337489277124405, 0.024082761257886887, 0.013915883377194405, 0.01296839490532875, 0.01990613341331482, 0.00966375507414341, 0.024099230766296387, 0.009052046574652195, 0.009540226310491562, 0.012823262251913548, 0.007560253608971834, 0.008349613286554813, 0.00993109680712223, 0.009096619673073292, 0.023786261677742004, 0.007911372929811478, 0.008429686538875103, 0.012610998935997486, 0.008495057933032513, 0.01062044408172369, 0.015528518706560135, 0.007283654063940048, 0.013143585994839668, 0.010568060912191868, 0.007600588258355856, 0.008340670727193356, 0.010069437325000763, 0.0074977874755859375, 0.007767610251903534, 0.00931364856660366, 0.007631031796336174, 0.009042223915457726, 0.009197188541293144, 0.00933814700692892, 0.008043945766985416, 0.008535447530448437, 0.009260362014174461, 0.008955019526183605, 0.00974403228610754, 0.015083863399922848, 0.014995305798947811, 0.018215712159872055, 0.009488558396697044, 0.008258922956883907, 0.013727047480642796, 0.009042724035680294, 0.011262863874435425, 0.013372240588068962, 0.011513005942106247, 0.009736650623381138, 0.022074107080698013, 0.019857540726661682, 0.01988159865140915, 0.008011966943740845, 0.015527893789112568, 0.011142010800540447, 0.010107798501849174, 0.008752846159040928]}