{"loss": -0.918411135673523, "character_probs": [0.017689932137727737, 0.021037692204117775, 0.012322094291448593, 0.017873749136924744, 0.017445815727114677, 0.007510398980230093, 0.010397188365459442, 0.008110343478620052, 0.010058317333459854, 0.011016270145773888, 0.00775498291477561, 0.00879672635346651, 0.007791746407747269, 0.00877727847546339, 0.008964406326413155, 0.012043613009154797, 0.007323640398681164, 0.011378845199942589, 0.008384637534618378, 0.007912474684417248, 0.007362257689237595, 0.007875585928559303, 0.00750812329351902, 0.012832127511501312, 0.00745707331225276, 0.00905704777687788, 0.008542721159756184, 0.007078399881720543, 0.009716463275253773, 0.009317251853644848, 0.0076134661212563515, 0.007522880099713802, 0.007682951632887125, 0.007963860407471657, 0.008081742562353611, 0.007591366767883301, 0.01185290701687336, 0.009264271706342697, 0.010296525433659554, 0.011291376315057278, 0.008119016885757446, 0.008718157187104225, 0.009654395282268524, 0.009019527584314346, 0.011796282604336739, 0.008214365690946579, 0.008042903617024422, 0.00849559623748064, 0.008330118842422962, 0.008621642366051674, 0.008386211469769478, 0.007580584846436977, 0.007980141788721085, 0.008906494826078415, 0.009383638389408588, 0.011145155876874924, 0.008256892673671246, 0.010683280415832996, 0.00790149625390768, 0.012111760675907135, 0.0074120196513831615, 0.01112327165901661, 0.008587289601564407, 0.009929636493325233, 0.01467323862016201, 0.011096658185124397, 0.008154480718076229, 0.009846467524766922, 0.012349163182079792, 0.011610204353928566, 0.011197732761502266, 0.00785017665475607, 0.007669354323297739, 0.00991683080792427, 0.01771165058016777, 0.010927952826023102, 0.008874671533703804, 0.018051963299512863, 0.010632820427417755], "weapon_probs": [0.047914668917655945, 0.012192143127322197, 0.012967564165592194, 0.012463165447115898, 0.012309787794947624, 0.013196628540754318, 0.009658444672822952, 0.010036662220954895, 0.008214453235268593, 0.016433225944638252, 0.007819581776857376, 0.016692638397216797, 0.007888006046414375, 0.011312779039144516, 0.010110314004123211, 0.008533810265362263, 0.00813510362058878, 0.007693293504416943, 0.015140424482524395, 0.010506711900234222, 0.018063679337501526, 0.007104275748133659, 0.007963450625538826, 0.008790329098701477, 0.01855216547846794, 0.016971979290246964, 0.008865350857377052, 0.00894421897828579, 0.008067591115832329, 0.00777887599542737, 0.00905607733875513, 0.010125531814992428, 0.00925564393401146, 0.00715826079249382, 0.011059800162911415, 0.008936284109950066, 0.02571166679263115, 0.010940007865428925, 0.008085675537586212, 0.012771187350153923, 0.010525687597692013, 0.00896940566599369, 0.011485086753964424, 0.011274857446551323, 0.010351059958338737, 0.009775733575224876, 0.011552345007658005, 0.008342563174664974, 0.010800108313560486, 0.026415158063173294, 0.01708202064037323, 0.008347790688276291, 0.008298425935208797, 0.011302200146019459, 0.008264852687716484, 0.02388956770300865, 0.0141934584826231, 0.011710129678249359, 0.017886115238070488]}