{"loss": -0.43719804286956787, "character_probs": [0.008515927940607071, 0.009918189607560635, 0.011268116533756256, 0.029249239712953568, 0.010333575308322906, 0.013940248638391495, 0.013491223566234112, 0.008811062201857567, 0.01614057645201683, 0.008844828233122826, 0.008886105380952358, 0.007384400349110365, 0.009730760008096695, 0.008494089357554913, 0.008482289500534534, 0.009376942180097103, 0.00802371185272932, 0.008531076833605766, 0.010094024240970612, 0.008148729801177979, 0.008002500981092453, 0.007121139205992222, 0.008584506809711456, 0.01986921951174736, 0.008027446456253529, 0.009539357386529446, 0.008542746305465698, 0.0071863108314573765, 0.007996853440999985, 0.008579251356422901, 0.007170761004090309, 0.010329047217965126, 0.0070747314020991325, 0.00728653185069561, 0.009388105943799019, 0.011205710470676422, 0.008381812833249569, 0.009294473566114902, 0.007432624232023954, 0.008578219451010227, 0.008548300713300705, 0.00755738141015172, 0.007606802973896265, 0.011166330426931381, 0.00828996580094099, 0.008270257152616978, 0.007476103026419878, 0.011765793897211552, 0.01223917119204998, 0.010155610740184784, 0.008037248626351357, 0.007547265850007534, 0.020534716546535492, 0.009005035273730755, 0.00897555984556675, 0.008692415431141853, 0.008573872968554497, 0.008461970835924149, 0.007682733703404665, 0.008250648155808449, 0.00797946099191904, 0.007425474934279919, 0.011336114257574081, 0.013674981892108917, 0.007838312536478043, 0.007651512045413256, 0.007970547303557396, 0.00803279597312212, 0.02116646245121956, 0.008374596014618874, 0.007369205355644226, 0.016038743779063225, 0.007669528014957905, 0.016458354890346527, 0.01588786393404007, 0.009137996472418308, 0.00841591041535139, 0.007808174006640911, 0.008111325092613697], "weapon_probs": [0.030031468719244003, 0.015224956907331944, 0.017008967697620392, 0.014452721923589706, 0.009071861393749714, 0.01372404396533966, 0.018604237586259842, 0.009799739345908165, 0.008877087384462357, 0.016684234142303467, 0.01934414729475975, 0.011792076751589775, 0.008730685338377953, 0.012156441807746887, 0.015767637640237808, 0.007582619786262512, 0.00809517689049244, 0.011829320341348648, 0.007590318098664284, 0.018769588321447372, 0.007742836605757475, 0.007799406070262194, 0.015236454084515572, 0.013078078627586365, 0.007934129796922207, 0.007742776535451412, 0.008162219077348709, 0.00957505777478218, 0.008995793759822845, 0.008481927216053009, 0.015161042101681232, 0.011545177549123764, 0.007362356875091791, 0.010995494201779366, 0.007805724628269672, 0.009337127208709717, 0.01303032785654068, 0.015379393473267555, 0.01120259054005146, 0.00861364509910345, 0.0087581817060709, 0.011261596344411373, 0.009753935970366001, 0.00857459381222725, 0.007584946230053902, 0.017679378390312195, 0.01714223250746727, 0.02488281950354576, 0.0076479120180010796, 0.009102728217840195, 0.011322573758661747, 0.013452421873807907, 0.007832544855773449, 0.008615115657448769, 0.011857309378683567, 0.008832486346364021, 0.0120752714574337, 0.012126483954489231, 0.014328098855912685]}