{"loss": 0.9305813312530518, "character_probs": [0.011109922081232071, 0.016192715615034103, 0.02698313072323799, 0.010962254367768764, 0.014463776722550392, 0.009247091598808765, 0.009309186600148678, 0.008811119943857193, 0.009272422641515732, 0.021231859922409058, 0.007420363835990429, 0.008265861310064793, 0.012045299634337425, 0.008863477036356926, 0.007661319337785244, 0.00808669626712799, 0.01302454061806202, 0.008733553811907768, 0.008693156763911247, 0.007690337486565113, 0.00836526695638895, 0.008184198290109634, 0.009088538587093353, 0.007514648605138063, 0.007389342412352562, 0.010010583326220512, 0.007644817233085632, 0.009720972739160061, 0.007528558373451233, 0.007223785389214754, 0.008713033981621265, 0.007505564950406551, 0.007624294608831406, 0.009786130860447884, 0.008240598253905773, 0.007291278801858425, 0.008379669860005379, 0.009561062790453434, 0.0109714325517416, 0.011160909198224545, 0.007335495203733444, 0.010669494979083538, 0.008487939834594727, 0.0073240683414042, 0.007693503983318806, 0.008286506868898869, 0.008679922670125961, 0.008020484820008278, 0.009841986931860447, 0.008470524102449417, 0.009248686954379082, 0.008416897617280483, 0.009388953447341919, 0.010079658590257168, 0.009478053078055382, 0.009203363209962845, 0.007711801677942276, 0.012173994444310665, 0.008877644315361977, 0.008732064627110958, 0.007438973523676395, 0.007832671515643597, 0.00824956875294447, 0.0259556844830513, 0.007272602058947086, 0.009703689254820347, 0.009444395080208778, 0.008283233270049095, 0.009931611828505993, 0.01002691499888897, 0.008189477026462555, 0.008784537203609943, 0.007656882982701063, 0.009173652157187462, 0.009081041440367699, 0.009184992872178555, 0.009123917669057846, 0.009459859691560268, 0.0077073946595191956], "weapon_probs": [0.021204061806201935, 0.02105257287621498, 0.016016094014048576, 0.016682127490639687, 0.02023141086101532, 0.012665764428675175, 0.009876376017928123, 0.01595710776746273, 0.017451923340559006, 0.007423545233905315, 0.010137828066945076, 0.00944109819829464, 0.020291712135076523, 0.011203993111848831, 0.010908449068665504, 0.017962975427508354, 0.008258912712335587, 0.009992467239499092, 0.00748918391764164, 0.0084101976826787, 0.007914416491985321, 0.012350846081972122, 0.015163534320890903, 0.008365808054804802, 0.007945910096168518, 0.008115707896649837, 0.012146424502134323, 0.011310210451483727, 0.00895181205123663, 0.00936948787420988, 0.008693784475326538, 0.007736016996204853, 0.011685516685247421, 0.009424963034689426, 0.012288447469472885, 0.00908731296658516, 0.008193807676434517, 0.008919005282223225, 0.007587406784296036, 0.016537796705961227, 0.02603480964899063, 0.00890772882848978, 0.008461607620120049, 0.012976476922631264, 0.01696215197443962, 0.008103222586214542, 0.008505354635417461, 0.008303625509142876, 0.010762639343738556, 0.007849571295082569, 0.010295850224792957, 0.015281005762517452, 0.009814129211008549, 0.01022760197520256, 0.012109462171792984, 0.007910136133432388, 0.009748752228915691, 0.012134134769439697, 0.02335333451628685]}