{"loss": 0.496255099773407, "character_probs": [0.011960450559854507, 0.014493219554424286, 0.012889325618743896, 0.009805797599256039, 0.0214376337826252, 0.012881542555987835, 0.021597225219011307, 0.007281786762177944, 0.007839840836822987, 0.013246994465589523, 0.009732723236083984, 0.009346484206616879, 0.008168160915374756, 0.012035820633172989, 0.008144482970237732, 0.007387781515717506, 0.012674432247877121, 0.009447948075830936, 0.008061881177127361, 0.009431464597582817, 0.00764283025637269, 0.00867088045924902, 0.009819118306040764, 0.007138097658753395, 0.009115258231759071, 0.007904200814664364, 0.008237095549702644, 0.00833413377404213, 0.008430339395999908, 0.007703801617026329, 0.007287121377885342, 0.007909848354756832, 0.007139332126826048, 0.010959452949464321, 0.007086302153766155, 0.007673168554902077, 0.011170919984579086, 0.008022558875381947, 0.008272998966276646, 0.007316096685826778, 0.016433972865343094, 0.008152468129992485, 0.008015619590878487, 0.00805572047829628, 0.009706826880574226, 0.007963561452925205, 0.007454601116478443, 0.007503107655793428, 0.008401685394346714, 0.007947342470288277, 0.01244246307760477, 0.008635605685412884, 0.008054684847593307, 0.017738884314894676, 0.009533342905342579, 0.011888674460351467, 0.009320183657109737, 0.010079783387482166, 0.007917232811450958, 0.008223727345466614, 0.007560670841485262, 0.007999645546078682, 0.008145356550812721, 0.008656805381178856, 0.008446982130408287, 0.007577379234135151, 0.011245671659708023, 0.010141794569790363, 0.007740207947790623, 0.00749964127317071, 0.02075810544192791, 0.010496189817786217, 0.00829620473086834, 0.009784515015780926, 0.00766989728435874, 0.007896307855844498, 0.00781487487256527, 0.010503115132451057, 0.017244968563318253], "weapon_probs": [0.023664958775043488, 0.02596265822649002, 0.0107248080894351, 0.008533301763236523, 0.01865716278553009, 0.0250120647251606, 0.022997580468654633, 0.01986672356724739, 0.008447655476629734, 0.011948495171964169, 0.014266051352024078, 0.009487694129347801, 0.008441656827926636, 0.01047124806791544, 0.007324141450226307, 0.013799418695271015, 0.010069155134260654, 0.009353511035442352, 0.007467135787010193, 0.007407371420413256, 0.013002639636397362, 0.009032666683197021, 0.008266343735158443, 0.007308153435587883, 0.00872235931456089, 0.01959521323442459, 0.007124996278434992, 0.008229393512010574, 0.007228622678667307, 0.008954276330769062, 0.011136960238218307, 0.009240629151463509, 0.007252509705722332, 0.009448504075407982, 0.012115671299397945, 0.009958644397556782, 0.011531800031661987, 0.009521884843707085, 0.010425694286823273, 0.011468097567558289, 0.00955237541347742, 0.01225055381655693, 0.008511664345860481, 0.011702455580234528, 0.007895234040915966, 0.010955722071230412, 0.01161167025566101, 0.01471765898168087, 0.01246357336640358, 0.008549843914806843, 0.014719411730766296, 0.014454005286097527, 0.01281790155917406, 0.007938221096992493, 0.008287853561341763, 0.00748604629188776, 0.012500211596488953, 0.007860823534429073, 0.010830913670361042]}