{"loss": 0.7039263248443604, "character_probs": [0.01372122298926115, 0.016033489257097244, 0.013090558350086212, 0.01982300356030464, 0.010391894727945328, 0.008442804217338562, 0.009552913717925549, 0.01166570745408535, 0.011111995205283165, 0.012857131659984589, 0.013844728469848633, 0.00747531047090888, 0.008469333872199059, 0.010863838717341423, 0.010183654725551605, 0.014460708014667034, 0.01142590120434761, 0.009448667988181114, 0.007501078769564629, 0.007811619900166988, 0.008172940462827682, 0.013571375980973244, 0.007351013366132975, 0.007945398800075054, 0.007433630526065826, 0.007464936934411526, 0.007848470471799374, 0.007521316409111023, 0.010017036460340023, 0.013320528902113438, 0.00782828964293003, 0.009088722988963127, 0.008563834242522717, 0.008479500189423561, 0.007915511727333069, 0.007529754191637039, 0.007341127377003431, 0.007366804406046867, 0.008390099741518497, 0.01162082888185978, 0.008080408908426762, 0.007118067238479853, 0.009345874190330505, 0.009357474744319916, 0.009948796592652798, 0.00934901274740696, 0.00778166251257062, 0.009939204901456833, 0.007707792799919844, 0.008577069267630577, 0.009399374946951866, 0.010668622329831123, 0.007866877131164074, 0.007727594114840031, 0.007566423621028662, 0.009886627085506916, 0.007376127876341343, 0.008465924300253391, 0.0072946990840137005, 0.007369732018560171, 0.007800497114658356, 0.010098445229232311, 0.010019483044743538, 0.007921181619167328, 0.015627238899469376, 0.007595757022500038, 0.007754843682050705, 0.009619888849556446, 0.012946458533406258, 0.009277968667447567, 0.014517460018396378, 0.00797803420573473, 0.010065282694995403, 0.013476869091391563, 0.00899127684533596, 0.008605653420090675, 0.008477028459310532, 0.014635603874921799, 0.008398032747209072], "weapon_probs": [0.028705868870019913, 0.010335855185985565, 0.030815545469522476, 0.01741126924753189, 0.013311590068042278, 0.01551872305572033, 0.0076187970116734505, 0.008452504873275757, 0.014142755419015884, 0.013893116265535355, 0.012204588390886784, 0.007426319643855095, 0.019045734778046608, 0.009648123756051064, 0.007610111963003874, 0.008095458149909973, 0.01129210740327835, 0.026797473430633545, 0.007520943880081177, 0.010729813948273659, 0.007542384322732687, 0.008385971188545227, 0.008317315019667149, 0.007169610820710659, 0.009369203820824623, 0.007669615559279919, 0.010777157731354237, 0.00799104105681181, 0.009263627231121063, 0.008115432225167751, 0.011819938197731972, 0.01494564674794674, 0.024205747991800308, 0.008751007728278637, 0.007395526859909296, 0.009456191211938858, 0.011962318792939186, 0.008268143981695175, 0.008479690179228783, 0.008724680170416832, 0.009718082845211029, 0.009493274614214897, 0.015821348875761032, 0.009359819814562798, 0.013425696641206741, 0.014421014115214348, 0.008037076331675053, 0.009320754557847977, 0.0075777443125844, 0.010018100962042809, 0.008921061642467976, 0.012866636738181114, 0.008911202661693096, 0.01659717597067356, 0.008682127110660076, 0.009106759913265705, 0.00864268559962511, 0.013430943712592125, 0.010659723542630672]}