{"loss": 0.7545355558395386, "character_probs": [0.009684881195425987, 0.01682080328464508, 0.012841996736824512, 0.011858226731419563, 0.015420110896229744, 0.010240285657346249, 0.011309314519166946, 0.012009652331471443, 0.0201224684715271, 0.008229863829910755, 0.012813065201044083, 0.007952098734676838, 0.008509084582328796, 0.007714080158621073, 0.018289871513843536, 0.008650352247059345, 0.00798169057816267, 0.011141790077090263, 0.0081779845058918, 0.008169172331690788, 0.008446156978607178, 0.007655091118067503, 0.007168537471443415, 0.012092501856386662, 0.009076977148652077, 0.008104960434138775, 0.007240068167448044, 0.007504449225962162, 0.010306460782885551, 0.009330008178949356, 0.007766982074826956, 0.008677293546497822, 0.01077515073120594, 0.009754577651619911, 0.009017320349812508, 0.007820600643754005, 0.009396934881806374, 0.007813104428350925, 0.00812633614987135, 0.007455031853169203, 0.008834319189190865, 0.012914828956127167, 0.008265094831585884, 0.0074349865317344666, 0.010832679457962513, 0.009736906737089157, 0.00855654664337635, 0.007521080784499645, 0.007742402609437704, 0.007641448173671961, 0.008383196778595448, 0.007350670173764229, 0.009242819622159004, 0.012836250476539135, 0.010210378095507622, 0.00787148904055357, 0.00799535308033228, 0.010338941588997841, 0.010457447730004787, 0.00767457066103816, 0.008841833099722862, 0.008860612288117409, 0.00882665254175663, 0.007442830596119165, 0.010343191213905811, 0.009187795221805573, 0.012004634365439415, 0.007625393569469452, 0.007691496051847935, 0.007708860095590353, 0.015498205088078976, 0.008267922326922417, 0.00783077348023653, 0.007355867885053158, 0.009992090053856373, 0.00993281975388527, 0.007875965908169746, 0.007889313623309135, 0.010340449400246143], "weapon_probs": [0.02862617000937462, 0.02048618718981743, 0.022725068032741547, 0.015200942754745483, 0.008877989836037159, 0.010969439521431923, 0.022127866744995117, 0.00747200520709157, 0.012368205934762955, 0.013992128893733025, 0.011480342596769333, 0.007864524610340595, 0.01901794597506523, 0.011541668325662613, 0.012192059308290482, 0.01570883020758629, 0.008285857737064362, 0.008425768464803696, 0.011292558163404465, 0.010467097163200378, 0.00854670349508524, 0.010674172081053257, 0.00977971963584423, 0.0089184008538723, 0.010132651776075363, 0.008722095750272274, 0.008385097607970238, 0.008617719635367393, 0.01191156916320324, 0.0076744938269257545, 0.0127479936927557, 0.009104503318667412, 0.008312982507050037, 0.02250107377767563, 0.008789027109742165, 0.007970908656716347, 0.01065351814031601, 0.007464167196303606, 0.008198070339858532, 0.008463968522846699, 0.007820469327270985, 0.011619556695222855, 0.011059120297431946, 0.008924903348088264, 0.009322337806224823, 0.014874801971018314, 0.009585847146809101, 0.012859052047133446, 0.008501309901475906, 0.008092009462416172, 0.013518824242055416, 0.00763344531878829, 0.010381972417235374, 0.010440251789987087, 0.015245186164975166, 0.00911824218928814, 0.011646530590951443, 0.013974429108202457, 0.011668402701616287]}