{"loss": 0.004289984703063965, "character_probs": [0.01116714533418417, 0.008493440225720406, 0.013943107798695564, 0.018019188195466995, 0.01696515828371048, 0.008138484321534634, 0.01226192805916071, 0.012810944579541683, 0.008729752153158188, 0.008339613676071167, 0.007959330454468727, 0.013127373531460762, 0.014826644212007523, 0.007959341630339622, 0.009385465644299984, 0.009737402200698853, 0.010730287060141563, 0.007989448495209217, 0.007973667234182358, 0.0075809527188539505, 0.008145050145685673, 0.008189881220459938, 0.00852939672768116, 0.007722782902419567, 0.011501651257276535, 0.00888522993773222, 0.014036402106285095, 0.008154349401593208, 0.011306291446089745, 0.008923355489969254, 0.014400236308574677, 0.007487410679459572, 0.00873309001326561, 0.0080675994977355, 0.010136221535503864, 0.010157817043364048, 0.009803593158721924, 0.008309350349009037, 0.009099483489990234, 0.007671186234802008, 0.008160371333360672, 0.008750407956540585, 0.01129673607647419, 0.009181651286780834, 0.008781478740274906, 0.00759666133671999, 0.011253486387431622, 0.009727230295538902, 0.008205343969166279, 0.012647915631532669, 0.007379323244094849, 0.007553610950708389, 0.007671857252717018, 0.008002999238669872, 0.007846937514841557, 0.009957458823919296, 0.007778795436024666, 0.007358774077147245, 0.007577127777040005, 0.007668111007660627, 0.007654684130102396, 0.014732174575328827, 0.008143233135342598, 0.0075617823749780655, 0.013969814404845238, 0.01410139724612236, 0.010568642988801003, 0.020165126770734787, 0.008305859751999378, 0.0072886161506175995, 0.008276348933577538, 0.011490557342767715, 0.007852185517549515, 0.009671850129961967, 0.010077112354338169, 0.007557293400168419, 0.011362476274371147, 0.009091688320040703, 0.009378444403409958], "weapon_probs": [0.017934923991560936, 0.01197006180882454, 0.011599047109484673, 0.031562741845846176, 0.019429609179496765, 0.019191760569810867, 0.01374008134007454, 0.00955768208950758, 0.009092343039810658, 0.007700605317950249, 0.007449192460626364, 0.01111183688044548, 0.02380247786641121, 0.007704250048846006, 0.008769153617322445, 0.010278061032295227, 0.00816276017576456, 0.02326459065079689, 0.008500311523675919, 0.007778199389576912, 0.00837814062833786, 0.010453115217387676, 0.009794369339942932, 0.011967694386839867, 0.008142073638737202, 0.009498370811343193, 0.03229442611336708, 0.007993382401764393, 0.008044972084462643, 0.008249937556684017, 0.008823307231068611, 0.0076684486120939255, 0.007488300558179617, 0.012716220691800117, 0.0072945221327245235, 0.019219012930989265, 0.009688284248113632, 0.012303830124437809, 0.009516162797808647, 0.009758856147527695, 0.007738985121250153, 0.00857046153396368, 0.01074423547834158, 0.023169290274381638, 0.008823869749903679, 0.008334181271493435, 0.00750098517164588, 0.00776488333940506, 0.009138155728578568, 0.010121453553438187, 0.00852245558053255, 0.021652191877365112, 0.010630108416080475, 0.01134018786251545, 0.016485903412103653, 0.009726673364639282, 0.008227851241827011, 0.008749576285481453, 0.012673616409301758]}