{"loss": 0.951744019985199, "character_probs": [0.015135509893298149, 0.012890748679637909, 0.016846798360347748, 0.01858438178896904, 0.010224735364317894, 0.012661087326705456, 0.008604764007031918, 0.010557420551776886, 0.011353414505720139, 0.007631048560142517, 0.007861809805035591, 0.015106470324099064, 0.00758387940004468, 0.013744793832302094, 0.01983478292822838, 0.008249223232269287, 0.009440154768526554, 0.008187340572476387, 0.007229282520711422, 0.0074280789121985435, 0.011163990944623947, 0.009244786575436592, 0.008156616240739822, 0.007366192527115345, 0.010789117775857449, 0.007318875752389431, 0.00842145923525095, 0.007953284308314323, 0.008247148245573044, 0.007570900022983551, 0.007296321447938681, 0.008557703346014023, 0.007710757665336132, 0.007316637318581343, 0.010440773330628872, 0.007314308546483517, 0.011875180527567863, 0.008192776702344418, 0.007871522568166256, 0.007964090444147587, 0.010167164728045464, 0.007298218552023172, 0.007624208927154541, 0.007678871043026447, 0.010161341167986393, 0.007399119436740875, 0.010115543380379677, 0.008725202642381191, 0.010244901292026043, 0.009434882551431656, 0.01019860990345478, 0.011871401220560074, 0.007778869941830635, 0.009908814914524555, 0.007625991944223642, 0.008474930189549923, 0.007996194995939732, 0.008348606526851654, 0.011491493321955204, 0.0073734428733587265, 0.011577427387237549, 0.010577579028904438, 0.007920468226075172, 0.008347640745341778, 0.008822363801300526, 0.007320755161345005, 0.009765076451003551, 0.007565665524452925, 0.008255532011389732, 0.008089868351817131, 0.00806836225092411, 0.009803899563848972, 0.016093147918581963, 0.009348426945507526, 0.01018998958170414, 0.008466357365250587, 0.011899225413799286, 0.008590810932219028, 0.008543762378394604], "weapon_probs": [0.01822451502084732, 0.03586571291089058, 0.0336296483874321, 0.009094825014472008, 0.01588745415210724, 0.009769237600266933, 0.011861000210046768, 0.011601942591369152, 0.016113393008708954, 0.00846509262919426, 0.009525526314973831, 0.009190205484628677, 0.010829412378370762, 0.008189973421394825, 0.010477136820554733, 0.012623525224626064, 0.009361169300973415, 0.008629919961094856, 0.01150651928037405, 0.008741171099245548, 0.013000307604670525, 0.014369464479386806, 0.007454345002770424, 0.007661091163754463, 0.008717759512364864, 0.01252647116780281, 0.008263303898274899, 0.008727585896849632, 0.010680447332561016, 0.008243408985435963, 0.008473620750010014, 0.0183723084628582, 0.008070655167102814, 0.008749785833060741, 0.007853294722735882, 0.009692427702248096, 0.008609388023614883, 0.009649072773754597, 0.017923150211572647, 0.010558142326772213, 0.010065591894090176, 0.008423232473433018, 0.007847355678677559, 0.008776091039180756, 0.011920045129954815, 0.011598706245422363, 0.010146710090339184, 0.010568367317318916, 0.014451935887336731, 0.00775530282407999, 0.007864993996918201, 0.009608269669115543, 0.021699707955121994, 0.014767509885132313, 0.014925121329724789, 0.009106523357331753, 0.011428436264395714, 0.007707607466727495, 0.01980854943394661]}