{"loss": 0.5835474729537964, "character_probs": [0.02947942540049553, 0.021234335377812386, 0.00908615067601204, 0.009039302356541157, 0.014727029949426651, 0.010945580899715424, 0.008601121604442596, 0.0075726816430687904, 0.011467639356851578, 0.008194618858397007, 0.011089343577623367, 0.010091940872371197, 0.009221826680004597, 0.007897019386291504, 0.011906009167432785, 0.008079448714852333, 0.007175415754318237, 0.010749820619821548, 0.007765145506709814, 0.009762916713953018, 0.00809722300618887, 0.008232888765633106, 0.01026519201695919, 0.008397460915148258, 0.009576769545674324, 0.008757923729717731, 0.007928823120892048, 0.007722692098468542, 0.010782173834741116, 0.010819494724273682, 0.00793604739010334, 0.009199920110404491, 0.009296078234910965, 0.00824673380702734, 0.007355461362749338, 0.008820697665214539, 0.007232727482914925, 0.008509879931807518, 0.007957630790770054, 0.007416539825499058, 0.008573831059038639, 0.007374332286417484, 0.009610522538423538, 0.0072624594904482365, 0.008119922131299973, 0.007593472953885794, 0.010574683547019958, 0.008373728953301907, 0.008623778820037842, 0.01720193400979042, 0.011555557139217854, 0.013081886805593967, 0.007786199916154146, 0.010087725706398487, 0.007533627096563578, 0.008152435533702374, 0.007458118721842766, 0.00846383348107338, 0.007843033410608768, 0.0073374854400753975, 0.00883657205849886, 0.007241995073854923, 0.00798887200653553, 0.00943860411643982, 0.007190310396254063, 0.015365909785032272, 0.007888728752732277, 0.009143726900219917, 0.007570924237370491, 0.007887405343353748, 0.007801704108715057, 0.008452986367046833, 0.01846514269709587, 0.008671821095049381, 0.009002627804875374, 0.008583994582295418, 0.009260608814656734, 0.0075615691021084785, 0.008665589615702629], "weapon_probs": [0.02347411960363388, 0.010030519217252731, 0.03391434997320175, 0.019965361803770065, 0.011324798688292503, 0.00791793130338192, 0.011334080249071121, 0.012908109463751316, 0.025489147752523422, 0.015660325065255165, 0.013065341860055923, 0.007877476513385773, 0.01430545561015606, 0.011509012430906296, 0.00919410027563572, 0.00897306203842163, 0.009264087304472923, 0.007680985145270824, 0.008356256410479546, 0.007633685600012541, 0.01014146488159895, 0.007837441749870777, 0.018112942576408386, 0.010742970742285252, 0.009747229516506195, 0.007554109673947096, 0.009660767391324043, 0.01761569455265999, 0.009205955080688, 0.0074637271463871, 0.008658377453684807, 0.012758512049913406, 0.010204686783254147, 0.0096476711332798, 0.008474576286971569, 0.01402607187628746, 0.009527573361992836, 0.010121055878698826, 0.007362718228250742, 0.009169017896056175, 0.011922517791390419, 0.009695924818515778, 0.009878408163785934, 0.01034901849925518, 0.012236783280968666, 0.012305943295359612, 0.007512354291975498, 0.007970656268298626, 0.010018128901720047, 0.007811876013875008, 0.014032182283699512, 0.013125495985150337, 0.007578195538371801, 0.011411113664507866, 0.007162899244576693, 0.012911809608340263, 0.008391441777348518, 0.01270226389169693, 0.015988074243068695]}