{"loss": -0.7031413912773132, "character_probs": [0.01003688108175993, 0.028328191488981247, 0.011054103262722492, 0.010145975276827812, 0.010742190293967724, 0.012987322174012661, 0.007399274036288261, 0.008899315260350704, 0.015147187747061253, 0.008615906350314617, 0.007382702082395554, 0.0075167445465922356, 0.008864318020641804, 0.007550354115664959, 0.0073901028372347355, 0.031385086476802826, 0.0078261224552989, 0.01246314961463213, 0.007290252484381199, 0.010573708452284336, 0.008508547209203243, 0.009702051058411598, 0.007312719244509935, 0.007863008417189121, 0.007799593266099691, 0.008188629522919655, 0.008428269997239113, 0.009527727030217648, 0.010889519937336445, 0.007890777662396431, 0.009710300713777542, 0.01015196368098259, 0.0073436954990029335, 0.008703881874680519, 0.007507881615310907, 0.007481647189706564, 0.007962437346577644, 0.007584556937217712, 0.007403563242405653, 0.007935047149658203, 0.007405779790133238, 0.008404726162552834, 0.008226156234741211, 0.008703991770744324, 0.008134406059980392, 0.012540892697870731, 0.007301416248083115, 0.00712162721902132, 0.007426117546856403, 0.008811213076114655, 0.014714119955897331, 0.008088145405054092, 0.007308386266231537, 0.008759857155382633, 0.008125453256070614, 0.009743944741785526, 0.010798372328281403, 0.009447893127799034, 0.009694891050457954, 0.008575821295380592, 0.007696888409554958, 0.0077502792701125145, 0.007934026420116425, 0.007754323072731495, 0.016219228506088257, 0.008225488476455212, 0.015624850057065487, 0.010555093176662922, 0.009136189706623554, 0.013074147514998913, 0.008707734756171703, 0.009894226677715778, 0.007887596264481544, 0.017760280519723892, 0.010009736754000187, 0.00832374207675457, 0.00887356698513031, 0.007695150561630726, 0.007489441893994808], "weapon_probs": [0.025754965841770172, 0.0190572552382946, 0.023983024060726166, 0.025077857077121735, 0.008067565970122814, 0.011037503369152546, 0.012464126572012901, 0.018862387165427208, 0.008480682969093323, 0.007981684990227222, 0.008942866697907448, 0.009156554006040096, 0.007732285652309656, 0.010488724336028099, 0.009142739698290825, 0.008836242370307446, 0.01707114651799202, 0.008387100882828236, 0.01560676284134388, 0.00835814792662859, 0.017075955867767334, 0.008181990124285221, 0.013859430328011513, 0.0079386280849576, 0.008566523902118206, 0.009084613993763924, 0.008307801559567451, 0.008642658591270447, 0.007489199750125408, 0.014304643496870995, 0.008904777467250824, 0.009637600742280483, 0.012540211901068687, 0.010177988559007645, 0.009376519359648228, 0.012110855430364609, 0.020809832960367203, 0.01272206474095583, 0.008807029575109482, 0.0156333576887846, 0.010542400181293488, 0.01345497090369463, 0.010311033576726913, 0.014558781869709492, 0.012428702786564827, 0.009199158288538456, 0.009906396269798279, 0.010336646810173988, 0.009665755555033684, 0.008205483667552471, 0.008839809335768223, 0.009158654138445854, 0.012675704434514046, 0.014530697837471962, 0.009532395750284195, 0.009742440655827522, 0.010059475898742676, 0.009147768840193748, 0.015568810515105724]}