{"loss": -0.6472007036209106, "character_probs": [0.012764067389070988, 0.011686863377690315, 0.020084325224161148, 0.013961529359221458, 0.011912217363715172, 0.016105469316244125, 0.010199789889156818, 0.007552098948508501, 0.01046962384134531, 0.019610289484262466, 0.008277797140181065, 0.009716914035379887, 0.010930996388196945, 0.009043032303452492, 0.0076264990493655205, 0.00874895229935646, 0.007823619991540909, 0.00815290305763483, 0.009380651637911797, 0.009214090183377266, 0.008080902509391308, 0.010698236525058746, 0.009257536381483078, 0.008106989786028862, 0.007600453682243824, 0.010086244903504848, 0.008818336762487888, 0.008095868863165379, 0.008318806067109108, 0.007358865812420845, 0.007495528552681208, 0.007240630220621824, 0.007218232844024897, 0.010680153965950012, 0.008153347298502922, 0.011898675933480263, 0.008182000368833542, 0.009206774644553661, 0.010637913830578327, 0.008800613693892956, 0.008136297576129436, 0.016116760671138763, 0.007542673498392105, 0.007462573703378439, 0.009127970784902573, 0.008353905752301216, 0.009130716323852539, 0.010540870949625969, 0.008335123769938946, 0.009744709357619286, 0.008166168816387653, 0.008825903758406639, 0.0072011868469417095, 0.007778152357786894, 0.010966705158352852, 0.007158342283219099, 0.007963933981955051, 0.009610767476260662, 0.00978273618966341, 0.00724496366456151, 0.007218452170491219, 0.008125519379973412, 0.007722639944404364, 0.016072407364845276, 0.009885972365736961, 0.015612916089594364, 0.00941808894276619, 0.009699749760329723, 0.007856379263103008, 0.00891211349517107, 0.010031718760728836, 0.007929801940917969, 0.008985776454210281, 0.01834319531917572, 0.009374894201755524, 0.012393157929182053, 0.009782487526535988, 0.014785371720790863, 0.014536868780851364], "weapon_probs": [0.028804514557123184, 0.020408689975738525, 0.012586206197738647, 0.009929385036230087, 0.011618699878454208, 0.012074001133441925, 0.01396242342889309, 0.013549808412790298, 0.025938160717487335, 0.009298179298639297, 0.010938839986920357, 0.010068126954138279, 0.00883218552917242, 0.017314905300736427, 0.021668177098035812, 0.009960109367966652, 0.009279027581214905, 0.0076966541819274426, 0.008045757189393044, 0.008124279789626598, 0.01240131538361311, 0.008227622136473656, 0.009140735492110252, 0.009557433426380157, 0.012719867751002312, 0.009800778701901436, 0.008001221343874931, 0.01015780121088028, 0.011020563542842865, 0.011028677225112915, 0.009068522602319717, 0.010248631238937378, 0.008174126967787743, 0.016964206472039223, 0.009115155786275864, 0.008716062642633915, 0.010546077974140644, 0.01147964596748352, 0.02252987213432789, 0.011562559753656387, 0.012806318700313568, 0.008916156366467476, 0.007485531736165285, 0.010991938412189484, 0.0089329294860363, 0.011637495830655098, 0.010650391690433025, 0.011891992762684822, 0.00936006847769022, 0.007741061970591545, 0.01819740980863571, 0.009900819510221481, 0.00791422463953495, 0.012963443994522095, 0.007918043993413448, 0.008564271032810211, 0.02661333605647087, 0.013733072206377983, 0.016617853194475174]}