{"loss": -0.934412956237793, "character_probs": [0.00884807575494051, 0.02402697503566742, 0.011914098635315895, 0.013330662623047829, 0.015393405221402645, 0.009046160615980625, 0.008075137622654438, 0.008614904247224331, 0.014685327187180519, 0.007261390797793865, 0.007515512872487307, 0.007648809347301722, 0.016185905784368515, 0.01040798332542181, 0.008109048940241337, 0.017093857750296593, 0.007540391758084297, 0.008538804948329926, 0.0072228191420435905, 0.007665927056223154, 0.00852271169424057, 0.008152545429766178, 0.007783405017107725, 0.008407246321439743, 0.008077687583863735, 0.007957660593092442, 0.00807555764913559, 0.009097522124648094, 0.014511446468532085, 0.008240241557359695, 0.00917111150920391, 0.008909566327929497, 0.007442737463861704, 0.009633413515985012, 0.0072610825300216675, 0.014735450968146324, 0.007199821528047323, 0.0123166274279356, 0.013573975302278996, 0.007763012778013945, 0.007568787783384323, 0.0073380679823458195, 0.007595940493047237, 0.009678184054791927, 0.009665422141551971, 0.007572757545858622, 0.00937306322157383, 0.008494578301906586, 0.009993447922170162, 0.011793430894613266, 0.007427360396832228, 0.007798024453222752, 0.00927383080124855, 0.008385772816836834, 0.009512011893093586, 0.007272293325513601, 0.007920472882688046, 0.007618545088917017, 0.010922472923994064, 0.018153131008148193, 0.017072945833206177, 0.007263252045959234, 0.009086353704333305, 0.0077114407904446125, 0.010332105681300163, 0.010910311713814735, 0.007665945217013359, 0.007799334358423948, 0.009105714969336987, 0.011041940189898014, 0.008050591684877872, 0.00918591395020485, 0.016375094652175903, 0.007887113839387894, 0.012089456431567669, 0.010871930047869682, 0.009977739304304123, 0.020673656836152077, 0.008329495787620544], "weapon_probs": [0.021491974592208862, 0.04685801640152931, 0.011765009723603725, 0.012061374261975288, 0.011024474166333675, 0.010036387480795383, 0.012608470395207405, 0.010664978995919228, 0.008998356759548187, 0.01414787583053112, 0.008874841034412384, 0.010674339719116688, 0.013913743197917938, 0.012569984421133995, 0.013080684468150139, 0.00913566816598177, 0.011885736137628555, 0.008762866258621216, 0.012895364314317703, 0.009871052578091621, 0.008185186423361301, 0.008471718057990074, 0.014946946874260902, 0.01197492890059948, 0.008110331371426582, 0.0102417953312397, 0.007421227637678385, 0.009116360917687416, 0.013393115252256393, 0.007515967357903719, 0.007763324771076441, 0.011060448363423347, 0.009636503644287586, 0.008923270739614964, 0.012692449614405632, 0.01639411598443985, 0.017137831076979637, 0.008731828071177006, 0.008466806262731552, 0.008217547088861465, 0.00868250522762537, 0.008960315957665443, 0.01195246446877718, 0.011869031935930252, 0.012837053276598454, 0.008869193494319916, 0.012618690729141235, 0.007634086534380913, 0.013270273804664612, 0.009389691054821014, 0.013128997758030891, 0.010383808985352516, 0.014343381859362125, 0.009555051103234291, 0.020200271159410477, 0.007683801464736462, 0.009572326205670834, 0.011166193522512913, 0.009838128462433815]}