{"loss": -0.987043023109436, "character_probs": [0.01158605795353651, 0.02792488783597946, 0.0108089130371809, 0.008400380611419678, 0.022005584090948105, 0.009839136153459549, 0.007870498113334179, 0.01036009006202221, 0.01045492198318243, 0.00970462616533041, 0.010425398126244545, 0.0110825439915061, 0.00788230448961258, 0.008023043163120747, 0.008679328486323357, 0.007558112032711506, 0.007618507836014032, 0.013195717707276344, 0.01027761772274971, 0.008550640195608139, 0.01007748395204544, 0.008681267499923706, 0.008462523110210896, 0.008626164868474007, 0.009111959487199783, 0.010306607000529766, 0.007174627389758825, 0.010411674156785011, 0.007304640021175146, 0.008386622183024883, 0.007625967264175415, 0.007196143735200167, 0.0092685017734766, 0.008012695237994194, 0.008259228430688381, 0.008145930245518684, 0.007521508261561394, 0.007763696834445, 0.014340157620608807, 0.009550740011036396, 0.020375289022922516, 0.007425655145198107, 0.007291494868695736, 0.008323543705046177, 0.009271742776036263, 0.007334327325224876, 0.009560633450746536, 0.009194374084472656, 0.008587812073528767, 0.007893634960055351, 0.009444565512239933, 0.007349727209657431, 0.00963352806866169, 0.007793878670781851, 0.007896537892520428, 0.008113962598145008, 0.007644503377377987, 0.011370547115802765, 0.009985662065446377, 0.008623066358268261, 0.008109870366752148, 0.014127648435533047, 0.00892255175858736, 0.008566456846892834, 0.0078024896793067455, 0.008790561929345131, 0.007295829243957996, 0.008386925794184208, 0.013586411252617836, 0.008919794112443924, 0.008849026635289192, 0.011231730692088604, 0.009025633335113525, 0.007915686815977097, 0.01214675698429346, 0.009156393818557262, 0.014210713095963001, 0.011388219892978668, 0.009217641316354275], "weapon_probs": [0.028071124106645584, 0.01707196608185768, 0.01899608038365841, 0.015291435644030571, 0.021056827157735825, 0.009308845736086369, 0.01556400302797556, 0.009837090037763119, 0.011160176247358322, 0.009015720337629318, 0.008600539527833462, 0.00828647706657648, 0.015984628349542618, 0.02813287451863289, 0.00889335572719574, 0.013430438004434109, 0.01015397533774376, 0.008731866255402565, 0.008386919274926186, 0.012750504538416862, 0.00917954370379448, 0.00743156997486949, 0.008263219147920609, 0.008386999368667603, 0.008839509449899197, 0.008924223482608795, 0.014215990900993347, 0.008638997562229633, 0.01009367685765028, 0.015077594667673111, 0.009561687707901001, 0.007744352798908949, 0.008238626644015312, 0.013826746493577957, 0.00954081118106842, 0.007990585640072823, 0.010562989860773087, 0.010774013586342335, 0.0188004057854414, 0.011223051697015762, 0.008837222121655941, 0.009107284247875214, 0.011335015296936035, 0.009022531099617481, 0.008712105453014374, 0.007450841832906008, 0.00817960686981678, 0.013785339891910553, 0.008382563479244709, 0.008349127136170864, 0.011079886928200722, 0.01552304532378912, 0.0251801498234272, 0.008877009153366089, 0.008194435387849808, 0.011767063289880753, 0.015469507314264774, 0.010825522243976593, 0.008932897821068764]}