{"loss": -0.9655868411064148, "character_probs": [0.018172526732087135, 0.019696436822414398, 0.008983010426163673, 0.012355110608041286, 0.031387899070978165, 0.007509408053010702, 0.009147669188678265, 0.010846584104001522, 0.007805471774190664, 0.010277125984430313, 0.00859640073031187, 0.007273354567587376, 0.011094050481915474, 0.007809322327375412, 0.009171254932880402, 0.007140759844332933, 0.008858658373355865, 0.008971713483333588, 0.00784896221011877, 0.008056752383708954, 0.009825577028095722, 0.007294921670109034, 0.011855736374855042, 0.009501131251454353, 0.009751665405929089, 0.008719359524548054, 0.007863226346671581, 0.007439194712787867, 0.007677826099097729, 0.00734806340187788, 0.008082622662186623, 0.010336925275623798, 0.009141290560364723, 0.009930776432156563, 0.007649480830878019, 0.007479983381927013, 0.007331428583711386, 0.010407470166683197, 0.007793880533427, 0.009069793857634068, 0.011202318593859673, 0.007339048199355602, 0.009487760253250599, 0.007968383841216564, 0.007547918241471052, 0.007897104136645794, 0.010673006065189838, 0.011754488572478294, 0.00793319009244442, 0.008564949035644531, 0.008617737330496311, 0.007218615617603064, 0.013802694156765938, 0.011431073769927025, 0.00764015968888998, 0.008350701071321964, 0.009873487055301666, 0.011594075709581375, 0.01000512856990099, 0.008267617784440517, 0.00801101978868246, 0.009758383966982365, 0.010432532988488674, 0.009410818107426167, 0.014951236546039581, 0.007559575140476227, 0.007208018098026514, 0.008596308529376984, 0.008761477656662464, 0.007956682704389095, 0.012119043618440628, 0.010579562745988369, 0.007499576546251774, 0.010342835448682308, 0.00848348718136549, 0.008640587329864502, 0.008431360125541687, 0.0113912895321846, 0.010270491242408752], "weapon_probs": [0.052659060806035995, 0.013311345130205154, 0.008827513083815575, 0.01064923033118248, 0.012075794860720634, 0.01210840791463852, 0.008229581639170647, 0.012744316831231117, 0.008388509973883629, 0.010119186714291573, 0.023810476064682007, 0.009074295870959759, 0.017559709027409554, 0.007752800360321999, 0.013362357392907143, 0.01402070838958025, 0.0073049720376729965, 0.009409379214048386, 0.007904157973825932, 0.009258855134248734, 0.008959226310253143, 0.00913798063993454, 0.01087665744125843, 0.011294704861938953, 0.009202586486935616, 0.00825460348278284, 0.01311948150396347, 0.008446922525763512, 0.011590749025344849, 0.013333301991224289, 0.007821532897651196, 0.008056407794356346, 0.00964984018355608, 0.019493799656629562, 0.008204121142625809, 0.008212211541831493, 0.008767671883106232, 0.013292957097291946, 0.014872414991259575, 0.012824490666389465, 0.013465088792145252, 0.009920564480125904, 0.013243183493614197, 0.01000412181019783, 0.008956201374530792, 0.008202585391700268, 0.01042337529361248, 0.007383410818874836, 0.007624647580087185, 0.008557270281016827, 0.01685355044901371, 0.00841711089015007, 0.007815937511622906, 0.01724211499094963, 0.016436569392681122, 0.008180861361324787, 0.009733928367495537, 0.00866058561950922, 0.016219420358538628]}