{"loss": 0.6792285442352295, "character_probs": [0.03580907732248306, 0.009732197970151901, 0.007749098353087902, 0.009622588753700256, 0.01974436268210411, 0.00950812641531229, 0.009621301665902138, 0.00921608041971922, 0.009192535653710365, 0.009987302124500275, 0.00788530707359314, 0.00732207577675581, 0.009242667816579342, 0.008653607219457626, 0.008210708387196064, 0.009983217343688011, 0.008564012125134468, 0.009881796315312386, 0.010160489939153194, 0.012609482742846012, 0.008023609407246113, 0.0077689229510724545, 0.008717266842722893, 0.008597561158239841, 0.012863270938396454, 0.00836455449461937, 0.0074530234560370445, 0.00986879225820303, 0.007615420501679182, 0.0076983957551419735, 0.007513719145208597, 0.013454776257276535, 0.008501415140926838, 0.008914947509765625, 0.007365855388343334, 0.008136321790516376, 0.007599731907248497, 0.010130545124411583, 0.010411353781819344, 0.009789722040295601, 0.00814573559910059, 0.008030734956264496, 0.00868268869817257, 0.007549801375716925, 0.010457003489136696, 0.0073853833600878716, 0.007447507698088884, 0.007247027475386858, 0.011922125704586506, 0.011888324283063412, 0.007976371794939041, 0.007405694108456373, 0.010205483064055443, 0.00863576214760542, 0.007643561344593763, 0.011332053691148758, 0.008809632621705532, 0.00873405672609806, 0.00870025996118784, 0.007192681543529034, 0.013875268399715424, 0.008297971449792385, 0.010257137008011341, 0.00996687076985836, 0.010913567617535591, 0.011509179137647152, 0.011580748483538628, 0.007555318530648947, 0.009470408782362938, 0.008438024669885635, 0.009585082530975342, 0.00873585231602192, 0.008201761171221733, 0.010107520967721939, 0.012879585847258568, 0.010160771198570728, 0.007272752467542887, 0.01000344380736351, 0.009374852292239666], "weapon_probs": [0.028688989579677582, 0.017423227429389954, 0.020025797188282013, 0.023041516542434692, 0.013006364926695824, 0.01037338376045227, 0.011078376322984695, 0.010520678013563156, 0.010252829641103745, 0.014392537996172905, 0.017084240913391113, 0.013674179092049599, 0.012886697426438332, 0.008086937479674816, 0.012958556413650513, 0.00926429033279419, 0.009873352944850922, 0.01247669942677021, 0.009484520182013512, 0.022562451660633087, 0.009141772985458374, 0.00920358020812273, 0.007507141213864088, 0.011085640639066696, 0.008215978741645813, 0.00825978722423315, 0.009206107817590237, 0.0074909403920173645, 0.007476236671209335, 0.007623062469065189, 0.01701412722468376, 0.01136541273444891, 0.008280948735773563, 0.007789186667650938, 0.012149352580308914, 0.007619783747941256, 0.007923104800283909, 0.0078343590721488, 0.010703579522669315, 0.011908410117030144, 0.00967478472739458, 0.011102735996246338, 0.014117728918790817, 0.008297959342598915, 0.007740529719740152, 0.008715776726603508, 0.009279527701437473, 0.008298414759337902, 0.01498960517346859, 0.011874387972056866, 0.007511361967772245, 0.007681252900511026, 0.024483762681484222, 0.011008035391569138, 0.009207271039485931, 0.007597560528665781, 0.016773438081145287, 0.008283224888145924, 0.012776781804859638]}