{"loss": 0.75895094871521, "character_probs": [0.016854554414749146, 0.015262676402926445, 0.008828055113554, 0.016617748886346817, 0.025010406970977783, 0.016319435089826584, 0.010849032551050186, 0.01060071587562561, 0.011160507798194885, 0.007950842380523682, 0.007318558637052774, 0.008222242817282677, 0.007705012336373329, 0.010460225865244865, 0.009222703985869884, 0.008519007824361324, 0.007961221039295197, 0.0077657150104641914, 0.008455810137093067, 0.008611807599663734, 0.007317451294511557, 0.010014902800321579, 0.007614457979798317, 0.007533297874033451, 0.008294041268527508, 0.007805663626641035, 0.007266697473824024, 0.008629163727164268, 0.009005197323858738, 0.007154359947890043, 0.007848380133509636, 0.009040694683790207, 0.015460355207324028, 0.01301009301096201, 0.007294903043657541, 0.0073201595805585384, 0.007706032134592533, 0.00800336990505457, 0.009444313123822212, 0.007475581485778093, 0.011769572272896767, 0.013258101418614388, 0.010304068215191364, 0.009519923478364944, 0.007625836879014969, 0.012198138982057571, 0.007205402944236994, 0.008172756992280483, 0.007566338405013084, 0.007701198570430279, 0.008678785525262356, 0.00981164164841175, 0.007626316975802183, 0.007974994368851185, 0.00873594731092453, 0.008098444901406765, 0.009375585243105888, 0.010483337566256523, 0.009783828631043434, 0.00776869710534811, 0.007723035756498575, 0.0084291473031044, 0.008242624811828136, 0.008894672617316246, 0.009492849931120872, 0.007398168556392193, 0.00845410767942667, 0.009129444137215614, 0.010186290368437767, 0.008654702454805374, 0.01647331565618515, 0.009476296603679657, 0.010568257421255112, 0.008695142343640327, 0.007247365545481443, 0.010532802902162075, 0.011644013226032257, 0.008416821248829365, 0.008004290983080864], "weapon_probs": [0.010737074539065361, 0.027288492769002914, 0.018073203042149544, 0.016358576714992523, 0.033969998359680176, 0.010050984099507332, 0.010603821836411953, 0.010808734223246574, 0.018246708437800407, 0.009786462411284447, 0.007564338389784098, 0.02148330584168434, 0.012328137643635273, 0.007191886659711599, 0.009239373728632927, 0.012697658501565456, 0.018366049975156784, 0.0081285759806633, 0.00792996771633625, 0.0074228281155228615, 0.01076329406350851, 0.008162315934896469, 0.008785819634795189, 0.007504837121814489, 0.013748539611697197, 0.0133439302444458, 0.009779940359294415, 0.007952593266963959, 0.009105882607400417, 0.007731769233942032, 0.008253682404756546, 0.013243323192000389, 0.007858706638216972, 0.013394608162343502, 0.008433102630078793, 0.00792537722736597, 0.008029691874980927, 0.00804935023188591, 0.017460819333791733, 0.007710771169513464, 0.008081546984612942, 0.009373703971505165, 0.008111144416034222, 0.010845056734979153, 0.01691749505698681, 0.008189990185201168, 0.013827481307089329, 0.011249376460909843, 0.007850470021367073, 0.009747780859470367, 0.021341998130083084, 0.013908710330724716, 0.008670042268931866, 0.009030299261212349, 0.008252530358731747, 0.010119031183421612, 0.008004645816981792, 0.007742579095065594, 0.012584843672811985]}