{"loss": -0.5864114761352539, "character_probs": [0.012932311743497849, 0.015712657943367958, 0.02008606307208538, 0.02177281677722931, 0.0074860271997749805, 0.020344063639640808, 0.009244788438081741, 0.007893498055636883, 0.008175083436071873, 0.007693715859204531, 0.011099415831267834, 0.008010870777070522, 0.007156852167099714, 0.008383374661207199, 0.00815432146191597, 0.008037490770220757, 0.011066379956901073, 0.0077577135525643826, 0.007704179733991623, 0.009828677400946617, 0.00858195312321186, 0.009925050660967827, 0.007512676063925028, 0.009671628475189209, 0.0080513134598732, 0.007246045395731926, 0.010383332148194313, 0.011360014788806438, 0.00764913996681571, 0.008857226930558681, 0.009999578818678856, 0.007962347939610481, 0.010174570605158806, 0.0097155487164855, 0.007715994492173195, 0.0073014781810343266, 0.009326991625130177, 0.008428271859884262, 0.009271649643778801, 0.009293896146118641, 0.009021652862429619, 0.009649054147303104, 0.011348752304911613, 0.007559525314718485, 0.00979348924010992, 0.013515999540686607, 0.011949284002184868, 0.007331580389291048, 0.008659636601805687, 0.007295121438801289, 0.007297573145478964, 0.008878624066710472, 0.009828640148043633, 0.009068824350833893, 0.0073217651806771755, 0.008423924446105957, 0.007286894600838423, 0.0077006216160953045, 0.007346535101532936, 0.011328880675137043, 0.008033763617277145, 0.00721369031816721, 0.017126042395830154, 0.007857155986130238, 0.00936912465840578, 0.007202413864433765, 0.010887769050896168, 0.00880441814661026, 0.012395214289426804, 0.020754393190145493, 0.00871234480291605, 0.009207211434841156, 0.010960880666971207, 0.00955441314727068, 0.01746716909110546, 0.007763524539768696, 0.011306002736091614, 0.0074963802471756935, 0.011212000623345375], "weapon_probs": [0.018282495439052582, 0.023631729185581207, 0.029090862721204758, 0.008613889105618, 0.01857195794582367, 0.011964837089180946, 0.009286412969231606, 0.00940325204282999, 0.015284374356269836, 0.008654408156871796, 0.019208410754799843, 0.010111404582858086, 0.008989990688860416, 0.012728785164654255, 0.013383587822318077, 0.009676269255578518, 0.009075452573597431, 0.008273963816463947, 0.010287866927683353, 0.01126716285943985, 0.007763247936964035, 0.02064003422856331, 0.010685686022043228, 0.007373815402388573, 0.012815834954380989, 0.008622661232948303, 0.011761236935853958, 0.01295015774667263, 0.015462042763829231, 0.011885618790984154, 0.008494991809129715, 0.009472960606217384, 0.009047823026776314, 0.010452546179294586, 0.014852062799036503, 0.008066128939390182, 0.008658895269036293, 0.007650278974324465, 0.010764297097921371, 0.009631780907511711, 0.009220913052558899, 0.009093519300222397, 0.008064134046435356, 0.01272832602262497, 0.012577008455991745, 0.007408210076391697, 0.007745959796011448, 0.010043266229331493, 0.012978700920939445, 0.010738338343799114, 0.01167787704616785, 0.013997716829180717, 0.010503743775188923, 0.010959632694721222, 0.008237629197537899, 0.02736809477210045, 0.011227250099182129, 0.023425646126270294, 0.02090330608189106]}