{"loss": 0.08035868406295776, "character_probs": [0.023096494376659393, 0.009864283725619316, 0.013783378526568413, 0.014683915302157402, 0.012569310143589973, 0.008442237041890621, 0.013579795137047768, 0.007671228609979153, 0.022107429802417755, 0.00872576143592596, 0.008019599132239819, 0.007798217236995697, 0.007481243461370468, 0.0077047208324074745, 0.01184571161866188, 0.008252591826021671, 0.008704109117388725, 0.007118051405996084, 0.011077005416154861, 0.008054401725530624, 0.007717992644757032, 0.00779766496270895, 0.007290985900908709, 0.008064597845077515, 0.007773300167173147, 0.00872020609676838, 0.015400738455355167, 0.008908472955226898, 0.00986021850258112, 0.007765809539705515, 0.009796692058444023, 0.010165912099182606, 0.007742371875792742, 0.007294058799743652, 0.009806944988667965, 0.007127650082111359, 0.007430361583828926, 0.007382567971944809, 0.00900503434240818, 0.008207811042666435, 0.007410299964249134, 0.01260656863451004, 0.007611812558025122, 0.008659177459776402, 0.025325961410999298, 0.007751126773655415, 0.014141561463475227, 0.008943772874772549, 0.007737282197922468, 0.007538584992289543, 0.008133986033499241, 0.0075972299091517925, 0.007529484108090401, 0.007626574952155352, 0.007313444744795561, 0.00930008850991726, 0.010284623131155968, 0.009022385813295841, 0.007456296589225531, 0.0072171930223703384, 0.007804873399436474, 0.009506533853709698, 0.00867542251944542, 0.011481547728180885, 0.007910456508398056, 0.00742789451032877, 0.013443423435091972, 0.007707498036324978, 0.007876856252551079, 0.01181625947356224, 0.0091037442907691, 0.011893613263964653, 0.009542613290250301, 0.009190305136144161, 0.01008877344429493, 0.01101708970963955, 0.009570482186973095, 0.007604272570461035, 0.0073267207480967045], "weapon_probs": [0.028548751026391983, 0.03368300572037697, 0.013752305880188942, 0.01802295260131359, 0.018880710005760193, 0.011469156481325626, 0.012820776551961899, 0.012221937999129295, 0.011957027018070221, 0.01179790310561657, 0.01101625245064497, 0.00845006387680769, 0.008791739121079445, 0.010165194049477577, 0.008205910213291645, 0.010141037404537201, 0.008468879386782646, 0.015806321054697037, 0.009239131584763527, 0.0078803151845932, 0.007554672658443451, 0.008228275924921036, 0.00959697924554348, 0.007592465728521347, 0.008516263216733932, 0.008456092327833176, 0.008528086356818676, 0.010324714705348015, 0.02064443565905094, 0.007486585061997175, 0.007989685982465744, 0.008020815439522266, 0.009345042519271374, 0.009165080264210701, 0.010071956552565098, 0.009409195743501186, 0.008285925723612309, 0.01606392115354538, 0.008185937069356441, 0.008100353181362152, 0.007992555387318134, 0.012651218101382256, 0.015982305631041527, 0.017599422484636307, 0.007729154545813799, 0.014146987348794937, 0.02489307150244713, 0.00822496134787798, 0.011795436032116413, 0.008477632887661457, 0.007263974752277136, 0.008782691322267056, 0.02664143592119217, 0.008302859030663967, 0.013955868780612946, 0.009992426261305809, 0.007391498889774084, 0.012562140822410583, 0.027956776320934296]}