{"loss": 0.586708664894104, "character_probs": [0.012866189703345299, 0.03719034790992737, 0.008947412483394146, 0.013038289733231068, 0.009667947888374329, 0.017518794164061546, 0.008319120854139328, 0.00868682935833931, 0.012060903012752533, 0.010320107452571392, 0.009364019148051739, 0.007151019759476185, 0.007356046698987484, 0.007229476235806942, 0.0072800954803824425, 0.00809432566165924, 0.007812452502548695, 0.009842215105891228, 0.012646186165511608, 0.0096462182700634, 0.008419562131166458, 0.008120426908135414, 0.01022037398070097, 0.007722425274550915, 0.007614483591169119, 0.01245654933154583, 0.009551089257001877, 0.007121595554053783, 0.007996686734259129, 0.00889299251139164, 0.007442011032253504, 0.00766089977696538, 0.011367043480277061, 0.008218512870371342, 0.008548448793590069, 0.007888664491474628, 0.007964993827044964, 0.007641184143722057, 0.008280777372419834, 0.0074730971828103065, 0.009230390191078186, 0.013182520866394043, 0.008245282806456089, 0.008435162715613842, 0.007441029418259859, 0.007705251220613718, 0.013709567487239838, 0.008485842496156693, 0.008221957832574844, 0.008032371290028095, 0.010608641430735588, 0.007761004846543074, 0.012893070466816425, 0.008017494343221188, 0.007801349274814129, 0.007546077482402325, 0.007229987997561693, 0.009608365595340729, 0.008816828951239586, 0.008066990412771702, 0.008266340009868145, 0.007314469199627638, 0.007874528877437115, 0.011285936459898949, 0.007649302016943693, 0.00812511332333088, 0.010779237374663353, 0.016182299703359604, 0.009285541251301765, 0.010575913824141026, 0.007424498908221722, 0.00882008671760559, 0.008006214164197445, 0.007654880173504353, 0.007906106300652027, 0.007424874696880579, 0.008300263434648514, 0.007907859049737453, 0.01757124438881874], "weapon_probs": [0.03592123091220856, 0.008753889240324497, 0.0229811929166317, 0.015582594089210033, 0.029478788375854492, 0.00952048972249031, 0.009986130520701408, 0.009122969582676888, 0.013992059044539928, 0.010383620858192444, 0.01124599389731884, 0.007805613335222006, 0.010472851805388927, 0.014590916223824024, 0.01768852025270462, 0.011235535144805908, 0.00903170183300972, 0.008788924664258957, 0.011194689199328423, 0.009377601556479931, 0.008561182767152786, 0.011439654976129532, 0.012624677270650864, 0.010292377322912216, 0.010481494478881359, 0.012411391362547874, 0.007659097667783499, 0.007300615310668945, 0.010774009861052036, 0.00814725086092949, 0.010396907106041908, 0.008709664456546307, 0.007816174067556858, 0.007883834652602673, 0.009718327783048153, 0.007741979323327541, 0.009095486253499985, 0.007834725081920624, 0.008848560974001884, 0.009143022820353508, 0.026778720319271088, 0.008510205894708633, 0.008056640625, 0.012292329221963882, 0.010067475028336048, 0.00904745515435934, 0.00841182004660368, 0.022395050153136253, 0.00871353130787611, 0.008124219253659248, 0.009748468175530434, 0.0074651665054261684, 0.007680150214582682, 0.009233237244188786, 0.007606822997331619, 0.008954247459769249, 0.007367662154138088, 0.008067961782217026, 0.010637558996677399]}