{"loss": 0.21630647778511047, "character_probs": [0.014098355546593666, 0.016137121245265007, 0.012192407622933388, 0.015656212344765663, 0.02119646593928337, 0.008693675510585308, 0.01018014457076788, 0.0078082578256726265, 0.007658375892788172, 0.008737299591302872, 0.020696381106972694, 0.0075542074628174305, 0.010561971925199032, 0.007629037834703922, 0.007547006011009216, 0.008479363285005093, 0.012663140892982483, 0.008993972092866898, 0.007598899304866791, 0.009089791215956211, 0.007671655155718327, 0.007636283524334431, 0.008246812969446182, 0.009545058012008667, 0.011090890504419804, 0.007424681913107634, 0.007442090194672346, 0.008526509627699852, 0.011002717539668083, 0.010463890619575977, 0.009182657115161419, 0.008867351338267326, 0.007536767516285181, 0.008088531903922558, 0.0076354690827429295, 0.009111041203141212, 0.009153563529253006, 0.007395354099571705, 0.008587013930082321, 0.00920930877327919, 0.00963858887553215, 0.007935617119073868, 0.008486472070217133, 0.00793420895934105, 0.016887716948986053, 0.007138144224882126, 0.009813502430915833, 0.008324423804879189, 0.013715950772166252, 0.008288980461657047, 0.00865769013762474, 0.014773661270737648, 0.00748324254527688, 0.007771140895783901, 0.009002488106489182, 0.009057784453034401, 0.00853689480572939, 0.00916016474366188, 0.007973573170602322, 0.009660769253969193, 0.008164054714143276, 0.008008732460439205, 0.009702255949378014, 0.0076693519949913025, 0.008350366726517677, 0.011360852979123592, 0.007360877003520727, 0.00880352407693863, 0.009878063574433327, 0.011818211525678635, 0.009956235066056252, 0.007785798981785774, 0.00978296622633934, 0.008609266020357609, 0.007394012529402971, 0.012476256117224693, 0.012097942642867565, 0.009065606631338596, 0.008969927206635475], "weapon_probs": [0.021275386214256287, 0.019054938107728958, 0.016958972439169884, 0.022738199681043625, 0.009404423646628857, 0.012830277904868126, 0.009404263459146023, 0.00959303230047226, 0.012231666594743729, 0.015838298946619034, 0.023978956043720245, 0.011455770581960678, 0.008788184262812138, 0.01099177822470665, 0.014487416483461857, 0.008490719832479954, 0.011563126929104328, 0.007633069530129433, 0.008357456885278225, 0.011547205969691277, 0.01081074308604002, 0.011076292023062706, 0.02103402465581894, 0.007982166483998299, 0.007860092446208, 0.010454028844833374, 0.01454569399356842, 0.01394609734416008, 0.007398374378681183, 0.011989012360572815, 0.010719296522438526, 0.010600308887660503, 0.007588325068354607, 0.007807790767401457, 0.010767120867967606, 0.010549046099185944, 0.008741929195821285, 0.008536092936992645, 0.007642451208084822, 0.008682847023010254, 0.009411431849002838, 0.027498673647642136, 0.008295459672808647, 0.01353619247674942, 0.012863114476203918, 0.008073395118117332, 0.011571021750569344, 0.008775228634476662, 0.009986449033021927, 0.010745972394943237, 0.008714461699128151, 0.009348498657345772, 0.008201214484870434, 0.008905756287276745, 0.011011932976543903, 0.02073850855231285, 0.012542136013507843, 0.007546513807028532, 0.007677829824388027]}